{"type":"FeatureCollection","features":[{"type":"Feature","properties":{"zoneId":"Z000150664","zoneName":"동인초목도초감물초문광초공동통학구역","zoneType":"elementary","level":"초등학교","kind":"shared","oneWay":false,"sggCode":"760","eduCode":"8092000","eduName":"충청북도괴산증평교육지원청","updatedAt":"2023-03-21"},"geometry":{"type":"Polygon","coordinates":[[[127.77847,36.80597],[127.77847,36.80597],[127.77803,36.80571],[127.77623,36.80608],[127.77471,36.80557],[127.77392,36.80568],[127.77263,36.80383],[127.77329,36.80255],[127.77362,36.79937],[127.77774,36.79805],[127.77582,36.79727],[127.77669,36.79687],[127.77702,36.79557],[127.77647,36.7946],[127.77733,36.79339],[127.77723,36.79244],[127.77829,36.79168],[127.77776,36.79103],[127.77789,36.79061],[127.78079,36.79264],[127.78593,36.79475],[127.78729,36.79447],[127.78765,36.79374],[127.78829,36.7934],[127.7917,36.79221],[127.79305,36.79262],[127.79534,36.79441],[127.79603,36.7957],[127.79583,36.79681],[127.79394,36.79855],[127.79188,36.79877],[127.79144,36.79812],[127.79108,36.79833],[127.79127,36.79887],[127.7887,36.80108],[127.78892,36.80124],[127.78799,36.80251],[127.785,36.80312],[127.78407,36.80283],[127.78298,36.80385],[127.78304,36.80424],[127.78247,36.80485],[127.77933,36.80516],[127.77847,36.80597]]]}},{"type":"Feature","properties":{"zoneId":"Z000103369","zoneName":"가경초통학구역","zoneType":"elementary","level":"초등학교","kind":"dedicated","oneWay":false,"sggCode":"113","eduCode":"8011000","eduName":"충청북도청주교육지원청","updatedAt":"2023-02-14"},"geometry":{"type":"Polygon","coordinates":[[[127.44539,36.63015],[127.44538,36.63015],[127.44396,36.63013],[127.444,36.6292],[127.44143,36.62921],[127.4403,36.62877],[127.4407,36.62705],[127.44393,36.62166],[127.44633,36.62227],[127.44647,36.6237],[127.44976,36.62367],[127.44979,36.62461],[127.45064,36.62429],[127.45246,36.62432],[127.4525,36.62588],[127.44983,36.62595],[127.45007,36.62976],[127.44539,36.63015]]]}},{"type":"Feature","properties":{"zoneId":"Z000103377","zoneName":"경산초통학구역","zoneType":"elementary","level":"초등학교","kind":"dedicated","oneWay":false,"sggCode":"113","eduCode":"8011000","eduName":"충청북도청주교육지원청","updatedAt":"2023-02-14"},"geometry":{"type":"Polygon","coordinates":[[[127.44088,36.62675],[127.4407,36.62705],[127.4403,36.62877],[127.43555,36.62714],[127.43597,36.62646],[127.43713,36.62644],[127.43618,36.62608],[127.4366,36.62534],[127.43709,36.62549],[127.43757,36.62472],[127.43699,36.62454],[127.43733,36.62384],[127.43926,36.62432],[127.44055,36.62258],[127.44287,36.62337],[127.44088,36.62675]]]}},{"type":"Feature","properties":{"zoneId":"Z000103415","zoneName":"서경초통학구역","zoneType":"elementary","level":"초등학교","kind":"dedicated","oneWay":false,"sggCode":"113","eduCode":"8011000","eduName":"충청북도청주교육지원청","updatedAt":"2023-02-14"},"geometry":{"type":"Polygon","coordinates":[[[127.44463,36.61616],[127.44466,36.61617],[127.44471,36.61968],[127.44407,36.62144],[127.43568,36.61855],[127.43853,36.6151],[127.44057,36.61614],[127.44224,36.6143],[127.44463,36.61616]]]}},{"type":"Feature","properties":{"zoneId":"Z000103546","zoneName":"안내초통학구역","zoneType":"elementary","level":"초등학교","kind":"dedicated","oneWay":false,"sggCode":"730","eduCode":"8061000","eduName":"충청북도옥천교육지원청","updatedAt":"2021-02-23"},"geometry":{"type":"Polygon","coordinates":[[[127.6246,36.34956],[127.62465,36.34957],[127.62876,36.34965],[127.63141,36.35037],[127.63429,36.35307],[127.63571,36.35523],[127.63741,36.35547],[127.63937,36.35753],[127.64032,36.35927],[127.64232,36.35999],[127.64224,36.36116],[127.64285,36.36133],[127.64322,36.36213],[127.64606,36.36444],[127.64753,36.36395],[127.64975,36.36389],[127.65158,36.36458],[127.65435,36.36453],[127.6553,36.3651],[127.65619,36.36499],[127.65725,36.36416],[127.65796,36.36417],[127.65967,36.36473],[127.6612,36.36449],[127.66403,36.36528],[127.66551,36.36455],[127.66655,36.36532],[127.66819,36.36553],[127.66905,36.3661],[127.66872,36.36749],[127.66877,36.36947],[127.66692,36.37169],[127.66713,36.37221],[127.66668,36.37272],[127.66625,36.37413],[127.66463,36.3743],[127.66378,36.37492],[127.66242,36.3751],[127.6624,36.37899],[127.66287,36.37969],[127.66282,36.3803],[127.66343,36.38179],[127.664,36.38219],[127.66382,36.38247],[127.66411,36.38313],[127.6648,36.38369],[127.66492,36.38477],[127.66625,36.38503],[127.66714,36.38603],[127.66798,36.38576],[127.66971,36.38807],[127.67316,36.38767],[127.67398,36.38659],[127.67447,36.38662],[127.6763,36.38784],[127.67995,36.38942],[127.68346,36.38969],[127.68369,36.39005],[127.68484,36.39039],[127.68628,36.39023],[127.6863,36.39094],[127.6854,36.39272],[127.68432,36.39313],[127.68348,36.39467],[127.68407,36.39472],[127.6872,36.39669],[127.68871,36.39934],[127.68869,36.40045],[127.69474,36.40464],[127.69633,36.40462],[127.69748,36.40503],[127.69802,36.40483],[127.69947,36.40542],[127.69983,36.4062],[127.70339,36.40585],[127.70445,36.40547],[127.70599,36.4065],[127.70799,36.40697],[127.70844,36.40855],[127.70831,36.40918],[127.71012,36.41204],[127.71007,36.41292],[127.71043,36.41346],[127.71007,36.41378],[127.70543,36.41353],[127.70415,36.41484],[127.70012,36.41384],[127.6978,36.41475],[127.69684,36.41474],[127.69503,36.41598],[127.69386,36.41622],[127.69344,36.41658],[127.69346,36.41707],[127.69205,36.41678],[127.68617,36.4184],[127.6836,36.41745],[127.68132,36.41854],[127.68009,36.41992],[127.68059,36.42051],[127.68037,36.42154],[127.67973,36.42366],[127.6787,36.4246],[127.67854,36.42588],[127.6788,36.42654],[127.67846,36.42701],[127.67952,36.42969],[127.68039,36.43023],[127.68035,36.43189],[127.67986,36.43217],[127.68006,36.43331],[127.67978,36.43399],[127.68043,36.43487],[127.68051,36.43602],[127.67981,36.43653],[127.67617,36.43724],[127.67583,36.43828],[127.6729,36.44048],[127.67035,36.4416],[127.66945,36.44245],[127.66952,36.44174],[127.66901,36.44125],[127.66874,36.43971],[127.6679,36.43956],[127.66618,36.43993],[127.66404,36.4392],[127.66264,36.43938],[127.66191,36.43971],[127.66132,36.44057],[127.66067,36.44067],[127.65982,36.4402],[127.65922,36.44015],[127.65925,36.44036],[127.65897,36.43968],[127.65817,36.43931],[127.65808,36.43841],[127.65766,36.43799],[127.65643,36.438],[127.65622,36.43768],[127.65539,36.43786],[127.65479,36.43877],[127.65399,36.43866],[127.6524,36.44033],[127.6522,36.44096],[127.65097,36.44224],[127.65097,36.44318],[127.65009,36.44314],[127.64843,36.44237],[127.64764,36.44309],[127.64695,36.44482],[127.64474,36.44529],[127.64373,36.44507],[127.64295,36.44362],[127.64195,36.44331],[127.64136,36.44256],[127.64117,36.44176],[127.64011,36.44029],[127.63996,36.43816],[127.63942,36.4375],[127.63965,36.43686],[127.63923,36.43603],[127.63761,36.43564],[127.63493,36.4379],[127.63311,36.43852],[127.63159,36.44025],[127.63183,36.44089],[127.63292,36.4418],[127.6352,36.4424],[127.63741,36.44637],[127.63818,36.4482],[127.63832,36.44938],[127.63906,36.45005],[127.63526,36.45269],[127.63458,36.45168],[127.63294,36.45062],[127.632,36.45133],[127.63044,36.45174],[127.62782,36.45233],[127.62626,36.45223],[127.62456,36.45283],[127.62321,36.45416],[127.62264,36.45539],[127.62193,36.45575],[127.62134,36.45763],[127.62032,36.45726],[127.61957,36.45631],[127.61877,36.45627],[127.61788,36.45528],[127.61776,36.45465],[127.61563,36.45407],[127.61557,36.45363],[127.61649,36.45254],[127.61606,36.45182],[127.61619,36.45122],[127.61536,36.44975],[127.61577,36.44848],[127.61444,36.44723],[127.61554,36.4459],[127.61642,36.44208],[127.61708,36.44165],[127.61885,36.44164],[127.62163,36.43963],[127.62099,36.43914],[127.62122,36.43705],[127.61973,36.43659],[127.61958,36.43359],[127.6205,36.43255],[127.61999,36.43066],[127.61906,36.4292],[127.61616,36.42714],[127.61611,36.42605],[127.61553,36.42537],[127.61482,36.42352],[127.61489,36.42264],[127.61548,36.42208],[127.61539,36.42145],[127.61294,36.41984],[127.61402,36.41962],[127.61491,36.41896],[127.61768,36.41872],[127.61931,36.41792],[127.61734,36.41736],[127.61797,36.41532],[127.61764,36.41509],[127.61717,36.41366],[127.6175,36.41198],[127.61691,36.41111],[127.61719,36.41054],[127.61656,36.40971],[127.61678,36.40919],[127.61643,36.4086],[127.61571,36.40828],[127.6158,36.40736],[127.61451,36.40663],[127.61409,36.40509],[127.61338,36.40421],[127.61182,36.4032],[127.60985,36.40301],[127.60807,36.40324],[127.60759,36.40298],[127.60699,36.40352],[127.60409,36.40397],[127.60409,36.40568],[127.60348,36.40729],[127.60371,36.40768],[127.60467,36.40803],[127.60445,36.40857],[127.6025,36.40954],[127.60207,36.40901],[127.60165,36.40737],[127.60098,36.40717],[127.59887,36.40778],[127.59846,36.40821],[127.59904,36.40934],[127.59909,36.41031],[127.59863,36.41196],[127.59785,36.41183],[127.5965,36.4107],[127.59551,36.4112],[127.59398,36.41106],[127.59339,36.41151],[127.59429,36.41287],[127.59401,36.41319],[127.59104,36.41174],[127.5903,36.41186],[127.58985,36.41232],[127.58981,36.41331],[127.5895,36.41355],[127.58804,36.4129],[127.58788,36.41411],[127.58852,36.41502],[127.58718,36.41548],[127.5854,36.41519],[127.58517,36.41577],[127.58629,36.41643],[127.58629,36.41699],[127.5858,36.41732],[127.58487,36.41705],[127.58452,36.41724],[127.58361,36.41873],[127.5832,36.41848],[127.58338,36.41736],[127.58293,36.41616],[127.58259,36.41561],[127.58152,36.41512],[127.58189,36.41371],[127.58173,36.41158],[127.58052,36.40847],[127.57326,36.40275],[127.56959,36.4004],[127.56955,36.39901],[127.56993,36.39792],[127.56957,36.39669],[127.57112,36.39469],[127.57171,36.39304],[127.57236,36.39234],[127.57725,36.38887],[127.57876,36.38954],[127.58064,36.38974],[127.58121,36.38951],[127.58244,36.38976],[127.58336,36.38917],[127.58483,36.39015],[127.58496,36.39064],[127.58731,36.39179],[127.58764,36.39227],[127.59012,36.39281],[127.59373,36.38969],[127.5935,36.38898],[127.59478,36.38782],[127.59553,36.3876],[127.59775,36.388],[127.59862,36.38765],[127.60014,36.38762],[127.60072,36.38701],[127.60185,36.38758],[127.60248,36.38737],[127.60321,36.38763],[127.60394,36.38843],[127.60898,36.38732],[127.61077,36.38566],[127.61307,36.38471],[127.61661,36.38503],[127.61976,36.38396],[127.62019,36.38512],[127.62068,36.38546],[127.62556,36.38628],[127.62788,36.388],[127.63002,36.38833],[127.63139,36.3879],[127.63384,36.38551],[127.63481,36.38504],[127.63577,36.38504],[127.63673,36.38415],[127.63708,36.38421],[127.63781,36.38335],[127.63711,36.38156],[127.6342,36.38161],[127.63413,36.38049],[127.6291,36.38034],[127.62583,36.37962],[127.6203,36.376],[127.62172,36.37483],[127.62232,36.37311],[127.62223,36.37214],[127.62259,36.37167],[127.6221,36.36895],[127.62287,36.36727],[127.62254,36.3654],[127.62162,36.36433],[127.62156,36.36326],[127.6209,36.3632],[127.62026,36.36267],[127.61947,36.36093],[127.61778,36.35956],[127.61678,36.35763],[127.62279,36.35407],[127.6246,36.34956]]]}},{"type":"Feature","properties":{"zoneId":"Z000103509","zoneName":"송학초통학구역","zoneType":"elementary","level":"초등학교","kind":"dedicated","oneWay":false,"sggCode":"150","eduCode":"8031000","eduName":"충청북도제천교육지원청","updatedAt":"2021-02-23"},"geometry":{"type":"Polygon","coordinates":[[[128.20409,37.24896],[128.20395,37.24899],[128.20118,37.24897],[128.2002,37.24724],[128.19968,37.24699],[128.19658,37.24574],[128.19466,37.24574],[128.19317,37.24524],[128.18923,37.24203],[128.18616,37.24011],[128.18419,37.23828],[128.17824,37.23554],[128.1771,37.23392],[128.17599,37.23372],[128.17556,37.23318],[128.1741,37.23261],[128.17362,37.23101],[128.17491,37.22924],[128.17604,37.22835],[128.17488,37.22685],[128.17399,37.22637],[128.17357,37.22558],[128.17253,37.22494],[128.17307,37.21906],[128.17213,37.21803],[128.16967,37.21781],[128.16828,37.21596],[128.16702,37.21522],[128.16706,37.2148],[128.17132,37.21197],[128.17341,37.20749],[128.17522,37.20603],[128.17625,37.20463],[128.17618,37.20394],[128.17678,37.20314],[128.17819,37.20319],[128.17981,37.20236],[128.18104,37.20248],[128.18348,37.20372],[128.18576,37.20319],[128.18743,37.20238],[128.18786,37.20185],[128.19064,37.20221],[128.19564,37.20329],[128.19633,37.20396],[128.19688,37.20583],[128.19881,37.20669],[128.20558,37.20497],[128.20877,37.20469],[128.20944,37.20375],[128.21074,37.203],[128.21317,37.20197],[128.21388,37.20198],[128.21508,37.19928],[128.21576,37.19883],[128.21689,37.19604],[128.21775,37.19488],[128.21947,37.19418],[128.21961,37.19292],[128.22014,37.19188],[128.22213,37.18989],[128.22517,37.18945],[128.22947,37.18972],[128.23077,37.18947],[128.23654,37.19061],[128.23914,37.18997],[128.23973,37.19028],[128.24021,37.18992],[128.24224,37.19045],[128.24361,37.19131],[128.24727,37.18899],[128.25005,37.18853],[128.25205,37.18731],[128.25278,37.18794],[128.25482,37.18805],[128.25604,37.18685],[128.25609,37.18636],[128.25839,37.1859],[128.2593,37.18339],[128.26026,37.18272],[128.26062,37.18284],[128.26051,37.18198],[128.25956,37.18118],[128.25772,37.18089],[128.25698,37.17967],[128.25501,37.17896],[128.25121,37.17911],[128.24814,37.17835],[128.2438,37.17852],[128.24238,37.17771],[128.24068,37.17732],[128.24099,37.17736],[128.24141,37.17641],[128.24306,37.17586],[128.24347,37.17503],[128.24299,37.1734],[128.24363,37.17264],[128.24444,37.17266],[128.24522,37.17215],[128.24583,37.17225],[128.24639,37.17145],[128.24832,37.17196],[128.24878,37.16953],[128.24812,37.16874],[128.24844,37.16748],[128.25001,37.1649],[128.25054,37.16465],[128.25081,37.16342],[128.25156,37.16222],[128.25167,37.16116],[128.25034,37.16065],[128.25017,37.15992],[128.24941,37.15981],[128.24894,37.15935],[128.24851,37.15925],[128.2472,37.16001],[128.24635,37.15951],[128.24541,37.15952],[128.245,37.15827],[128.24537,37.15729],[128.24465,37.15592],[128.24432,37.154],[128.24537,37.1538],[128.24623,37.15216],[128.2468,37.15161],[128.24793,37.15126],[128.24796,37.15067],[128.24741,37.15004],[128.24763,37.14937],[128.24736,37.14869],[128.24545,37.14623],[128.24621,37.14631],[128.24822,37.14775],[128.25112,37.14894],[128.25268,37.14916],[128.25399,37.14885],[128.25491,37.14933],[128.25695,37.1496],[128.26036,37.15104],[128.26246,37.15127],[128.26391,37.152],[128.26807,37.15125],[128.27189,37.15171],[128.2719,37.15215],[128.27059,37.15423],[128.26724,37.15603],[128.2662,37.15603],[128.26592,37.15787],[128.26444,37.16042],[128.26632,37.16127],[128.27038,37.16177],[128.27005,37.16488],[128.27072,37.16636],[128.2732,37.16835],[128.27367,37.16964],[128.27499,37.17021],[128.27592,37.17106],[128.27645,37.17228],[128.2763,37.17268],[128.27841,37.17213],[128.28111,37.1734],[128.28218,37.17243],[128.28243,37.17179],[128.28781,37.1713],[128.28968,37.17015],[128.29215,37.17046],[128.29587,37.17155],[128.29807,37.17166],[128.29729,37.17403],[128.2973,37.17615],[128.29606,37.17846],[128.29562,37.18329],[128.29765,37.18366],[128.29992,37.18358],[128.30264,37.18662],[128.30599,37.18707],[128.30639,37.18626],[128.30766,37.186],[128.30841,37.18654],[128.30866,37.18747],[128.31049,37.18734],[128.3111,37.18984],[128.3142,37.19],[128.31299,37.19114],[128.31371,37.19333],[128.31285,37.19505],[128.3132,37.19576],[128.31308,37.19648],[128.31339,37.19678],[128.31404,37.19669],[128.31506,37.19712],[128.31508,37.19676],[128.3188,37.19644],[128.31951,37.196],[128.32176,37.19555],[128.32185,37.19666],[128.3215,37.19758],[128.32243,37.19835],[128.3247,37.19748],[128.32492,37.197],[128.32574,37.19693],[128.32639,37.19729],[128.32746,37.1985],[128.3275,37.1996],[128.32964,37.20226],[128.32969,37.2032],[128.32924,37.20427],[128.3287,37.20461],[128.32876,37.20607],[128.32988,37.2078],[128.32985,37.20965],[128.33063,37.21187],[128.33292,37.21453],[128.3334,37.21579],[128.32999,37.21624],[128.32897,37.21682],[128.32707,37.21681],[128.32476,37.21821],[128.32383,37.21923],[128.32101,37.21936],[128.32006,37.21986],[128.31868,37.22165],[128.31632,37.22245],[128.31659,37.22339],[128.31404,37.22269],[128.3137,37.222],[128.3126,37.22146],[128.31015,37.21926],[128.30914,37.21746],[128.30795,37.21711],[128.30485,37.21724],[128.30367,37.21683],[128.30138,37.2169],[128.30125,37.21658],[128.29998,37.21624],[128.29704,37.21634],[128.29498,37.216],[128.29469,37.21563],[128.29365,37.21595],[128.29128,37.2146],[128.28985,37.21505],[128.28818,37.21507],[128.28465,37.21167],[128.28395,37.21018],[128.28253,37.21027],[128.28044,37.20943],[128.27854,37.2101],[128.27479,37.20965],[128.27286,37.20986],[128.27102,37.20878],[128.2684,37.20792],[128.26704,37.20909],[128.26651,37.2106],[128.26169,37.21412],[128.25979,37.21641],[128.25884,37.21823],[128.25798,37.22124],[128.25719,37.22197],[128.25687,37.22283],[128.25395,37.22507],[128.25393,37.22595],[128.25263,37.22714],[128.25265,37.22798],[128.25194,37.22822],[128.25093,37.22958],[128.25022,37.22974],[128.24812,37.22895],[128.2443,37.22654],[128.24372,37.22701],[128.24234,37.22732],[128.24179,37.22716],[128.24132,37.22759],[128.24092,37.22744],[128.2404,37.22844],[128.23912,37.22906],[128.23758,37.22888],[128.23742,37.22932],[128.23565,37.22864],[128.23446,37.22734],[128.23368,37.22754],[128.23302,37.22702],[128.22924,37.22757],[128.2285,37.22803],[128.22829,37.22905],[128.22862,37.23018],[128.22718,37.23122],[128.22681,37.23235],[128.22623,37.23284],[128.22435,37.23294],[128.22402,37.23389],[128.22363,37.23391],[128.22284,37.23533],[128.22283,37.23632],[128.22197,37.23729],[128.22185,37.23811],[128.22031,37.2403],[128.21768,37.24082],[128.21581,37.24177],[128.21478,37.24184],[128.21461,37.24237],[128.21502,37.24361],[128.21465,37.24607],[128.21202,37.24536],[128.21024,37.24579],[128.20814,37.24796],[128.2078,37.24882],[128.20409,37.24896]]]}},{"type":"Feature","properties":{"zoneId":"Z000103475","zoneName":"목행초통학구역","zoneType":"elementary","level":"초등학교","kind":"dedicated","oneWay":false,"sggCode":"130","eduCode":"8021000","eduName":"충청북도충주교육지원청","updatedAt":"2016-08-12"},"geometry":{"type":"Polygon","coordinates":[[[127.96359,37.02226],[127.9634,37.0224],[127.96112,37.02414],[127.95972,37.02454],[127.95787,37.02444],[127.95141,37.02208],[127.94545,37.02118],[127.9363,37.02088],[127.925,37.0214],[127.92221,37.02114],[127.91926,37.02016],[127.91728,37.01897],[127.91483,37.01741],[127.91327,37.01586],[127.91267,37.0148],[127.91215,37.00777],[127.91035,37],[127.90963,36.999],[127.90651,36.99671],[127.90904,36.99337],[127.90967,36.99178],[127.91115,36.98989],[127.91729,36.99045],[127.9172,36.99242],[127.92206,36.99243],[127.92203,36.99558],[127.92348,36.99582],[127.92826,36.99573],[127.94152,36.99681],[127.94211,36.99751],[127.95362,37.00571],[127.9595,37.0109],[127.96175,37.01235],[127.96281,37.01389],[127.96359,37.01746],[127.96306,37.01916],[127.96359,37.02226]]]}},{"type":"Feature","properties":{"zoneId":"Z000103567","zoneName":"학산초통학구역","zoneType":"elementary","level":"초등학교","kind":"dedicated","oneWay":false,"sggCode":"740","eduCode":"8071000","eduName":"충청북도영동교육지원청","updatedAt":"2016-08-12"},"geometry":{"type":"Polygon","coordinates":[[[127.71423,36.12535],[127.71423,36.12536],[127.71421,36.12584],[127.71184,36.12522],[127.71115,36.1257],[127.71024,36.12535],[127.71019,36.12422],[127.70956,36.12385],[127.70902,36.12297],[127.7067,36.12216],[127.70688,36.12146],[127.70659,36.11994],[127.70486,36.11855],[127.70419,36.11623],[127.70317,36.11543],[127.7025,36.11433],[127.70167,36.11383],[127.70131,36.11373],[127.70101,36.11422],[127.7004,36.11368],[127.69963,36.11375],[127.69828,36.11475],[127.69687,36.11636],[127.69516,36.11741],[127.69288,36.11815],[127.69218,36.11748],[127.69074,36.1169],[127.68994,36.11584],[127.68937,36.11408],[127.69,36.11311],[127.6905,36.11289],[127.69021,36.11224],[127.68851,36.11107],[127.68823,36.11056],[127.68841,36.11012],[127.68808,36.1098],[127.68701,36.10911],[127.68557,36.10876],[127.6855,36.10738],[127.68336,36.10912],[127.68182,36.10981],[127.68154,36.11087],[127.68084,36.11157],[127.67883,36.11122],[127.67844,36.1116],[127.67781,36.11134],[127.67765,36.1117],[127.67672,36.11192],[127.67647,36.11328],[127.67712,36.11425],[127.67658,36.11494],[127.6767,36.11581],[127.67559,36.11576],[127.6747,36.11504],[127.67406,36.11517],[127.67361,36.11599],[127.67189,36.11594],[127.67119,36.11554],[127.6715,36.1149],[127.67395,36.11301],[127.67433,36.11188],[127.67451,36.11027],[127.67373,36.10806],[127.67405,36.10594],[127.66996,36.10612],[127.65313,36.10576],[127.65295,36.11153],[127.65327,36.11563],[127.65593,36.11926],[127.65421,36.12033],[127.65305,36.12168],[127.64972,36.12157],[127.6452,36.12193],[127.6435,36.12168],[127.64298,36.12204],[127.64144,36.12109],[127.64052,36.1197],[127.63948,36.11967],[127.6388,36.12007],[127.63565,36.11882],[127.63462,36.11912],[127.63409,36.11876],[127.63319,36.11908],[127.63036,36.11753],[127.63035,36.11639],[127.62815,36.11648],[127.62464,36.11886],[127.62353,36.11947],[127.62271,36.11953],[127.61948,36.11792],[127.61826,36.11776],[127.61703,36.11608],[127.61523,36.11641],[127.61073,36.11614],[127.61076,36.11563],[127.61156,36.11522],[127.61219,36.11408],[127.61308,36.11181],[127.61478,36.11145],[127.61632,36.11155],[127.6191,36.10889],[127.61899,36.10711],[127.61772,36.10604],[127.61692,36.10488],[127.61717,36.10468],[127.61704,36.10136],[127.61728,36.1001],[127.61827,36.09871],[127.61736,36.09754],[127.6177,36.09617],[127.61734,36.09546],[127.61752,36.09412],[127.61727,36.09358],[127.61924,36.0907],[127.62001,36.09109],[127.62334,36.09069],[127.62418,36.08841],[127.62654,36.08761],[127.62777,36.08656],[127.62827,36.08544],[127.62934,36.08467],[127.62979,36.08383],[127.63215,36.08236],[127.63305,36.08089],[127.63219,36.07964],[127.63466,36.07673],[127.63413,36.07486],[127.6342,36.07362],[127.63739,36.07035],[127.6383,36.06794],[127.63806,36.06867],[127.6391,36.06822],[127.64013,36.06825],[127.64225,36.06739],[127.6435,36.06739],[127.64455,36.06681],[127.64842,36.06258],[127.64846,36.06086],[127.64883,36.05993],[127.64867,36.05897],[127.64905,36.05799],[127.65058,36.05728],[127.65127,36.05751],[127.65223,36.05734],[127.65355,36.05651],[127.65444,36.05662],[127.65422,36.05565],[127.65487,36.05504],[127.65526,36.054],[127.65472,36.05258],[127.65636,36.05093],[127.65632,36.05006],[127.65801,36.04768],[127.65792,36.04691],[127.65837,36.04583],[127.65847,36.04441],[127.65995,36.0422],[127.65924,36.0405],[127.65942,36.03963],[127.66023,36.03854],[127.6609,36.03819],[127.66225,36.03861],[127.66441,36.03751],[127.66803,36.03866],[127.66906,36.03866],[127.6694,36.03962],[127.67053,36.03989],[127.67274,36.04163],[127.67177,36.04325],[127.67092,36.04384],[127.67053,36.04502],[127.67088,36.04603],[127.67163,36.04678],[127.67181,36.04848],[127.6713,36.04925],[127.67029,36.04946],[127.66932,36.05027],[127.66917,36.05115],[127.67076,36.05199],[127.67156,36.05307],[127.67307,36.05362],[127.67552,36.05582],[127.67717,36.0555],[127.67792,36.05668],[127.68084,36.05824],[127.6858,36.06228],[127.68902,36.06267],[127.68892,36.06206],[127.68931,36.06175],[127.69074,36.05803],[127.69154,36.05838],[127.69314,36.05792],[127.69461,36.05898],[127.69706,36.05986],[127.70825,36.06255],[127.70963,36.06252],[127.71117,36.06339],[127.7123,36.06479],[127.71399,36.06414],[127.7147,36.06227],[127.7156,36.06152],[127.71594,36.05922],[127.71553,36.05856],[127.71552,36.0575],[127.71607,36.05661],[127.71717,36.05648],[127.71798,36.05564],[127.7213,36.05388],[127.72533,36.05479],[127.72635,36.05601],[127.73134,36.05626],[127.73165,36.05739],[127.73435,36.05733],[127.7347,36.05775],[127.7366,36.05767],[127.73817,36.05833],[127.73916,36.05834],[127.7411,36.05901],[127.74447,36.06101],[127.74512,36.06197],[127.74626,36.06201],[127.74648,36.0627],[127.74692,36.06264],[127.74761,36.0634],[127.74844,36.06507],[127.75004,36.06516],[127.75188,36.06628],[127.75384,36.06769],[127.75463,36.06893],[127.75623,36.06946],[127.75764,36.07087],[127.75865,36.07144],[127.76033,36.07303],[127.76143,36.07477],[127.76293,36.07815],[127.76301,36.07935],[127.76377,36.08017],[127.76229,36.08084],[127.76202,36.08144],[127.75949,36.08354],[127.75684,36.08456],[127.75551,36.08562],[127.75555,36.0862],[127.75494,36.08644],[127.75477,36.0877],[127.75263,36.08971],[127.75228,36.09052],[127.75247,36.09092],[127.75183,36.09157],[127.75187,36.09258],[127.75141,36.09328],[127.75156,36.09527],[127.75115,36.09675],[127.75174,36.09779],[127.75135,36.09822],[127.75145,36.09902],[127.74887,36.10063],[127.7485,36.1015],[127.74888,36.10422],[127.74768,36.10632],[127.74292,36.10547],[127.74246,36.105],[127.74064,36.1045],[127.7397,36.10376],[127.7364,36.10401],[127.73423,36.10645],[127.73334,36.10864],[127.7312,36.10856],[127.73058,36.10911],[127.72888,36.10842],[127.72795,36.10914],[127.72771,36.11027],[127.72629,36.11087],[127.72545,36.11082],[127.72536,36.11197],[127.72456,36.11232],[127.72368,36.11383],[127.72383,36.11412],[127.72319,36.11481],[127.72282,36.11625],[127.72303,36.11646],[127.72259,36.11737],[127.72047,36.11814],[127.71918,36.11803],[127.71887,36.11964],[127.71788,36.12021],[127.71734,36.12139],[127.71649,36.12192],[127.71608,36.12361],[127.71549,36.12424],[127.71463,36.12453],[127.71423,36.12535]]]}},{"type":"Feature","properties":{"zoneId":"Z000103459","zoneName":"현도초통학구역","zoneType":"elementary","level":"초등학교","kind":"dedicated","oneWay":false,"sggCode":"112","eduCode":"8011000","eduName":"충청북도청주교육지원청","updatedAt":"2016-08-12"},"geometry":{"type":"Polygon","coordinates":[[[127.44956,36.50144],[127.44981,36.50187],[127.44988,36.50217],[127.44959,36.50209],[127.44899,36.50095],[127.44748,36.50027],[127.44664,36.49921],[127.44461,36.49833],[127.44019,36.49785],[127.43961,36.49718],[127.43779,36.4977],[127.4369,36.49764],[127.43547,36.49707],[127.43495,36.49654],[127.43423,36.49668],[127.43089,36.49621],[127.42908,36.49671],[127.42783,36.49658],[127.42766,36.49564],[127.42706,36.4951],[127.42622,36.49005],[127.42531,36.48937],[127.42206,36.48892],[127.42116,36.4884],[127.41997,36.48877],[127.41942,36.48958],[127.4179,36.4892],[127.41747,36.485],[127.41725,36.48429],[127.41637,36.48334],[127.414,36.48349],[127.41359,36.48382],[127.41215,36.4836],[127.41004,36.48395],[127.40898,36.48352],[127.40797,36.48399],[127.4077,36.48615],[127.4061,36.48592],[127.40324,36.487],[127.40205,36.48632],[127.40301,36.48548],[127.40417,36.48098],[127.40416,36.47657],[127.40242,36.47309],[127.40093,36.4733],[127.3989,36.47289],[127.39843,36.47195],[127.39812,36.46913],[127.3986,36.46674],[127.39972,36.46581],[127.39959,36.46482],[127.39901,36.46431],[127.39899,36.46358],[127.39931,36.46231],[127.39977,36.46181],[127.40003,36.45887],[127.39925,36.45676],[127.39945,36.45606],[127.40023,36.45528],[127.40083,36.45489],[127.40209,36.45603],[127.4031,36.45531],[127.40583,36.45494],[127.41497,36.45471],[127.4247,36.45618],[127.42745,36.45687],[127.43677,36.4564],[127.43704,36.456],[127.43402,36.45615],[127.43395,36.45578],[127.43744,36.45577],[127.44297,36.45095],[127.44716,36.44919],[127.45133,36.44925],[127.45476,36.45027],[127.45841,36.4523],[127.46256,36.45613],[127.46351,36.4603],[127.46378,36.46451],[127.46668,36.47007],[127.47016,36.47354],[127.47243,36.47502],[127.47461,36.47582],[127.48051,36.47719],[127.47949,36.47754],[127.4791,36.47828],[127.47704,36.47996],[127.47757,36.4802],[127.47715,36.48055],[127.47641,36.48284],[127.47678,36.48385],[127.47578,36.48508],[127.47567,36.49023],[127.47302,36.49101],[127.47097,36.49053],[127.46751,36.49126],[127.46698,36.49255],[127.46518,36.49354],[127.4634,36.49375],[127.46072,36.49515],[127.45875,36.49527],[127.45776,36.49592],[127.45706,36.49705],[127.45665,36.4989],[127.4559,36.49919],[127.45583,36.49973],[127.45514,36.5003],[127.45375,36.50095],[127.45246,36.5005],[127.44977,36.5005],[127.44956,36.50144]]]}},{"type":"Feature","properties":{"zoneId":"Z000103489","zoneName":"충주교현초통학구역","zoneType":"elementary","level":"초등학교","kind":"dedicated","oneWay":false,"sggCode":"130","eduCode":"8021000","eduName":"충청북도충주교육지원청","updatedAt":"2019-12-24"},"geometry":{"type":"Polygon","coordinates":[[[127.93936,36.98107],[127.93766,36.98111],[127.93465,36.9811],[127.93542,36.97799],[127.93465,36.97322],[127.93338,36.97406],[127.93317,36.97324],[127.93384,36.97312],[127.93384,36.97273],[127.93325,36.97237],[127.92951,36.97297],[127.93075,36.96997],[127.93158,36.96929],[127.93814,36.96927],[127.9385,36.97098],[127.94137,36.96951],[127.94246,36.96955],[127.94305,36.97031],[127.945,36.96972],[127.94666,36.96996],[127.94631,36.97458],[127.94451,36.97599],[127.94351,36.97601],[127.94347,36.97719],[127.94254,36.97772],[127.93999,36.97812],[127.93979,36.98077],[127.93936,36.98107]]]}},{"type":"Feature","properties":{"zoneId":"Z000150408","zoneName":"옥동초초평초공동통학구역","zoneType":"elementary","level":"초등학교","kind":"shared","oneWay":false,"sggCode":"750","eduCode":"8081000","eduName":"충청북도진천교육지원청","updatedAt":"2019-12-19"},"geometry":{"type":"MultiPolygon","coordinates":[[[[127.53391,36.91179],[127.53286,36.91218],[127.53196,36.91215],[127.52997,36.91125],[127.52855,36.91126],[127.52724,36.91087],[127.52639,36.91141],[127.52369,36.90963],[127.51967,36.90419],[127.51906,36.90376],[127.51904,36.90292],[127.51846,36.90235],[127.51832,36.90158],[127.51689,36.90059],[127.51621,36.90065],[127.51548,36.90138],[127.51456,36.90102],[127.51259,36.90108],[127.51184,36.90067],[127.50664,36.90117],[127.50639,36.90222],[127.50601,36.90045],[127.50223,36.8962],[127.50205,36.89513],[127.50318,36.8904],[127.50569,36.88859],[127.50703,36.88486],[127.5068,36.88181],[127.50827,36.87971],[127.50828,36.87797],[127.50782,36.87566],[127.50693,36.8744],[127.50734,36.87402],[127.50735,36.87303],[127.51224,36.87312],[127.51217,36.87287],[127.5164,36.87231],[127.51753,36.87149],[127.5196,36.87145],[127.51984,36.87229],[127.52246,36.8749],[127.52338,36.87662],[127.53481,36.87221],[127.53536,36.87227],[127.53384,36.87598],[127.53442,36.87708],[127.53529,36.87754],[127.53684,36.8792],[127.5365,36.87937],[127.53632,36.88033],[127.53728,36.88329],[127.53797,36.88298],[127.5387,36.88323],[127.53982,36.88461],[127.53959,36.8852],[127.5398,36.8862],[127.54041,36.88707],[127.54195,36.88828],[127.54238,36.88961],[127.5446,36.89017],[127.54434,36.89132],[127.54523,36.89166],[127.54665,36.89141],[127.54835,36.89082],[127.54846,36.8902],[127.54931,36.88953],[127.55,36.88989],[127.55168,36.89371],[127.55369,36.89602],[127.5548,36.89653],[127.55484,36.89749],[127.55541,36.89796],[127.55521,36.89853],[127.55576,36.89911],[127.55481,36.8994],[127.55371,36.89872],[127.55198,36.89892],[127.55189,36.89921],[127.54925,36.89924],[127.54844,36.89915],[127.54811,36.8985],[127.54947,36.89768],[127.54939,36.8971],[127.54769,36.8969],[127.54569,36.89458],[127.54473,36.89456],[127.54285,36.89376],[127.54179,36.89252],[127.54089,36.89304],[127.54054,36.89389],[127.54008,36.89414],[127.53768,36.8928],[127.53735,36.89318],[127.53573,36.8928],[127.53398,36.89318],[127.53371,36.89381],[127.53287,36.89446],[127.53221,36.89417],[127.53203,36.89527],[127.53075,36.89574],[127.5295,36.89532],[127.5276,36.89552],[127.52567,36.89418],[127.52412,36.89412],[127.52635,36.89526],[127.53104,36.89693],[127.53032,36.89813],[127.5284,36.90015],[127.52995,36.90096],[127.53278,36.90119],[127.53674,36.90484],[127.53774,36.90529],[127.53684,36.90606],[127.53897,36.90824],[127.53563,36.90996],[127.53535,36.91131],[127.53487,36.91187],[127.53391,36.91179]]],[[[127.51237,36.85678],[127.5153,36.86001],[127.51798,36.8619],[127.51938,36.86406],[127.51522,36.86727],[127.51517,36.86916],[127.50512,36.86906],[127.50582,36.86849],[127.50629,36.8651],[127.50256,36.86166],[127.50491,36.85818],[127.50533,36.85532],[127.50443,36.85344],[127.50582,36.85281],[127.50778,36.85275],[127.51237,36.85678]]]]}},{"type":"Feature","properties":{"zoneId":"Z000103571","zoneName":"만승초통학구역","zoneType":"elementary","level":"초등학교","kind":"dedicated","oneWay":false,"sggCode":"750","eduCode":"8081000","eduName":"충청북도진천교육지원청","updatedAt":"2019-12-19"},"geometry":{"type":"MultiPolygon","coordinates":[[[[127.44138,37.0119],[127.44123,37.01211],[127.44061,37.01191],[127.44054,37.01149],[127.43953,37.01053],[127.43872,37.01021],[127.43783,37.00854],[127.43705,37.00825],[127.43716,37.00654],[127.43654,37.0056],[127.43446,37.00523],[127.43304,37.00458],[127.43142,37.00306],[127.43142,37.00242],[127.42957,37.00124],[127.42953,37.00172],[127.42882,37.00219],[127.4257,37.00283],[127.42506,37.00354],[127.42456,37.00361],[127.42365,37.003],[127.42124,37.00396],[127.42035,37.00376],[127.4192,37.00297],[127.41855,37.00163],[127.41736,37.00153],[127.41745,37.00122],[127.41397,36.99948],[127.41317,36.99997],[127.41134,37.00018],[127.41126,36.99991],[127.41009,36.9996],[127.4095,36.99978],[127.40795,36.99855],[127.40684,36.99832],[127.40254,36.99891],[127.39979,36.99986],[127.39873,36.99882],[127.3973,36.99843],[127.39552,36.99875],[127.39421,36.99838],[127.39254,36.99669],[127.39266,36.99605],[127.39219,36.99551],[127.39168,36.99396],[127.3922,36.99343],[127.39131,36.99165],[127.3893,36.9895],[127.38837,36.98723],[127.38673,36.98633],[127.38616,36.98501],[127.38551,36.98482],[127.38503,36.98419],[127.38524,36.98293],[127.38607,36.98188],[127.38609,36.98141],[127.38938,36.98008],[127.39063,36.97829],[127.39118,36.97804],[127.39233,36.97817],[127.39432,36.97698],[127.39536,36.97536],[127.39667,36.97461],[127.39628,36.97386],[127.39634,36.97328],[127.39724,36.97269],[127.39835,36.97064],[127.39966,36.96986],[127.40117,36.96798],[127.40433,36.96834],[127.40623,36.96708],[127.40657,36.96618],[127.40798,36.96533],[127.41187,36.96437],[127.41277,36.96459],[127.41504,36.96411],[127.41644,36.96509],[127.42252,36.9645],[127.42364,36.96401],[127.42545,36.96007],[127.42701,36.95876],[127.43319,36.95775],[127.43271,36.95806],[127.43287,36.95886],[127.43311,36.95888],[127.43245,36.9589],[127.43166,36.96003],[127.43084,36.96014],[127.42996,36.96115],[127.42977,36.96207],[127.43169,36.96185],[127.43169,36.96096],[127.43272,36.96053],[127.43356,36.96066],[127.43373,36.96207],[127.43432,36.96141],[127.43445,36.96281],[127.43514,36.96298],[127.43627,36.96261],[127.43563,36.96427],[127.4359,36.96528],[127.43548,36.96613],[127.43778,36.97073],[127.43788,36.97183],[127.43901,36.97401],[127.43907,36.97449],[127.43821,36.97582],[127.43894,36.97766],[127.43549,36.97908],[127.43502,36.97903],[127.43462,36.98091],[127.43374,36.98189],[127.43388,36.98274],[127.4323,36.98419],[127.43146,36.98452],[127.43088,36.98559],[127.42915,36.98616],[127.42576,36.98902],[127.42523,36.98976],[127.42545,36.99051],[127.42451,36.99108],[127.4243,36.99214],[127.42502,36.99434],[127.42629,36.99441],[127.4268,36.99503],[127.42819,36.99544],[127.42822,36.99576],[127.43003,36.99593],[127.43069,36.9965],[127.43296,36.99705],[127.43339,36.9975],[127.43423,36.99691],[127.43437,36.99613],[127.43512,36.99568],[127.43512,36.99514],[127.43619,36.9958],[127.43863,36.99645],[127.43947,36.99634],[127.43977,36.99579],[127.44079,36.99548],[127.44257,36.99602],[127.4435,36.9955],[127.44339,36.99623],[127.44415,36.99666],[127.44422,36.99398],[127.44746,36.98954],[127.44768,36.98798],[127.44676,36.98687],[127.44714,36.98674],[127.44748,36.98708],[127.44793,36.98802],[127.44782,36.98984],[127.44866,36.98988],[127.44872,36.99391],[127.45003,36.99398],[127.4498,36.99425],[127.45049,36.99512],[127.44813,36.99765],[127.44796,36.99991],[127.44755,37.00067],[127.44794,37.00139],[127.44883,37.00178],[127.44878,37.0023],[127.44824,37.00272],[127.45008,37.00382],[127.44911,37.00435],[127.44895,37.00518],[127.44857,37.00536],[127.44872,37.00587],[127.44829,37.00755],[127.44904,37.00984],[127.44709,37.01089],[127.44623,37.01082],[127.44456,37.012],[127.44138,37.0119]]],[[[127.44281,36.99285],[127.44281,36.99285],[127.44266,36.99309],[127.44055,36.99265],[127.44084,36.99189],[127.4417,36.99123],[127.44113,36.99126],[127.44185,36.99085],[127.44267,36.99116],[127.44249,36.99218],[127.44286,36.99223],[127.44264,36.99248],[127.44281,36.99285]]],[[[127.44696,36.98268],[127.44695,36.9827],[127.44565,36.98617],[127.44483,36.98588],[127.44511,36.98368],[127.44436,36.98278],[127.44367,36.98058],[127.44465,36.98032],[127.44501,36.97962],[127.44445,36.97649],[127.44409,36.97623],[127.44502,36.9744],[127.44534,36.97437],[127.4461,36.97315],[127.44605,36.97241],[127.44655,36.97194],[127.44672,36.97081],[127.4475,36.96967],[127.44725,36.96825],[127.4483,36.96546],[127.44834,36.96287],[127.45107,36.96291],[127.45161,36.96159],[127.45211,36.96181],[127.45296,36.96158],[127.45328,36.96055],[127.45491,36.96066],[127.4554,36.96123],[127.45522,36.96181],[127.45548,36.96292],[127.45728,36.96392],[127.45707,36.96564],[127.45585,36.96616],[127.45655,36.96754],[127.45654,36.96821],[127.45397,36.97022],[127.45438,36.97114],[127.45371,36.97283],[127.45399,36.97395],[127.45287,36.9752],[127.45234,36.9753],[127.45156,36.97473],[127.45014,36.97567],[127.4493,36.97698],[127.44935,36.97856],[127.44901,36.97963],[127.44696,36.98268]]]]}},{"type":"Feature","properties":{"zoneId":"Z000150411","zoneName":"괴산명덕초문광초공동통학구역","zoneType":"elementary","level":"초등학교","kind":"shared","oneWay":false,"sggCode":"760","eduCode":"8092000","eduName":"충청북도괴산증평교육지원청","updatedAt":"2016-08-12"},"geometry":{"type":"Polygon","coordinates":[[[127.76766,36.79927],[127.76785,36.79933],[127.76896,36.79991],[127.77109,36.80023],[127.77362,36.79937],[127.77329,36.80255],[127.77263,36.80383],[127.77392,36.80568],[127.77396,36.80649],[127.77293,36.80698],[127.77043,36.80676],[127.77005,36.80817],[127.76869,36.80907],[127.76765,36.80923],[127.76779,36.80968],[127.76748,36.81045],[127.76678,36.81059],[127.76513,36.81008],[127.76471,36.81041],[127.76482,36.81078],[127.76325,36.81077],[127.76297,36.81205],[127.7615,36.81228],[127.75928,36.81316],[127.75837,36.81408],[127.75759,36.81431],[127.75688,36.81413],[127.75591,36.81506],[127.75461,36.81538],[127.75297,36.81558],[127.75185,36.81536],[127.7504,36.81581],[127.74891,36.81221],[127.74948,36.81149],[127.74774,36.81004],[127.74779,36.80933],[127.74738,36.80916],[127.74733,36.80799],[127.74793,36.80632],[127.74661,36.80434],[127.74626,36.80124],[127.74766,36.79931],[127.74945,36.79909],[127.75283,36.79969],[127.75376,36.80069],[127.75551,36.80128],[127.75758,36.80143],[127.76187,36.80122],[127.7669,36.7999],[127.76766,36.79927]]]}},{"type":"Feature","properties":{"zoneId":"Z000103372","zoneName":"갈원초통학구역","zoneType":"elementary","level":"초등학교","kind":"dedicated","oneWay":false,"sggCode":"112","eduCode":"8011000","eduName":"충청북도청주교육지원청","updatedAt":"2016-08-12"},"geometry":{"type":"Polygon","coordinates":[[[127.41549,36.60673],[127.41548,36.60673],[127.41476,36.60674],[127.41292,36.60587],[127.41151,36.60481],[127.41136,36.60398],[127.41001,36.60278],[127.40923,36.60265],[127.40725,36.60102],[127.40724,36.59991],[127.40627,36.59833],[127.40245,36.59696],[127.40102,36.59604],[127.40053,36.59404],[127.39804,36.59054],[127.39494,36.58851],[127.39202,36.58584],[127.38996,36.58533],[127.38886,36.58409],[127.38807,36.58255],[127.38743,36.57916],[127.38661,36.57762],[127.38485,36.57656],[127.38371,36.57506],[127.38001,36.57179],[127.37921,36.5701],[127.37742,36.5688],[127.37717,36.56789],[127.37755,36.56783],[127.37688,36.5665],[127.37396,36.56524],[127.37204,36.56362],[127.37239,36.56344],[127.37606,36.56441],[127.3771,36.56393],[127.37798,36.56294],[127.3762,36.56156],[127.37649,36.56094],[127.375,36.56021],[127.37317,36.56015],[127.37255,36.55972],[127.3731,36.55913],[127.37359,36.55772],[127.3752,36.55778],[127.37547,36.55723],[127.37604,36.55729],[127.3781,36.55517],[127.37923,36.55259],[127.37871,36.55219],[127.37897,36.55155],[127.37843,36.5511],[127.37852,36.54981],[127.37918,36.54939],[127.38169,36.54888],[127.38319,36.54786],[127.38267,36.54638],[127.38387,36.54548],[127.38393,36.54381],[127.38351,36.54286],[127.38388,36.54153],[127.38509,36.54105],[127.38782,36.54114],[127.38898,36.54039],[127.39128,36.54054],[127.39233,36.54001],[127.39782,36.54021],[127.40019,36.54178],[127.40182,36.54124],[127.40224,36.54219],[127.40399,36.54349],[127.40521,36.54514],[127.40532,36.5462],[127.40593,36.54691],[127.40693,36.54717],[127.40771,36.5478],[127.41051,36.54757],[127.41088,36.54787],[127.41303,36.54796],[127.41658,36.55117],[127.41635,36.55198],[127.41654,36.55322],[127.41776,36.55467],[127.41993,36.55843],[127.42026,36.55922],[127.41965,36.56044],[127.41984,36.56399],[127.4226,36.5652],[127.42359,36.56523],[127.42386,36.56619],[127.42485,36.56672],[127.42495,36.56744],[127.42777,36.56777],[127.42777,36.56879],[127.42882,36.56897],[127.42869,36.57109],[127.42917,36.5738],[127.43012,36.57471],[127.43018,36.57538],[127.42907,36.57618],[127.42389,36.57637],[127.42375,36.57698],[127.4207,36.57836],[127.41943,36.57951],[127.41915,36.58146],[127.41925,36.58621],[127.4189,36.5877],[127.41742,36.5889],[127.41651,36.59074],[127.42035,36.59233],[127.42071,36.59301],[127.41909,36.59723],[127.41958,36.59922],[127.41893,36.59998],[127.41887,36.60079],[127.4184,36.60118],[127.4187,36.60237],[127.41654,36.60329],[127.41633,36.60361],[127.41675,36.60455],[127.41542,36.60486],[127.41542,36.60607],[127.41601,36.60669],[127.41549,36.60673]]]}},{"type":"Feature","properties":{"zoneId":"Z000103414","zoneName":"샛별초통학구역","zoneType":"elementary","level":"초등학교","kind":"dedicated","oneWay":false,"sggCode":"112","eduCode":"8011000","eduName":"충청북도청주교육지원청","updatedAt":"2016-08-12"},"geometry":{"type":"Polygon","coordinates":[[[127.47717,36.60796],[127.47703,36.60799],[127.47643,36.60869],[127.47859,36.60935],[127.47314,36.61315],[127.47101,36.61557],[127.46881,36.61536],[127.46901,36.6129],[127.46962,36.61125],[127.4673,36.6111],[127.46763,36.6065],[127.46475,36.60622],[127.46112,36.60803],[127.45947,36.60843],[127.45799,36.60766],[127.45741,36.60683],[127.45675,36.60706],[127.45362,36.60277],[127.45453,36.60146],[127.457,36.60172],[127.45763,36.60106],[127.45938,36.6005],[127.4602,36.60127],[127.46617,36.59857],[127.46706,36.59981],[127.46838,36.59958],[127.46923,36.60052],[127.46911,36.60079],[127.47116,36.60359],[127.47097,36.60521],[127.47169,36.60601],[127.47226,36.60546],[127.47305,36.60539],[127.47409,36.60603],[127.47444,36.60559],[127.47449,36.60425],[127.47544,36.60395],[127.4775,36.60399],[127.47843,36.60579],[127.47879,36.60748],[127.47717,36.60796]]]}},{"type":"Feature","properties":{"zoneId":"Z000150931","zoneName":"창리초오창초공동(일방)통학구역","zoneType":"elementary","level":"초등학교","kind":"shared","oneWay":true,"sggCode":"114","eduCode":"8011000","eduName":"충청북도청주교육지원청","updatedAt":"2020-02-20"},"geometry":{"type":"MultiPolygon","coordinates":[[[[127.45313,36.73562],[127.45384,36.73609],[127.45406,36.73629],[127.45265,36.73709],[127.45531,36.73852],[127.45344,36.73951],[127.45259,36.74045],[127.45102,36.7404],[127.45193,36.73941],[127.44907,36.73902],[127.44733,36.73829],[127.4474,36.73796],[127.44669,36.73719],[127.44769,36.73658],[127.44598,36.73475],[127.44437,36.73594],[127.44554,36.73786],[127.44475,36.73864],[127.44439,36.73817],[127.4429,36.73876],[127.44228,36.73785],[127.44265,36.73724],[127.44176,36.73698],[127.44246,36.73631],[127.4436,36.73676],[127.44481,36.73475],[127.44932,36.73204],[127.45157,36.73421],[127.45359,36.73296],[127.45509,36.73452],[127.45313,36.73562]]],[[[127.43568,36.74388],[127.43523,36.74442],[127.43492,36.74456],[127.43305,36.74379],[127.43124,36.74444],[127.42972,36.7441],[127.42894,36.74424],[127.42835,36.74282],[127.42856,36.74169],[127.42898,36.74135],[127.44096,36.74112],[127.44204,36.74044],[127.44398,36.74005],[127.44511,36.73944],[127.44536,36.74024],[127.44721,36.74038],[127.44602,36.74195],[127.44595,36.74287],[127.44477,36.74262],[127.44333,36.74312],[127.44251,36.7427],[127.44078,36.74261],[127.43995,36.74393],[127.43881,36.74449],[127.43568,36.74388]]]]}},{"type":"Feature","properties":{"zoneId":"Z000150724","zoneName":"대강초단양초공동통학구역","zoneType":"elementary","level":"초등학교","kind":"shared","oneWay":false,"sggCode":"800","eduCode":"8111000","eduName":"충청북도단양교육지원청","updatedAt":"2019-01-15"},"geometry":{"type":"Polygon","coordinates":[[[128.37092,36.9321],[128.37057,36.93252],[128.36913,36.93211],[128.36792,36.93239],[128.36659,36.93154],[128.36223,36.93131],[128.36088,36.93075],[128.3594,36.93068],[128.35902,36.93024],[128.35744,36.9301],[128.35205,36.93005],[128.3503,36.93045],[128.3502,36.93103],[128.34858,36.93144],[128.34306,36.92665],[128.34276,36.92472],[128.34785,36.92225],[128.34629,36.92045],[128.3449,36.91941],[128.34409,36.91732],[128.34201,36.91661],[128.33795,36.91431],[128.33648,36.91152],[128.33523,36.91018],[128.33502,36.90735],[128.33457,36.90589],[128.33327,36.90539],[128.33303,36.90466],[128.33117,36.90292],[128.33045,36.90147],[128.32743,36.89934],[128.32705,36.89837],[128.32526,36.89723],[128.32413,36.89687],[128.3241,36.89656],[128.32216,36.89516],[128.3221,36.89441],[128.32306,36.89205],[128.323,36.89042],[128.32386,36.88779],[128.32502,36.88758],[128.32559,36.88537],[128.32552,36.88422],[128.32659,36.88342],[128.32698,36.88271],[128.32681,36.88065],[128.32536,36.8787],[128.32612,36.87603],[128.32693,36.87557],[128.32667,36.87462],[128.32789,36.87228],[128.32585,36.86852],[128.32395,36.86829],[128.32089,36.86897],[128.31974,36.86852],[128.31924,36.86764],[128.31741,36.8669],[128.31388,36.86461],[128.31231,36.86427],[128.31219,36.86289],[128.30884,36.85967],[128.31136,36.8564],[128.31318,36.85462],[128.31607,36.85026],[128.31784,36.84847],[128.31939,36.84907],[128.32032,36.84986],[128.32128,36.8495],[128.32254,36.84963],[128.32421,36.84835],[128.32774,36.84659],[128.32891,36.84504],[128.33054,36.84409],[128.33038,36.843],[128.33089,36.84119],[128.33304,36.83742],[128.33334,36.83317],[128.33231,36.83009],[128.33239,36.82905],[128.3328,36.82842],[128.33362,36.82767],[128.33842,36.82595],[128.34015,36.82449],[128.34065,36.82331],[128.34115,36.82288],[128.34403,36.82211],[128.34466,36.82151],[128.34613,36.82099],[128.34813,36.82087],[128.3488,36.81986],[128.35026,36.81937],[128.35075,36.81818],[128.35175,36.81728],[128.35299,36.81479],[128.35506,36.81357],[128.35538,36.8128],[128.35519,36.81165],[128.35593,36.81072],[128.35676,36.81062],[128.35684,36.80929],[128.35729,36.80864],[128.35687,36.80677],[128.35708,36.80632],[128.35807,36.80564],[128.35872,36.80564],[128.36019,36.80423],[128.36066,36.80315],[128.36313,36.8022],[128.36408,36.80222],[128.36517,36.80288],[128.36722,36.80206],[128.3684,36.80208],[128.37275,36.80541],[128.37331,36.80767],[128.37455,36.80827],[128.37539,36.8092],[128.37638,36.8095],[128.37771,36.81097],[128.37865,36.8111],[128.38126,36.81388],[128.3848,36.81381],[128.38763,36.81436],[128.3921,36.8144],[128.39436,36.81487],[128.39963,36.81287],[128.40199,36.81268],[128.40341,36.81214],[128.40607,36.81192],[128.40819,36.81227],[128.41297,36.81127],[128.41553,36.81229],[128.42048,36.81151],[128.42114,36.81181],[128.42525,36.81478],[128.42593,36.8159],[128.42604,36.81837],[128.42748,36.81926],[128.42801,36.82087],[128.42996,36.82246],[128.43116,36.82295],[128.43205,36.82407],[128.4326,36.82582],[128.43361,36.82762],[128.43319,36.82891],[128.43432,36.8329],[128.43411,36.83414],[128.43935,36.83632],[128.4415,36.8376],[128.44246,36.83911],[128.44245,36.84029],[128.44703,36.84365],[128.44716,36.84616],[128.44903,36.84784],[128.44873,36.84971],[128.44802,36.85095],[128.44824,36.85142],[128.44698,36.85265],[128.44666,36.85337],[128.44794,36.85552],[128.44793,36.85633],[128.44729,36.85681],[128.44788,36.85864],[128.4478,36.86147],[128.44913,36.86287],[128.448,36.86439],[128.44334,36.86845],[128.44248,36.86822],[128.43955,36.87113],[128.43843,36.87327],[128.43644,36.87365],[128.43171,36.87554],[128.42924,36.87554],[128.42822,36.87506],[128.42638,36.87553],[128.4249,36.87647],[128.42397,36.87653],[128.42478,36.87939],[128.42705,36.88126],[128.42756,36.88222],[128.42743,36.88266],[128.4278,36.88332],[128.42748,36.88371],[128.42816,36.88477],[128.42784,36.88508],[128.42793,36.88577],[128.42679,36.88924],[128.42814,36.8911],[128.42897,36.89145],[128.42904,36.89206],[128.43188,36.89287],[128.4336,36.89544],[128.43616,36.89708],[128.43651,36.89833],[128.43805,36.89962],[128.43857,36.90063],[128.43919,36.90057],[128.44028,36.90125],[128.44016,36.90287],[128.44102,36.90421],[128.44114,36.90544],[128.44306,36.9102],[128.4431,36.9124],[128.44475,36.91369],[128.44438,36.91511],[128.44517,36.91741],[128.44283,36.91985],[128.44314,36.92285],[128.44226,36.92493],[128.44222,36.92615],[128.44159,36.92735],[128.442,36.92739],[128.44115,36.9284],[128.44073,36.92874],[128.43842,36.92903],[128.43759,36.92951],[128.43605,36.92945],[128.43529,36.92984],[128.43287,36.92963],[128.42942,36.93023],[128.42826,36.92966],[128.42747,36.92864],[128.42644,36.92868],[128.42563,36.92804],[128.42547,36.92721],[128.42304,36.92511],[128.42082,36.92438],[128.41876,36.92491],[128.41801,36.92414],[128.41732,36.92413],[128.41466,36.9243],[128.41191,36.92507],[128.41039,36.92625],[128.40512,36.92646],[128.40251,36.9275],[128.40147,36.92744],[128.40019,36.92801],[128.39921,36.92798],[128.39812,36.92857],[128.39689,36.92856],[128.39658,36.92801],[128.39566,36.92766],[128.39501,36.92792],[128.38858,36.92783],[128.38708,36.92697],[128.38442,36.92797],[128.38432,36.92857],[128.38219,36.92992],[128.38068,36.92962],[128.37897,36.93092],[128.37844,36.931],[128.37581,36.92989],[128.37513,36.93027],[128.37382,36.93206],[128.37092,36.9321]]]}},{"type":"Feature","properties":{"zoneId":"Z000103391","zoneName":"동화초통학구역","zoneType":"elementary","level":"초등학교","kind":"dedicated","oneWay":false,"sggCode":"112","eduCode":"8011000","eduName":"충청북도청주교육지원청","updatedAt":"2016-08-12"},"geometry":{"type":"Polygon","coordinates":[[[127.476,36.56263],[127.47581,36.56286],[127.47525,36.56286],[127.47202,36.56087],[127.47002,36.56155],[127.4691,36.56143],[127.46863,36.5599],[127.46828,36.55967],[127.46843,36.55878],[127.46805,36.55808],[127.466,36.55731],[127.46389,36.55572],[127.46215,36.55569],[127.45986,36.55047],[127.45902,36.54941],[127.45898,36.54838],[127.46091,36.54629],[127.46339,36.54464],[127.46403,36.54266],[127.46343,36.54154],[127.46538,36.53753],[127.46663,36.53615],[127.46973,36.53709],[127.47069,36.53712],[127.47315,36.53626],[127.47452,36.53643],[127.4755,36.53602],[127.47581,36.53542],[127.47717,36.53456],[127.47768,36.53305],[127.47931,36.53246],[127.48136,36.53248],[127.4833,36.53145],[127.4847,36.53184],[127.48934,36.53126],[127.49388,36.52683],[127.49625,36.52579],[127.49818,36.52571],[127.49957,36.5262],[127.50019,36.52735],[127.50001,36.52873],[127.50218,36.52925],[127.50334,36.5291],[127.50389,36.52981],[127.50407,36.53047],[127.5037,36.53255],[127.50445,36.53315],[127.5041,36.53621],[127.50506,36.53751],[127.50541,36.53928],[127.50537,36.5411],[127.50495,36.5421],[127.50717,36.54377],[127.50802,36.54646],[127.5067,36.54741],[127.50544,36.54898],[127.50452,36.55102],[127.50426,36.55084],[127.50408,36.55283],[127.50433,36.55395],[127.50624,36.55624],[127.50527,36.55695],[127.50511,36.55747],[127.5003,36.56012],[127.49962,36.56008],[127.49742,36.55831],[127.49577,36.5576],[127.49537,36.55801],[127.49327,36.5585],[127.49232,36.55927],[127.49043,36.55942],[127.48948,36.56016],[127.48767,36.5604],[127.48657,36.56123],[127.48517,36.56151],[127.48175,36.56135],[127.47982,36.56215],[127.47836,36.56174],[127.47805,36.56224],[127.476,36.56263]]]}},{"type":"Feature","properties":{"zoneId":"Z000103396","zoneName":"미원초금관분교장통학구역","zoneType":"elementary","level":"초등학교","kind":"dedicated","oneWay":false,"sggCode":"111","eduCode":"8011000","eduName":"충청북도청주교육지원청","updatedAt":"2016-08-12"},"geometry":{"type":"Polygon","coordinates":[[[127.71266,36.65036],[127.71216,36.65122],[127.71121,36.65259],[127.70936,36.65404],[127.706,36.65425],[127.70344,36.65152],[127.70016,36.64943],[127.70019,36.64776],[127.698,36.6469],[127.69765,36.64359],[127.69793,36.64182],[127.69878,36.64025],[127.69844,36.63932],[127.69991,36.63727],[127.70006,36.63628],[127.70053,36.63602],[127.7011,36.63328],[127.70171,36.63283],[127.70132,36.63175],[127.70144,36.63099],[127.70041,36.63055],[127.69966,36.62979],[127.69983,36.62898],[127.69865,36.62722],[127.69982,36.62527],[127.70116,36.62445],[127.70157,36.6232],[127.70295,36.62291],[127.70315,36.62223],[127.70456,36.62196],[127.70515,36.62049],[127.70638,36.61994],[127.70676,36.61881],[127.70528,36.61857],[127.70622,36.61766],[127.70683,36.6165],[127.70902,36.61666],[127.71045,36.61651],[127.71084,36.61614],[127.7109,36.61523],[127.71021,36.61444],[127.7076,36.61305],[127.7069,36.61132],[127.71,36.60915],[127.71449,36.60817],[127.71429,36.6068],[127.71283,36.60509],[127.71394,36.60326],[127.71381,36.60201],[127.71495,36.6018],[127.716,36.60236],[127.71917,36.60199],[127.7202,36.60267],[127.72125,36.60235],[127.72171,36.60184],[127.7229,36.6022],[127.72487,36.6015],[127.72644,36.59997],[127.72698,36.60021],[127.72776,36.60178],[127.72874,36.60231],[127.72965,36.6017],[127.73111,36.60165],[127.73367,36.60017],[127.73649,36.60002],[127.73715,36.59932],[127.73701,36.59717],[127.73596,36.59571],[127.73675,36.59481],[127.73734,36.59262],[127.74102,36.59126],[127.74129,36.59064],[127.74192,36.59024],[127.74192,36.5895],[127.74155,36.58911],[127.74205,36.58818],[127.74289,36.58744],[127.74369,36.58722],[127.74586,36.58525],[127.74974,36.58659],[127.75204,36.58845],[127.75438,36.58936],[127.7552,36.59008],[127.76132,36.59049],[127.76224,36.59114],[127.76304,36.59127],[127.76355,36.59099],[127.76472,36.59195],[127.7655,36.59189],[127.76645,36.59349],[127.76919,36.59382],[127.76877,36.59403],[127.76872,36.59566],[127.76928,36.59647],[127.7689,36.59759],[127.76952,36.59802],[127.76943,36.59936],[127.76978,36.60117],[127.76875,36.60338],[127.76949,36.60399],[127.76869,36.6052],[127.76874,36.60642],[127.76686,36.60849],[127.76676,36.60931],[127.76595,36.61031],[127.76491,36.61063],[127.76463,36.61305],[127.76143,36.61532],[127.76028,36.61662],[127.75955,36.6167],[127.75907,36.61731],[127.75667,36.6183],[127.75234,36.62154],[127.75134,36.62146],[127.75025,36.62188],[127.75067,36.62275],[127.74948,36.62299],[127.74997,36.62564],[127.74909,36.62393],[127.74884,36.62413],[127.74935,36.62507],[127.7492,36.62612],[127.74762,36.62725],[127.74551,36.62803],[127.74426,36.62907],[127.74426,36.63037],[127.7436,36.6311],[127.74518,36.63224],[127.74099,36.63266],[127.74003,36.63316],[127.74066,36.63428],[127.74022,36.63494],[127.7393,36.63572],[127.7377,36.63643],[127.73858,36.63929],[127.73894,36.63961],[127.73896,36.64005],[127.7381,36.64128],[127.73477,36.63965],[127.73317,36.6406],[127.73147,36.64232],[127.7298,36.64316],[127.72757,36.64371],[127.72585,36.64468],[127.72419,36.64882],[127.72479,36.64958],[127.72337,36.6513],[127.72116,36.65124],[127.72012,36.65187],[127.7191,36.65198],[127.71781,36.65134],[127.71553,36.65162],[127.71266,36.65036]]]}},{"type":"Feature","properties":{"zoneId":"Z000103493","zoneName":"충주삼원초통학구역","zoneType":"elementary","level":"초등학교","kind":"dedicated","oneWay":false,"sggCode":"130","eduCode":"8021000","eduName":"충청북도충주교육지원청","updatedAt":"2019-12-24"},"geometry":{"type":"Polygon","coordinates":[[[127.92414,36.97995],[127.92383,36.98063],[127.92399,36.98141],[127.92446,36.9819],[127.92358,36.98191],[127.92306,36.97967],[127.92233,36.97988],[127.92018,36.97967],[127.91897,36.97953],[127.91846,36.97916],[127.9151,36.98093],[127.9126,36.97684],[127.91414,36.97614],[127.91741,36.97565],[127.91732,36.97525],[127.91968,36.97294],[127.92024,36.97191],[127.92306,36.97278],[127.92335,36.97043],[127.92525,36.9705],[127.92528,36.97004],[127.92745,36.97011],[127.92747,36.96947],[127.92889,36.96955],[127.93063,36.97022],[127.92951,36.97297],[127.92745,36.97591],[127.92844,36.97586],[127.92921,36.97782],[127.92428,36.97927],[127.92414,36.97995]]]}},{"type":"Feature","properties":{"zoneId":"Z000150806","zoneName":"증평초청안초공동(일방)통학구역","zoneType":"elementary","level":"초등학교","kind":"shared","oneWay":true,"sggCode":"745","eduCode":"8092000","eduName":"충청북도괴산증평교육지원청","updatedAt":"2020-01-03"},"geometry":{"type":"Polygon","coordinates":[[[127.61498,36.79877],[127.61491,36.79883],[127.61392,36.799],[127.61402,36.79668],[127.61377,36.79555],[127.61263,36.7938],[127.6117,36.79302],[127.59662,36.78883],[127.59713,36.78648],[127.59643,36.78197],[127.59676,36.78039],[127.5978,36.7783],[127.59943,36.77794],[127.60932,36.77359],[127.61165,36.77185],[127.61236,36.77163],[127.6174,36.77179],[127.62099,36.77117],[127.62286,36.77185],[127.62774,36.77521],[127.62737,36.77572],[127.62748,36.77643],[127.62603,36.77712],[127.62539,36.77686],[127.62467,36.77701],[127.62361,36.77814],[127.62339,36.77884],[127.62294,36.77904],[127.62211,36.77852],[127.62083,36.77859],[127.62048,36.77935],[127.6207,36.78191],[127.62136,36.78354],[127.62089,36.78524],[127.62094,36.78787],[127.62182,36.78787],[127.62267,36.78835],[127.62377,36.78948],[127.62548,36.78932],[127.62629,36.79044],[127.62449,36.79235],[127.62431,36.7931],[127.62319,36.79388],[127.62309,36.79436],[127.62351,36.79511],[127.62288,36.79524],[127.62253,36.79597],[127.6215,36.79652],[127.62124,36.79598],[127.61974,36.79605],[127.61914,36.79645],[127.6189,36.79749],[127.6175,36.79771],[127.61697,36.79744],[127.61687,36.79852],[127.61639,36.79902],[127.61498,36.79877]]]}},{"type":"Feature","properties":{"zoneId":"Z000150795","zoneName":"만승초금구초공동(일방)학구","zoneType":"elementary","level":"초등학교","kind":"shared","oneWay":true,"sggCode":"750","eduCode":"8081000","eduName":"충청북도진천교육지원청","updatedAt":"2019-12-19"},"geometry":{"type":"Polygon","coordinates":[[[127.43399,36.99695],[127.43386,36.99697],[127.43339,36.9975],[127.43296,36.99705],[127.43069,36.9965],[127.43003,36.99593],[127.42822,36.99576],[127.42819,36.99544],[127.4268,36.99503],[127.42629,36.99441],[127.42502,36.99434],[127.4243,36.99214],[127.42451,36.99108],[127.42545,36.99051],[127.42523,36.98976],[127.42576,36.98902],[127.42773,36.98721],[127.42915,36.98616],[127.43076,36.98568],[127.43146,36.98452],[127.4323,36.98419],[127.43388,36.98274],[127.43374,36.98189],[127.43462,36.98091],[127.43502,36.97903],[127.43549,36.97908],[127.44082,36.97696],[127.44183,36.97694],[127.44409,36.97623],[127.44445,36.97649],[127.44501,36.97962],[127.44465,36.98032],[127.44367,36.98058],[127.44365,36.98111],[127.44431,36.9821],[127.44436,36.98278],[127.44511,36.98368],[127.44483,36.98588],[127.44565,36.98617],[127.44688,36.98282],[127.44873,36.98024],[127.45033,36.98136],[127.44848,36.9865],[127.44676,36.98687],[127.44768,36.98798],[127.4475,36.98943],[127.44422,36.99398],[127.44415,36.99666],[127.44339,36.99623],[127.4435,36.9955],[127.44257,36.99602],[127.44079,36.99548],[127.43977,36.99579],[127.43947,36.99634],[127.43863,36.99645],[127.43619,36.9958],[127.43512,36.99514],[127.43512,36.99568],[127.43437,36.99613],[127.43399,36.99695]],[[127.4422,36.993],[127.4424,36.99304],[127.44281,36.99291],[127.44264,36.99248],[127.44286,36.99223],[127.44249,36.99218],[127.44267,36.99116],[127.44185,36.99085],[127.44113,36.99126],[127.4417,36.99123],[127.44084,36.99189],[127.44055,36.99265],[127.4422,36.993]]]}},{"type":"Feature","properties":{"zoneId":"Z000103455","zoneName":"한국교원대학교부설월곡초통학구역","zoneType":"elementary","level":"초등학교","kind":"dedicated","oneWay":false,"sggCode":"113","eduCode":"8011000","eduName":"충청북도청주교육지원청","updatedAt":"2016-08-12"},"geometry":{"type":"Polygon","coordinates":[[[127.3789,36.64638],[127.37886,36.64639],[127.37814,36.6466],[127.37629,36.64511],[127.37319,36.64401],[127.36984,36.6421],[127.36841,36.64101],[127.36736,36.63935],[127.36662,36.63875],[127.36291,36.63724],[127.35861,36.63753],[127.35692,36.63688],[127.35677,36.63625],[127.3552,36.6357],[127.35188,36.63352],[127.35043,36.62916],[127.35061,36.6269],[127.35174,36.62522],[127.35182,36.62406],[127.35171,36.62324],[127.35074,36.62206],[127.35186,36.62172],[127.35182,36.62059],[127.35366,36.61932],[127.35349,36.61872],[127.35424,36.61634],[127.35207,36.61269],[127.35171,36.61139],[127.35355,36.61167],[127.35368,36.61232],[127.35567,36.61393],[127.3603,36.61494],[127.361,36.61305],[127.36272,36.61125],[127.36302,36.60964],[127.36367,36.60865],[127.36446,36.60846],[127.36715,36.6091],[127.36891,36.60761],[127.37028,36.6083],[127.37289,36.60858],[127.3737,36.60763],[127.37498,36.60741],[127.37549,36.60637],[127.37718,36.60568],[127.37843,36.60684],[127.37733,36.60856],[127.37729,36.60951],[127.37604,36.61035],[127.37652,36.61105],[127.3761,36.61177],[127.37654,36.61197],[127.37683,36.61409],[127.37796,36.61378],[127.37934,36.61425],[127.38053,36.61392],[127.38145,36.61407],[127.38356,36.61525],[127.38393,36.61773],[127.38451,36.61805],[127.38471,36.61861],[127.3863,36.61895],[127.38807,36.61999],[127.38784,36.6208],[127.38647,36.62107],[127.38655,36.62195],[127.38706,36.62224],[127.38805,36.62378],[127.38794,36.62448],[127.3898,36.62471],[127.39325,36.62645],[127.39429,36.62594],[127.39618,36.6267],[127.39769,36.62609],[127.40006,36.62652],[127.40151,36.62632],[127.40271,36.62709],[127.40352,36.62838],[127.40548,36.62854],[127.40643,36.62902],[127.40734,36.63036],[127.40704,36.63263],[127.40569,36.63229],[127.40354,36.63228],[127.40162,36.63151],[127.40114,36.63071],[127.40126,36.63031],[127.39968,36.6296],[127.39764,36.6299],[127.39675,36.6296],[127.39585,36.63018],[127.39374,36.63023],[127.392,36.63079],[127.39128,36.6303],[127.38929,36.63105],[127.39039,36.63312],[127.38998,36.6345],[127.39036,36.63652],[127.38981,36.63831],[127.38781,36.63955],[127.38713,36.64033],[127.38763,36.64153],[127.3871,36.6414],[127.38473,36.64316],[127.38364,36.6426],[127.38175,36.64285],[127.37848,36.6453],[127.37942,36.64609],[127.3789,36.64638]]]}},{"type":"Feature","properties":{"zoneId":"Z000103458","zoneName":"행정초통학구역","zoneType":"elementary","level":"초등학교","kind":"dedicated","oneWay":false,"sggCode":"111","eduCode":"8011000","eduName":"충청북도청주교육지원청","updatedAt":"2016-08-12"},"geometry":{"type":"Polygon","coordinates":[[[127.53188,36.55387],[127.53129,36.55528],[127.53056,36.55647],[127.52728,36.55711],[127.52326,36.55868],[127.52197,36.55848],[127.51525,36.55044],[127.51407,36.54825],[127.51411,36.54474],[127.51386,36.54432],[127.51145,36.54405],[127.51505,36.54302],[127.51501,36.54238],[127.51397,36.54228],[127.51409,36.54192],[127.50925,36.54077],[127.51019,36.53812],[127.509,36.53783],[127.50941,36.53671],[127.50923,36.53645],[127.51101,36.53589],[127.51154,36.53449],[127.51304,36.53358],[127.51222,36.53188],[127.51244,36.5311],[127.51298,36.53111],[127.51316,36.53016],[127.51486,36.52948],[127.51571,36.52843],[127.51462,36.52763],[127.51377,36.52555],[127.51391,36.52509],[127.51282,36.5251],[127.51042,36.52346],[127.50973,36.52196],[127.5104,36.52085],[127.51699,36.51897],[127.52237,36.52039],[127.52306,36.51944],[127.52422,36.51913],[127.52477,36.51937],[127.52442,36.5206],[127.5255,36.5215],[127.52696,36.52156],[127.52902,36.524],[127.53169,36.52565],[127.5327,36.52506],[127.53328,36.52507],[127.5355,36.52575],[127.53651,36.52546],[127.53726,36.52443],[127.53684,36.52299],[127.53818,36.52213],[127.53925,36.52304],[127.54127,36.5238],[127.54318,36.52279],[127.54442,36.52411],[127.54625,36.5244],[127.55063,36.52365],[127.55293,36.52179],[127.55349,36.52205],[127.55383,36.52266],[127.55476,36.52257],[127.55556,36.52289],[127.55621,36.52392],[127.55745,36.52482],[127.55748,36.52577],[127.55867,36.52602],[127.55844,36.52674],[127.55951,36.52793],[127.561,36.52886],[127.56181,36.52892],[127.56311,36.53009],[127.56351,36.53073],[127.56168,36.53713],[127.55984,36.54009],[127.55793,36.54146],[127.55519,36.54425],[127.55451,36.54595],[127.55301,36.54689],[127.5535,36.549],[127.55283,36.55071],[127.55221,36.55127],[127.55042,36.55168],[127.54929,36.55281],[127.54725,36.55357],[127.54618,36.55441],[127.54563,36.5556],[127.54041,36.5544],[127.53416,36.55342],[127.53188,36.55387]]]}},{"type":"Feature","properties":{"zoneId":"Z000103624","zoneName":"하당초통학구역","zoneType":"elementary","level":"초등학교","kind":"dedicated","oneWay":false,"sggCode":"770","eduCode":"8101000","eduName":"충청북도음성교육지원청","updatedAt":"2016-08-12"},"geometry":{"type":"Polygon","coordinates":[[[127.69363,36.91997],[127.69246,36.92011],[127.69291,36.9189],[127.69208,36.91764],[127.69198,36.91791],[127.69147,36.91747],[127.68966,36.9171],[127.68668,36.91679],[127.68489,36.91693],[127.68432,36.9173],[127.68093,36.91714],[127.67908,36.91754],[127.67771,36.91649],[127.67688,36.91646],[127.67542,36.91578],[127.67468,36.91505],[127.67416,36.91342],[127.67264,36.91275],[127.67172,36.91315],[127.67084,36.91444],[127.66922,36.9148],[127.6681,36.91436],[127.66757,36.91464],[127.66649,36.91454],[127.66548,36.9151],[127.665,36.91576],[127.66291,36.91579],[127.66138,36.91633],[127.65977,36.91425],[127.65933,36.91329],[127.65955,36.91299],[127.65874,36.91246],[127.65873,36.91205],[127.65684,36.91127],[127.65591,36.91149],[127.65554,36.91108],[127.65427,36.90951],[127.6541,36.90868],[127.65332,36.90807],[127.65309,36.9072],[127.65239,36.90657],[127.65186,36.90481],[127.65066,36.90406],[127.65051,36.90356],[127.65068,36.90195],[127.65154,36.90111],[127.65152,36.90051],[127.65475,36.89709],[127.65572,36.89649],[127.65592,36.89579],[127.65796,36.89494],[127.65958,36.895],[127.66058,36.89464],[127.66089,36.89345],[127.66202,36.89327],[127.66374,36.89094],[127.66484,36.89086],[127.66644,36.89006],[127.66854,36.89048],[127.66954,36.88903],[127.67093,36.88869],[127.67099,36.88845],[127.6722,36.88835],[127.67314,36.88745],[127.673,36.88698],[127.67358,36.88618],[127.67336,36.88571],[127.67397,36.88509],[127.67392,36.88442],[127.67501,36.88407],[127.67656,36.88442],[127.67705,36.88314],[127.67691,36.88253],[127.67771,36.88225],[127.6784,36.88247],[127.68121,36.88107],[127.68172,36.88108],[127.68296,36.88002],[127.68378,36.88025],[127.68431,36.87968],[127.68649,36.87945],[127.68694,36.87908],[127.68837,36.87887],[127.68857,36.87832],[127.68903,36.87821],[127.69003,36.87861],[127.6932,36.87874],[127.69349,36.87967],[127.69397,36.88005],[127.69656,36.88005],[127.69803,36.88061],[127.69916,36.87981],[127.70019,36.87822],[127.70258,36.87811],[127.70406,36.87762],[127.70554,36.87662],[127.7069,36.87651],[127.70691,36.87615],[127.70772,36.87592],[127.70814,36.878],[127.70856,36.87838],[127.71053,36.87813],[127.71143,36.87878],[127.71313,36.87891],[127.71345,36.87845],[127.71449,36.87879],[127.71536,36.87747],[127.71683,36.87725],[127.71721,36.8776],[127.71651,36.87811],[127.7155,36.8806],[127.71613,36.88128],[127.71701,36.8815],[127.71708,36.88222],[127.71736,36.8824],[127.71718,36.88327],[127.71765,36.88379],[127.71809,36.88372],[127.71811,36.88427],[127.71909,36.8849],[127.71938,36.88575],[127.71917,36.88742],[127.71942,36.88857],[127.71822,36.89003],[127.71792,36.89192],[127.71729,36.89205],[127.7168,36.89313],[127.71515,36.89411],[127.71395,36.89543],[127.71387,36.89641],[127.71283,36.89686],[127.7135,36.89816],[127.71293,36.89975],[127.71325,36.90049],[127.7127,36.90095],[127.71248,36.90509],[127.71223,36.90528],[127.71261,36.90639],[127.71229,36.90675],[127.71228,36.90823],[127.71153,36.90825],[127.71037,36.90936],[127.70873,36.91021],[127.7079,36.91152],[127.70708,36.91212],[127.70455,36.91237],[127.70341,36.9119],[127.70293,36.9121],[127.70149,36.91305],[127.70121,36.91362],[127.70016,36.91393],[127.69902,36.91545],[127.69899,36.91617],[127.69841,36.91652],[127.69799,36.91729],[127.69855,36.91778],[127.69786,36.91793],[127.69712,36.91862],[127.69622,36.92006],[127.69363,36.91997]]]}},{"type":"Feature","properties":{"zoneId":"Z000103547","zoneName":"이원초통학구역","zoneType":"elementary","level":"초등학교","kind":"dedicated","oneWay":false,"sggCode":"730","eduCode":"8061000","eduName":"충청북도옥천교육지원청","updatedAt":"2016-08-12"},"geometry":{"type":"Polygon","coordinates":[[[127.66523,36.26645],[127.66437,36.26671],[127.66313,36.26697],[127.6627,36.26753],[127.65865,36.26685],[127.65818,36.26637],[127.6579,36.26519],[127.65718,36.26439],[127.65573,36.26531],[127.65384,36.26523],[127.65331,36.26507],[127.65217,36.26386],[127.64868,36.26307],[127.64753,36.26248],[127.64255,36.26155],[127.64074,36.26093],[127.6401,36.26037],[127.63714,36.25972],[127.63366,36.26273],[127.63065,36.26095],[127.62955,36.26203],[127.62772,36.26289],[127.62731,36.26274],[127.62551,36.26343],[127.62238,36.26259],[127.62086,36.26317],[127.6167,36.26302],[127.61578,36.26221],[127.61435,36.2622],[127.61382,36.26164],[127.6122,36.26135],[127.61156,36.26082],[127.61042,36.26109],[127.60904,36.26097],[127.60785,36.26023],[127.60619,36.26024],[127.60495,36.25941],[127.60417,36.25927],[127.60169,36.259],[127.60059,36.2595],[127.59924,36.25954],[127.5988,36.25919],[127.5986,36.25767],[127.59724,36.25744],[127.59418,36.25581],[127.59403,36.25493],[127.59232,36.25183],[127.59067,36.2514],[127.58947,36.24991],[127.5878,36.25005],[127.58651,36.2507],[127.58639,36.25133],[127.585,36.25253],[127.58316,36.25232],[127.58204,36.25324],[127.58009,36.25352],[127.57981,36.25255],[127.57808,36.25239],[127.57553,36.25143],[127.57482,36.25061],[127.57416,36.24797],[127.57343,36.24693],[127.57208,36.24669],[127.5702,36.24694],[127.56809,36.24765],[127.5671,36.24687],[127.56651,36.24271],[127.56757,36.24163],[127.56845,36.23895],[127.56895,36.23826],[127.56867,36.23773],[127.5694,36.23663],[127.56962,36.23468],[127.57027,36.23352],[127.57285,36.23302],[127.57486,36.232],[127.57955,36.2328],[127.58022,36.23185],[127.58168,36.23137],[127.58243,36.23163],[127.58358,36.2313],[127.58481,36.23025],[127.58631,36.22758],[127.58657,36.22506],[127.58712,36.22486],[127.58874,36.2255],[127.59051,36.22529],[127.5906,36.22473],[127.59032,36.2244],[127.59066,36.22257],[127.59111,36.22166],[127.59245,36.22132],[127.59276,36.21982],[127.59464,36.21948],[127.59802,36.21709],[127.59768,36.21622],[127.59796,36.21433],[127.59732,36.21298],[127.59631,36.21188],[127.59699,36.21157],[127.59747,36.21086],[127.59879,36.21022],[127.59895,36.20959],[127.59843,36.20851],[127.59925,36.20727],[127.59943,36.20513],[127.59966,36.20509],[127.599,36.20335],[127.59928,36.20264],[127.59826,36.20238],[127.59734,36.20027],[127.59533,36.19896],[127.59419,36.19684],[127.59246,36.1952],[127.59361,36.19439],[127.59292,36.19294],[127.59298,36.19223],[127.59456,36.19102],[127.59455,36.1904],[127.59526,36.1898],[127.59538,36.1891],[127.59623,36.18847],[127.59772,36.18487],[127.60176,36.18432],[127.60388,36.18543],[127.60578,36.18471],[127.60675,36.18534],[127.60825,36.18568],[127.60889,36.18543],[127.60906,36.1847],[127.6099,36.18387],[127.6112,36.18322],[127.61434,36.18404],[127.61473,36.18339],[127.6176,36.18245],[127.61867,36.18174],[127.62081,36.18183],[127.62168,36.18099],[127.62392,36.18102],[127.62459,36.18038],[127.62531,36.17879],[127.62712,36.17797],[127.62778,36.17833],[127.62834,36.17918],[127.62902,36.17869],[127.62967,36.17869],[127.63052,36.1793],[127.63509,36.17802],[127.63589,36.17829],[127.63786,36.17737],[127.63886,36.17588],[127.63945,36.17581],[127.64059,36.17477],[127.64242,36.1743],[127.64386,36.17217],[127.6461,36.17131],[127.64854,36.17147],[127.64971,36.17071],[127.65201,36.17198],[127.65253,36.17445],[127.65426,36.17583],[127.65502,36.17761],[127.65622,36.17789],[127.65767,36.17777],[127.65771,36.1784],[127.65831,36.17859],[127.66177,36.1786],[127.66245,36.17819],[127.666,36.17904],[127.66774,36.17912],[127.67043,36.17829],[127.67118,36.17759],[127.6743,36.1784],[127.6761,36.17798],[127.67683,36.18056],[127.67747,36.18146],[127.67813,36.1815],[127.67989,36.18424],[127.68115,36.18692],[127.68228,36.18793],[127.68223,36.1911],[127.68162,36.1933],[127.68005,36.19546],[127.67987,36.19779],[127.67832,36.20028],[127.67605,36.20187],[127.67483,36.20353],[127.67349,36.20367],[127.67145,36.20519],[127.67155,36.20651],[127.67101,36.20741],[127.67148,36.21033],[127.67028,36.211],[127.66776,36.21546],[127.66693,36.21777],[127.66733,36.21972],[127.66609,36.22022],[127.66429,36.22166],[127.66371,36.22331],[127.66609,36.22374],[127.66854,36.22327],[127.66999,36.22341],[127.67253,36.22222],[127.67367,36.22333],[127.67407,36.22318],[127.67852,36.22473],[127.68105,36.22486],[127.68049,36.2257],[127.68088,36.22702],[127.6817,36.22752],[127.68179,36.22812],[127.68301,36.22905],[127.68266,36.231],[127.68489,36.23269],[127.68473,36.23307],[127.68541,36.23437],[127.68539,36.23525],[127.68605,36.23551],[127.68644,36.23509],[127.68742,36.23516],[127.68831,36.23619],[127.68883,36.23624],[127.68917,36.23699],[127.68981,36.23747],[127.69036,36.23735],[127.69133,36.23816],[127.69127,36.2388],[127.69166,36.23937],[127.69238,36.2426],[127.69269,36.24351],[127.6933,36.24397],[127.69338,36.24475],[127.6929,36.24543],[127.69333,36.24622],[127.69306,36.24719],[127.69361,36.24813],[127.69338,36.24887],[127.69384,36.24992],[127.69528,36.25115],[127.69597,36.25055],[127.69693,36.25162],[127.69756,36.2535],[127.69839,36.25387],[127.69941,36.25649],[127.69942,36.25746],[127.70179,36.26078],[127.69941,36.2623],[127.6992,36.26272],[127.69802,36.26323],[127.69598,36.26294],[127.69398,36.26317],[127.69171,36.26202],[127.69147,36.26141],[127.68742,36.26218],[127.68634,36.2618],[127.68432,36.26019],[127.68184,36.26094],[127.6803,36.26181],[127.67938,36.26161],[127.6786,36.26087],[127.67707,36.26088],[127.67652,36.2603],[127.67564,36.26034],[127.67505,36.26102],[127.67449,36.26094],[127.6737,36.26162],[127.67247,36.26158],[127.67253,36.26249],[127.66989,36.26396],[127.66902,36.26525],[127.66523,36.26645]]]}},{"type":"Feature","properties":{"zoneId":"Z000103542","zoneName":"동이초우산분교장통학구역","zoneType":"elementary","level":"초등학교","kind":"dedicated","oneWay":false,"sggCode":"730","eduCode":"8061000","eduName":"충청북도옥천교육지원청","updatedAt":"2016-08-12"},"geometry":{"type":"Polygon","coordinates":[[[127.66143,36.33392],[127.66128,36.33452],[127.66066,36.33516],[127.6593,36.33395],[127.65793,36.33342],[127.65399,36.33329],[127.64959,36.33419],[127.64678,36.33518],[127.64681,36.3332],[127.64731,36.33188],[127.64831,36.33129],[127.64904,36.33009],[127.65021,36.32714],[127.64986,36.32624],[127.64816,36.32518],[127.64565,36.32503],[127.64495,36.32469],[127.64458,36.32391],[127.64307,36.32317],[127.64155,36.32288],[127.6413,36.32267],[127.64152,36.32186],[127.64049,36.3205],[127.64108,36.31995],[127.64089,36.31899],[127.64149,36.3173],[127.64095,36.31679],[127.64079,36.31458],[127.64143,36.31394],[127.64343,36.31399],[127.64481,36.31283],[127.64395,36.30978],[127.64421,36.30618],[127.64353,36.30514],[127.64483,36.30374],[127.64455,36.30304],[127.64659,36.30132],[127.64769,36.29761],[127.64854,36.29698],[127.64988,36.29462],[127.65167,36.29361],[127.65456,36.29305],[127.65551,36.2919],[127.65465,36.29069],[127.65361,36.28994],[127.65395,36.28897],[127.65622,36.28569],[127.65805,36.28146],[127.65692,36.28106],[127.65628,36.2803],[127.65454,36.2799],[127.65558,36.2792],[127.65616,36.27787],[127.65672,36.27759],[127.65694,36.27679],[127.65751,36.27619],[127.65756,36.2752],[127.65891,36.27479],[127.66024,36.27373],[127.66285,36.27038],[127.66312,36.26858],[127.6627,36.26753],[127.66313,36.26697],[127.66902,36.26525],[127.66989,36.26396],[127.67253,36.26249],[127.67247,36.26158],[127.6737,36.26162],[127.67449,36.26094],[127.67505,36.26102],[127.67564,36.26034],[127.67638,36.26027],[127.67707,36.26088],[127.6786,36.26087],[127.67938,36.26161],[127.6803,36.26181],[127.68184,36.26094],[127.68432,36.26019],[127.68634,36.2618],[127.68742,36.26218],[127.69147,36.26141],[127.69171,36.26202],[127.69398,36.26317],[127.69598,36.26294],[127.69802,36.26323],[127.6992,36.26272],[127.69941,36.2623],[127.70179,36.26078],[127.7037,36.26023],[127.70658,36.26267],[127.70981,36.26325],[127.71467,36.26313],[127.71347,36.26476],[127.71187,36.26611],[127.71195,36.26698],[127.71146,36.26838],[127.70986,36.26855],[127.70923,36.26897],[127.70846,36.26864],[127.70812,36.26889],[127.70767,36.27044],[127.70806,36.27148],[127.70643,36.27393],[127.70527,36.27475],[127.70507,36.27523],[127.70528,36.27668],[127.7061,36.27794],[127.70632,36.28058],[127.70781,36.28369],[127.70716,36.28538],[127.70754,36.28713],[127.70617,36.28843],[127.70636,36.29045],[127.70572,36.2912],[127.70556,36.29216],[127.70564,36.29333],[127.7061,36.29414],[127.70612,36.29509],[127.7057,36.29623],[127.70596,36.2977],[127.70399,36.3015],[127.70268,36.30226],[127.70276,36.30325],[127.70227,36.30411],[127.70143,36.3044],[127.7015,36.30533],[127.70117,36.30591],[127.69948,36.30644],[127.69983,36.3076],[127.70049,36.30798],[127.69881,36.31204],[127.69516,36.31786],[127.68844,36.3192],[127.68756,36.32053],[127.68677,36.32019],[127.68567,36.32047],[127.68504,36.32005],[127.68506,36.31934],[127.68465,36.31931],[127.68491,36.31856],[127.68422,36.31868],[127.68396,36.31832],[127.68343,36.31849],[127.68349,36.31875],[127.68292,36.31795],[127.68143,36.31863],[127.68095,36.31793],[127.67692,36.31966],[127.67055,36.325],[127.66824,36.32805],[127.66521,36.3345],[127.66281,36.33273],[127.66203,36.33142],[127.66154,36.33238],[127.66143,36.33392]]]}},{"type":"Feature","properties":{"zoneId":"Z000150388","zoneName":"금가초대미초오석초공동통학구역","zoneType":"elementary","level":"초등학교","kind":"shared","oneWay":false,"sggCode":"130","eduCode":"8021000","eduName":"충청북도충주교육지원청","updatedAt":"2018-12-20"},"geometry":{"type":"Polygon","coordinates":[[[127.90733,37.0278],[127.90727,37.02803],[127.90634,37.02725],[127.90325,37.026],[127.90167,37.02466],[127.89849,37.02355],[127.89661,37.02187],[127.896,37.02022],[127.89608,37.01958],[127.89479,37.01749],[127.89396,37.01735],[127.89383,37.01594],[127.8928,37.01528],[127.89277,37.01495],[127.89459,37.01383],[127.89613,37.01403],[127.89666,37.01442],[127.89766,37.01418],[127.89803,37.01445],[127.89825,37.01356],[127.89963,37.01392],[127.90067,37.01349],[127.90327,37.01319],[127.90355,37.01203],[127.90543,37.01137],[127.90648,37.01156],[127.90793,37.01067],[127.90905,37.01102],[127.90963,37.01087],[127.91018,37.0112],[127.91009,37.01158],[127.91249,37.01199],[127.91245,37.01394],[127.91327,37.01586],[127.91483,37.01741],[127.91865,37.0198],[127.91704,37.02023],[127.91697,37.0212],[127.91527,37.02131],[127.91458,37.02172],[127.91406,37.02137],[127.91328,37.02151],[127.913,37.02192],[127.91119,37.02206],[127.91082,37.02259],[127.90989,37.02257],[127.90993,37.02386],[127.90864,37.02432],[127.90913,37.02647],[127.90827,37.02677],[127.90733,37.0278]]]}},{"type":"Feature","properties":{"zoneId":"Z000103530","zoneName":"속리초통학구역","zoneType":"elementary","level":"초등학교","kind":"dedicated","oneWay":false,"sggCode":"720","eduCode":"8051000","eduName":"충청북도보은교육지원청","updatedAt":"2016-08-12"},"geometry":{"type":"Polygon","coordinates":[[[127.77404,36.50719],[127.77122,36.50743],[127.77088,36.50763],[127.77033,36.50592],[127.76943,36.50539],[127.76942,36.50456],[127.77087,36.50376],[127.77088,36.50219],[127.77024,36.50137],[127.76907,36.5007],[127.76914,36.4995],[127.76988,36.49913],[127.76996,36.49864],[127.76959,36.49809],[127.77017,36.49737],[127.76967,36.49618],[127.76995,36.49535],[127.76885,36.49264],[127.7663,36.49301],[127.75959,36.49059],[127.75753,36.49053],[127.75868,36.48795],[127.75856,36.48698],[127.75823,36.48665],[127.75907,36.48403],[127.75876,36.48326],[127.75865,36.48084],[127.76126,36.47995],[127.76263,36.47905],[127.76538,36.47511],[127.76725,36.47348],[127.77049,36.47239],[127.76819,36.46756],[127.76664,36.46611],[127.76423,36.46583],[127.76306,36.46701],[127.76144,36.46692],[127.76032,36.46644],[127.76248,36.46385],[127.76363,36.46326],[127.76447,36.46199],[127.7652,36.46192],[127.76629,36.46016],[127.76706,36.45985],[127.76906,36.45758],[127.77074,36.45691],[127.7726,36.45759],[127.77277,36.4597],[127.77373,36.46015],[127.77449,36.46119],[127.77513,36.46133],[127.7757,36.46102],[127.77653,36.45947],[127.77802,36.45781],[127.77898,36.45753],[127.7792,36.4578],[127.78119,36.45656],[127.78321,36.45648],[127.78419,36.45601],[127.78484,36.45639],[127.78563,36.45564],[127.80082,36.45547],[127.80354,36.45348],[127.80784,36.45207],[127.80959,36.45022],[127.81117,36.45108],[127.81422,36.4512],[127.81569,36.45165],[127.81753,36.45309],[127.81847,36.45439],[127.81833,36.4549],[127.82197,36.45442],[127.82174,36.45461],[127.82235,36.45482],[127.82293,36.45616],[127.82363,36.45664],[127.82339,36.45788],[127.82388,36.45861],[127.82511,36.45925],[127.82731,36.45936],[127.82799,36.46035],[127.8287,36.46062],[127.82975,36.46381],[127.8296,36.46439],[127.83064,36.46999],[127.83322,36.47069],[127.83559,36.47027],[127.8389,36.47029],[127.83961,36.47083],[127.84074,36.47082],[127.84338,36.47161],[127.84405,36.47209],[127.84531,36.47186],[127.84573,36.47132],[127.85023,36.47198],[127.85389,36.47153],[127.85788,36.47151],[127.85893,36.47111],[127.85884,36.47149],[127.85752,36.47251],[127.85578,36.47558],[127.85457,36.47697],[127.85445,36.47849],[127.8536,36.47981],[127.84911,36.48269],[127.84856,36.48485],[127.84758,36.48577],[127.84635,36.48622],[127.84177,36.48456],[127.83947,36.48563],[127.83761,36.48572],[127.83676,36.48619],[127.83543,36.48883],[127.83383,36.48877],[127.83225,36.49006],[127.828,36.49102],[127.82645,36.49086],[127.82467,36.49157],[127.82198,36.49053],[127.82068,36.48944],[127.81849,36.49104],[127.81559,36.49104],[127.81289,36.4921],[127.81079,36.49233],[127.80931,36.49198],[127.80801,36.49227],[127.80616,36.49204],[127.80459,36.49243],[127.80386,36.49215],[127.80255,36.49279],[127.79718,36.48987],[127.79513,36.48931],[127.79336,36.48963],[127.79225,36.48914],[127.79114,36.48948],[127.79012,36.49089],[127.7904,36.49217],[127.79012,36.49325],[127.79107,36.49392],[127.79107,36.49477],[127.78982,36.49623],[127.78972,36.49733],[127.79021,36.49896],[127.78903,36.50089],[127.78884,36.50245],[127.78763,36.50278],[127.78606,36.50403],[127.7852,36.50365],[127.78361,36.50403],[127.78189,36.504],[127.77972,36.50522],[127.7791,36.50605],[127.77747,36.50657],[127.77692,36.50707],[127.77404,36.50719]]]}},{"type":"Feature","properties":{"zoneId":"Z000103397","zoneName":"미원초통학구역","zoneType":"elementary","level":"초등학교","kind":"dedicated","oneWay":false,"sggCode":"111","eduCode":"8011000","eduName":"충청북도청주교육지원청","updatedAt":"2016-08-12"},"geometry":{"type":"Polygon","coordinates":[[[127.6676,36.72692],[127.66739,36.72706],[127.66581,36.72973],[127.6645,36.72999],[127.66447,36.72867],[127.66383,36.72762],[127.66273,36.72603],[127.66185,36.72575],[127.66222,36.72503],[127.66141,36.72229],[127.66212,36.7206],[127.66156,36.71936],[127.66209,36.71825],[127.66213,36.7172],[127.66303,36.71614],[127.66266,36.71499],[127.66129,36.71467],[127.66125,36.71408],[127.6597,36.71246],[127.65948,36.71136],[127.65909,36.71126],[127.65903,36.70988],[127.65758,36.70797],[127.65585,36.70655],[127.65539,36.70581],[127.65557,36.70561],[127.65483,36.70489],[127.65483,36.7044],[127.65216,36.70305],[127.65119,36.70202],[127.65011,36.70209],[127.64939,36.70163],[127.64775,36.70128],[127.64513,36.70213],[127.64423,36.70287],[127.6424,36.70262],[127.64131,36.70404],[127.64122,36.70566],[127.63895,36.70686],[127.63824,36.70797],[127.63522,36.70875],[127.63333,36.70883],[127.6329,36.7079],[127.63096,36.70778],[127.62982,36.70727],[127.62737,36.70747],[127.62662,36.70641],[127.62584,36.70664],[127.62497,36.7063],[127.623,36.70462],[127.61905,36.70719],[127.61732,36.70724],[127.61661,36.70617],[127.61478,36.70482],[127.61471,36.70308],[127.61424,36.70181],[127.61342,36.70065],[127.61297,36.70065],[127.61201,36.69965],[127.60546,36.69895],[127.60367,36.69803],[127.602,36.69795],[127.60056,36.69846],[127.59935,36.6981],[127.5984,36.69738],[127.59761,36.69731],[127.59747,36.6962],[127.59631,36.69587],[127.59596,36.69545],[127.59599,36.69487],[127.59458,36.69317],[127.5907,36.69162],[127.59065,36.69035],[127.59126,36.6895],[127.59166,36.68809],[127.5911,36.68745],[127.58949,36.68727],[127.58831,36.6859],[127.58686,36.68534],[127.58582,36.68293],[127.58714,36.68152],[127.5882,36.6813],[127.59066,36.68002],[127.5921,36.67875],[127.59421,36.6782],[127.59545,36.6775],[127.59775,36.67553],[127.59705,36.67329],[127.59693,36.66996],[127.59786,36.66889],[127.59766,36.66726],[127.5992,36.66636],[127.60044,36.6648],[127.60086,36.6634],[127.60012,36.66192],[127.60051,36.66157],[127.60043,36.66073],[127.6019,36.66006],[127.60177,36.65953],[127.601,36.65925],[127.6017,36.65798],[127.60169,36.65694],[127.60272,36.65504],[127.60454,36.65458],[127.60623,36.65312],[127.60669,36.65164],[127.60912,36.64931],[127.60931,36.64879],[127.61311,36.64757],[127.61621,36.64812],[127.61674,36.64848],[127.61758,36.64827],[127.6182,36.6485],[127.61894,36.64813],[127.62006,36.64867],[127.62073,36.6486],[127.62033,36.64715],[127.62044,36.64654],[127.62224,36.6457],[127.62336,36.64602],[127.62498,36.64584],[127.62601,36.64526],[127.62592,36.64364],[127.62623,36.64322],[127.62814,36.6436],[127.62901,36.64308],[127.62947,36.64327],[127.63116,36.64296],[127.6327,36.64231],[127.63288,36.64087],[127.63356,36.64066],[127.63402,36.63988],[127.63459,36.63961],[127.63523,36.6397],[127.63679,36.63921],[127.63869,36.6395],[127.63859,36.63836],[127.63916,36.63721],[127.63881,36.63649],[127.63882,36.63454],[127.6396,36.63407],[127.64051,36.63446],[127.64129,36.63366],[127.64197,36.6335],[127.64253,36.63273],[127.64257,36.63172],[127.64357,36.63133],[127.64333,36.63049],[127.64354,36.62933],[127.64519,36.6285],[127.64551,36.62738],[127.64663,36.6267],[127.64657,36.62618],[127.64567,36.6251],[127.64609,36.62387],[127.64479,36.62229],[127.64474,36.6213],[127.64538,36.62096],[127.6451,36.6198],[127.64467,36.61913],[127.64412,36.61925],[127.64397,36.61901],[127.6453,36.61712],[127.64811,36.61646],[127.64821,36.61603],[127.64905,36.61606],[127.64848,36.61466],[127.64867,36.61326],[127.64844,36.61284],[127.64753,36.61148],[127.64591,36.61051],[127.64549,36.60988],[127.64543,36.60929],[127.64619,36.60865],[127.64647,36.60723],[127.64628,36.60657],[127.64766,36.60545],[127.64868,36.60553],[127.65126,36.60476],[127.65238,36.60486],[127.65249,36.603],[127.65291,36.60278],[127.65306,36.60131],[127.65401,36.60036],[127.65561,36.60017],[127.65897,36.60135],[127.65958,36.60127],[127.65976,36.60191],[127.66064,36.60261],[127.66508,36.60256],[127.66545,36.60241],[127.66588,36.6006],[127.66784,36.59957],[127.66851,36.59845],[127.6685,36.59766],[127.66914,36.59678],[127.66862,36.59454],[127.66925,36.59496],[127.67,36.59489],[127.67224,36.59571],[127.67341,36.59572],[127.67416,36.59536],[127.67639,36.59666],[127.67542,36.59673],[127.67669,36.59669],[127.67884,36.59588],[127.6791,36.5945],[127.68012,36.594],[127.68053,36.59239],[127.68201,36.5918],[127.68313,36.5924],[127.68402,36.59201],[127.68704,36.59206],[127.68894,36.59137],[127.68915,36.59065],[127.69012,36.5905],[127.69191,36.58935],[127.69325,36.58927],[127.69368,36.58863],[127.69461,36.58849],[127.6978,36.58909],[127.69856,36.58972],[127.70242,36.59113],[127.7032,36.59162],[127.70341,36.5928],[127.70423,36.59346],[127.70435,36.5942],[127.70558,36.59515],[127.70966,36.59606],[127.71139,36.59738],[127.71138,36.59843],[127.71184,36.59907],[127.71315,36.5997],[127.71318,36.60121],[127.71381,36.60201],[127.71394,36.60326],[127.71283,36.60509],[127.71429,36.6068],[127.71449,36.60817],[127.71,36.60915],[127.7069,36.61132],[127.7076,36.61305],[127.71021,36.61444],[127.7109,36.61523],[127.71084,36.61614],[127.71045,36.61651],[127.70902,36.61666],[127.70683,36.6165],[127.70622,36.61766],[127.70528,36.61857],[127.70676,36.61881],[127.70638,36.61994],[127.70515,36.62049],[127.70456,36.62196],[127.70315,36.62223],[127.70295,36.62291],[127.70157,36.6232],[127.70116,36.62445],[127.69982,36.62527],[127.69865,36.62722],[127.69983,36.62898],[127.69966,36.62979],[127.70041,36.63055],[127.70144,36.63099],[127.70132,36.63175],[127.70171,36.63283],[127.7011,36.63328],[127.70053,36.63602],[127.70006,36.63628],[127.69991,36.63727],[127.69844,36.63932],[127.69878,36.64025],[127.69793,36.64182],[127.69765,36.64359],[127.698,36.6469],[127.70019,36.64776],[127.70016,36.64943],[127.70344,36.65152],[127.706,36.65425],[127.70936,36.65404],[127.71091,36.65658],[127.71229,36.6572],[127.71191,36.65974],[127.71224,36.66042],[127.71028,36.66277],[127.7117,36.66423],[127.71218,36.66568],[127.71272,36.66627],[127.71241,36.66694],[127.71251,36.66763],[127.71323,36.66834],[127.71555,36.66951],[127.71559,36.66916],[127.7168,36.67001],[127.71924,36.67083],[127.72024,36.67203],[127.72165,36.67269],[127.72456,36.6752],[127.72498,36.67525],[127.72602,36.67751],[127.72557,36.67836],[127.72623,36.67938],[127.72631,36.68128],[127.72687,36.68173],[127.72715,36.68251],[127.72664,36.68261],[127.72318,36.68145],[127.72279,36.6817],[127.72354,36.68304],[127.72244,36.68448],[127.72137,36.68488],[127.72055,36.68618],[127.71904,36.6868],[127.71861,36.68827],[127.71625,36.68883],[127.71289,36.69028],[127.71373,36.69522],[127.71137,36.696],[127.71125,36.69747],[127.70841,36.70006],[127.70848,36.70033],[127.70693,36.7011],[127.70545,36.70047],[127.70451,36.70142],[127.7034,36.70187],[127.70327,36.70257],[127.7022,36.70378],[127.70291,36.70523],[127.70235,36.7069],[127.70279,36.70884],[127.70145,36.71024],[127.70087,36.71019],[127.69984,36.7107],[127.6973,36.71026],[127.69567,36.71086],[127.69435,36.71198],[127.69269,36.71207],[127.69007,36.7141],[127.68884,36.71556],[127.68866,36.7164],[127.68779,36.71755],[127.68805,36.71788],[127.68794,36.7195],[127.68689,36.72049],[127.68605,36.72066],[127.68453,36.71967],[127.68376,36.71734],[127.67955,36.71708],[127.67954,36.71761],[127.6774,36.71979],[127.67548,36.72],[127.67451,36.72127],[127.67199,36.72218],[127.67075,36.72344],[127.66988,36.72506],[127.66836,36.72658],[127.6676,36.72692]]]}},{"type":"Feature","properties":{"zoneId":"Z000103510","zoneName":"수산초통학구역","zoneType":"elementary","level":"초등학교","kind":"dedicated","oneWay":false,"sggCode":"150","eduCode":"8031000","eduName":"충청북도제천교육지원청","updatedAt":"2016-08-12"},"geometry":{"type":"Polygon","coordinates":[[[128.18293,36.98416],[128.18293,36.98416],[128.18223,36.98361],[128.18068,36.98399],[128.17868,36.98287],[128.17927,36.98193],[128.1791,36.98131],[128.17858,36.9802],[128.17792,36.97985],[128.17749,36.97881],[128.17848,36.97716],[128.17839,36.97665],[128.17795,36.97564],[128.1771,36.9753],[128.17746,36.97376],[128.17878,36.97292],[128.18049,36.97279],[128.18086,36.97004],[128.18215,36.96756],[128.1833,36.96659],[128.18326,36.96618],[128.18167,36.96613],[128.17926,36.96505],[128.17842,36.96504],[128.17829,36.96685],[128.17684,36.96778],[128.17663,36.9683],[128.17617,36.96793],[128.17602,36.96889],[128.1752,36.96978],[128.17363,36.97033],[128.17217,36.97135],[128.16942,36.97126],[128.16932,36.97229],[128.16786,36.97269],[128.16758,36.9724],[128.16645,36.97232],[128.16388,36.97317],[128.16392,36.9724],[128.16269,36.97161],[128.16151,36.96896],[128.16164,36.96673],[128.16119,36.966],[128.16137,36.96557],[128.161,36.96502],[128.161,36.96404],[128.15641,36.96437],[128.15477,36.96386],[128.15481,36.96352],[128.15279,36.96334],[128.15251,36.96297],[128.1516,36.96309],[128.15065,36.96337],[128.1502,36.96391],[128.15065,36.96539],[128.15123,36.96593],[128.14904,36.96694],[128.14843,36.96659],[128.14842,36.9671],[128.14644,36.96803],[128.14362,36.96773],[128.14231,36.9669],[128.14084,36.96699],[128.13981,36.96577],[128.13817,36.96484],[128.1378,36.96315],[128.13674,36.96201],[128.13663,36.96127],[128.13532,36.96041],[128.13471,36.95843],[128.13282,36.95773],[128.13273,36.95623],[128.13159,36.955],[128.13127,36.95391],[128.13356,36.9514],[128.13726,36.95088],[128.13889,36.94781],[128.14085,36.94543],[128.14203,36.9448],[128.14286,36.94473],[128.14436,36.94354],[128.14631,36.94284],[128.14639,36.94186],[128.14703,36.94037],[128.14676,36.93882],[128.14748,36.93759],[128.14738,36.93724],[128.14791,36.93634],[128.14981,36.93531],[128.15099,36.93407],[128.15073,36.9334],[128.15079,36.93108],[128.15229,36.92958],[128.15451,36.92954],[128.15636,36.92898],[128.15656,36.92818],[128.15694,36.92798],[128.15818,36.92845],[128.15961,36.92768],[128.1607,36.92756],[128.16346,36.93034],[128.16585,36.93085],[128.1663,36.93014],[128.16779,36.93003],[128.16928,36.92945],[128.16853,36.92723],[128.16866,36.92573],[128.16792,36.92496],[128.16751,36.92347],[128.16778,36.92162],[128.16864,36.92123],[128.17207,36.92128],[128.17331,36.92098],[128.17393,36.92065],[128.17473,36.91927],[128.1763,36.91871],[128.18033,36.91853],[128.18144,36.91763],[128.18174,36.91662],[128.18213,36.91643],[128.18197,36.91422],[128.18256,36.91298],[128.18485,36.91186],[128.18799,36.90911],[128.18869,36.90811],[128.1905,36.90705],[128.18977,36.90433],[128.19063,36.90299],[128.19107,36.90186],[128.19103,36.90059],[128.1916,36.89984],[128.19086,36.89793],[128.19243,36.89747],[128.19442,36.89815],[128.19543,36.89813],[128.19596,36.89828],[128.1959,36.89874],[128.19649,36.89932],[128.19953,36.89897],[128.20305,36.89987],[128.20442,36.90078],[128.20655,36.90133],[128.207,36.90058],[128.20717,36.89931],[128.20783,36.8985],[128.20837,36.89841],[128.20954,36.89693],[128.21016,36.89666],[128.21369,36.89723],[128.21497,36.89715],[128.21603,36.89614],[128.21656,36.89617],[128.21751,36.89515],[128.21776,36.89287],[128.21841,36.89187],[128.21887,36.8899],[128.21829,36.88934],[128.21859,36.88847],[128.22045,36.88846],[128.22219,36.88797],[128.22257,36.88749],[128.22441,36.88679],[128.22642,36.8864],[128.22858,36.88445],[128.2291,36.88269],[128.23131,36.88185],[128.23432,36.88242],[128.23549,36.88229],[128.23672,36.88124],[128.23893,36.88064],[128.24063,36.87921],[128.24282,36.87844],[128.24481,36.88092],[128.24572,36.88096],[128.24711,36.88202],[128.24756,36.8831],[128.25092,36.88472],[128.24872,36.88657],[128.24832,36.88748],[128.24728,36.88847],[128.24653,36.88855],[128.2438,36.89097],[128.24352,36.8926],[128.24426,36.89533],[128.24378,36.89628],[128.24451,36.89797],[128.24515,36.89855],[128.24507,36.90037],[128.24626,36.90432],[128.24586,36.90562],[128.24596,36.90633],[128.24563,36.90705],[128.24383,36.9076],[128.24321,36.90849],[128.24229,36.91094],[128.2423,36.91162],[128.24188,36.91205],[128.24041,36.91285],[128.24002,36.91341],[128.23798,36.91376],[128.23672,36.91661],[128.23709,36.91876],[128.23681,36.92051],[128.23731,36.9216],[128.23726,36.92238],[128.23651,36.92325],[128.23658,36.92491],[128.23605,36.92533],[128.23661,36.92711],[128.23654,36.92788],[128.2361,36.9306],[128.23557,36.93073],[128.23621,36.9307],[128.23613,36.93186],[128.23653,36.9325],[128.23635,36.93362],[128.23877,36.93478],[128.23871,36.9356],[128.23969,36.93581],[128.24026,36.93559],[128.24147,36.93756],[128.24214,36.93762],[128.24282,36.93694],[128.24447,36.93677],[128.24551,36.93749],[128.24702,36.93788],[128.24732,36.93924],[128.24542,36.94064],[128.24483,36.94186],[128.24626,36.94244],[128.24737,36.94381],[128.24737,36.94464],[128.24844,36.9444],[128.25112,36.94244],[128.25381,36.94306],[128.2551,36.94396],[128.25582,36.94399],[128.25789,36.94651],[128.25806,36.94724],[128.2598,36.94874],[128.26113,36.9493],[128.263,36.94902],[128.26275,36.94921],[128.26353,36.94949],[128.26458,36.95089],[128.26474,36.9517],[128.2645,36.9523],[128.2628,36.95311],[128.26158,36.95331],[128.26094,36.95419],[128.25966,36.95485],[128.25813,36.95431],[128.25671,36.95465],[128.25506,36.95439],[128.2539,36.95511],[128.25253,36.95359],[128.25104,36.95301],[128.25047,36.95173],[128.24944,36.95075],[128.24704,36.95121],[128.24384,36.9492],[128.24236,36.94582],[128.23721,36.94723],[128.2335,36.94745],[128.23174,36.94678],[128.22599,36.9465],[128.22382,36.94784],[128.22196,36.94962],[128.21931,36.95561],[128.21762,36.95739],[128.21411,36.96005],[128.2119,36.96233],[128.2067,36.96864],[128.20143,36.97137],[128.19657,36.9748],[128.19534,36.97649],[128.19197,36.97885],[128.18904,36.98003],[128.18293,36.98416]]]}},{"type":"Feature","properties":{"zoneId":"Z000103590","zoneName":"백봉초통학구역","zoneType":"elementary","level":"초등학교","kind":"dedicated","oneWay":false,"sggCode":"760","eduCode":"8092000","eduName":"충청북도괴산증평교육지원청","updatedAt":"2016-08-12"},"geometry":{"type":"Polygon","coordinates":[[[127.69832,36.78331],[127.69758,36.78351],[127.69619,36.78374],[127.69388,36.78276],[127.69278,36.78316],[127.69118,36.78238],[127.68974,36.7824],[127.68837,36.78073],[127.68712,36.78176],[127.68541,36.7825],[127.68381,36.7826],[127.6833,36.78142],[127.68273,36.78099],[127.68194,36.78114],[127.6819,36.78043],[127.68117,36.77928],[127.68157,36.77904],[127.68191,36.77767],[127.68101,36.77607],[127.68157,36.77536],[127.68076,36.77422],[127.68049,36.77265],[127.67951,36.77159],[127.67945,36.77088],[127.67667,36.77037],[127.6756,36.77049],[127.67451,36.76974],[127.67363,36.76976],[127.67328,36.76853],[127.67147,36.76792],[127.67177,36.76771],[127.67186,36.76691],[127.67109,36.76614],[127.67125,36.76574],[127.67034,36.76441],[127.67019,36.76356],[127.67055,36.76215],[127.66899,36.76144],[127.66773,36.76012],[127.66713,36.75813],[127.66739,36.75704],[127.66634,36.75493],[127.666,36.75479],[127.66646,36.75429],[127.66604,36.75278],[127.66492,36.75174],[127.66531,36.75114],[127.66468,36.75028],[127.66496,36.74949],[127.66439,36.74893],[127.66431,36.74781],[127.66364,36.74693],[127.66291,36.74661],[127.66213,36.74483],[127.6611,36.74429],[127.66071,36.74286],[127.66006,36.74194],[127.66091,36.74108],[127.66213,36.74057],[127.66338,36.74048],[127.6648,36.73968],[127.66516,36.73665],[127.66432,36.73609],[127.66344,36.73491],[127.66206,36.73245],[127.66344,36.73154],[127.6645,36.72999],[127.66581,36.72973],[127.66666,36.72852],[127.66691,36.72752],[127.66836,36.72658],[127.66988,36.72506],[127.67141,36.72267],[127.67253,36.72188],[127.67451,36.72127],[127.67548,36.72],[127.6774,36.71979],[127.67954,36.71761],[127.67955,36.71708],[127.68376,36.71734],[127.68453,36.71967],[127.68605,36.72066],[127.68689,36.72049],[127.68794,36.7195],[127.68805,36.71788],[127.68779,36.71755],[127.68866,36.7164],[127.68884,36.71556],[127.69007,36.7141],[127.69269,36.71207],[127.69435,36.71198],[127.69567,36.71086],[127.6973,36.71026],[127.69984,36.7107],[127.70193,36.70987],[127.70279,36.70884],[127.70235,36.7069],[127.70291,36.70523],[127.7022,36.70378],[127.70327,36.70257],[127.7034,36.70187],[127.70451,36.70142],[127.70545,36.70047],[127.70693,36.7011],[127.70848,36.70033],[127.70841,36.70006],[127.71125,36.69747],[127.71137,36.696],[127.71373,36.69522],[127.71289,36.69028],[127.71625,36.68883],[127.71861,36.68827],[127.71904,36.6868],[127.72055,36.68618],[127.72137,36.68488],[127.72244,36.68448],[127.72354,36.68304],[127.72279,36.6817],[127.72318,36.68145],[127.72664,36.68261],[127.72796,36.68257],[127.72829,36.68297],[127.72971,36.68272],[127.7312,36.68353],[127.73373,36.68305],[127.73552,36.68188],[127.73717,36.68288],[127.73777,36.68433],[127.73759,36.68535],[127.74045,36.68716],[127.74289,36.69057],[127.74621,36.69236],[127.74611,36.69342],[127.74646,36.6938],[127.74704,36.6936],[127.74927,36.69708],[127.74988,36.6994],[127.75098,36.70046],[127.75301,36.70124],[127.75383,36.70197],[127.75595,36.70198],[127.75654,36.70244],[127.75826,36.70457],[127.76058,36.7085],[127.76156,36.70939],[127.76394,36.71008],[127.76411,36.7112],[127.76531,36.71324],[127.76323,36.71483],[127.76277,36.71597],[127.76176,36.71698],[127.76001,36.71816],[127.75808,36.71828],[127.75704,36.71907],[127.75667,36.72013],[127.75444,36.72232],[127.75375,36.72401],[127.75308,36.72467],[127.75125,36.72499],[127.74991,36.7258],[127.74837,36.72726],[127.74789,36.72828],[127.74732,36.72855],[127.748,36.73009],[127.74707,36.7323],[127.74703,36.73316],[127.74867,36.73414],[127.74891,36.73596],[127.74769,36.73888],[127.74696,36.73947],[127.74633,36.74108],[127.74698,36.74136],[127.74726,36.74188],[127.74783,36.74197],[127.74796,36.74282],[127.74646,36.74662],[127.74871,36.75118],[127.74833,36.75256],[127.74841,36.75511],[127.74531,36.75573],[127.7405,36.75611],[127.73657,36.75554],[127.73191,36.75664],[127.73029,36.75779],[127.73038,36.75975],[127.73115,36.76225],[127.73175,36.76332],[127.7331,36.76462],[127.73274,36.76606],[127.72818,36.7696],[127.72679,36.77116],[127.72442,36.77171],[127.71938,36.774],[127.71691,36.77416],[127.71612,36.77454],[127.71572,36.77531],[127.70963,36.77953],[127.70869,36.77906],[127.70763,36.7796],[127.70461,36.78025],[127.70164,36.78182],[127.70078,36.78169],[127.70046,36.78217],[127.6997,36.78229],[127.69832,36.78331]]]}},{"type":"Feature","properties":{"zoneId":"Z000103585","zoneName":"괴산명덕초통학구역","zoneType":"elementary","level":"초등학교","kind":"dedicated","oneWay":false,"sggCode":"760","eduCode":"8092000","eduName":"충청북도괴산증평교육지원청","updatedAt":"2016-08-12"},"geometry":{"type":"Polygon","coordinates":[[[127.7748,36.87151],[127.7748,36.87151],[127.77134,36.87142],[127.77052,36.87075],[127.76815,36.87006],[127.7686,36.86693],[127.76804,36.86612],[127.76824,36.86541],[127.76797,36.86511],[127.76807,36.86399],[127.76743,36.86299],[127.7676,36.86227],[127.767,36.86158],[127.76729,36.86089],[127.76667,36.86043],[127.76498,36.8607],[127.7647,36.86032],[127.76492,36.85866],[127.76467,36.85746],[127.76362,36.85613],[127.7633,36.85452],[127.76275,36.85341],[127.76216,36.85293],[127.76202,36.85166],[127.76162,36.85099],[127.76304,36.85042],[127.76314,36.84881],[127.76382,36.84753],[127.7639,36.84587],[127.76438,36.84577],[127.76471,36.84525],[127.76542,36.8453],[127.76696,36.84451],[127.77098,36.84346],[127.77324,36.84216],[127.77623,36.83971],[127.7789,36.838],[127.77991,36.83705],[127.78105,36.83491],[127.77263,36.8345],[127.76563,36.83316],[127.76363,36.82905],[127.75978,36.82927],[127.75835,36.82861],[127.75654,36.82581],[127.75511,36.82515],[127.75273,36.82478],[127.74993,36.82365],[127.74725,36.82191],[127.74565,36.82046],[127.74614,36.82002],[127.74587,36.81941],[127.74647,36.81906],[127.7469,36.81825],[127.74751,36.81832],[127.75034,36.81708],[127.7504,36.81581],[127.75185,36.81536],[127.75297,36.81558],[127.75591,36.81506],[127.75658,36.81425],[127.75837,36.81408],[127.75928,36.81316],[127.7615,36.81228],[127.76297,36.81205],[127.76325,36.81077],[127.76482,36.81078],[127.76471,36.81041],[127.76513,36.81008],[127.76678,36.81059],[127.76748,36.81045],[127.76779,36.80968],[127.76765,36.80923],[127.76869,36.80907],[127.77005,36.80817],[127.77043,36.80676],[127.77359,36.80682],[127.77396,36.80649],[127.77392,36.80568],[127.77471,36.80557],[127.77623,36.80608],[127.77803,36.80571],[127.77871,36.80609],[127.77896,36.80841],[127.77946,36.80906],[127.78005,36.80919],[127.77988,36.80939],[127.78084,36.80934],[127.782,36.81007],[127.78439,36.80908],[127.78925,36.80773],[127.78958,36.80824],[127.79106,36.80774],[127.79149,36.80932],[127.79264,36.81063],[127.79369,36.81292],[127.79074,36.81304],[127.79066,36.81357],[127.79035,36.8136],[127.79145,36.81482],[127.7906,36.8155],[127.79137,36.81667],[127.79154,36.81867],[127.79292,36.82204],[127.79392,36.82333],[127.79415,36.82519],[127.79464,36.8261],[127.7954,36.82635],[127.79547,36.82742],[127.79613,36.8285],[127.79789,36.829],[127.79836,36.82832],[127.79861,36.82699],[127.79816,36.82532],[127.79725,36.82419],[127.80086,36.82313],[127.80252,36.82098],[127.80423,36.81997],[127.8049,36.81998],[127.8059,36.81888],[127.8054,36.81752],[127.80575,36.81573],[127.80459,36.81516],[127.80362,36.81291],[127.805,36.81217],[127.80531,36.8115],[127.80739,36.81092],[127.80812,36.80967],[127.81045,36.80955],[127.81294,36.80889],[127.81164,36.80786],[127.81171,36.80642],[127.81069,36.80355],[127.81224,36.80189],[127.812,36.80118],[127.81247,36.7998],[127.81183,36.79841],[127.81054,36.79784],[127.80976,36.79677],[127.81054,36.79382],[127.81239,36.79261],[127.81597,36.79533],[127.81858,36.79657],[127.81869,36.79765],[127.81928,36.79839],[127.81895,36.79912],[127.81938,36.80011],[127.81916,36.80054],[127.81941,36.80201],[127.82071,36.80268],[127.82052,36.80332],[127.82236,36.80378],[127.82275,36.80384],[127.82337,36.80332],[127.82531,36.80313],[127.82596,36.80236],[127.82586,36.80196],[127.82727,36.80093],[127.82735,36.8004],[127.82916,36.80025],[127.82963,36.80071],[127.83096,36.79978],[127.83172,36.79978],[127.83281,36.79814],[127.83464,36.79782],[127.83506,36.79825],[127.83483,36.79986],[127.83554,36.79997],[127.83702,36.8008],[127.83783,36.80172],[127.83899,36.80211],[127.84119,36.80257],[127.84261,36.80173],[127.84633,36.80131],[127.84684,36.80177],[127.84893,36.80136],[127.85128,36.80257],[127.85354,36.80321],[127.8568,36.80367],[127.86008,36.80262],[127.8607,36.8034],[127.86145,36.80368],[127.86452,36.80422],[127.8637,36.80577],[127.86228,36.80661],[127.86278,36.80941],[127.8626,36.80977],[127.85966,36.81156],[127.8603,36.81206],[127.86143,36.81456],[127.86042,36.81471],[127.85901,36.81681],[127.85734,36.81815],[127.85668,36.81828],[127.85566,36.81755],[127.8547,36.8175],[127.85125,36.8204],[127.84963,36.82194],[127.84923,36.82331],[127.84823,36.82475],[127.84787,36.82633],[127.84629,36.82789],[127.84467,36.82804],[127.84282,36.829],[127.84226,36.82784],[127.84035,36.82842],[127.84104,36.83189],[127.84228,36.8338],[127.84341,36.83441],[127.84759,36.83509],[127.85183,36.83637],[127.85533,36.8378],[127.85635,36.83879],[127.85675,36.83978],[127.8566,36.84072],[127.85567,36.84177],[127.85455,36.84241],[127.84868,36.84381],[127.84867,36.8426],[127.84652,36.84159],[127.84086,36.84522],[127.83988,36.84541],[127.83811,36.84673],[127.83636,36.84736],[127.83567,36.84727],[127.83553,36.84684],[127.83432,36.84661],[127.8326,36.84449],[127.83099,36.84456],[127.83078,36.84394],[127.829,36.8437],[127.82841,36.84421],[127.82811,36.84411],[127.82756,36.84482],[127.82654,36.84496],[127.8256,36.84667],[127.82396,36.84747],[127.82213,36.84717],[127.82151,36.84756],[127.82055,36.84761],[127.82016,36.84868],[127.81916,36.84973],[127.81755,36.85028],[127.81753,36.85128],[127.81574,36.85366],[127.81606,36.85508],[127.81461,36.85515],[127.8141,36.85616],[127.81291,36.85627],[127.81282,36.85691],[127.81085,36.85677],[127.80991,36.85625],[127.80879,36.85798],[127.80773,36.85846],[127.80723,36.8582],[127.80536,36.85899],[127.80169,36.85838],[127.80059,36.85753],[127.79955,36.85844],[127.79887,36.85836],[127.79785,36.85885],[127.79727,36.85968],[127.79664,36.86152],[127.79643,36.86388],[127.79495,36.86379],[127.79403,36.8641],[127.79258,36.86371],[127.79159,36.86382],[127.79005,36.86479],[127.78918,36.86456],[127.78804,36.86346],[127.7875,36.86349],[127.78589,36.86515],[127.78454,36.86513],[127.78385,36.86565],[127.78075,36.86468],[127.78033,36.86538],[127.77915,36.86607],[127.77927,36.86641],[127.77777,36.86766],[127.77767,36.86874],[127.77607,36.87058],[127.7748,36.87151]]]}},{"type":"Feature","properties":{"zoneId":"Z000103589","zoneName":"문광초통학구역","zoneType":"elementary","level":"초등학교","kind":"dedicated","oneWay":false,"sggCode":"760","eduCode":"8092000","eduName":"충청북도괴산증평교육지원청","updatedAt":"2016-08-12"},"geometry":{"type":"Polygon","coordinates":[[[127.74647,36.81906],[127.74595,36.81935],[127.74614,36.82002],[127.7457,36.82042],[127.74536,36.82004],[127.7439,36.81985],[127.74289,36.81904],[127.74278,36.81821],[127.74194,36.81798],[127.74165,36.81709],[127.74178,36.81486],[127.74109,36.81348],[127.73909,36.81156],[127.73926,36.81103],[127.74102,36.8101],[127.74128,36.80867],[127.74052,36.80765],[127.74051,36.8054],[127.73878,36.8026],[127.73945,36.80179],[127.73928,36.8009],[127.73981,36.79995],[127.7392,36.7992],[127.7389,36.7979],[127.73827,36.79741],[127.73752,36.79887],[127.73381,36.80051],[127.73237,36.79888],[127.73226,36.798],[127.73114,36.7976],[127.73054,36.79691],[127.73118,36.79583],[127.73112,36.79464],[127.73003,36.7926],[127.72907,36.79163],[127.72904,36.79038],[127.72702,36.78833],[127.72691,36.78737],[127.72736,36.7859],[127.72736,36.78358],[127.72801,36.77874],[127.72605,36.77758],[127.72446,36.77736],[127.72223,36.77506],[127.72074,36.77475],[127.71938,36.774],[127.72442,36.77171],[127.72679,36.77116],[127.72818,36.7696],[127.73274,36.76606],[127.7331,36.76462],[127.73175,36.76332],[127.73115,36.76225],[127.73038,36.75975],[127.73029,36.75779],[127.73191,36.75664],[127.73657,36.75554],[127.7405,36.75611],[127.74531,36.75573],[127.74841,36.75511],[127.74833,36.75256],[127.74871,36.75118],[127.74646,36.74662],[127.74796,36.74282],[127.74783,36.74197],[127.74726,36.74188],[127.74698,36.74136],[127.74633,36.74108],[127.74696,36.73947],[127.74769,36.73888],[127.74891,36.73596],[127.74867,36.73414],[127.74703,36.73316],[127.74707,36.7323],[127.748,36.73009],[127.74732,36.72855],[127.74789,36.72828],[127.74837,36.72726],[127.74991,36.7258],[127.75125,36.72499],[127.75308,36.72467],[127.75375,36.72401],[127.75444,36.72232],[127.75667,36.72013],[127.75704,36.71907],[127.75808,36.71828],[127.76001,36.71816],[127.76176,36.71698],[127.76277,36.71597],[127.76323,36.71483],[127.76531,36.71324],[127.76889,36.71211],[127.76928,36.71169],[127.77054,36.71201],[127.77584,36.71141],[127.77732,36.71046],[127.77845,36.71047],[127.77971,36.70977],[127.782,36.70924],[127.78342,36.70914],[127.78449,36.70944],[127.7871,36.70851],[127.78772,36.7092],[127.78899,36.70903],[127.78978,36.70832],[127.79207,36.70732],[127.79397,36.70682],[127.79436,36.70702],[127.79506,36.70642],[127.799,36.70496],[127.80084,36.7081],[127.80101,36.71049],[127.80195,36.71195],[127.80206,36.71322],[127.80342,36.71152],[127.805,36.71021],[127.80702,36.70955],[127.81103,36.70913],[127.8139,36.70822],[127.81467,36.70665],[127.81523,36.70658],[127.81628,36.70707],[127.81784,36.70705],[127.82011,36.70567],[127.82286,36.70493],[127.82365,36.7052],[127.82456,36.70604],[127.82502,36.70713],[127.82588,36.70738],[127.82711,36.70494],[127.82759,36.70461],[127.82948,36.70442],[127.83086,36.70449],[127.83075,36.70545],[127.83022,36.70621],[127.83264,36.70868],[127.8357,36.70715],[127.83735,36.70941],[127.83814,36.70918],[127.8402,36.71091],[127.84241,36.71131],[127.84405,36.71022],[127.84483,36.71046],[127.84658,36.70984],[127.84697,36.71011],[127.84698,36.71178],[127.84848,36.71351],[127.8483,36.71412],[127.84867,36.71552],[127.84753,36.71559],[127.84672,36.71696],[127.84533,36.71691],[127.84439,36.71783],[127.84364,36.71882],[127.84381,36.71998],[127.84233,36.7222],[127.83905,36.72491],[127.8359,36.7248],[127.83535,36.72397],[127.83379,36.72306],[127.82891,36.72494],[127.8283,36.72411],[127.82723,36.72389],[127.8265,36.7289],[127.82592,36.73081],[127.82556,36.73104],[127.82555,36.73233],[127.82627,36.7332],[127.82424,36.73606],[127.82321,36.7386],[127.82442,36.73955],[127.82476,36.74032],[127.82647,36.74101],[127.82696,36.74177],[127.82659,36.7425],[127.82664,36.74433],[127.82799,36.74564],[127.82901,36.74594],[127.82935,36.74662],[127.82892,36.74854],[127.8292,36.74908],[127.82918,36.75048],[127.82973,36.75111],[127.82762,36.75363],[127.82729,36.75534],[127.82752,36.75639],[127.82632,36.75856],[127.82628,36.75923],[127.82446,36.76151],[127.82329,36.76164],[127.82175,36.76133],[127.82168,36.76288],[127.82055,36.76499],[127.82069,36.76799],[127.82021,36.76912],[127.8212,36.7704],[127.8218,36.77314],[127.82051,36.77381],[127.82013,36.77477],[127.81932,36.77505],[127.81688,36.77412],[127.81532,36.77494],[127.81528,36.77675],[127.81309,36.77869],[127.81351,36.77969],[127.81455,36.77995],[127.81468,36.78072],[127.81536,36.78144],[127.81571,36.7825],[127.81564,36.78378],[127.81635,36.78436],[127.81436,36.7851],[127.81246,36.78688],[127.81224,36.78778],[127.81256,36.78925],[127.81207,36.79139],[127.81239,36.79261],[127.81054,36.79382],[127.80976,36.79678],[127.80578,36.79797],[127.8052,36.79896],[127.80408,36.79868],[127.80197,36.79903],[127.80063,36.7997],[127.79853,36.79987],[127.79678,36.7972],[127.79583,36.79681],[127.79601,36.79529],[127.79534,36.79441],[127.79305,36.79262],[127.7917,36.79221],[127.78829,36.7934],[127.78765,36.79374],[127.78729,36.79447],[127.78593,36.79475],[127.78079,36.79264],[127.77789,36.79061],[127.77776,36.79103],[127.77829,36.79168],[127.77723,36.79244],[127.77733,36.79339],[127.77647,36.7946],[127.77702,36.79557],[127.77669,36.79687],[127.77582,36.79727],[127.77774,36.79805],[127.77303,36.79975],[127.77083,36.80022],[127.76896,36.79991],[127.76766,36.79927],[127.7669,36.7999],[127.76187,36.80122],[127.75758,36.80143],[127.75551,36.80128],[127.75376,36.80069],[127.75283,36.79969],[127.74945,36.79909],[127.74766,36.79931],[127.74626,36.80124],[127.74661,36.80434],[127.74793,36.80632],[127.74733,36.80799],[127.74738,36.80916],[127.74779,36.80933],[127.74774,36.81004],[127.74948,36.81149],[127.74891,36.81221],[127.75045,36.81584],[127.75034,36.81708],[127.74751,36.81832],[127.7469,36.81825],[127.74647,36.81906]]]}},{"type":"Feature","properties":{"zoneId":"Z000103435","zoneName":"용암초통학구역","zoneType":"elementary","level":"초등학교","kind":"dedicated","oneWay":false,"sggCode":"111","eduCode":"8011000","eduName":"충청북도청주교육지원청","updatedAt":"2016-08-12"},"geometry":{"type":"Polygon","coordinates":[[[127.5119,36.61481],[127.5119,36.61481],[127.51436,36.61719],[127.51287,36.61701],[127.51029,36.61903],[127.50821,36.61973],[127.50792,36.61956],[127.50559,36.61759],[127.50459,36.61718],[127.50517,36.61617],[127.50484,36.61609],[127.50483,36.61516],[127.50553,36.61459],[127.5047,36.6138],[127.50707,36.61223],[127.50599,36.61118],[127.5073,36.61031],[127.5119,36.61481]]]}},{"type":"Feature","properties":{"zoneId":"Z000103622","zoneName":"청룡초통학구역","zoneType":"elementary","level":"초등학교","kind":"dedicated","oneWay":false,"sggCode":"770","eduCode":"8101000","eduName":"충청북도음성교육지원청","updatedAt":"2016-08-12"},"geometry":{"type":"Polygon","coordinates":[[[127.45484,37.02139],[127.45482,37.02138],[127.45371,37.02125],[127.45334,37.02002],[127.45258,37.02037],[127.45173,37.01946],[127.45093,37.0193],[127.4506,37.01855],[127.44974,37.01838],[127.44946,37.01744],[127.44833,37.01654],[127.4486,37.0155],[127.44912,37.01526],[127.4486,37.01313],[127.44828,37.01261],[127.44715,37.01197],[127.44709,37.01089],[127.44904,37.00984],[127.44829,37.00755],[127.44872,37.00587],[127.44857,37.00536],[127.44895,37.00518],[127.44911,37.00435],[127.45008,37.00382],[127.44824,37.00272],[127.44878,37.0023],[127.44883,37.00178],[127.44794,37.00139],[127.44755,37.00067],[127.44796,36.99991],[127.44813,36.99765],[127.45042,36.99531],[127.4498,36.99425],[127.45004,36.99397],[127.45301,36.99202],[127.45394,36.9931],[127.45448,36.99348],[127.45482,36.99338],[127.45649,36.99169],[127.45498,36.99049],[127.45746,36.99039],[127.45859,36.98971],[127.45971,36.98981],[127.46362,36.98923],[127.465,36.98948],[127.4654,36.99001],[127.47279,36.9916],[127.4752,36.9911],[127.47631,36.9901],[127.47687,36.99031],[127.47841,36.98988],[127.48056,36.99003],[127.48526,36.9894],[127.48633,36.98808],[127.48708,36.98858],[127.4875,36.98946],[127.48711,36.98975],[127.48709,36.99033],[127.48769,36.99111],[127.48767,36.99161],[127.48695,36.99292],[127.48769,36.9932],[127.48827,36.99487],[127.48871,36.99528],[127.48951,36.9955],[127.49016,36.99623],[127.49169,36.99637],[127.49173,36.99897],[127.49276,36.9997],[127.49272,37.00242],[127.49227,37.00355],[127.48998,37.00525],[127.48861,37.00502],[127.48738,37.00583],[127.48118,37.00644],[127.48131,37.00539],[127.48032,37.00525],[127.47862,37.00581],[127.47785,37.00713],[127.47689,37.00777],[127.4761,37.00903],[127.47258,37.01173],[127.47224,37.01305],[127.46897,37.0159],[127.46817,37.01544],[127.46607,37.01558],[127.46575,37.0163],[127.46372,37.01829],[127.46223,37.01907],[127.46067,37.01942],[127.4601,37.02048],[127.45741,37.02034],[127.45484,37.02139]]]}},{"type":"Feature","properties":{"zoneId":"Z000103461","zoneName":"가흥초통학구역","zoneType":"elementary","level":"초등학교","kind":"dedicated","oneWay":false,"sggCode":"130","eduCode":"8021000","eduName":"충청북도충주교육지원청","updatedAt":"2016-08-12"},"geometry":{"type":"Polygon","coordinates":[[[127.83307,37.08611],[127.83307,37.08611],[127.8308,37.08612],[127.83142,37.08443],[127.83507,37.0813],[127.83343,37.07979],[127.8341,37.07853],[127.83375,37.07724],[127.83242,37.0768],[127.83223,37.0757],[127.83058,37.07569],[127.82791,37.07148],[127.82431,37.07002],[127.82238,37.06839],[127.82124,37.06839],[127.81948,37.06959],[127.81845,37.06906],[127.81729,37.06894],[127.81574,37.06745],[127.81555,37.0614],[127.81514,37.06102],[127.81426,37.05718],[127.81472,37.05693],[127.8147,37.05619],[127.81526,37.05539],[127.81836,37.05502],[127.81886,37.05341],[127.82015,37.05304],[127.82012,37.05112],[127.82051,37.05061],[127.82078,37.04883],[127.82394,37.04904],[127.82566,37.04847],[127.82685,37.0486],[127.83106,37.04745],[127.83674,37.04835],[127.83751,37.04792],[127.8385,37.04848],[127.839,37.04835],[127.84056,37.04876],[127.84329,37.05011],[127.84325,37.05212],[127.84373,37.053],[127.84456,37.05303],[127.84502,37.05262],[127.84672,37.05262],[127.84742,37.05306],[127.84778,37.05292],[127.84795,37.05212],[127.84864,37.05162],[127.84904,37.0508],[127.85166,37.04939],[127.85258,37.05003],[127.85365,37.04973],[127.85467,37.04997],[127.85552,37.04913],[127.85507,37.04815],[127.85585,37.04626],[127.85508,37.04559],[127.85548,37.04501],[127.85515,37.04389],[127.85578,37.04296],[127.856,37.04088],[127.86143,37.03977],[127.86354,37.04198],[127.86746,37.04525],[127.88321,37.05302],[127.88562,37.05555],[127.88793,37.05896],[127.88897,37.06116],[127.88888,37.06268],[127.88661,37.06991],[127.88486,37.07308],[127.88325,37.075],[127.87662,37.07822],[127.87594,37.07906],[127.87576,37.08051],[127.87455,37.08269],[127.87363,37.08369],[127.87064,37.08439],[127.86894,37.0844],[127.8663,37.08289],[127.86626,37.08199],[127.86666,37.08105],[127.85759,37.07964],[127.8548,37.07974],[127.85,37.08017],[127.84753,37.08079],[127.84531,37.08259],[127.84215,37.08436],[127.83487,37.08574],[127.83451,37.08534],[127.83307,37.08611]]]}},{"type":"Feature","properties":{"zoneId":"Z000103560","zoneName":"양강초통학구역","zoneType":"elementary","level":"초등학교","kind":"dedicated","oneWay":false,"sggCode":"740","eduCode":"8071000","eduName":"충청북도영동교육지원청","updatedAt":"2018-02-27"},"geometry":{"type":"Polygon","coordinates":[[[127.69878,36.16834],[127.69872,36.16843],[127.69804,36.16931],[127.69709,36.16966],[127.6946,36.16975],[127.69208,36.17283],[127.68856,36.17048],[127.68455,36.16661],[127.68305,36.16566],[127.68151,36.16265],[127.68245,36.16132],[127.68427,36.16029],[127.68811,36.16014],[127.68915,36.15818],[127.69052,36.15714],[127.69047,36.15665],[127.69116,36.15526],[127.69078,36.15462],[127.69097,36.1541],[127.69246,36.15327],[127.69143,36.15101],[127.69144,36.15002],[127.69077,36.14917],[127.6888,36.14836],[127.68784,36.14735],[127.68857,36.14588],[127.68851,36.14545],[127.68944,36.14454],[127.69067,36.144],[127.69189,36.14433],[127.69441,36.14392],[127.69378,36.1432],[127.69375,36.14235],[127.69671,36.13461],[127.69723,36.12974],[127.69523,36.12754],[127.69591,36.12581],[127.69535,36.12549],[127.69441,36.12357],[127.69399,36.1234],[127.69341,36.12127],[127.69288,36.12087],[127.69288,36.11815],[127.69516,36.11741],[127.69687,36.11636],[127.69828,36.11475],[127.69963,36.11375],[127.7004,36.11368],[127.70101,36.11422],[127.70131,36.11373],[127.70167,36.11383],[127.7025,36.11433],[127.70317,36.11543],[127.70419,36.11623],[127.70486,36.11855],[127.70659,36.11994],[127.70688,36.12146],[127.7067,36.12216],[127.70902,36.12297],[127.70956,36.12385],[127.71019,36.12422],[127.71024,36.12535],[127.71115,36.1257],[127.71184,36.12522],[127.71421,36.12584],[127.71459,36.12456],[127.71549,36.12424],[127.71608,36.12361],[127.71649,36.12192],[127.71734,36.12139],[127.71788,36.12021],[127.71887,36.11964],[127.71918,36.11803],[127.72047,36.11814],[127.72259,36.11737],[127.72303,36.11646],[127.72282,36.11625],[127.72319,36.11481],[127.72383,36.11412],[127.72368,36.11383],[127.72456,36.11232],[127.72536,36.11197],[127.72545,36.11082],[127.72629,36.11087],[127.72771,36.11027],[127.72795,36.10914],[127.72888,36.10842],[127.73058,36.10911],[127.7312,36.10856],[127.73334,36.10864],[127.73423,36.10645],[127.7364,36.10401],[127.7397,36.10376],[127.74064,36.1045],[127.74246,36.105],[127.74292,36.10547],[127.74768,36.10632],[127.74888,36.10422],[127.7485,36.1015],[127.74887,36.10063],[127.75145,36.09902],[127.75135,36.09822],[127.75174,36.09779],[127.75115,36.09675],[127.75156,36.09527],[127.75141,36.09328],[127.75187,36.09258],[127.75183,36.09157],[127.75247,36.09092],[127.75243,36.09006],[127.75477,36.0877],[127.75494,36.08644],[127.75555,36.0862],[127.75551,36.08562],[127.75684,36.08456],[127.75949,36.08354],[127.76202,36.08144],[127.76229,36.08084],[127.76377,36.08017],[127.76438,36.08088],[127.7664,36.08173],[127.76796,36.08112],[127.77013,36.08171],[127.77068,36.08123],[127.77207,36.08098],[127.77405,36.08157],[127.77567,36.08133],[127.77852,36.0803],[127.77882,36.08006],[127.77882,36.07906],[127.7799,36.07831],[127.78408,36.07685],[127.78558,36.07564],[127.78758,36.07498],[127.78815,36.07264],[127.78815,36.07102],[127.79129,36.07027],[127.79235,36.06929],[127.79238,36.06844],[127.79348,36.06665],[127.79406,36.06631],[127.79409,36.06559],[127.79507,36.0649],[127.7958,36.06369],[127.79767,36.06442],[127.79874,36.06446],[127.79975,36.06516],[127.80053,36.0653],[127.80128,36.06503],[127.80325,36.06545],[127.80516,36.06528],[127.80667,36.06562],[127.80962,36.06512],[127.81004,36.06563],[127.81098,36.06572],[127.81159,36.06715],[127.81351,36.06863],[127.81559,36.06951],[127.81809,36.06984],[127.81981,36.07066],[127.82083,36.07203],[127.82133,36.07345],[127.82215,36.07386],[127.82223,36.07462],[127.82035,36.07598],[127.81961,36.07732],[127.82023,36.08015],[127.81985,36.08108],[127.82003,36.08206],[127.81954,36.08561],[127.81982,36.08683],[127.81896,36.08827],[127.81838,36.09099],[127.81644,36.092],[127.81561,36.09375],[127.8142,36.09523],[127.81328,36.09553],[127.81298,36.09629],[127.81149,36.09763],[127.81005,36.09841],[127.80851,36.09856],[127.80846,36.09908],[127.80648,36.10164],[127.80651,36.10212],[127.80595,36.1029],[127.80626,36.10334],[127.80631,36.10526],[127.80459,36.10802],[127.8042,36.1116],[127.80356,36.11257],[127.80246,36.11267],[127.80098,36.11386],[127.80132,36.11551],[127.80112,36.11746],[127.8008,36.11832],[127.79957,36.11981],[127.79871,36.12225],[127.79899,36.12263],[127.79755,36.12414],[127.79749,36.12552],[127.79672,36.1255],[127.79575,36.12466],[127.79465,36.12451],[127.79314,36.12495],[127.79173,36.12426],[127.7884,36.12523],[127.78798,36.12392],[127.78748,36.12339],[127.78631,36.12264],[127.78467,36.12234],[127.78281,36.12315],[127.78217,36.12416],[127.78076,36.12534],[127.78023,36.12641],[127.77893,36.12666],[127.77898,36.12707],[127.77855,36.1274],[127.77709,36.12795],[127.77588,36.12801],[127.7744,36.12976],[127.7728,36.1298],[127.76943,36.13213],[127.76972,36.13377],[127.76869,36.13489],[127.76738,36.13518],[127.7668,36.13566],[127.76642,36.13785],[127.76518,36.1379],[127.76571,36.13974],[127.76573,36.14182],[127.76407,36.14438],[127.76499,36.14721],[127.76425,36.14865],[127.7644,36.14925],[127.76382,36.14965],[127.7619,36.15282],[127.76224,36.1533],[127.76046,36.15436],[127.76055,36.1549],[127.75926,36.15502],[127.75937,36.15541],[127.75777,36.15641],[127.75568,36.1571],[127.75518,36.15779],[127.75486,36.15749],[127.75339,36.15855],[127.75455,36.15931],[127.75515,36.16049],[127.75481,36.16053],[127.75568,36.16144],[127.75165,36.16481],[127.75016,36.1641],[127.74929,36.16454],[127.74742,36.16413],[127.74676,36.16462],[127.7453,36.16493],[127.74364,36.16456],[127.74211,36.1651],[127.74109,36.16597],[127.73774,36.16624],[127.73513,36.16821],[127.73295,36.16558],[127.73076,36.16473],[127.73015,36.16472],[127.72493,36.1673],[127.72405,36.16715],[127.72261,36.16578],[127.71993,36.16561],[127.71965,36.16508],[127.71847,36.1649],[127.7159,36.16567],[127.71505,36.16505],[127.71467,36.16433],[127.71268,36.16339],[127.70655,36.1641],[127.70522,36.16276],[127.70534,36.16228],[127.70342,36.1617],[127.70193,36.16267],[127.70217,36.16326],[127.7017,36.16451],[127.70003,36.16622],[127.69965,36.16703],[127.69981,36.16825],[127.69878,36.16834]]]}},{"type":"Feature","properties":{"zoneId":"Z000103492","zoneName":"충주대림초통학구역","zoneType":"elementary","level":"초등학교","kind":"dedicated","oneWay":false,"sggCode":"130","eduCode":"8021000","eduName":"충청북도충주교육지원청","updatedAt":"2019-12-24"},"geometry":{"type":"Polygon","coordinates":[[[127.89882,36.98162],[127.89988,36.97124],[127.90573,36.97068],[127.91291,36.9709],[127.91494,36.96759],[127.91788,36.96709],[127.91797,36.96544],[127.91842,36.96447],[127.91919,36.96407],[127.91925,36.96334],[127.91742,36.96293],[127.91224,36.9567],[127.91272,36.95631],[127.91423,36.95619],[127.91371,36.95447],[127.91372,36.95237],[127.91449,36.95212],[127.91557,36.95115],[127.91932,36.95336],[127.92317,36.95829],[127.92674,36.96029],[127.92634,36.96096],[127.92939,36.96533],[127.92846,36.96616],[127.9285,36.96761],[127.92757,36.96762],[127.92745,36.97011],[127.92528,36.97004],[127.92525,36.9705],[127.92335,36.97043],[127.92306,36.97278],[127.92024,36.97191],[127.91968,36.97294],[127.91732,36.97525],[127.91741,36.97565],[127.91423,36.97612],[127.91306,36.97659],[127.91051,36.97888],[127.89882,36.98162]]]}},{"type":"Feature","properties":{"zoneId":"Z000150927","zoneName":"창신초사직초공동(일방)통학구역","zoneType":"elementary","level":"초등학교","kind":"shared","oneWay":true,"sggCode":"112","eduCode":"8011000","eduName":"충청북도청주교육지원청","updatedAt":"2020-02-20"},"geometry":{"type":"Polygon","coordinates":[[[127.47001,36.62325],[127.47017,36.62346],[127.47103,36.62388],[127.47012,36.62502],[127.47024,36.6256],[127.46935,36.62614],[127.46861,36.62841],[127.46882,36.63543],[127.46017,36.63492],[127.46358,36.62492],[127.46469,36.62383],[127.46716,36.62266],[127.46756,36.62321],[127.46864,36.62284],[127.47001,36.62325]]]}},{"type":"Feature","properties":{"zoneId":"Z000103426","zoneName":"신송초통학구역","zoneType":"elementary","level":"초등학교","kind":"dedicated","oneWay":false,"sggCode":"111","eduCode":"8011000","eduName":"충청북도청주교육지원청","updatedAt":"2016-08-12"},"geometry":{"type":"Polygon","coordinates":[[[127.50276,36.58221],[127.50192,36.58473],[127.49779,36.59191],[127.49802,36.5963],[127.48359,36.59417],[127.48364,36.59302],[127.48273,36.59187],[127.48088,36.59013],[127.47793,36.58904],[127.47631,36.5878],[127.47618,36.58701],[127.47418,36.58445],[127.47462,36.58328],[127.47389,36.58171],[127.47407,36.58108],[127.47526,36.58079],[127.47638,36.58103],[127.47605,36.58016],[127.47614,36.5765],[127.47425,36.57513],[127.47411,36.57051],[127.47444,36.56244],[127.47581,36.56286],[127.4763,36.56244],[127.47805,36.56224],[127.47836,36.56174],[127.47982,36.56215],[127.48175,36.56135],[127.48535,36.56153],[127.4855,36.56233],[127.48778,36.56368],[127.48878,36.56535],[127.48952,36.56584],[127.49188,36.56642],[127.49158,36.56753],[127.49269,36.56751],[127.49585,36.56921],[127.49602,36.57047],[127.49717,36.57153],[127.49783,36.5717],[127.49717,36.57209],[127.49701,36.57352],[127.49789,36.57346],[127.4985,36.57382],[127.50075,36.57016],[127.50083,36.56918],[127.5029,36.56582],[127.50301,36.56512],[127.50467,36.56255],[127.50536,36.56284],[127.50586,36.56661],[127.50953,36.56995],[127.50959,36.57031],[127.50869,36.57411],[127.5077,36.57398],[127.50449,36.57597],[127.50276,36.58221]]]}},{"type":"Feature","properties":{"zoneId":"Z000103466","zoneName":"노은초통학구역","zoneType":"elementary","level":"초등학교","kind":"dedicated","oneWay":false,"sggCode":"130","eduCode":"8021000","eduName":"충청북도충주교육지원청","updatedAt":"2016-08-12"},"geometry":{"type":"Polygon","coordinates":[[[127.67198,37.04021],[127.6718,37.03966],[127.67209,37.03802],[127.67157,37.03726],[127.67203,37.03467],[127.67272,37.03503],[127.67661,37.0348],[127.67875,37.03403],[127.68185,37.03366],[127.68213,37.03299],[127.68436,37.0322],[127.68704,37.03214],[127.69044,37.03013],[127.69114,37.03149],[127.69206,37.03236],[127.69365,37.03294],[127.69383,37.03359],[127.69489,37.03408],[127.69668,37.03375],[127.69764,37.03409],[127.70163,37.03357],[127.70169,37.03285],[127.70247,37.03325],[127.70291,37.03292],[127.70406,37.03333],[127.70632,37.03256],[127.70715,37.03196],[127.70834,37.03175],[127.71165,37.03235],[127.7134,37.03163],[127.71443,37.03235],[127.71584,37.03229],[127.71701,37.03346],[127.71829,37.03378],[127.7217,37.0332],[127.72334,37.03331],[127.72486,37.03481],[127.72789,37.03441],[127.72826,37.03459],[127.72835,37.03568],[127.72891,37.03611],[127.72973,37.0361],[127.73115,37.03549],[127.73173,37.03468],[127.73488,37.03413],[127.73543,37.0337],[127.7383,37.03448],[127.73905,37.03397],[127.73986,37.03397],[127.74125,37.03308],[127.74238,37.03314],[127.74405,37.03135],[127.7456,37.03091],[127.74564,37.02997],[127.74676,37.02918],[127.74715,37.02851],[127.74675,37.02686],[127.74716,37.02597],[127.74993,37.02342],[127.74958,37.02206],[127.74973,37.02094],[127.75044,37.02016],[127.75236,37.01902],[127.75291,37.01897],[127.75422,37.01972],[127.75523,37.0209],[127.75667,37.02132],[127.75678,37.02202],[127.75752,37.02244],[127.75825,37.02401],[127.75916,37.02439],[127.75877,37.02509],[127.75931,37.02689],[127.76054,37.02735],[127.76181,37.02682],[127.76235,37.02589],[127.76343,37.02558],[127.76383,37.0248],[127.76432,37.02461],[127.76642,37.02461],[127.76759,37.02523],[127.76833,37.02448],[127.77004,37.02479],[127.77042,37.02434],[127.77116,37.02465],[127.77185,37.02452],[127.77303,37.02388],[127.77366,37.02282],[127.77466,37.0222],[127.77711,37.02308],[127.77895,37.02286],[127.77953,37.0221],[127.78164,37.02064],[127.78467,37.02011],[127.78593,37.01905],[127.78755,37.01935],[127.78821,37.02068],[127.78784,37.02226],[127.78819,37.02332],[127.78796,37.02378],[127.78902,37.02574],[127.79092,37.02638],[127.79194,37.02626],[127.79278,37.02699],[127.7933,37.02695],[127.79442,37.02601],[127.79501,37.02606],[127.79513,37.02653],[127.79672,37.02696],[127.79787,37.02776],[127.79949,37.02704],[127.80045,37.02592],[127.80068,37.02508],[127.80324,37.02501],[127.80424,37.0263],[127.8063,37.02658],[127.80789,37.02772],[127.80807,37.02818],[127.80868,37.02807],[127.81105,37.0293],[127.8092,37.03061],[127.80856,37.03278],[127.8104,37.03404],[127.81006,37.03479],[127.81032,37.03573],[127.81138,37.03669],[127.81115,37.03918],[127.81022,37.04051],[127.81024,37.04149],[127.81188,37.0433],[127.81461,37.04439],[127.81424,37.04579],[127.81333,37.0474],[127.81575,37.04744],[127.81939,37.04903],[127.82078,37.04883],[127.82051,37.05061],[127.82012,37.05112],[127.82015,37.05304],[127.81886,37.05341],[127.81836,37.05502],[127.81526,37.05539],[127.8147,37.05619],[127.81472,37.05693],[127.81426,37.05718],[127.81514,37.06102],[127.81555,37.0614],[127.81574,37.06745],[127.81729,37.06894],[127.81717,37.06944],[127.81654,37.07004],[127.81225,37.07022],[127.81149,37.0706],[127.81141,37.07149],[127.80979,37.07171],[127.80876,37.07242],[127.80753,37.07222],[127.80632,37.07274],[127.80549,37.07375],[127.80136,37.07347],[127.80003,37.07303],[127.79918,37.07327],[127.79805,37.07291],[127.79754,37.07249],[127.79702,37.0709],[127.79625,37.07024],[127.79488,37.06971],[127.79199,37.07123],[127.78673,37.07227],[127.78357,37.07072],[127.78174,37.0705],[127.78036,37.06942],[127.78015,37.06882],[127.7795,37.06875],[127.77649,37.06949],[127.77541,37.07216],[127.774,37.0742],[127.77208,37.0744],[127.77101,37.07504],[127.77021,37.07601],[127.76904,37.07655],[127.76633,37.07691],[127.76392,37.07965],[127.75863,37.07885],[127.75626,37.07942],[127.75478,37.07878],[127.75209,37.07859],[127.74999,37.07731],[127.74693,37.07721],[127.74234,37.07506],[127.73969,37.07593],[127.73867,37.07733],[127.73585,37.07766],[127.7352,37.07795],[127.73477,37.07858],[127.7324,37.07861],[127.73027,37.07932],[127.72995,37.07972],[127.72832,37.07976],[127.72722,37.07858],[127.72626,37.07805],[127.724,37.07851],[127.7216,37.07754],[127.71952,37.07755],[127.71873,37.07692],[127.71655,37.0767],[127.71527,37.07575],[127.71281,37.07566],[127.70992,37.07766],[127.70679,37.07789],[127.70525,37.07765],[127.70409,37.07806],[127.7031,37.07797],[127.70186,37.07819],[127.69994,37.07919],[127.69786,37.0786],[127.69637,37.07969],[127.69564,37.07957],[127.69426,37.07999],[127.69218,37.08133],[127.6866,37.08095],[127.68562,37.08013],[127.68517,37.07913],[127.68377,37.07849],[127.68282,37.0763],[127.68325,37.07531],[127.68484,37.07463],[127.68542,37.07376],[127.68648,37.07325],[127.68726,37.07114],[127.68752,37.06829],[127.68907,37.06644],[127.68882,37.06566],[127.68953,37.06297],[127.68923,37.06172],[127.69017,37.06027],[127.69027,37.05936],[127.68977,37.05842],[127.69055,37.05725],[127.69026,37.05626],[127.69101,37.05524],[127.69106,37.05472],[127.69069,37.05445],[127.69125,37.05344],[127.69116,37.05308],[127.69022,37.05256],[127.68987,37.05152],[127.68832,37.05092],[127.68791,37.05027],[127.68698,37.04996],[127.68701,37.04967],[127.68643,37.04929],[127.68651,37.04805],[127.68565,37.04738],[127.68363,37.04639],[127.68155,37.04612],[127.67961,37.04456],[127.67694,37.04413],[127.67584,37.04339],[127.67379,37.04096],[127.67198,37.04021]]]}},{"type":"Feature","properties":{"zoneId":"Z000103478","zoneName":"소태초통학구역","zoneType":"elementary","level":"초등학교","kind":"dedicated","oneWay":false,"sggCode":"130","eduCode":"8021000","eduName":"충청북도충주교육지원청","updatedAt":"2016-08-12"},"geometry":{"type":"Polygon","coordinates":[[[127.82995,37.15264],[127.82986,37.15265],[127.82671,37.15204],[127.8252,37.15224],[127.81685,37.147],[127.8116,37.14651],[127.80965,37.14707],[127.80694,37.14706],[127.80165,37.14426],[127.79767,37.1455],[127.79549,37.14526],[127.79336,37.14574],[127.79212,37.14469],[127.78981,37.14353],[127.79125,37.14163],[127.79372,37.1356],[127.79553,37.12996],[127.79753,37.12625],[127.80315,37.11946],[127.80675,37.11603],[127.81462,37.11177],[127.81704,37.10983],[127.81901,37.10718],[127.82766,37.09105],[127.82987,37.08791],[127.83214,37.08615],[127.83307,37.08611],[127.83451,37.08534],[127.83487,37.08574],[127.84215,37.08436],[127.84531,37.08259],[127.84753,37.08079],[127.85,37.08017],[127.85759,37.07964],[127.85991,37.08004],[127.86004,37.08235],[127.85875,37.08288],[127.85813,37.08404],[127.85765,37.08417],[127.85659,37.08535],[127.85698,37.08714],[127.85626,37.08908],[127.85688,37.09027],[127.85804,37.09074],[127.85841,37.09209],[127.85943,37.09292],[127.85922,37.09402],[127.8596,37.09526],[127.85953,37.09691],[127.86076,37.09792],[127.86108,37.09867],[127.86374,37.10063],[127.86452,37.10246],[127.86429,37.10309],[127.86485,37.10501],[127.86617,37.10588],[127.86652,37.10683],[127.86785,37.10783],[127.86747,37.10812],[127.8675,37.10875],[127.86585,37.10952],[127.86525,37.11025],[127.86384,37.11107],[127.86236,37.11303],[127.86209,37.11451],[127.86116,37.11502],[127.86102,37.11615],[127.8603,37.11676],[127.861,37.11817],[127.86209,37.11862],[127.86375,37.12324],[127.8628,37.12462],[127.8629,37.12522],[127.86228,37.12543],[127.86181,37.12641],[127.8574,37.12777],[127.85417,37.12975],[127.85298,37.13005],[127.852,37.13276],[127.85156,37.133],[127.85135,37.13363],[127.85021,37.13426],[127.85032,37.1349],[127.8496,37.13578],[127.84883,37.13606],[127.84824,37.13734],[127.84825,37.13842],[127.84749,37.13961],[127.847,37.1398],[127.84718,37.14084],[127.84683,37.14115],[127.84651,37.14091],[127.84407,37.14285],[127.84359,37.14447],[127.84269,37.1457],[127.8373,37.14925],[127.83654,37.15028],[127.83701,37.15108],[127.83697,37.1516],[127.83447,37.15174],[127.82995,37.15264]]]}},{"type":"Feature","properties":{"zoneId":"Z000103432","zoneName":"용담초통학구역","zoneType":"elementary","level":"초등학교","kind":"dedicated","oneWay":false,"sggCode":"111","eduCode":"8011000","eduName":"충청북도청주교육지원청","updatedAt":"2018-03-06"},"geometry":{"type":"Polygon","coordinates":[[[127.5095,36.63825],[127.5098,36.6386],[127.50992,36.63911],[127.50769,36.64026],[127.50654,36.64042],[127.50584,36.63816],[127.504,36.63868],[127.50354,36.63836],[127.50004,36.6381],[127.49979,36.64016],[127.49772,36.64025],[127.49427,36.63908],[127.4942,36.63817],[127.49321,36.63773],[127.49328,36.63723],[127.49215,36.63747],[127.49276,36.63228],[127.49442,36.63256],[127.49914,36.63204],[127.50119,36.63121],[127.49983,36.6304],[127.50101,36.62862],[127.50249,36.62972],[127.50379,36.63207],[127.50598,36.63495],[127.50861,36.63647],[127.50851,36.63715],[127.5095,36.63825]]]}},{"type":"Feature","properties":{"zoneId":"Z000103529","zoneName":"세중초통학구역","zoneType":"elementary","level":"초등학교","kind":"dedicated","oneWay":false,"sggCode":"720","eduCode":"8051000","eduName":"충청북도보은교육지원청","updatedAt":"2016-08-12"},"geometry":{"type":"Polygon","coordinates":[[[127.90062,36.40355],[127.90055,36.40391],[127.89999,36.40511],[127.90002,36.4059],[127.90102,36.40628],[127.90111,36.40702],[127.89975,36.40789],[127.89964,36.40909],[127.90045,36.41004],[127.89939,36.41102],[127.89839,36.41272],[127.89746,36.41312],[127.89658,36.414],[127.89581,36.4142],[127.89456,36.41543],[127.89475,36.41646],[127.89399,36.41895],[127.89584,36.42056],[127.89743,36.42257],[127.89543,36.4248],[127.89546,36.42559],[127.89487,36.42697],[127.8936,36.42886],[127.89373,36.42956],[127.89312,36.42975],[127.89257,36.43099],[127.88903,36.43086],[127.88826,36.43061],[127.88691,36.42924],[127.88685,36.42825],[127.88517,36.42606],[127.88272,36.42435],[127.88271,36.42217],[127.88228,36.42086],[127.88097,36.42004],[127.87907,36.41661],[127.87707,36.41572],[127.87569,36.41435],[127.87551,36.41331],[127.87577,36.41312],[127.87539,36.41131],[127.87469,36.41123],[127.87322,36.40955],[127.8734,36.40691],[127.87367,36.40657],[127.87216,36.40506],[127.87093,36.40433],[127.87011,36.40425],[127.86951,36.40364],[127.8681,36.40363],[127.86734,36.40313],[127.86463,36.40326],[127.86086,36.40246],[127.85776,36.40331],[127.85417,36.40371],[127.8528,36.40258],[127.85025,36.40123],[127.84832,36.40075],[127.84634,36.40068],[127.84474,36.39946],[127.8432,36.39989],[127.84263,36.40064],[127.84123,36.40128],[127.84024,36.40226],[127.83813,36.40256],[127.83752,36.40209],[127.83413,36.40166],[127.83284,36.40045],[127.83278,36.39981],[127.83183,36.39944],[127.83069,36.39846],[127.82932,36.39839],[127.82638,36.39724],[127.82549,36.39641],[127.82401,36.39588],[127.82163,36.39636],[127.82009,36.39572],[127.81764,36.39742],[127.81433,36.39892],[127.80986,36.3949],[127.8024,36.39448],[127.80119,36.39486],[127.79923,36.39376],[127.79764,36.39354],[127.79557,36.39273],[127.79232,36.38986],[127.79065,36.389],[127.79403,36.38626],[127.79475,36.38468],[127.79741,36.38356],[127.79989,36.38371],[127.80062,36.38245],[127.80289,36.38254],[127.80747,36.38202],[127.81034,36.38238],[127.81327,36.38175],[127.81856,36.38165],[127.81915,36.3809],[127.8228,36.37992],[127.82318,36.37956],[127.82304,36.37906],[127.82399,36.37868],[127.82439,36.377],[127.82663,36.37613],[127.82832,36.3746],[127.8286,36.37404],[127.82848,36.37137],[127.82897,36.37089],[127.83159,36.37038],[127.83253,36.36962],[127.83264,36.36915],[127.83494,36.36897],[127.83591,36.36929],[127.83722,36.37325],[127.83797,36.37327],[127.84036,36.37223],[127.8407,36.37236],[127.84188,36.37164],[127.84722,36.37198],[127.84771,36.3716],[127.84848,36.37155],[127.85036,36.37193],[127.85321,36.3711],[127.85475,36.37244],[127.85635,36.37241],[127.8584,36.37396],[127.85949,36.37429],[127.86051,36.37393],[127.86318,36.37428],[127.86414,36.37344],[127.86649,36.37308],[127.87049,36.37365],[127.87191,36.37213],[127.87499,36.37081],[127.8765,36.37164],[127.87891,36.3713],[127.8799,36.37145],[127.88047,36.37237],[127.88202,36.37304],[127.8831,36.37417],[127.88365,36.37572],[127.88313,36.37736],[127.88394,36.3793],[127.88733,36.38007],[127.88823,36.38084],[127.88836,36.38139],[127.88921,36.3809],[127.89023,36.38095],[127.89042,36.3827],[127.89132,36.38514],[127.89317,36.38584],[127.89353,36.38646],[127.89306,36.38676],[127.89355,36.38906],[127.8952,36.38893],[127.89604,36.38945],[127.89646,36.38918],[127.89746,36.38929],[127.90049,36.39044],[127.90156,36.38943],[127.90242,36.39039],[127.90372,36.39088],[127.90411,36.39255],[127.90677,36.39242],[127.90874,36.3934],[127.90889,36.39488],[127.90952,36.39576],[127.90887,36.3963],[127.90905,36.39664],[127.90708,36.39795],[127.90561,36.40003],[127.90345,36.40128],[127.90306,36.40192],[127.90228,36.40225],[127.901,36.40223],[127.90047,36.40289],[127.90062,36.40355]]]}},{"type":"Feature","properties":{"zoneId":"Z000150930","zoneName":"솔밭초서촌초공동(일방)통학구역","zoneType":"elementary","level":"초등학교","kind":"shared","oneWay":true,"sggCode":"113","eduCode":"8011000","eduName":"충청북도청주교육지원청","updatedAt":"2020-02-21"},"geometry":{"type":"Polygon","coordinates":[[[127.42736,36.64564],[127.42736,36.64564],[127.42586,36.646],[127.41944,36.64643],[127.41824,36.64279],[127.41795,36.63899],[127.41855,36.63894],[127.41844,36.64099],[127.41974,36.64194],[127.42108,36.64198],[127.42165,36.64256],[127.4221,36.64236],[127.42177,36.64204],[127.42197,36.64195],[127.42057,36.6413],[127.4208,36.64087],[127.42136,36.64098],[127.42143,36.64003],[127.42015,36.63956],[127.42017,36.63885],[127.42251,36.63945],[127.42236,36.64025],[127.42351,36.63923],[127.42423,36.63932],[127.42463,36.63861],[127.42991,36.63817],[127.43058,36.64121],[127.43187,36.6444],[127.4287,36.64511],[127.42868,36.64398],[127.42805,36.64399],[127.42806,36.64457],[127.42736,36.64457],[127.42736,36.64564]]]}},{"type":"Feature","properties":{"zoneId":"Z000150414","zoneName":"도안초증평초공동통학구역","zoneType":"elementary","level":"초등학교","kind":"shared","oneWay":false,"sggCode":"745","eduCode":"8092000","eduName":"충청북도괴산증평교육지원청","updatedAt":"2020-01-03"},"geometry":{"type":"Polygon","coordinates":[[[127.58809,36.82003],[127.58809,36.82004],[127.58887,36.82111],[127.58861,36.82146],[127.58732,36.822],[127.58614,36.82306],[127.58312,36.82415],[127.58163,36.82557],[127.58125,36.82658],[127.57923,36.82822],[127.57686,36.82646],[127.57663,36.82504],[127.57583,36.82434],[127.57528,36.82321],[127.57371,36.8214],[127.57277,36.82111],[127.5721,36.81999],[127.57074,36.81964],[127.56931,36.82048],[127.56812,36.82007],[127.5673,36.81925],[127.56474,36.81846],[127.56614,36.81559],[127.56637,36.81395],[127.56756,36.81267],[127.56785,36.81105],[127.57243,36.80791],[127.57286,36.80723],[127.57386,36.80703],[127.57469,36.80628],[127.5749,36.80446],[127.57646,36.802],[127.57645,36.80145],[127.58157,36.79453],[127.58409,36.79581],[127.5876,36.79141],[127.59011,36.79171],[127.591,36.79141],[127.59221,36.79094],[127.59573,36.78858],[127.6117,36.79302],[127.61263,36.7938],[127.61377,36.79555],[127.61402,36.79668],[127.61389,36.79891],[127.61298,36.79833],[127.61134,36.79829],[127.60995,36.79782],[127.60943,36.79815],[127.60838,36.79813],[127.60726,36.79959],[127.60771,36.80052],[127.6074,36.80142],[127.60755,36.80225],[127.60834,36.80334],[127.60738,36.80402],[127.60773,36.80519],[127.60645,36.80551],[127.60632,36.806],[127.60543,36.80615],[127.60451,36.80685],[127.60329,36.80642],[127.60023,36.80667],[127.59962,36.80614],[127.59891,36.80678],[127.59813,36.80687],[127.59844,36.80743],[127.59771,36.8083],[127.59635,36.81119],[127.59534,36.81177],[127.59439,36.81127],[127.59133,36.81172],[127.58858,36.81314],[127.58828,36.81355],[127.58867,36.81433],[127.58856,36.81508],[127.58779,36.81549],[127.58803,36.81686],[127.58751,36.81761],[127.58819,36.81936],[127.58809,36.82003]]]}},{"type":"Feature","properties":{"zoneId":"Z000150413","zoneName":"도안초삼보초증평초공동통학구역","zoneType":"elementary","level":"초등학교","kind":"shared","oneWay":false,"sggCode":"745","eduCode":"8092000","eduName":"충청북도괴산증평교육지원청","updatedAt":"2020-01-03"},"geometry":{"type":"Polygon","coordinates":[[[127.56132,36.81844],[127.56054,36.81966],[127.55965,36.81862],[127.55714,36.81741],[127.55566,36.81743],[127.55366,36.81499],[127.55989,36.80949],[127.56092,36.80766],[127.56271,36.80579],[127.56294,36.80474],[127.56356,36.80402],[127.56351,36.8031],[127.56586,36.80051],[127.56719,36.7979],[127.56719,36.79461],[127.56778,36.79371],[127.56774,36.79244],[127.56835,36.79155],[127.56885,36.78983],[127.56971,36.7887],[127.5688,36.7883],[127.57241,36.78416],[127.57815,36.7864],[127.5808,36.78715],[127.58117,36.78657],[127.59309,36.79033],[127.59011,36.79171],[127.5876,36.79141],[127.58409,36.79581],[127.58157,36.79453],[127.57645,36.80145],[127.57646,36.802],[127.5749,36.80446],[127.57469,36.80628],[127.57386,36.80703],[127.57286,36.80723],[127.57243,36.80791],[127.56785,36.81105],[127.56756,36.81267],[127.56637,36.81395],[127.56614,36.81559],[127.56474,36.81846],[127.56314,36.81802],[127.56132,36.81844]]]}},{"type":"Feature","properties":{"zoneId":"Z000150665","zoneName":"증평초보광초공동통학구역","zoneType":"elementary","level":"초등학교","kind":"shared","oneWay":false,"sggCode":"745","eduCode":"8092000","eduName":"충청북도괴산증평교육지원청","updatedAt":"2020-01-03"},"geometry":{"type":"Polygon","coordinates":[[[127.59017,36.78575],[127.59018,36.78576],[127.58669,36.78816],[127.58342,36.78722],[127.58697,36.78446],[127.58665,36.78389],[127.58902,36.78327],[127.59017,36.78575]]]}},{"type":"Feature","properties":{"zoneId":"Z000150805","zoneName":"증평초보광초청안초공동(일방)통학구역","zoneType":"elementary","level":"초등학교","kind":"shared","oneWay":true,"sggCode":"745","eduCode":"8092000","eduName":"충청북도괴산증평교육지원청","updatedAt":"2020-01-03"},"geometry":{"type":"Polygon","coordinates":[[[127.59411,36.78962],[127.59309,36.79033],[127.5867,36.78814],[127.59018,36.78576],[127.59411,36.78962]]]}},{"type":"Feature","properties":{"zoneId":"Z000103381","zoneName":"남이초통학구역","zoneType":"elementary","level":"초등학교","kind":"dedicated","oneWay":false,"sggCode":"112","eduCode":"8011000","eduName":"충청북도청주교육지원청","updatedAt":"2016-08-12"},"geometry":{"type":"Polygon","coordinates":[[[127.4414,36.6025],[127.43916,36.60321],[127.43929,36.60236],[127.43863,36.60196],[127.43811,36.60233],[127.43585,36.60253],[127.43423,36.60153],[127.4344,36.59996],[127.43384,36.59865],[127.43186,36.5992],[127.42765,36.59955],[127.42676,36.60039],[127.42651,36.60023],[127.42631,36.59873],[127.42466,36.59838],[127.4243,36.59771],[127.42377,36.59754],[127.42231,36.59747],[127.42161,36.59649],[127.42077,36.59677],[127.41948,36.59661],[127.42071,36.59301],[127.42035,36.59233],[127.41651,36.59074],[127.41742,36.5889],[127.4189,36.5877],[127.41925,36.58621],[127.41915,36.58146],[127.41943,36.57951],[127.4207,36.57836],[127.42375,36.57698],[127.42389,36.57637],[127.42907,36.57618],[127.43018,36.57538],[127.43012,36.57471],[127.42917,36.5738],[127.42869,36.57109],[127.42882,36.56897],[127.42777,36.56879],[127.42777,36.56777],[127.42495,36.56744],[127.42485,36.56672],[127.42386,36.56619],[127.42359,36.56523],[127.4226,36.5652],[127.41984,36.56399],[127.41965,36.56044],[127.42026,36.55922],[127.41776,36.55467],[127.41654,36.55322],[127.41635,36.55198],[127.41658,36.55117],[127.41359,36.54861],[127.41439,36.5481],[127.41701,36.54739],[127.41781,36.5466],[127.42107,36.54657],[127.42209,36.54606],[127.42415,36.54589],[127.4257,36.54476],[127.42908,36.54545],[127.43018,36.54518],[127.43008,36.54441],[127.43042,36.54445],[127.43177,36.5459],[127.43218,36.54595],[127.43251,36.54659],[127.43281,36.5465],[127.43276,36.54689],[127.4344,36.54705],[127.43499,36.54671],[127.43699,36.54741],[127.43885,36.54857],[127.44169,36.54877],[127.4452,36.54972],[127.44608,36.55027],[127.44716,36.54973],[127.44741,36.54824],[127.44798,36.5472],[127.44761,36.54559],[127.44943,36.54491],[127.46029,36.54444],[127.4614,36.54597],[127.45898,36.54838],[127.45902,36.54941],[127.45986,36.55047],[127.46215,36.55569],[127.46389,36.55572],[127.466,36.55731],[127.46805,36.55808],[127.46843,36.55878],[127.46828,36.55967],[127.46863,36.5599],[127.4691,36.56143],[127.47002,36.56155],[127.47202,36.56087],[127.47444,36.56244],[127.47411,36.57051],[127.47425,36.57513],[127.47614,36.5765],[127.47605,36.58016],[127.47638,36.58103],[127.47526,36.58079],[127.47407,36.58108],[127.47389,36.58171],[127.47462,36.58328],[127.47418,36.58445],[127.47618,36.58701],[127.47631,36.5878],[127.47793,36.58904],[127.48088,36.59013],[127.48273,36.59187],[127.48364,36.59302],[127.48359,36.59417],[127.47896,36.59389],[127.47505,36.59467],[127.4602,36.60127],[127.45938,36.6005],[127.45763,36.60106],[127.457,36.60172],[127.45453,36.60146],[127.45433,36.59991],[127.45528,36.5987],[127.45404,36.59853],[127.45225,36.59757],[127.45184,36.59627],[127.44841,36.59428],[127.4473,36.5959],[127.4448,36.59729],[127.44334,36.5992],[127.44366,36.60024],[127.44319,36.60174],[127.4414,36.6025]]]}},{"type":"Feature","properties":{"zoneId":"Z000103519","zoneName":"청풍초통학구역","zoneType":"elementary","level":"초등학교","kind":"dedicated","oneWay":false,"sggCode":"150","eduCode":"8031000","eduName":"충청북도제천교육지원청","updatedAt":"2016-08-12"},"geometry":{"type":"Polygon","coordinates":[[[128.16172,37.0311],[128.1615,37.03081],[128.16099,37.02898],[128.15958,37.02604],[128.15777,37.02458],[128.15449,37.0253],[128.14783,37.02502],[128.14697,37.02536],[128.14619,37.02516],[128.14637,37.02394],[128.1387,37.02334],[128.13532,37.02257],[128.1356,37.02144],[128.1367,37.02045],[128.13643,37.01787],[128.13791,37.01615],[128.13846,37.01602],[128.138,37.01568],[128.13872,37.01492],[128.13917,37.01341],[128.13872,37.01206],[128.13786,37.01204],[128.13445,37.01374],[128.13114,37.01353],[128.12962,37.01278],[128.12904,37.01429],[128.1278,37.01491],[128.12582,37.01515],[128.12463,37.01474],[128.12299,37.01565],[128.12012,37.01559],[128.11907,37.01675],[128.11937,37.01795],[128.11849,37.02035],[128.11573,37.01933],[128.11148,37.01553],[128.10767,37.01051],[128.10706,37.00918],[128.10595,37.00576],[128.10521,37.0014],[128.10512,36.99835],[128.10578,36.99387],[128.10516,36.99108],[128.10375,36.9906],[128.09882,36.99288],[128.09634,36.99307],[128.09582,36.99273],[128.09573,36.99252],[128.09699,36.99186],[128.09953,36.98976],[128.09994,36.98866],[128.10071,36.9879],[128.09975,36.98611],[128.09877,36.98549],[128.09863,36.98295],[128.09937,36.98056],[128.10053,36.97998],[128.10283,36.97806],[128.10242,36.97534],[128.10207,36.97472],[128.1024,36.97319],[128.10307,36.97244],[128.10287,36.97131],[128.10422,36.96855],[128.10629,36.96669],[128.10969,36.9649],[128.10955,36.96416],[128.11576,36.96207],[128.11621,36.96125],[128.11728,36.96072],[128.11814,36.95979],[128.11864,36.95767],[128.12075,36.95666],[128.12219,36.95661],[128.12319,36.95599],[128.12401,36.95612],[128.12537,36.95548],[128.1273,36.95524],[128.12857,36.95473],[128.13159,36.955],[128.13273,36.95623],[128.13282,36.95773],[128.13471,36.95843],[128.13532,36.96041],[128.13663,36.96127],[128.13674,36.96201],[128.1378,36.96315],[128.13817,36.96484],[128.13981,36.96577],[128.14084,36.96699],[128.14231,36.9669],[128.14444,36.96794],[128.14644,36.96803],[128.14842,36.9671],[128.14843,36.96659],[128.14904,36.96694],[128.15123,36.96593],[128.15065,36.96539],[128.1502,36.96391],[128.15065,36.96337],[128.1516,36.96309],[128.15251,36.96297],[128.15279,36.96334],[128.15481,36.96352],[128.15477,36.96386],[128.15641,36.96437],[128.161,36.96404],[128.161,36.96502],[128.16137,36.96557],[128.16119,36.966],[128.16164,36.96673],[128.16151,36.96896],[128.16269,36.97161],[128.16392,36.9724],[128.16388,36.97317],[128.16645,36.97232],[128.16758,36.9724],[128.16786,36.97269],[128.16932,36.97229],[128.16942,36.97126],[128.17217,36.97135],[128.17363,36.97033],[128.1752,36.96978],[128.17602,36.96889],[128.17617,36.96793],[128.17663,36.9683],[128.17684,36.96778],[128.17829,36.96685],[128.17842,36.96504],[128.17926,36.96505],[128.18167,36.96613],[128.18326,36.96618],[128.1833,36.96659],[128.18215,36.96756],[128.18086,36.97004],[128.18049,36.97279],[128.17878,36.97292],[128.17746,36.97376],[128.17712,36.97464],[128.1771,36.9753],[128.17795,36.97564],[128.17839,36.97665],[128.17848,36.97716],[128.17749,36.97881],[128.17792,36.97985],[128.17858,36.9802],[128.1791,36.98131],[128.17927,36.98193],[128.17868,36.98287],[128.18068,36.98399],[128.18223,36.98361],[128.18334,36.98467],[128.18397,36.98466],[128.18586,36.98706],[128.18722,36.98825],[128.18795,36.98856],[128.19097,36.98866],[128.19203,36.98982],[128.19286,36.98965],[128.19278,36.99028],[128.1933,36.99089],[128.19425,36.991],[128.19552,36.9918],[128.19698,36.99218],[128.19702,36.99363],[128.19796,36.99506],[128.19926,36.99648],[128.20159,36.99789],[128.20125,36.99928],[128.20241,37.00062],[128.20296,37.00063],[128.2042,37.00187],[128.20526,37.00142],[128.21126,37.00354],[128.21366,37.00483],[128.21451,37.00462],[128.21749,37.00517],[128.2187,37.00435],[128.22328,37.00363],[128.22469,37.00271],[128.2253,37.00184],[128.22751,37.00145],[128.22885,37.00053],[128.23022,37.0002],[128.2319,37.00104],[128.23248,37.00071],[128.23824,37.00097],[128.24262,37.00063],[128.24462,37.00095],[128.24671,37.00019],[128.24994,36.99823],[128.25177,36.99754],[128.25391,36.99748],[128.25425,36.99785],[128.256,36.99803],[128.25713,36.99893],[128.2576,37.00015],[128.25687,37.00203],[128.25732,37.00235],[128.25678,37.00307],[128.25658,37.00411],[128.25583,37.00475],[128.25607,37.00554],[128.25508,37.00695],[128.25524,37.00714],[128.25402,37.00782],[128.2545,37.0083],[128.25397,37.00937],[128.25288,37.00972],[128.25206,37.01046],[128.25105,37.01061],[128.25054,37.01171],[128.24889,37.01263],[128.24838,37.01324],[128.24833,37.0144],[128.24709,37.01507],[128.24589,37.01674],[128.24571,37.01828],[128.24438,37.01968],[128.24452,37.01999],[128.2439,37.02108],[128.24345,37.02109],[128.24335,37.02152],[128.24172,37.02255],[128.2404,37.02412],[128.23991,37.02412],[128.23849,37.02509],[128.23748,37.02525],[128.23457,37.02486],[128.23276,37.02518],[128.23056,37.02459],[128.22805,37.02448],[128.2266,37.02534],[128.22656,37.02613],[128.22505,37.02721],[128.22343,37.02687],[128.22143,37.02562],[128.21803,37.02574],[128.21736,37.02511],[128.21238,37.02414],[128.20846,37.0239],[128.20508,37.0242],[128.19309,37.02369],[128.18978,37.02461],[128.18829,37.02414],[128.18778,37.0245],[128.18419,37.02326],[128.18096,37.02284],[128.17933,37.0215],[128.17738,37.02215],[128.17592,37.02166],[128.17508,37.02178],[128.175,37.0222],[128.17402,37.02268],[128.17293,37.0227],[128.17239,37.0232],[128.17223,37.02397],[128.1704,37.0251],[128.16935,37.02492],[128.16872,37.02572],[128.16779,37.02593],[128.1666,37.02781],[128.16656,37.02866],[128.1653,37.02875],[128.16483,37.02907],[128.16311,37.02891],[128.16305,37.03052],[128.16263,37.03107],[128.16172,37.0311]]]}},{"type":"Feature","properties":{"zoneId":"Z000150420","zoneName":"남신초하당초공동통학구역","zoneType":"elementary","level":"초등학교","kind":"shared","oneWay":false,"sggCode":"770","eduCode":"8101000","eduName":"충청북도음성교육지원청","updatedAt":"2016-08-12"},"geometry":{"type":"Polygon","coordinates":[[[127.69264,36.91922],[127.69256,36.9194],[127.69246,36.92011],[127.68988,36.92043],[127.68745,36.92203],[127.68592,36.92045],[127.68452,36.91977],[127.68427,36.9173],[127.68489,36.91693],[127.68699,36.91678],[127.69147,36.91747],[127.6924,36.91809],[127.69291,36.9189],[127.69264,36.91922]]]}},{"type":"Feature","properties":{"zoneId":"Z000103581","zoneName":"초평초통학구역","zoneType":"elementary","level":"초등학교","kind":"dedicated","oneWay":false,"sggCode":"750","eduCode":"8081000","eduName":"충청북도진천교육지원청","updatedAt":"2017-02-10"},"geometry":{"type":"Polygon","coordinates":[[[127.55511,36.88965],[127.55561,36.89041],[127.55521,36.89132],[127.55265,36.89248],[127.55258,36.89303],[127.55185,36.89392],[127.55083,36.89218],[127.5506,36.89077],[127.55,36.88989],[127.54931,36.88953],[127.54846,36.8902],[127.54835,36.89082],[127.54523,36.89166],[127.54434,36.89132],[127.5446,36.89017],[127.54238,36.88961],[127.54195,36.88828],[127.54041,36.88707],[127.5398,36.8862],[127.53959,36.8852],[127.53982,36.88461],[127.5387,36.88323],[127.53797,36.88298],[127.53728,36.88329],[127.53632,36.88033],[127.5365,36.87937],[127.53684,36.8792],[127.53398,36.87643],[127.53384,36.87573],[127.53536,36.87227],[127.53481,36.87221],[127.52338,36.87662],[127.52246,36.8749],[127.51984,36.87229],[127.5196,36.87145],[127.51753,36.87149],[127.5164,36.87231],[127.51217,36.87287],[127.51224,36.87312],[127.50735,36.87303],[127.50734,36.87402],[127.50693,36.8744],[127.50499,36.87356],[127.50357,36.87081],[127.50368,36.87003],[127.50413,36.86951],[127.50512,36.86906],[127.51517,36.86916],[127.51522,36.86727],[127.51938,36.86406],[127.51798,36.8619],[127.5153,36.86001],[127.51237,36.85678],[127.50778,36.85275],[127.50582,36.85281],[127.50443,36.85344],[127.50307,36.84955],[127.50378,36.84525],[127.50273,36.84287],[127.49959,36.83985],[127.49869,36.83851],[127.5034,36.83602],[127.50729,36.83243],[127.50835,36.83066],[127.51049,36.82297],[127.51131,36.82197],[127.51244,36.82201],[127.51316,36.82267],[127.51505,36.82243],[127.51591,36.81746],[127.51584,36.81551],[127.52006,36.81311],[127.52346,36.81172],[127.53034,36.8096],[127.53375,36.80935],[127.53733,36.80859],[127.54099,36.81044],[127.54147,36.81078],[127.54198,36.81201],[127.54483,36.81351],[127.54787,36.81276],[127.55003,36.81286],[127.55148,36.81421],[127.55375,36.81499],[127.55566,36.81743],[127.55714,36.81741],[127.55965,36.81862],[127.56054,36.81966],[127.56132,36.81844],[127.56314,36.81802],[127.56607,36.81875],[127.56651,36.81919],[127.5673,36.81925],[127.56812,36.82007],[127.56931,36.82048],[127.57074,36.81964],[127.5721,36.81999],[127.57277,36.82111],[127.57371,36.8214],[127.57528,36.82321],[127.57583,36.82434],[127.57663,36.82504],[127.57686,36.82646],[127.57923,36.82822],[127.57834,36.82961],[127.57721,36.82899],[127.57592,36.82898],[127.57202,36.8278],[127.5714,36.8279],[127.5699,36.82932],[127.56923,36.82998],[127.56996,36.83135],[127.5702,36.83361],[127.56931,36.83658],[127.56887,36.83718],[127.56868,36.83854],[127.56951,36.83938],[127.57257,36.84072],[127.57281,36.84123],[127.57157,36.84389],[127.5723,36.84523],[127.57216,36.84607],[127.57338,36.84722],[127.57153,36.85006],[127.57231,36.85012],[127.57379,36.85088],[127.57636,36.85068],[127.57715,36.85175],[127.57825,36.85183],[127.57859,36.85228],[127.57828,36.85376],[127.57828,36.85335],[127.57802,36.85359],[127.57562,36.85775],[127.57554,36.85839],[127.57597,36.85874],[127.57666,36.86071],[127.57782,36.86252],[127.5779,36.86324],[127.57367,36.86775],[127.57249,36.86814],[127.57084,36.86939],[127.56301,36.87825],[127.56231,36.88068],[127.56266,36.88223],[127.56142,36.88281],[127.56058,36.88491],[127.56078,36.88567],[127.56034,36.88625],[127.55976,36.88659],[127.55827,36.88633],[127.55751,36.88572],[127.55653,36.88634],[127.55565,36.88616],[127.55519,36.88842],[127.55484,36.88868],[127.55511,36.88965]]]}},{"type":"Feature","properties":{"zoneId":"Z000150398","zoneName":"수산초청풍초공동통학구역","zoneType":"elementary","level":"초등학교","kind":"shared","oneWay":false,"sggCode":"150","eduCode":"8031000","eduName":"충청북도제천교육지원청","updatedAt":"2016-08-12"},"geometry":{"type":"Polygon","coordinates":[[[128.21751,37.00515],[128.21749,37.00517],[128.21451,37.00462],[128.21366,37.00483],[128.21126,37.00354],[128.20526,37.00142],[128.2042,37.00187],[128.20296,37.00063],[128.20241,37.00062],[128.20125,36.99928],[128.20159,36.99789],[128.19926,36.99648],[128.19796,36.99506],[128.19702,36.99363],[128.19698,36.99218],[128.19552,36.9918],[128.19425,36.991],[128.1933,36.99089],[128.19278,36.99028],[128.19286,36.98965],[128.19203,36.98982],[128.19097,36.98866],[128.18795,36.98856],[128.18722,36.98825],[128.18586,36.98706],[128.18397,36.98466],[128.18334,36.98467],[128.18293,36.98416],[128.18904,36.98003],[128.19197,36.97885],[128.19534,36.97649],[128.19657,36.9748],[128.20143,36.97137],[128.2067,36.96864],[128.2119,36.96233],[128.21411,36.96005],[128.21762,36.95739],[128.21931,36.95561],[128.22196,36.94962],[128.22382,36.94784],[128.22599,36.9465],[128.23174,36.94678],[128.2335,36.94745],[128.23721,36.94723],[128.24236,36.94582],[128.24384,36.9492],[128.24562,36.95034],[128.24704,36.95121],[128.24944,36.95075],[128.25047,36.95173],[128.25104,36.95301],[128.25253,36.95359],[128.2539,36.95511],[128.25506,36.95439],[128.25671,36.95465],[128.25813,36.95431],[128.25966,36.95485],[128.26041,36.95564],[128.26189,36.95628],[128.2627,36.95735],[128.26659,36.96078],[128.26512,36.96144],[128.26455,36.96195],[128.26389,36.96354],[128.26198,36.96466],[128.26261,36.96601],[128.2623,36.96683],[128.26159,36.96767],[128.26001,36.96846],[128.26047,36.97085],[128.25999,36.97276],[128.25938,36.973],[128.25989,36.97576],[128.25935,36.97864],[128.25855,36.98112],[128.25797,36.98148],[128.25702,36.98473],[128.25649,36.98484],[128.25584,36.9865],[128.25711,36.98755],[128.25758,36.98845],[128.2575,36.98976],[128.25806,36.99074],[128.25777,36.99157],[128.2581,36.99182],[128.25851,36.99333],[128.25677,36.99575],[128.25462,36.99647],[128.25391,36.99748],[128.25177,36.99754],[128.24994,36.99823],[128.24671,37.00019],[128.24462,37.00095],[128.24262,37.00063],[128.23824,37.00097],[128.23248,37.00071],[128.2319,37.00104],[128.23022,37.0002],[128.22885,37.00053],[128.22751,37.00145],[128.2253,37.00184],[128.22393,37.00338],[128.2187,37.00435],[128.21751,37.00515]]]}},{"type":"Feature","properties":{"zoneId":"Z000150419","zoneName":"남신초수봉초공동통학구역","zoneType":"elementary","level":"초등학교","kind":"shared","oneWay":false,"sggCode":"770","eduCode":"8101000","eduName":"충청북도음성교육지원청","updatedAt":"2016-08-12"},"geometry":{"type":"Polygon","coordinates":[[[127.68238,36.93221],[127.68112,36.93302],[127.67623,36.93656],[127.67351,36.93818],[127.67299,36.93822],[127.67228,36.93904],[127.6672,36.94097],[127.66716,36.94017],[127.66794,36.93914],[127.66793,36.93813],[127.66743,36.9365],[127.66706,36.93604],[127.66672,36.93609],[127.67321,36.93112],[127.67603,36.93006],[127.67919,36.92989],[127.68071,36.93033],[127.68238,36.93221]]]}},{"type":"Feature","properties":{"zoneId":"Z000103638","zoneName":"어상천초통학구역","zoneType":"elementary","level":"초등학교","kind":"dedicated","oneWay":false,"sggCode":"800","eduCode":"8111000","eduName":"충청북도단양교육지원청","updatedAt":"2016-08-12"},"geometry":{"type":"Polygon","coordinates":[[[128.33887,37.1578],[128.33876,37.15787],[128.33818,37.15809],[128.3355,37.15725],[128.33446,37.15598],[128.33491,37.15512],[128.33347,37.15248],[128.33305,37.15256],[128.33067,37.15034],[128.32922,37.15201],[128.32784,37.15301],[128.32747,37.15294],[128.32704,37.15109],[128.32613,37.14995],[128.32599,37.14911],[128.32473,37.14807],[128.32305,37.14851],[128.32202,37.14922],[128.31978,37.14726],[128.31853,37.14784],[128.31672,37.14756],[128.31211,37.145],[128.31111,37.14578],[128.30951,37.14493],[128.30922,37.14396],[128.30932,37.1428],[128.3074,37.14064],[128.30588,37.13953],[128.30636,37.13753],[128.30099,37.13595],[128.30073,37.13527],[128.29834,37.13419],[128.29964,37.13373],[128.30001,37.13205],[128.30109,37.1313],[128.30221,37.12953],[128.30346,37.12894],[128.30374,37.12829],[128.30311,37.12696],[128.30357,37.12467],[128.30332,37.12199],[128.30419,37.11731],[128.30582,37.11551],[128.30837,37.11451],[128.30895,37.1119],[128.3084,37.11067],[128.30842,37.10986],[128.3065,37.10897],[128.30569,37.10679],[128.30569,37.10574],[128.30602,37.10514],[128.30468,37.10298],[128.3046,37.10197],[128.30383,37.10033],[128.30068,37.09853],[128.29998,37.0985],[128.29877,37.09942],[128.29786,37.09878],[128.29535,37.09858],[128.29397,37.09807],[128.29571,37.0958],[128.29705,37.09506],[128.2982,37.09374],[128.29883,37.09266],[128.29873,37.09149],[128.29905,37.09112],[128.30133,37.08977],[128.30882,37.08372],[128.31095,37.0802],[128.31134,37.07899],[128.31234,37.07815],[128.31463,37.07732],[128.31545,37.07659],[128.31603,37.07522],[128.31907,37.07245],[128.32278,37.06669],[128.3231,37.06576],[128.3234,37.06197],[128.32245,37.0611],[128.32228,37.06049],[128.32355,37.05985],[128.32398,37.05916],[128.32623,37.05854],[128.33009,37.05812],[128.33066,37.05775],[128.33099,37.05611],[128.33198,37.05428],[128.3333,37.05332],[128.3358,37.05044],[128.33721,37.047],[128.33884,37.0456],[128.33973,37.04565],[128.3407,37.04506],[128.34331,37.04474],[128.3448,37.04276],[128.34604,37.04197],[128.34807,37.0412],[128.35045,37.04095],[128.35175,37.04182],[128.35288,37.04308],[128.35624,37.04249],[128.35784,37.04269],[128.35992,37.04414],[128.3615,37.0438],[128.36376,37.04387],[128.36798,37.0454],[128.37101,37.04566],[128.37245,37.04448],[128.37286,37.04285],[128.37268,37.04203],[128.37298,37.04038],[128.3733,37.03881],[128.37371,37.03825],[128.37546,37.03796],[128.37829,37.03654],[128.37948,37.03579],[128.38071,37.03434],[128.37988,37.03289],[128.37968,37.03112],[128.37933,37.03075],[128.38132,37.02977],[128.38461,37.03555],[128.3859,37.03699],[128.38928,37.03959],[128.39338,37.04133],[128.39835,37.04248],[128.40465,37.04307],[128.40579,37.04333],[128.40714,37.04429],[128.40895,37.04953],[128.4097,37.05092],[128.41156,37.05187],[128.40993,37.05312],[128.40823,37.05361],[128.40696,37.05475],[128.40822,37.05686],[128.40606,37.05969],[128.40619,37.06009],[128.40495,37.06287],[128.40439,37.06348],[128.40396,37.06475],[128.40425,37.06579],[128.40332,37.06819],[128.40339,37.07061],[128.40234,37.07229],[128.39993,37.07532],[128.399,37.07565],[128.39466,37.08073],[128.39326,37.08041],[128.39187,37.08054],[128.39007,37.08211],[128.38838,37.08214],[128.38749,37.08279],[128.38673,37.08442],[128.38705,37.08507],[128.38681,37.08594],[128.38572,37.08671],[128.3843,37.08672],[128.38317,37.08798],[128.38297,37.08861],[128.38394,37.09015],[128.3835,37.09112],[128.38172,37.09224],[128.38058,37.09376],[128.38083,37.09512],[128.37993,37.09663],[128.38088,37.09821],[128.37985,37.09873],[128.379,37.10027],[128.37929,37.10164],[128.37901,37.10323],[128.37769,37.10505],[128.37898,37.10773],[128.37787,37.10804],[128.37673,37.10927],[128.37551,37.10953],[128.37409,37.11045],[128.37084,37.11121],[128.37136,37.11271],[128.37122,37.11492],[128.37153,37.11724],[128.37123,37.11995],[128.37099,37.12088],[128.36975,37.12167],[128.36936,37.12395],[128.36899,37.12441],[128.36917,37.12625],[128.37266,37.12835],[128.37204,37.13008],[128.37087,37.13194],[128.37314,37.1351],[128.37089,37.13562],[128.3706,37.13655],[128.36953,37.13774],[128.36767,37.13815],[128.3666,37.13925],[128.36604,37.13923],[128.36542,37.13987],[128.36389,37.14058],[128.36175,37.14067],[128.3612,37.14186],[128.36192,37.14328],[128.36055,37.14551],[128.36008,37.14691],[128.35996,37.14752],[128.36029,37.14838],[128.35964,37.14886],[128.35948,37.15069],[128.35828,37.15228],[128.35559,37.1536],[128.35398,37.15567],[128.35151,37.15741],[128.3508,37.15757],[128.35051,37.15703],[128.34875,37.15699],[128.34822,37.15651],[128.34763,37.1565],[128.34704,37.15718],[128.34538,37.1561],[128.34343,37.15631],[128.34259,37.15594],[128.34201,37.15621],[128.34139,37.15739],[128.34049,37.15809],[128.33887,37.1578]]]}},{"type":"Feature","properties":{"zoneId":"Z000103604","zoneName":"남신초통학구역","zoneType":"elementary","level":"초등학교","kind":"dedicated","oneWay":false,"sggCode":"770","eduCode":"8101000","eduName":"충청북도음성교육지원청","updatedAt":"2016-08-12"},"geometry":{"type":"Polygon","coordinates":[[[127.65406,36.95623],[127.65371,36.95623],[127.65214,36.956],[127.65104,36.95509],[127.65032,36.95247],[127.64849,36.95204],[127.64776,36.95251],[127.64683,36.95263],[127.64668,36.95216],[127.64551,36.95139],[127.64619,36.95042],[127.64525,36.95033],[127.64403,36.94918],[127.64345,36.94901],[127.64271,36.94804],[127.64017,36.94773],[127.63985,36.94806],[127.63577,36.94864],[127.63481,36.94809],[127.63464,36.94755],[127.6349,36.94727],[127.63397,36.94638],[127.63383,36.94582],[127.63217,36.94605],[127.63181,36.94677],[127.63042,36.94624],[127.62893,36.94645],[127.62822,36.94706],[127.62703,36.94682],[127.62606,36.94743],[127.62563,36.94729],[127.62391,36.9478],[127.62371,36.94762],[127.6228,36.94884],[127.62098,36.94886],[127.61964,36.94744],[127.6175,36.94666],[127.61627,36.94522],[127.61467,36.94481],[127.61357,36.94411],[127.61348,36.9435],[127.61275,36.94332],[127.61066,36.94392],[127.60969,36.94685],[127.60937,36.94715],[127.60872,36.94711],[127.60928,36.9506],[127.60981,36.95186],[127.60847,36.95204],[127.60633,36.95016],[127.60585,36.94936],[127.60438,36.94886],[127.60386,36.9481],[127.60417,36.94681],[127.60306,36.94594],[127.6029,36.94503],[127.60207,36.94407],[127.6023,36.94235],[127.60104,36.94073],[127.60238,36.93896],[127.60166,36.93823],[127.59645,36.93877],[127.59576,36.93928],[127.59592,36.93991],[127.59529,36.94056],[127.59426,36.94089],[127.59428,36.94179],[127.59295,36.9428],[127.59173,36.94289],[127.59135,36.94232],[127.59018,36.94246],[127.59052,36.94117],[127.59134,36.94033],[127.59146,36.93952],[127.59125,36.93788],[127.59074,36.93698],[127.5909,36.9349],[127.5903,36.93384],[127.59083,36.93081],[127.5898,36.93027],[127.58882,36.92844],[127.58623,36.92889],[127.58607,36.92865],[127.58486,36.92872],[127.58387,36.92841],[127.58329,36.92871],[127.58226,36.92843],[127.58317,36.92642],[127.58367,36.92623],[127.58376,36.92452],[127.58417,36.92411],[127.58391,36.92296],[127.58428,36.92272],[127.58469,36.92087],[127.58532,36.92041],[127.58544,36.91865],[127.58488,36.91809],[127.58473,36.91717],[127.58635,36.91597],[127.58602,36.9154],[127.58671,36.91361],[127.58626,36.91273],[127.58658,36.91206],[127.58753,36.91066],[127.58875,36.91085],[127.58986,36.90963],[127.59187,36.90897],[127.5922,36.90813],[127.5914,36.90665],[127.59171,36.90618],[127.5916,36.90548],[127.59313,36.90329],[127.59223,36.90246],[127.59198,36.90161],[127.5931,36.8997],[127.59286,36.89937],[127.59561,36.89871],[127.59803,36.89875],[127.5987,36.89919],[127.59932,36.89896],[127.59952,36.89794],[127.59979,36.89792],[127.60035,36.89834],[127.6014,36.89815],[127.6022,36.89862],[127.60275,36.89959],[127.60344,36.89984],[127.60348,36.90029],[127.60594,36.9014],[127.60603,36.90188],[127.60827,36.90183],[127.60894,36.90263],[127.60978,36.90292],[127.61059,36.9028],[127.61332,36.90479],[127.61505,36.90467],[127.61534,36.90492],[127.61656,36.90424],[127.61865,36.90502],[127.62044,36.90491],[127.6211,36.90523],[127.62182,36.90478],[127.62356,36.90453],[127.62474,36.90488],[127.62526,36.90441],[127.62665,36.90402],[127.62816,36.90415],[127.62867,36.90365],[127.62953,36.90365],[127.63001,36.90326],[127.63155,36.90395],[127.6317,36.90289],[127.63346,36.90219],[127.63537,36.90277],[127.63709,36.90169],[127.63825,36.90201],[127.64088,36.90002],[127.6424,36.90054],[127.64398,36.89983],[127.6465,36.90151],[127.64795,36.90134],[127.64871,36.90167],[127.65065,36.90179],[127.65066,36.90406],[127.65186,36.90481],[127.65239,36.90657],[127.65309,36.9072],[127.65332,36.90807],[127.6541,36.90868],[127.65427,36.90951],[127.65591,36.91149],[127.65684,36.91127],[127.65873,36.91205],[127.65874,36.91246],[127.65955,36.91299],[127.65933,36.91329],[127.65977,36.91425],[127.66138,36.91633],[127.66291,36.91579],[127.665,36.91576],[127.66548,36.9151],[127.66649,36.91454],[127.66757,36.91464],[127.6681,36.91436],[127.66922,36.9148],[127.67084,36.91444],[127.67172,36.91315],[127.67264,36.91275],[127.67416,36.91342],[127.67468,36.91505],[127.67542,36.91578],[127.67688,36.91646],[127.67771,36.91649],[127.67908,36.91754],[127.68093,36.91714],[127.68427,36.9173],[127.68452,36.91977],[127.68592,36.92045],[127.68745,36.92203],[127.68988,36.92043],[127.69363,36.91997],[127.6956,36.92297],[127.69447,36.92807],[127.69206,36.93267],[127.69181,36.93473],[127.68911,36.93408],[127.68651,36.93487],[127.68513,36.93478],[127.68415,36.93413],[127.68097,36.93053],[127.67953,36.92993],[127.67636,36.93001],[127.67363,36.93088],[127.66672,36.93609],[127.66706,36.93604],[127.66743,36.9365],[127.66793,36.93813],[127.66794,36.93914],[127.66716,36.94017],[127.6672,36.94097],[127.66641,36.94131],[127.6657,36.94215],[127.66521,36.94367],[127.66377,36.94379],[127.66334,36.94436],[127.66344,36.94478],[127.66307,36.94531],[127.66484,36.94702],[127.66452,36.94888],[127.66539,36.95089],[127.66534,36.95199],[127.66478,36.95234],[127.66465,36.95305],[127.66314,36.95347],[127.66214,36.95416],[127.66116,36.95428],[127.6605,36.95524],[127.65837,36.95602],[127.65688,36.95609],[127.655,36.9557],[127.65406,36.95623]]]}},{"type":"Feature","properties":{"zoneId":"Z000103395","zoneName":"문의초통학구역","zoneType":"elementary","level":"초등학교","kind":"dedicated","oneWay":false,"sggCode":"111","eduCode":"8011000","eduName":"충청북도청주교육지원청","updatedAt":"2016-08-12"},"geometry":{"type":"Polygon","coordinates":[[[127.48136,36.53248],[127.47931,36.53246],[127.47902,36.53163],[127.47935,36.52923],[127.48026,36.52694],[127.47961,36.52589],[127.47997,36.52449],[127.47968,36.52418],[127.48009,36.52299],[127.48097,36.52188],[127.48066,36.51966],[127.48171,36.51707],[127.48175,36.5139],[127.48138,36.51339],[127.48143,36.51224],[127.48223,36.5112],[127.48427,36.51109],[127.48639,36.50856],[127.48767,36.50846],[127.48893,36.50878],[127.48816,36.50455],[127.48876,36.50253],[127.48871,36.50046],[127.48741,36.49837],[127.48428,36.49807],[127.48262,36.49845],[127.4825,36.49908],[127.48149,36.49989],[127.48072,36.50148],[127.47759,36.4996],[127.47589,36.4967],[127.47612,36.49201],[127.47522,36.49037],[127.47567,36.49023],[127.47578,36.48508],[127.47678,36.48385],[127.47641,36.48284],[127.47715,36.48055],[127.47757,36.4802],[127.47704,36.47996],[127.4791,36.47828],[127.47949,36.47754],[127.48403,36.47662],[127.48454,36.47454],[127.48329,36.47001],[127.48161,36.46641],[127.47972,36.46421],[127.47782,36.46091],[127.47758,36.45842],[127.47896,36.4565],[127.48211,36.45389],[127.48454,36.45293],[127.4869,36.45278],[127.49162,36.45335],[127.50059,36.4562],[127.50279,36.45551],[127.50447,36.45183],[127.50348,36.44936],[127.49714,36.44472],[127.4935,36.44119],[127.49243,36.43937],[127.49108,36.44001],[127.4898,36.43912],[127.48887,36.43879],[127.48832,36.43898],[127.48774,36.43863],[127.48618,36.43676],[127.48601,36.43611],[127.48236,36.432],[127.48728,36.43126],[127.48677,36.43013],[127.48813,36.42971],[127.48811,36.42915],[127.48775,36.42887],[127.48675,36.42941],[127.48542,36.42925],[127.48553,36.42729],[127.48499,36.42703],[127.48492,36.42676],[127.48527,36.42667],[127.48492,36.42619],[127.48536,36.42602],[127.4887,36.42761],[127.48936,36.42714],[127.48666,36.42616],[127.48434,36.42413],[127.48435,36.42291],[127.4861,36.42292],[127.48598,36.42319],[127.48648,36.42325],[127.48672,36.42386],[127.48916,36.42524],[127.48937,36.42484],[127.48977,36.42504],[127.49055,36.42456],[127.49031,36.42116],[127.49068,36.42004],[127.49176,36.41947],[127.49192,36.41892],[127.49171,36.41862],[127.49192,36.41784],[127.49143,36.41663],[127.49175,36.41597],[127.49168,36.41494],[127.49318,36.41542],[127.49414,36.41641],[127.4951,36.4151],[127.49569,36.41235],[127.49911,36.41115],[127.49966,36.40924],[127.50022,36.40838],[127.50156,36.40865],[127.50448,36.40821],[127.50806,36.40827],[127.5095,36.40862],[127.51102,36.41031],[127.51665,36.43022],[127.51938,36.4348],[127.52869,36.44098],[127.53058,36.44183],[127.53927,36.44499],[127.53952,36.44475],[127.54388,36.44624],[127.54575,36.44626],[127.5453,36.44811],[127.546,36.45038],[127.54654,36.45042],[127.54713,36.45152],[127.54797,36.45168],[127.54805,36.45283],[127.5491,36.45374],[127.54921,36.45459],[127.55097,36.45515],[127.55148,36.45577],[127.55319,36.45914],[127.55294,36.45971],[127.55373,36.46094],[127.55365,36.46238],[127.55431,36.46363],[127.55293,36.46475],[127.55566,36.46574],[127.55528,36.46645],[127.55567,36.46738],[127.55657,36.4679],[127.55706,36.46998],[127.55617,36.47182],[127.55818,36.47224],[127.55862,36.47207],[127.5597,36.47383],[127.55904,36.47498],[127.56075,36.47567],[127.56237,36.4786],[127.56274,36.48024],[127.56444,36.48],[127.5647,36.48068],[127.56707,36.48164],[127.56658,36.48326],[127.5673,36.48428],[127.56922,36.48519],[127.57032,36.48619],[127.5729,36.48658],[127.57348,36.48801],[127.57583,36.48992],[127.57845,36.49026],[127.57679,36.49048],[127.57629,36.49141],[127.57541,36.4916],[127.57457,36.49244],[127.57218,36.49347],[127.57242,36.49508],[127.57202,36.49643],[127.5712,36.49716],[127.57092,36.49806],[127.57111,36.49837],[127.57065,36.4992],[127.5702,36.49932],[127.57027,36.50034],[127.5707,36.50086],[127.57003,36.50322],[127.5709,36.50431],[127.57064,36.50552],[127.57161,36.50555],[127.57283,36.50813],[127.57354,36.50841],[127.573,36.50931],[127.57274,36.51112],[127.57322,36.51159],[127.57275,36.51354],[127.57295,36.51443],[127.57266,36.51589],[127.57331,36.51645],[127.57218,36.51784],[127.57092,36.51852],[127.56943,36.52137],[127.56919,36.52368],[127.5686,36.52417],[127.56796,36.52691],[127.56532,36.52953],[127.56512,36.53062],[127.56349,36.53073],[127.56181,36.52892],[127.561,36.52886],[127.55951,36.52793],[127.55844,36.52674],[127.55867,36.52602],[127.55748,36.52577],[127.55745,36.52482],[127.55621,36.52392],[127.55603,36.52333],[127.55476,36.52257],[127.55383,36.52266],[127.55349,36.52205],[127.55293,36.52179],[127.55063,36.52365],[127.54625,36.5244],[127.54442,36.52411],[127.54318,36.52279],[127.54127,36.5238],[127.53925,36.52304],[127.53818,36.52213],[127.53684,36.52299],[127.53726,36.52443],[127.53645,36.52551],[127.535,36.5257],[127.5327,36.52506],[127.53169,36.52565],[127.52902,36.524],[127.52696,36.52156],[127.5255,36.5215],[127.52442,36.5206],[127.52459,36.51925],[127.52306,36.51944],[127.52237,36.52039],[127.51699,36.51897],[127.5104,36.52085],[127.50973,36.52241],[127.51042,36.52346],[127.50834,36.524],[127.50729,36.52565],[127.50726,36.52643],[127.50659,36.52671],[127.50631,36.52851],[127.50535,36.52923],[127.50051,36.529],[127.50001,36.52873],[127.50019,36.52735],[127.49957,36.5262],[127.49818,36.52571],[127.49625,36.52579],[127.49388,36.52683],[127.48934,36.53126],[127.4847,36.53184],[127.4833,36.53145],[127.48136,36.53248]]]}},{"type":"Feature","properties":{"zoneId":"Z000103479","zoneName":"수안보초통학구역","zoneType":"elementary","level":"초등학교","kind":"dedicated","oneWay":false,"sggCode":"130","eduCode":"8021000","eduName":"충청북도충주교육지원청","updatedAt":"2016-08-12"},"geometry":{"type":"Polygon","coordinates":[[[127.99596,36.86535],[127.99537,36.86582],[127.99396,36.86662],[127.99184,36.86621],[127.99178,36.86572],[127.99098,36.86534],[127.9898,36.86518],[127.98876,36.86543],[127.9862,36.86438],[127.9852,36.86436],[127.98358,36.86501],[127.98254,36.86489],[127.98177,36.8654],[127.976,36.8643],[127.97559,36.86394],[127.97564,36.86224],[127.97512,36.86144],[127.96937,36.85935],[127.96844,36.8586],[127.9679,36.85768],[127.96892,36.85673],[127.96807,36.85533],[127.96788,36.85311],[127.9669,36.85095],[127.9693,36.8483],[127.97038,36.84754],[127.97028,36.84527],[127.97128,36.84495],[127.97225,36.84319],[127.97367,36.84204],[127.97434,36.84208],[127.97536,36.83975],[127.97567,36.83812],[127.97716,36.83614],[127.97531,36.83454],[127.97446,36.8332],[127.9731,36.82979],[127.97159,36.82806],[127.9717,36.82635],[127.97239,36.82547],[127.976,36.82371],[127.98185,36.82343],[127.98238,36.82198],[127.98175,36.82027],[127.9831,36.81787],[127.98247,36.81683],[127.9824,36.81601],[127.98529,36.8161],[127.98664,36.81572],[127.98836,36.81505],[127.99173,36.81288],[127.99259,36.81267],[127.99779,36.81294],[128.00015,36.81117],[128.00203,36.81041],[128.00367,36.81058],[128.00892,36.80807],[128.00977,36.80739],[128.01158,36.80679],[128.01238,36.80801],[128.01367,36.80877],[128.01662,36.80789],[128.01816,36.80827],[128.02113,36.81028],[128.02171,36.81193],[128.02303,36.81312],[128.02362,36.81504],[128.02399,36.81526],[128.0237,36.81529],[128.02346,36.81624],[128.02217,36.81739],[128.02292,36.81967],[128.02321,36.82229],[128.02386,36.82321],[128.02302,36.82477],[128.02404,36.82599],[128.0286,36.82488],[128.03022,36.82533],[128.03134,36.82505],[128.03194,36.82526],[128.03547,36.82495],[128.03638,36.82461],[128.03901,36.82141],[128.04223,36.8206],[128.04725,36.82223],[128.0485,36.8214],[128.04897,36.82148],[128.0505,36.81968],[128.05148,36.819],[128.05252,36.81869],[128.05466,36.81905],[128.05557,36.8186],[128.05683,36.81717],[128.05726,36.81729],[128.05924,36.81639],[128.06108,36.81716],[128.06345,36.81696],[128.0642,36.81744],[128.06736,36.81677],[128.07067,36.81455],[128.0718,36.81455],[128.07443,36.81282],[128.07561,36.81162],[128.07716,36.81098],[128.0785,36.809],[128.08267,36.80683],[128.08434,36.80493],[128.08537,36.8042],[128.08506,36.80312],[128.08429,36.80286],[128.08386,36.80223],[128.08416,36.80118],[128.08383,36.7993],[128.08799,36.79723],[128.09007,36.79664],[128.0935,36.79678],[128.09344,36.8005],[128.09293,36.80163],[128.09296,36.80286],[128.09537,36.80398],[128.09625,36.80373],[128.09768,36.80484],[128.09943,36.80509],[128.10195,36.80629],[128.10585,36.80595],[128.10708,36.80731],[128.10818,36.81044],[128.10827,36.81351],[128.10981,36.81577],[128.10925,36.8162],[128.10988,36.82147],[128.11055,36.82159],[128.11291,36.82101],[128.11845,36.82149],[128.11902,36.82304],[128.12266,36.82327],[128.12634,36.825],[128.12893,36.8248],[128.12988,36.82515],[128.13082,36.82615],[128.13305,36.82738],[128.13398,36.82844],[128.13398,36.83077],[128.13357,36.8328],[128.13068,36.83249],[128.12653,36.83395],[128.12216,36.83386],[128.11773,36.8321],[128.11523,36.83168],[128.11296,36.83047],[128.11071,36.83016],[128.10715,36.83062],[128.10486,36.83172],[128.10234,36.83218],[128.10057,36.83327],[128.09759,36.83351],[128.09693,36.83447],[128.09478,36.8353],[128.09457,36.83632],[128.09392,36.83686],[128.09457,36.83788],[128.09368,36.84178],[128.09375,36.84271],[128.09289,36.8438],[128.09289,36.84503],[128.09194,36.84604],[128.09143,36.84918],[128.08914,36.84997],[128.08713,36.85153],[128.08401,36.84951],[128.07979,36.84898],[128.0755,36.84726],[128.07448,36.84727],[128.07134,36.84588],[128.06881,36.8453],[128.06624,36.84282],[128.06269,36.83812],[128.06195,36.83792],[128.06052,36.83827],[128.05881,36.8395],[128.0581,36.84254],[128.05813,36.84378],[128.05523,36.84438],[128.05267,36.84572],[128.05077,36.84593],[128.04665,36.84749],[128.04635,36.84786],[128.04358,36.84844],[128.04178,36.84962],[128.03966,36.8503],[128.03822,36.85171],[128.03684,36.85174],[128.03558,36.85503],[128.03595,36.85595],[128.03293,36.85482],[128.03098,36.8549],[128.02883,36.85545],[128.02802,36.85513],[128.02559,36.85501],[128.02234,36.85537],[128.02138,36.85501],[128.01989,36.85503],[128.01897,36.85555],[128.01802,36.85535],[128.01723,36.85449],[128.01631,36.85513],[128.01366,36.85561],[128.01174,36.85773],[128.01091,36.85825],[128.01036,36.85915],[128.0071,36.86141],[128.00534,36.86085],[128.00342,36.86186],[128.00206,36.86326],[127.99979,36.86371],[127.99739,36.86499],[127.99596,36.86535]]]}},{"type":"Feature","properties":{"zoneId":"Z000103561","zoneName":"양산초통학구역","zoneType":"elementary","level":"초등학교","kind":"dedicated","oneWay":false,"sggCode":"740","eduCode":"8071000","eduName":"충청북도영동교육지원청","updatedAt":"2016-08-12"},"geometry":{"type":"Polygon","coordinates":[[[127.60906,36.1847],[127.60894,36.18512],[127.60889,36.18543],[127.60825,36.18568],[127.60675,36.18534],[127.60578,36.18471],[127.60388,36.18543],[127.60176,36.18432],[127.59775,36.18491],[127.59743,36.18433],[127.59544,36.18295],[127.59494,36.18224],[127.59424,36.18218],[127.59491,36.17962],[127.59399,36.17817],[127.59306,36.17738],[127.5945,36.17553],[127.59555,36.1751],[127.59636,36.17433],[127.59863,36.1738],[127.6008,36.16974],[127.60148,36.16905],[127.6011,36.16825],[127.60109,36.16751],[127.60148,36.16701],[127.60101,36.16329],[127.6012,36.16118],[127.60166,36.16002],[127.5985,36.1549],[127.59767,36.15417],[127.59591,36.15349],[127.59502,36.15262],[127.59433,36.15128],[127.59341,36.15052],[127.59284,36.14763],[127.59205,36.14691],[127.5917,36.14596],[127.59186,36.14561],[127.59095,36.14483],[127.59081,36.14376],[127.59044,36.14333],[127.59054,36.14097],[127.59112,36.13949],[127.59073,36.1387],[127.5909,36.13729],[127.59029,36.13673],[127.59027,36.13578],[127.5895,36.13518],[127.58944,36.13474],[127.59026,36.1329],[127.59131,36.13248],[127.59256,36.1301],[127.59364,36.12942],[127.59375,36.12878],[127.59524,36.12818],[127.59587,36.12573],[127.59634,36.12545],[127.59863,36.12537],[127.5992,36.12294],[127.6032,36.12061],[127.60553,36.1182],[127.60599,36.11679],[127.60764,36.11708],[127.60858,36.11778],[127.60859,36.11844],[127.61009,36.11861],[127.61003,36.11736],[127.61073,36.11614],[127.61523,36.11641],[127.61703,36.11608],[127.61826,36.11776],[127.61948,36.11792],[127.62271,36.11953],[127.62353,36.11947],[127.62464,36.11886],[127.62815,36.11648],[127.63035,36.11639],[127.63036,36.11753],[127.63319,36.11908],[127.63409,36.11876],[127.63462,36.11912],[127.63565,36.11882],[127.6388,36.12007],[127.63948,36.11967],[127.64052,36.1197],[127.64144,36.12109],[127.64298,36.12204],[127.6435,36.12168],[127.6452,36.12193],[127.64972,36.12157],[127.65305,36.12168],[127.65421,36.12033],[127.65593,36.11926],[127.65327,36.11563],[127.65295,36.11153],[127.65313,36.10576],[127.66996,36.10612],[127.67405,36.10594],[127.67373,36.10806],[127.67451,36.11027],[127.67433,36.11188],[127.67395,36.11301],[127.67171,36.11461],[127.67119,36.11554],[127.67231,36.11605],[127.67361,36.11599],[127.67406,36.11517],[127.6747,36.11504],[127.67559,36.11576],[127.6767,36.11581],[127.67658,36.11494],[127.67712,36.11425],[127.67647,36.11328],[127.67672,36.11192],[127.67765,36.1117],[127.67781,36.11134],[127.67844,36.1116],[127.67883,36.11122],[127.68084,36.11157],[127.68154,36.11087],[127.68182,36.10981],[127.68336,36.10912],[127.6855,36.10738],[127.68557,36.10876],[127.68701,36.10911],[127.68808,36.1098],[127.68841,36.11012],[127.68823,36.11056],[127.68851,36.11107],[127.69021,36.11224],[127.6905,36.11289],[127.69,36.11311],[127.68937,36.11408],[127.68994,36.11584],[127.69074,36.1169],[127.69218,36.11748],[127.69288,36.11815],[127.69288,36.12087],[127.69341,36.12127],[127.69399,36.1234],[127.69441,36.12357],[127.69535,36.12549],[127.69591,36.12581],[127.69523,36.12754],[127.69723,36.12974],[127.69666,36.13487],[127.69375,36.14235],[127.69378,36.1432],[127.69441,36.14392],[127.69189,36.14433],[127.69067,36.144],[127.68944,36.14454],[127.68851,36.14545],[127.68857,36.14588],[127.68785,36.14732],[127.68815,36.14792],[127.69077,36.14917],[127.69144,36.15002],[127.69143,36.15101],[127.69246,36.15327],[127.69097,36.1541],[127.69078,36.15462],[127.69116,36.15526],[127.69047,36.15665],[127.69052,36.15714],[127.68915,36.15818],[127.68811,36.16014],[127.68427,36.16029],[127.68245,36.16132],[127.68151,36.16265],[127.68305,36.16566],[127.68455,36.16661],[127.68371,36.16716],[127.68258,36.16685],[127.68216,36.1663],[127.68049,36.16788],[127.68025,36.16837],[127.68175,36.16981],[127.68231,36.17139],[127.6823,36.17244],[127.68189,36.17314],[127.68129,36.17343],[127.67839,36.17416],[127.67632,36.1771],[127.6761,36.17798],[127.6743,36.1784],[127.67118,36.17759],[127.67043,36.17829],[127.66774,36.17912],[127.666,36.17904],[127.66245,36.17819],[127.66177,36.1786],[127.65831,36.17859],[127.65771,36.1784],[127.65767,36.17777],[127.65622,36.17789],[127.65502,36.17761],[127.65426,36.17583],[127.65253,36.17445],[127.65201,36.17198],[127.64971,36.17071],[127.64854,36.17147],[127.6461,36.17131],[127.64386,36.17217],[127.64242,36.1743],[127.64059,36.17477],[127.63945,36.17581],[127.63886,36.17588],[127.63786,36.17737],[127.63589,36.17829],[127.63509,36.17802],[127.63052,36.1793],[127.62967,36.17869],[127.62902,36.17869],[127.62834,36.17918],[127.62778,36.17833],[127.62712,36.17797],[127.62531,36.17879],[127.62459,36.18038],[127.62392,36.18102],[127.62168,36.18099],[127.62081,36.18183],[127.61867,36.18174],[127.6176,36.18245],[127.61473,36.18339],[127.61434,36.18404],[127.6112,36.18322],[127.6099,36.18387],[127.60906,36.1847]]]}},{"type":"Feature","properties":{"zoneId":"Z000103558","zoneName":"상촌초통학구역","zoneType":"elementary","level":"초등학교","kind":"dedicated","oneWay":false,"sggCode":"740","eduCode":"8071000","eduName":"충청북도영동교육지원청","updatedAt":"2016-08-12"},"geometry":{"type":"Polygon","coordinates":[[[127.9079,36.18257],[127.9075,36.1827],[127.90123,36.18229],[127.90005,36.18125],[127.89708,36.18203],[127.89556,36.18192],[127.89564,36.18106],[127.89632,36.17991],[127.89617,36.17804],[127.8959,36.17744],[127.895,36.17674],[127.89506,36.173],[127.89193,36.17269],[127.89018,36.17171],[127.89027,36.17086],[127.88935,36.1701],[127.88652,36.16938],[127.88572,36.16964],[127.88275,36.16872],[127.88236,36.16757],[127.88269,36.16696],[127.88275,36.16466],[127.88142,36.16429],[127.88006,36.16289],[127.87777,36.16282],[127.87558,36.16093],[127.87435,36.16086],[127.87372,36.15962],[127.87237,36.15861],[127.87238,36.15686],[127.87152,36.15604],[127.87146,36.15558],[127.87347,36.1542],[127.87255,36.15108],[127.87269,36.14997],[127.87335,36.14937],[127.8724,36.1455],[127.8717,36.14517],[127.87015,36.14596],[127.86702,36.14662],[127.8657,36.14659],[127.86128,36.14384],[127.86057,36.14358],[127.85901,36.14393],[127.8561,36.14122],[127.85457,36.14117],[127.85342,36.14208],[127.85142,36.14108],[127.85042,36.13979],[127.85018,36.13875],[127.84955,36.13836],[127.84812,36.13395],[127.84664,36.13324],[127.84514,36.13189],[127.84501,36.13142],[127.84353,36.1303],[127.84241,36.12881],[127.84061,36.12807],[127.84057,36.12691],[127.83994,36.12485],[127.84009,36.12412],[127.83953,36.12291],[127.83958,36.1208],[127.8378,36.12006],[127.83741,36.11879],[127.83548,36.11727],[127.8355,36.11694],[127.83638,36.11624],[127.83663,36.11506],[127.83675,36.11356],[127.83632,36.11313],[127.8359,36.11161],[127.83677,36.1106],[127.83644,36.10991],[127.83554,36.10924],[127.83335,36.10563],[127.83312,36.10356],[127.83032,36.10203],[127.83008,36.10089],[127.83026,36.10003],[127.82858,36.09884],[127.82661,36.09837],[127.82421,36.09868],[127.82293,36.0981],[127.82324,36.0969],[127.82141,36.09315],[127.82015,36.092],[127.81838,36.09099],[127.81896,36.08827],[127.81982,36.08683],[127.81954,36.08561],[127.82003,36.08206],[127.81985,36.08108],[127.82023,36.08015],[127.81961,36.07732],[127.82035,36.07598],[127.82223,36.07462],[127.82215,36.07386],[127.82348,36.07329],[127.82591,36.07349],[127.82714,36.07294],[127.82836,36.07324],[127.82923,36.07308],[127.83,36.07236],[127.83183,36.07155],[127.83584,36.06807],[127.83723,36.06825],[127.84039,36.06621],[127.84165,36.06452],[127.8452,36.06302],[127.84596,36.06303],[127.8465,36.06174],[127.8463,36.05908],[127.85014,36.05393],[127.84983,36.05224],[127.85054,36.05036],[127.84976,36.04917],[127.84951,36.04788],[127.85019,36.04626],[127.85021,36.04439],[127.8491,36.04306],[127.84916,36.04068],[127.84854,36.03972],[127.84898,36.03931],[127.85281,36.03911],[127.85359,36.03691],[127.85566,36.03293],[127.85814,36.03243],[127.8606,36.03146],[127.86362,36.02785],[127.86432,36.0257],[127.86615,36.02429],[127.86774,36.02377],[127.87144,36.02383],[127.87266,36.02324],[127.87677,36.02251],[127.87731,36.02341],[127.88059,36.02525],[127.88346,36.02806],[127.88344,36.03234],[127.88491,36.03344],[127.88484,36.03589],[127.8862,36.03572],[127.88752,36.03469],[127.88854,36.03485],[127.88996,36.03573],[127.89156,36.03603],[127.89384,36.03765],[127.89717,36.03735],[127.89753,36.03803],[127.90269,36.0391],[127.90302,36.03937],[127.90329,36.04055],[127.90351,36.04342],[127.90516,36.045],[127.9053,36.04596],[127.90795,36.048],[127.90941,36.05001],[127.91043,36.05065],[127.91179,36.05047],[127.9131,36.0513],[127.91634,36.05447],[127.91708,36.05399],[127.91959,36.05369],[127.92058,36.0541],[127.92279,36.05323],[127.9252,36.05284],[127.92636,36.0518],[127.92772,36.05123],[127.92856,36.05012],[127.93018,36.04944],[127.9325,36.05068],[127.93268,36.0504],[127.93417,36.05098],[127.93629,36.05108],[127.94384,36.05625],[127.94719,36.05718],[127.94768,36.05862],[127.94989,36.05972],[127.9508,36.061],[127.95222,36.06374],[127.95197,36.06471],[127.95348,36.06632],[127.95775,36.06923],[127.96087,36.07034],[127.96103,36.07085],[127.96095,36.0739],[127.96182,36.07582],[127.96187,36.07678],[127.96114,36.07836],[127.96094,36.07964],[127.9614,36.08037],[127.96169,36.08298],[127.96105,36.08314],[127.96083,36.08562],[127.95935,36.086],[127.95873,36.08753],[127.95847,36.09014],[127.95858,36.0909],[127.95961,36.0924],[127.95971,36.09451],[127.96463,36.09555],[127.96504,36.0972],[127.96489,36.09862],[127.96665,36.10026],[127.96869,36.10313],[127.96898,36.10435],[127.96795,36.10728],[127.96576,36.10979],[127.96549,36.11066],[127.96575,36.11189],[127.9652,36.11283],[127.9667,36.11539],[127.96661,36.1161],[127.96543,36.11655],[127.96432,36.11615],[127.963,36.11682],[127.96207,36.11745],[127.96115,36.11904],[127.96029,36.11971],[127.96013,36.12039],[127.95792,36.12095],[127.95589,36.12067],[127.95102,36.12372],[127.9511,36.12504],[127.95037,36.12636],[127.94935,36.12736],[127.94875,36.12888],[127.94795,36.12959],[127.94766,36.13033],[127.94654,36.13136],[127.9463,36.13208],[127.94659,36.13296],[127.94631,36.13381],[127.94541,36.13456],[127.94514,36.13559],[127.94543,36.13688],[127.94488,36.13771],[127.94539,36.13886],[127.94456,36.13973],[127.94486,36.14047],[127.94399,36.14292],[127.94202,36.14415],[127.94215,36.14657],[127.94158,36.14806],[127.94163,36.1489],[127.93925,36.15236],[127.93915,36.15356],[127.9388,36.15397],[127.93689,36.15436],[127.93525,36.15518],[127.93346,36.15531],[127.93152,36.15669],[127.93025,36.15818],[127.92986,36.16047],[127.92905,36.16084],[127.927,36.16053],[127.92598,36.16101],[127.92469,36.16301],[127.9224,36.16405],[127.92205,36.16448],[127.92037,36.16453],[127.91877,36.16523],[127.91767,36.16469],[127.91639,36.16574],[127.91603,36.16661],[127.916,36.16803],[127.91677,36.16953],[127.91803,36.16974],[127.91804,36.17024],[127.91806,36.17117],[127.91649,36.17218],[127.91797,36.17422],[127.91514,36.17618],[127.91237,36.17702],[127.91092,36.17971],[127.90808,36.18176],[127.9079,36.18257]]]}},{"type":"Feature","properties":{"zoneId":"Z000150389","zoneName":"금가초대미초공동통학구역","zoneType":"elementary","level":"초등학교","kind":"shared","oneWay":false,"sggCode":"130","eduCode":"8021000","eduName":"충청북도충주교육지원청","updatedAt":"2016-08-12"},"geometry":{"type":"Polygon","coordinates":[[[127.92748,37.04213],[127.92313,37.04193],[127.92209,37.04194],[127.9219,37.04432],[127.91669,37.04404],[127.91292,37.04231],[127.91262,37.03864],[127.914,37.03298],[127.91795,37.03246],[127.91952,37.03319],[127.922,37.03314],[127.92273,37.03284],[127.92587,37.03348],[127.92814,37.03316],[127.92944,37.03662],[127.92827,37.03997],[127.92741,37.0409],[127.92748,37.04213]]]}},{"type":"Feature","properties":{"zoneId":"Z000103637","zoneName":"상진초통학구역","zoneType":"elementary","level":"초등학교","kind":"dedicated","oneWay":false,"sggCode":"800","eduCode":"8111000","eduName":"충청북도단양교육지원청","updatedAt":"2016-08-12"},"geometry":{"type":"Polygon","coordinates":[[[128.33882,36.99655],[128.33882,36.99655],[128.33695,36.99678],[128.33618,36.99576],[128.33414,36.99494],[128.33428,36.99457],[128.33364,36.9939],[128.33268,36.99354],[128.33197,36.99267],[128.33131,36.99112],[128.329,36.9898],[128.32922,36.98911],[128.32737,36.9867],[128.32772,36.98518],[128.33282,36.98355],[128.33333,36.98289],[128.33524,36.9819],[128.33726,36.98099],[128.33955,36.98047],[128.34183,36.97923],[128.34104,36.97793],[128.3385,36.96539],[128.33741,36.962],[128.33239,36.95692],[128.33396,36.95793],[128.33511,36.95712],[128.33559,36.95479],[128.33692,36.95435],[128.33841,36.95302],[128.3411,36.9517],[128.34144,36.95165],[128.34172,36.95249],[128.34274,36.95195],[128.34415,36.95177],[128.34561,36.95054],[128.34583,36.94939],[128.34636,36.94891],[128.34751,36.94885],[128.34907,36.94948],[128.35036,36.95055],[128.35247,36.95055],[128.35364,36.95094],[128.35525,36.95041],[128.35605,36.95087],[128.35679,36.9508],[128.35831,36.95204],[128.35912,36.95204],[128.35987,36.95446],[128.35862,36.95638],[128.35868,36.95672],[128.35886,36.95749],[128.36097,36.96004],[128.36078,36.96129],[128.36009,36.96172],[128.35965,36.96263],[128.36018,36.96338],[128.3602,36.96473],[128.36059,36.96519],[128.36055,36.96565],[128.35975,36.96678],[128.35952,36.96775],[128.35973,36.96814],[128.35879,36.97086],[128.35754,36.97089],[128.35581,36.97194],[128.35568,36.97271],[128.35648,36.97465],[128.35581,36.97497],[128.35799,36.97488],[128.36363,36.97323],[128.36493,36.97328],[128.3673,36.97438],[128.36599,36.976],[128.36474,36.97567],[128.36383,36.97679],[128.36378,36.97897],[128.36331,36.97984],[128.36391,36.98065],[128.36403,36.98184],[128.36329,36.98263],[128.36247,36.98237],[128.36003,36.98273],[128.35893,36.98391],[128.35535,36.9842],[128.35418,36.98463],[128.35364,36.98526],[128.35235,36.98513],[128.35084,36.98566],[128.3514,36.98704],[128.35125,36.98755],[128.35068,36.9879],[128.35053,36.98901],[128.3511,36.99003],[128.35048,36.99167],[128.34802,36.99262],[128.34684,36.99356],[128.34399,36.99452],[128.34126,36.99627],[128.33882,36.99655]]]}},{"type":"Feature","properties":{"zoneId":"Z000103500","zoneName":"금성초통학구역","zoneType":"elementary","level":"초등학교","kind":"dedicated","oneWay":false,"sggCode":"150","eduCode":"8031000","eduName":"충청북도제천교육지원청","updatedAt":"2016-08-12"},"geometry":{"type":"Polygon","coordinates":[[[128.17313,37.09622],[128.17307,37.09625],[128.17175,37.09652],[128.17105,37.097],[128.16968,37.09655],[128.16942,37.0962],[128.16634,37.09685],[128.16542,37.09644],[128.16541,37.09533],[128.16608,37.09293],[128.16532,37.09245],[128.1655,37.09155],[128.1649,37.09065],[128.16268,37.09021],[128.15854,37.09148],[128.1577,37.09085],[128.15664,37.09098],[128.15598,37.09071],[128.15606,37.08928],[128.15547,37.08803],[128.15625,37.08653],[128.15463,37.08594],[128.15457,37.08524],[128.15307,37.08387],[128.15072,37.08394],[128.1487,37.08321],[128.14745,37.08155],[128.14566,37.08101],[128.14522,37.08055],[128.14389,37.08031],[128.14269,37.07895],[128.14141,37.07843],[128.14037,37.07756],[128.13629,37.07719],[128.13605,37.0769],[128.13408,37.07665],[128.13247,37.07608],[128.13154,37.07537],[128.13004,37.07505],[128.12855,37.07415],[128.12779,37.07401],[128.12628,37.07474],[128.1249,37.07227],[128.12505,37.07199],[128.1244,37.07132],[128.12308,37.07158],[128.12217,37.07114],[128.12128,37.07142],[128.12074,37.07114],[128.11827,37.07125],[128.11558,37.07069],[128.11455,37.0696],[128.11433,37.06892],[128.1128,37.06824],[128.11236,37.06761],[128.11132,37.0673],[128.11069,37.06503],[128.10831,37.06591],[128.10765,37.06697],[128.10705,37.06718],[128.10615,37.06744],[128.10423,37.06693],[128.10308,37.06833],[128.10069,37.06956],[128.0987,37.06994],[128.09766,37.06944],[128.09674,37.07073],[128.09426,37.07192],[128.09277,37.07331],[128.08929,37.07322],[128.08674,37.07473],[128.08545,37.07513],[128.08412,37.0741],[128.08279,37.07383],[128.08305,37.07233],[128.08206,37.07079],[128.084,37.0683],[128.08443,37.06702],[128.08578,37.06558],[128.08548,37.06356],[128.08491,37.0631],[128.08473,37.06219],[128.08406,37.0618],[128.08413,37.06087],[128.0831,37.06007],[128.08259,37.05904],[128.08293,37.05741],[128.08381,37.05616],[128.08377,37.05553],[128.08124,37.04996],[128.08116,37.04897],[128.0807,37.04842],[128.08208,37.04827],[128.08277,37.04764],[128.08278,37.04624],[128.08401,37.04526],[128.08449,37.04443],[128.08424,37.04361],[128.08448,37.04261],[128.08349,37.04205],[128.08346,37.03895],[128.08418,37.03778],[128.08568,37.03696],[128.08648,37.03587],[128.08668,37.03503],[128.0888,37.03137],[128.08862,37.03083],[128.08734,37.03008],[128.08614,37.0282],[128.08763,37.0274],[128.08802,37.02561],[128.09006,37.02442],[128.09044,37.02332],[128.08767,37.02275],[128.08739,37.02218],[128.08632,37.0216],[128.08607,37.02055],[128.08557,37.02],[128.08748,37.01926],[128.08886,37.01795],[128.08875,37.01714],[128.08759,37.01512],[128.08674,37.01439],[128.08649,37.0131],[128.08662,37.01135],[128.08635,37.01084],[128.08417,37.01023],[128.08099,37.0088],[128.07976,37.00744],[128.07972,37.00664],[128.07912,37.00633],[128.07747,37.00634],[128.07651,37.00541],[128.07619,37.00349],[128.07644,37.00211],[128.0783,37.00083],[128.07888,36.99634],[128.0799,36.99622],[128.08024,36.99576],[128.08331,36.99585],[128.08402,36.99551],[128.08442,36.99493],[128.08494,36.99043],[128.08574,36.9898],[128.09007,36.9895],[128.09059,36.99015],[128.09133,36.99233],[128.09344,36.99335],[128.09882,36.99288],[128.10375,36.9906],[128.10516,36.99108],[128.10578,36.99387],[128.10508,36.99926],[128.10541,37.00319],[128.10737,37.01001],[128.11148,37.01553],[128.11505,37.01882],[128.1175,37.02013],[128.11849,37.02035],[128.11937,37.01795],[128.11907,37.01675],[128.12012,37.01559],[128.12299,37.01565],[128.12463,37.01474],[128.12582,37.01515],[128.1278,37.01491],[128.12904,37.01429],[128.12962,37.01278],[128.13114,37.01353],[128.13445,37.01374],[128.13786,37.01204],[128.13872,37.01206],[128.13917,37.01341],[128.13872,37.01492],[128.138,37.01568],[128.13846,37.01602],[128.13791,37.01615],[128.13643,37.01787],[128.1367,37.02045],[128.1356,37.02144],[128.13532,37.02257],[128.1387,37.02334],[128.14637,37.02394],[128.14619,37.02516],[128.14697,37.02536],[128.14783,37.02502],[128.15449,37.0253],[128.15777,37.02458],[128.15958,37.02604],[128.16172,37.0311],[128.16263,37.03107],[128.16305,37.03052],[128.16311,37.02891],[128.16483,37.02907],[128.1653,37.02875],[128.16656,37.02866],[128.1666,37.02781],[128.16779,37.02593],[128.16872,37.02572],[128.16935,37.02492],[128.1704,37.0251],[128.17223,37.02397],[128.17239,37.0232],[128.17293,37.0227],[128.17402,37.02268],[128.175,37.0222],[128.17508,37.02178],[128.17592,37.02166],[128.17738,37.02215],[128.17933,37.0215],[128.18096,37.02284],[128.18419,37.02326],[128.18778,37.0245],[128.18829,37.02414],[128.18978,37.02461],[128.19309,37.02369],[128.20508,37.0242],[128.20846,37.0239],[128.21238,37.02414],[128.21736,37.02511],[128.21803,37.02574],[128.22143,37.02562],[128.22343,37.02687],[128.22505,37.02721],[128.22525,37.02809],[128.22408,37.03059],[128.22405,37.03137],[128.22478,37.03319],[128.22443,37.03431],[128.22171,37.03597],[128.21712,37.03739],[128.21777,37.03804],[128.21824,37.0395],[128.21999,37.0416],[128.22083,37.042],[128.21933,37.04454],[128.21898,37.04584],[128.21942,37.04631],[128.22,37.04633],[128.22037,37.04709],[128.22014,37.04872],[128.22107,37.04957],[128.22103,37.05004],[128.21886,37.05178],[128.21903,37.05312],[128.21784,37.05434],[128.22132,37.05558],[128.2219,37.05609],[128.22181,37.05681],[128.22226,37.05778],[128.22497,37.05872],[128.22475,37.06033],[128.2252,37.06101],[128.22537,37.06234],[128.2306,37.06323],[128.23099,37.06375],[128.23171,37.06386],[128.23326,37.06491],[128.23544,37.06484],[128.23681,37.06542],[128.23766,37.06701],[128.2383,37.06712],[128.23853,37.06781],[128.2387,37.06987],[128.23827,37.07121],[128.23873,37.07229],[128.23938,37.07284],[128.23941,37.0736],[128.24126,37.07453],[128.23739,37.07778],[128.23712,37.07848],[128.23613,37.07924],[128.23578,37.08017],[128.23328,37.0787],[128.22946,37.07795],[128.2279,37.07851],[128.22715,37.07917],[128.22642,37.07926],[128.22427,37.07853],[128.22353,37.07797],[128.22159,37.07949],[128.22072,37.07922],[128.21932,37.07982],[128.21746,37.08164],[128.21541,37.08246],[128.21542,37.08318],[128.21445,37.08402],[128.21285,37.08445],[128.21105,37.08404],[128.21,37.08496],[128.20936,37.0847],[128.20746,37.08531],[128.20797,37.08604],[128.20809,37.08715],[128.20731,37.08733],[128.2068,37.08834],[128.20761,37.08896],[128.2075,37.0897],[128.2084,37.09086],[128.20916,37.09105],[128.20916,37.09192],[128.21051,37.09423],[128.20903,37.09519],[128.20523,37.09577],[128.20445,37.09575],[128.2039,37.09534],[128.20275,37.09593],[128.20102,37.09526],[128.20029,37.09462],[128.20012,37.09394],[128.19812,37.09289],[128.19777,37.09022],[128.19819,37.08885],[128.19738,37.08826],[128.1963,37.08814],[128.19531,37.08866],[128.19388,37.09075],[128.19303,37.09112],[128.19227,37.09175],[128.1919,37.09259],[128.19107,37.09304],[128.19028,37.09122],[128.18379,37.09116],[128.18252,37.09159],[128.18068,37.09321],[128.17875,37.09371],[128.17832,37.09432],[128.1778,37.09425],[128.17702,37.09515],[128.17515,37.0951],[128.17313,37.09622]]]}},{"type":"Feature","properties":{"zoneId":"Z000103505","zoneName":"두학초통학구역","zoneType":"elementary","level":"초등학교","kind":"dedicated","oneWay":false,"sggCode":"150","eduCode":"8031000","eduName":"충청북도제천교육지원청","updatedAt":"2016-08-12"},"geometry":{"type":"Polygon","coordinates":[[[128.24672,37.15167],[128.24667,37.15175],[128.24537,37.1538],[128.24432,37.154],[128.24427,37.15321],[128.24342,37.15271],[128.24298,37.15188],[128.24099,37.15146],[128.24058,37.15094],[128.23964,37.1488],[128.24008,37.14844],[128.23991,37.14635],[128.23897,37.14566],[128.23876,37.14366],[128.23938,37.14165],[128.23899,37.14081],[128.23838,37.14061],[128.23756,37.13944],[128.23728,37.13868],[128.23763,37.13797],[128.23627,37.13706],[128.23659,37.13589],[128.23571,37.13518],[128.23564,37.13463],[128.235,37.13386],[128.23552,37.13338],[128.23641,37.13149],[128.23547,37.1312],[128.23382,37.13154],[128.23312,37.13016],[128.23193,37.13014],[128.23141,37.12975],[128.23143,37.1294],[128.23029,37.12891],[128.22938,37.12917],[128.22889,37.12846],[128.22915,37.12645],[128.22872,37.126],[128.22948,37.12502],[128.23118,37.12489],[128.23195,37.12522],[128.23252,37.1259],[128.23332,37.12575],[128.23503,37.12627],[128.23679,37.12549],[128.2377,37.12366],[128.24169,37.12339],[128.24437,37.12105],[128.2463,37.12055],[128.24793,37.1188],[128.24915,37.11923],[128.24934,37.12005],[128.25022,37.12018],[128.25081,37.11947],[128.25251,37.11965],[128.25335,37.11914],[128.25482,37.12031],[128.2604,37.11953],[128.26357,37.11963],[128.26727,37.11895],[128.27014,37.1189],[128.27085,37.11589],[128.2719,37.11616],[128.27304,37.11703],[128.27406,37.11702],[128.27451,37.11638],[128.2776,37.11581],[128.27869,37.11387],[128.27778,37.11077],[128.27928,37.10986],[128.28051,37.10812],[128.2821,37.10893],[128.28595,37.10549],[128.28607,37.10416],[128.28711,37.10218],[128.29064,37.1009],[128.29259,37.09967],[128.29394,37.09806],[128.29535,37.09858],[128.29786,37.09878],[128.29877,37.09942],[128.29998,37.0985],[128.30068,37.09853],[128.30383,37.10033],[128.3046,37.10197],[128.30468,37.10298],[128.30602,37.10514],[128.30569,37.10574],[128.30569,37.10679],[128.3065,37.10897],[128.30842,37.10986],[128.3084,37.11067],[128.30886,37.11123],[128.30837,37.11451],[128.30582,37.11551],[128.30419,37.11731],[128.30332,37.12199],[128.30357,37.12467],[128.30311,37.12696],[128.30374,37.12829],[128.30346,37.12894],[128.30221,37.12953],[128.30109,37.1313],[128.30001,37.13205],[128.29964,37.13373],[128.29826,37.13422],[128.29611,37.13422],[128.29571,37.13603],[128.2939,37.13767],[128.29267,37.1393],[128.29062,37.13985],[128.28889,37.14123],[128.28653,37.14188],[128.28558,37.14245],[128.28497,37.14237],[128.28469,37.14315],[128.28185,37.14307],[128.27993,37.14246],[128.27759,37.14416],[128.27672,37.14614],[128.27526,37.14647],[128.27329,37.14763],[128.27226,37.14895],[128.2724,37.15029],[128.27189,37.15171],[128.26807,37.15125],[128.26391,37.152],[128.26246,37.15127],[128.26036,37.15104],[128.25695,37.1496],[128.25491,37.14933],[128.25399,37.14885],[128.25268,37.14916],[128.25112,37.14894],[128.24822,37.14775],[128.24769,37.14718],[128.24575,37.14619],[128.24539,37.14629],[128.24736,37.14869],[128.24763,37.14937],[128.24741,37.15004],[128.24796,37.15066],[128.24793,37.15126],[128.24672,37.15167]]]}},{"type":"Feature","properties":{"zoneId":"Z000103596","zoneName":"장연초통학구역","zoneType":"elementary","level":"초등학교","kind":"dedicated","oneWay":false,"sggCode":"760","eduCode":"8092000","eduName":"충청북도괴산증평교육지원청","updatedAt":"2016-08-12"},"geometry":{"type":"Polygon","coordinates":[[[127.89392,36.89196],[127.89392,36.89196],[127.89265,36.89153],[127.88304,36.89016],[127.88294,36.89053],[127.88015,36.89015],[127.87866,36.88965],[127.87732,36.88807],[127.87707,36.88677],[127.87849,36.88007],[127.87993,36.88028],[127.8816,36.88005],[127.88533,36.87786],[127.88723,36.87733],[127.89393,36.87268],[127.89558,36.87214],[127.89668,36.87255],[127.89773,36.87251],[127.89823,36.87185],[127.89961,36.87158],[127.90029,36.8709],[127.90116,36.87077],[127.90131,36.87022],[127.90361,36.86881],[127.90557,36.86806],[127.90765,36.86822],[127.90863,36.86775],[127.90984,36.86766],[127.91024,36.86727],[127.91121,36.86726],[127.9133,36.86613],[127.91525,36.86599],[127.91628,36.86486],[127.91659,36.86408],[127.91555,36.86268],[127.91563,36.86105],[127.91632,36.86014],[127.91591,36.8597],[127.91616,36.85887],[127.91546,36.85867],[127.91493,36.85793],[127.91428,36.85784],[127.91401,36.85747],[127.91427,36.85685],[127.91284,36.85466],[127.91228,36.8528],[127.91118,36.85241],[127.91324,36.84861],[127.9145,36.84722],[127.91475,36.84436],[127.912,36.84021],[127.91014,36.83833],[127.91289,36.83602],[127.91339,36.83484],[127.91474,36.83345],[127.91548,36.83336],[127.91879,36.83454],[127.92095,36.83608],[127.92222,36.83642],[127.9235,36.83647],[127.92964,36.83427],[127.92922,36.832],[127.92841,36.83125],[127.92783,36.82858],[127.92795,36.82308],[127.92525,36.82186],[127.92506,36.81978],[127.92524,36.81906],[127.92746,36.81829],[127.92895,36.81721],[127.92835,36.81609],[127.92818,36.81095],[127.92903,36.8098],[127.92911,36.80888],[127.92996,36.80813],[127.93157,36.80741],[127.9332,36.80745],[127.93518,36.80833],[127.93826,36.80867],[127.94237,36.80857],[127.94733,36.80782],[127.95142,36.8057],[127.95382,36.80562],[127.95791,36.80625],[127.96212,36.80526],[127.9655,36.804],[127.96666,36.80429],[127.96869,36.80546],[127.97003,36.80657],[127.97015,36.80785],[127.97334,36.80994],[127.97459,36.80978],[127.97459,36.81163],[127.97562,36.81293],[127.97753,36.81392],[127.97928,36.81398],[127.98062,36.81514],[127.98241,36.81598],[127.98247,36.81683],[127.9831,36.81787],[127.98175,36.82027],[127.98238,36.82198],[127.98185,36.82343],[127.976,36.82371],[127.97239,36.82547],[127.9717,36.82635],[127.97159,36.82806],[127.9731,36.82979],[127.97446,36.8332],[127.97531,36.83454],[127.97716,36.83614],[127.97567,36.83812],[127.97536,36.83975],[127.97434,36.84208],[127.97367,36.84204],[127.97225,36.84319],[127.97128,36.84495],[127.97028,36.84527],[127.97038,36.84754],[127.9693,36.8483],[127.9669,36.85095],[127.96788,36.85311],[127.96807,36.85533],[127.96892,36.85673],[127.9679,36.85768],[127.96844,36.8586],[127.96937,36.85935],[127.96269,36.86164],[127.96064,36.86513],[127.95801,36.86712],[127.95726,36.86736],[127.95668,36.86843],[127.954,36.8693],[127.94992,36.87227],[127.94842,36.87278],[127.94651,36.87237],[127.94546,36.8735],[127.94514,36.87491],[127.94546,36.87562],[127.94692,36.87636],[127.94788,36.87749],[127.94766,36.8785],[127.94941,36.88287],[127.94994,36.88302],[127.95108,36.88435],[127.95189,36.88473],[127.95126,36.88623],[127.94985,36.887],[127.94561,36.88812],[127.94005,36.88775],[127.93749,36.88844],[127.93358,36.88738],[127.93129,36.88805],[127.93089,36.88773],[127.93038,36.88797],[127.92922,36.88613],[127.92746,36.88549],[127.92699,36.8846],[127.92649,36.88461],[127.9243,36.88291],[127.9198,36.88132],[127.91773,36.88105],[127.91697,36.88197],[127.91628,36.88213],[127.91519,36.88312],[127.9137,36.88567],[127.91003,36.88651],[127.90925,36.88581],[127.90652,36.88643],[127.90578,36.88701],[127.90449,36.88722],[127.90176,36.88894],[127.89392,36.89196]]]}},{"type":"Feature","properties":{"zoneId":"Z000103595","zoneName":"연풍초통학구역","zoneType":"elementary","level":"초등학교","kind":"dedicated","oneWay":false,"sggCode":"760","eduCode":"8092000","eduName":"충청북도괴산증평교육지원청","updatedAt":"2016-08-12"},"geometry":{"type":"Polygon","coordinates":[[[128.02852,36.8249],[128.02769,36.82516],[128.02404,36.82599],[128.02302,36.82477],[128.02386,36.82321],[128.02321,36.82229],[128.02292,36.81967],[128.02217,36.81739],[128.02346,36.81624],[128.0237,36.81529],[128.024,36.81516],[128.02362,36.81504],[128.02303,36.81312],[128.02171,36.81193],[128.02113,36.81028],[128.01816,36.80827],[128.01662,36.80789],[128.01367,36.80877],[128.01238,36.80801],[128.01158,36.80679],[128.00977,36.80739],[128.00892,36.80807],[128.00367,36.81058],[128.00203,36.81041],[128.00015,36.81117],[127.99779,36.81294],[127.99259,36.81267],[127.99173,36.81288],[127.98836,36.81505],[127.98664,36.81572],[127.98529,36.8161],[127.98242,36.81601],[127.98062,36.81514],[127.97928,36.81398],[127.97753,36.81392],[127.97562,36.81293],[127.97459,36.81163],[127.97459,36.80978],[127.97334,36.80994],[127.97015,36.80785],[127.97003,36.80657],[127.96869,36.80546],[127.96666,36.80429],[127.9655,36.804],[127.96493,36.80226],[127.96439,36.80167],[127.9643,36.80079],[127.96284,36.79968],[127.96289,36.79888],[127.96368,36.79789],[127.96402,36.79647],[127.96369,36.79482],[127.96175,36.79443],[127.96074,36.79478],[127.9598,36.79464],[127.95831,36.79352],[127.95669,36.79322],[127.95628,36.79097],[127.95598,36.7908],[127.95176,36.79009],[127.9487,36.79132],[127.94604,36.78926],[127.94218,36.78889],[127.93929,36.7881],[127.93749,36.78705],[127.9376,36.78594],[127.93907,36.78598],[127.94103,36.78412],[127.94048,36.78371],[127.93892,36.78038],[127.93803,36.77982],[127.93851,36.77873],[127.93819,36.77713],[127.93717,36.77626],[127.93532,36.7737],[127.93366,36.77224],[127.93366,36.77121],[127.93442,36.76943],[127.93476,36.76928],[127.93511,36.76801],[127.93603,36.76746],[127.9371,36.76582],[127.93727,36.76369],[127.93861,36.7605],[127.94028,36.75852],[127.94074,36.75704],[127.94204,36.7548],[127.94352,36.753],[127.94407,36.75161],[127.94369,36.75015],[127.94396,36.74898],[127.94493,36.74692],[127.94439,36.74542],[127.94695,36.74357],[127.95046,36.74256],[127.95283,36.74131],[127.9553,36.74113],[127.95707,36.74017],[127.9582,36.74075],[127.95925,36.74],[127.96036,36.73983],[127.96084,36.73915],[127.95983,36.73798],[127.96005,36.73711],[127.96055,36.73719],[127.96316,36.73339],[127.96824,36.73129],[127.96927,36.73142],[127.97072,36.73091],[127.97184,36.72937],[127.97193,36.72862],[127.97315,36.7262],[127.97362,36.72614],[127.97506,36.72478],[127.97651,36.72425],[127.97619,36.72363],[127.98025,36.72008],[127.98245,36.71955],[127.98365,36.71851],[127.98481,36.71864],[127.98685,36.71755],[127.99017,36.71722],[127.99099,36.71742],[127.99146,36.718],[127.99346,36.71753],[127.99514,36.71818],[127.99744,36.71832],[127.99934,36.7174],[128.00194,36.71726],[128.0037,36.71995],[128.00417,36.7212],[128.0061,36.72302],[128.00597,36.72404],[128.00695,36.72483],[128.00651,36.72545],[128.00868,36.72657],[128.00936,36.72837],[128.01127,36.72961],[128.01484,36.73019],[128.01581,36.72872],[128.01727,36.72761],[128.01955,36.72502],[128.01939,36.7237],[128.02093,36.72193],[128.02232,36.72157],[128.02578,36.71906],[128.02881,36.71946],[128.03086,36.71929],[128.03191,36.71878],[128.03309,36.71723],[128.03473,36.71613],[128.03676,36.71493],[128.03796,36.715],[128.03936,36.71396],[128.04341,36.71232],[128.0456,36.71072],[128.04646,36.7094],[128.04969,36.70776],[128.05217,36.70776],[128.05662,36.70884],[128.0587,36.70895],[128.06382,36.70803],[128.06729,36.70829],[128.07038,36.7077],[128.07235,36.71097],[128.07267,36.7122],[128.07149,36.71561],[128.07057,36.71645],[128.06994,36.71822],[128.06822,36.72029],[128.06779,36.72127],[128.06799,36.72223],[128.06396,36.72481],[128.0626,36.72612],[128.062,36.72603],[128.06064,36.72688],[128.05846,36.73016],[128.05725,36.73108],[128.0561,36.7303],[128.05556,36.73042],[128.05391,36.7319],[128.05278,36.7334],[128.05207,36.73516],[128.05072,36.73671],[128.04627,36.73915],[128.04235,36.74068],[128.03839,36.74365],[128.0363,36.74441],[128.03438,36.74556],[128.03363,36.74669],[128.03232,36.74758],[128.03262,36.74938],[128.03236,36.75055],[128.03273,36.75265],[128.03237,36.75517],[128.03422,36.75737],[128.03452,36.75811],[128.03579,36.75902],[128.03736,36.76104],[128.03893,36.76401],[128.04052,36.76603],[128.0412,36.76834],[128.04215,36.76842],[128.0448,36.77105],[128.04468,36.7746],[128.04587,36.77695],[128.04577,36.778],[128.04691,36.77861],[128.04563,36.7813],[128.04556,36.78244],[128.04831,36.78322],[128.04876,36.78362],[128.05006,36.7856],[128.0512,36.78884],[128.05324,36.79168],[128.05498,36.79266],[128.05573,36.79595],[128.05526,36.79684],[128.05613,36.79842],[128.05554,36.79944],[128.05493,36.80398],[128.05397,36.8052],[128.05408,36.80561],[128.05501,36.8061],[128.05795,36.80701],[128.05774,36.80831],[128.05683,36.80913],[128.0569,36.80956],[128.05781,36.80992],[128.05783,36.81024],[128.05737,36.81047],[128.05769,36.81175],[128.05823,36.81207],[128.05864,36.81315],[128.05926,36.81359],[128.05924,36.81639],[128.05726,36.81729],[128.05683,36.81717],[128.05557,36.8186],[128.05466,36.81905],[128.05252,36.81869],[128.05148,36.819],[128.0505,36.81968],[128.04897,36.82148],[128.0485,36.8214],[128.04725,36.82223],[128.04223,36.8206],[128.03901,36.82141],[128.03638,36.82461],[128.03547,36.82495],[128.03194,36.82526],[128.03134,36.82505],[128.03022,36.82533],[128.02852,36.8249]]]}},{"type":"Feature","properties":{"zoneId":"Z000103591","zoneName":"보광초통학구역","zoneType":"elementary","level":"초등학교","kind":"dedicated","oneWay":false,"sggCode":"760","eduCode":"8092000","eduName":"충청북도괴산증평교육지원청","updatedAt":"2016-08-12"},"geometry":{"type":"Polygon","coordinates":[[[127.65349,36.86093],[127.65349,36.86093],[127.6524,36.86087],[127.65075,36.85985],[127.64907,36.85972],[127.64853,36.85997],[127.64781,36.85931],[127.64512,36.85839],[127.64444,36.85796],[127.64443,36.857],[127.64342,36.85683],[127.64202,36.85575],[127.64111,36.85383],[127.64025,36.85317],[127.63909,36.85044],[127.63812,36.84974],[127.63733,36.8459],[127.63781,36.84565],[127.63821,36.84463],[127.63918,36.84358],[127.63889,36.84289],[127.63914,36.84256],[127.63843,36.84183],[127.63859,36.84111],[127.6379,36.84013],[127.63659,36.83914],[127.63671,36.8384],[127.63605,36.83762],[127.63616,36.83713],[127.6356,36.8367],[127.63406,36.83642],[127.63399,36.83476],[127.63349,36.83409],[127.63266,36.83146],[127.63168,36.8305],[127.6309,36.83041],[127.63061,36.82905],[127.63013,36.82855],[127.63055,36.82781],[127.63044,36.82565],[127.62952,36.82449],[127.62998,36.82263],[127.62929,36.82157],[127.62971,36.82119],[127.63022,36.81923],[127.62986,36.81848],[127.63058,36.81727],[127.6301,36.81624],[127.63132,36.81501],[127.63239,36.81459],[127.63508,36.81256],[127.63543,36.81116],[127.63498,36.80881],[127.63422,36.80826],[127.63401,36.8073],[127.63458,36.80686],[127.63538,36.80715],[127.63592,36.80654],[127.63551,36.80539],[127.63608,36.80464],[127.64013,36.80344],[127.64034,36.80154],[127.64168,36.8013],[127.64194,36.80074],[127.64159,36.80049],[127.64156,36.79994],[127.64365,36.7992],[127.64413,36.79775],[127.64384,36.79639],[127.64418,36.79606],[127.64487,36.79624],[127.64589,36.79599],[127.64618,36.79463],[127.64724,36.79519],[127.64821,36.7967],[127.65008,36.79588],[127.65137,36.79593],[127.65179,36.79628],[127.65313,36.79519],[127.65356,36.79544],[127.65445,36.79531],[127.65607,36.79681],[127.657,36.79708],[127.65884,36.79697],[127.65929,36.79732],[127.66038,36.79708],[127.66131,36.79781],[127.66174,36.79908],[127.66444,36.79898],[127.66845,36.79971],[127.67157,36.79938],[127.67355,36.80074],[127.67371,36.79943],[127.6743,36.79915],[127.67486,36.79834],[127.67504,36.79701],[127.67569,36.79672],[127.67627,36.79593],[127.67749,36.79581],[127.67825,36.79289],[127.67963,36.79228],[127.6802,36.79115],[127.68184,36.78995],[127.68143,36.78682],[127.68251,36.78373],[127.68381,36.7826],[127.68541,36.7825],[127.68712,36.78176],[127.68837,36.78073],[127.68974,36.7824],[127.69118,36.78238],[127.69278,36.78316],[127.69388,36.78276],[127.69619,36.78374],[127.69758,36.78351],[127.69881,36.78305],[127.6997,36.78229],[127.70046,36.78217],[127.70078,36.78169],[127.70164,36.78182],[127.70461,36.78025],[127.70763,36.7796],[127.70869,36.77906],[127.70963,36.77953],[127.71572,36.77531],[127.71612,36.77454],[127.71705,36.77413],[127.71938,36.774],[127.72074,36.77475],[127.72223,36.77506],[127.72446,36.77736],[127.72605,36.77758],[127.72801,36.77874],[127.72736,36.78358],[127.72736,36.7859],[127.72691,36.78737],[127.72702,36.78833],[127.72904,36.79038],[127.72907,36.79163],[127.73003,36.7926],[127.73112,36.79464],[127.73118,36.79583],[127.73054,36.79691],[127.73114,36.7976],[127.73226,36.798],[127.73237,36.79888],[127.73381,36.80051],[127.73752,36.79887],[127.73827,36.79741],[127.7389,36.7979],[127.7392,36.7992],[127.73981,36.79995],[127.73928,36.8009],[127.73945,36.80179],[127.73878,36.8026],[127.74051,36.8054],[127.74052,36.80765],[127.74128,36.80867],[127.74102,36.8101],[127.73926,36.81103],[127.73909,36.81156],[127.74109,36.81348],[127.74178,36.81486],[127.7418,36.81898],[127.73823,36.81985],[127.73762,36.8193],[127.73575,36.81872],[127.73549,36.81914],[127.73495,36.81918],[127.73424,36.81857],[127.73299,36.81916],[127.73288,36.81974],[127.73175,36.82014],[127.73057,36.81964],[127.72883,36.8198],[127.7279,36.82066],[127.72755,36.82241],[127.726,36.82264],[127.7254,36.82316],[127.72365,36.82247],[127.72107,36.82262],[127.71762,36.82438],[127.71633,36.82404],[127.71486,36.82514],[127.71253,36.82482],[127.71164,36.82551],[127.70625,36.82714],[127.70521,36.82714],[127.70273,36.82543],[127.69979,36.82627],[127.69957,36.8266],[127.698,36.82679],[127.6957,36.82842],[127.69341,36.82829],[127.69156,36.8277],[127.69126,36.82729],[127.69026,36.82729],[127.68837,36.82513],[127.6868,36.82468],[127.68605,36.82368],[127.68385,36.82233],[127.6836,36.82191],[127.68256,36.82155],[127.6822,36.82233],[127.68212,36.82399],[127.68246,36.82514],[127.68209,36.82575],[127.68269,36.82769],[127.68189,36.82856],[127.68238,36.83125],[127.68198,36.83218],[127.68253,36.83302],[127.68169,36.83365],[127.68187,36.83402],[127.68048,36.83726],[127.68033,36.83868],[127.67832,36.84059],[127.67726,36.84309],[127.67787,36.84803],[127.67832,36.84864],[127.67809,36.84954],[127.67839,36.85058],[127.67785,36.85097],[127.67606,36.8509],[127.67603,36.85195],[127.67476,36.85313],[127.67244,36.85346],[127.67132,36.85474],[127.66921,36.85495],[127.66849,36.85668],[127.66736,36.85718],[127.6671,36.85771],[127.66564,36.85807],[127.66408,36.85779],[127.66319,36.858],[127.66139,36.85979],[127.65875,36.86033],[127.65756,36.86025],[127.65721,36.86062],[127.65645,36.86072],[127.6554,36.8608],[127.65441,36.86042],[127.65349,36.86093]]]}},{"type":"Feature","properties":{"zoneId":"Z000150402","zoneName":"삼양초죽향초공동통학구역","zoneType":"elementary","level":"초등학교","kind":"shared","oneWay":false,"sggCode":"730","eduCode":"8061000","eduName":"충청북도옥천교육지원청","updatedAt":"2016-08-12"},"geometry":{"type":"Polygon","coordinates":[[[127.58045,36.33208],[127.58019,36.33259],[127.58018,36.33296],[127.57382,36.33441],[127.56934,36.33606],[127.56574,36.3379],[127.56765,36.33593],[127.56868,36.33417],[127.56834,36.33196],[127.56746,36.33164],[127.56561,36.33198],[127.55735,36.3348],[127.55601,36.33446],[127.55599,36.33349],[127.55709,36.33325],[127.55762,36.33254],[127.55813,36.33248],[127.55907,36.3317],[127.55921,36.33093],[127.56055,36.32991],[127.5605,36.32807],[127.56207,36.32725],[127.56233,36.32659],[127.56395,36.32511],[127.56438,36.32379],[127.56395,36.32296],[127.56406,36.32255],[127.56469,36.32187],[127.56584,36.31752],[127.56717,36.31496],[127.56794,36.31532],[127.57061,36.31556],[127.57275,36.31802],[127.57355,36.31835],[127.57399,36.31948],[127.57595,36.3199],[127.57907,36.32161],[127.58093,36.32183],[127.58233,36.32316],[127.58241,36.32359],[127.58205,36.32379],[127.58099,36.32596],[127.58161,36.32757],[127.58121,36.32928],[127.57982,36.33025],[127.58063,36.33141],[127.58045,36.33208]]]}},{"type":"Feature","properties":{"zoneId":"Z000150666","zoneName":"금구초만승초공동통학구역","zoneType":"elementary","level":"초등학교","kind":"shared","oneWay":false,"sggCode":"750","eduCode":"8081000","eduName":"충청북도진천교육지원청","updatedAt":"2018-02-23"},"geometry":{"type":"Polygon","coordinates":[[[127.43968,36.97744],[127.43955,36.9775],[127.43894,36.97766],[127.43821,36.97622],[127.43907,36.97449],[127.43901,36.97401],[127.43788,36.97183],[127.43778,36.97073],[127.43548,36.96613],[127.4359,36.96528],[127.43563,36.96427],[127.43627,36.96261],[127.43514,36.96298],[127.43445,36.96281],[127.43432,36.96141],[127.43373,36.96207],[127.43356,36.96066],[127.43272,36.96053],[127.43169,36.96096],[127.43169,36.96185],[127.42977,36.96207],[127.42996,36.96115],[127.43084,36.96014],[127.43166,36.96003],[127.43245,36.9589],[127.43315,36.95884],[127.43287,36.95886],[127.43273,36.95799],[127.43364,36.95724],[127.43327,36.95703],[127.43375,36.95617],[127.43408,36.95622],[127.4347,36.95465],[127.43426,36.95305],[127.4347,36.95278],[127.43914,36.95261],[127.43931,36.95178],[127.43999,36.95099],[127.44007,36.94975],[127.44166,36.94808],[127.44226,36.94641],[127.44409,36.94629],[127.44526,36.9471],[127.44586,36.94702],[127.44587,36.94746],[127.44681,36.94833],[127.44633,36.94864],[127.44645,36.94895],[127.44726,36.94967],[127.44677,36.95143],[127.44625,36.95582],[127.44569,36.95698],[127.44587,36.95808],[127.44535,36.95876],[127.44583,36.96006],[127.44678,36.96045],[127.4464,36.96136],[127.4469,36.96174],[127.4481,36.96188],[127.44842,36.96371],[127.4483,36.96546],[127.44725,36.96825],[127.44734,36.97013],[127.44672,36.97081],[127.44655,36.97194],[127.44605,36.97241],[127.4461,36.97315],[127.44534,36.97437],[127.44502,36.9744],[127.44443,36.97598],[127.44365,36.9765],[127.44082,36.97696],[127.43968,36.97744]]]}},{"type":"Feature","properties":{"zoneId":"Z000103583","zoneName":"한천초통학구역","zoneType":"elementary","level":"초등학교","kind":"dedicated","oneWay":false,"sggCode":"750","eduCode":"8081000","eduName":"충청북도진천교육지원청","updatedAt":"2016-08-12"},"geometry":{"type":"Polygon","coordinates":[[[127.51265,36.92816],[127.51265,36.92816],[127.51233,36.92845],[127.51197,36.9274],[127.51031,36.92725],[127.51004,36.92677],[127.50879,36.9261],[127.50836,36.92397],[127.5054,36.92414],[127.50456,36.92373],[127.50396,36.92272],[127.50419,36.92114],[127.50359,36.92126],[127.50356,36.92179],[127.50073,36.92105],[127.49916,36.92135],[127.49907,36.92192],[127.49847,36.92253],[127.49847,36.92077],[127.4982,36.92051],[127.49966,36.9186],[127.49895,36.91682],[127.49746,36.91631],[127.4964,36.91547],[127.49549,36.9138],[127.49451,36.9132],[127.49456,36.91228],[127.49305,36.91186],[127.49233,36.9121],[127.48964,36.91072],[127.48826,36.91082],[127.48876,36.91013],[127.48762,36.90903],[127.4878,36.90708],[127.48718,36.90601],[127.48785,36.90283],[127.4877,36.9009],[127.49026,36.89835],[127.4906,36.89789],[127.49042,36.89741],[127.49123,36.89799],[127.49281,36.898],[127.49579,36.89693],[127.49656,36.89598],[127.49909,36.89455],[127.50057,36.89446],[127.50209,36.89496],[127.50223,36.8962],[127.50601,36.90045],[127.50639,36.90222],[127.50664,36.90117],[127.51184,36.90067],[127.51259,36.90108],[127.51456,36.90102],[127.51548,36.90138],[127.51621,36.90065],[127.51689,36.90059],[127.51832,36.90158],[127.51846,36.90235],[127.51904,36.90292],[127.51906,36.90376],[127.51967,36.90419],[127.52369,36.90963],[127.52639,36.91141],[127.52724,36.91087],[127.5292,36.91122],[127.53417,36.91402],[127.5333,36.9152],[127.53325,36.91725],[127.53177,36.91957],[127.53167,36.92113],[127.53096,36.92136],[127.52899,36.92315],[127.52619,36.92425],[127.52485,36.92397],[127.52106,36.92427],[127.5204,36.92304],[127.51762,36.92266],[127.51727,36.92355],[127.51621,36.92457],[127.51324,36.92581],[127.51372,36.92639],[127.51383,36.92751],[127.51265,36.92816]]]}},{"type":"Feature","properties":{"zoneId":"Z000103474","zoneName":"동량초통학구역","zoneType":"elementary","level":"초등학교","kind":"dedicated","oneWay":false,"sggCode":"130","eduCode":"8021000","eduName":"충청북도충주교육지원청","updatedAt":"2016-08-12"},"geometry":{"type":"Polygon","coordinates":[[[128.04092,37.06285],[128.04092,37.06286],[128.03977,37.0632],[128.03665,37.06282],[128.03313,37.06153],[128.03103,37.06183],[128.02907,37.06252],[128.02659,37.06183],[128.02476,37.06197],[128.02026,37.05979],[128.01886,37.06005],[128.01811,37.05925],[128.01737,37.05898],[128.01384,37.05815],[128.0102,37.05891],[128.00863,37.05784],[128.00711,37.05751],[128.00537,37.05765],[128.00178,37.05867],[127.99913,37.05852],[127.99737,37.05957],[127.99361,37.05981],[127.99251,37.05874],[127.99161,37.05873],[127.98937,37.05657],[127.98734,37.05578],[127.9859,37.05478],[127.98052,37.05517],[127.97867,37.05363],[127.978,37.05375],[127.97588,37.05313],[127.97379,37.05398],[127.96916,37.05277],[127.96845,37.05135],[127.96797,37.05112],[127.96731,37.05007],[127.96783,37.04922],[127.9675,37.0479],[127.96654,37.04698],[127.96613,37.04463],[127.9665,37.04419],[127.96593,37.04335],[127.96529,37.04304],[127.96486,37.04184],[127.96538,37.04095],[127.96504,37.03922],[127.96382,37.03928],[127.96275,37.03871],[127.96061,37.0361],[127.96059,37.03446],[127.95998,37.03337],[127.95961,37.03337],[127.96007,37.03266],[127.95999,37.03186],[127.9589,37.03115],[127.9577,37.03139],[127.9572,37.03071],[127.95517,37.03063],[127.95367,37.02971],[127.95475,37.02728],[127.95464,37.02577],[127.95578,37.02388],[127.95787,37.02444],[127.95972,37.02454],[127.96112,37.02414],[127.96688,37.01976],[127.975,37.01454],[127.97829,37.01278],[127.98419,37.01148],[127.98719,37.01046],[127.99203,37.00646],[127.99481,37.00238],[127.99733,37.00026],[128.00118,36.99384],[128.00153,36.99296],[128.001,36.99063],[128.00134,36.98841],[128.00234,36.9858],[128.0022,36.98513],[128.00384,36.98231],[128.00707,36.97856],[128.0089,36.97292],[128.00942,36.97234],[128.01472,36.97045],[128.02084,36.97046],[128.02271,36.97007],[128.02485,36.96912],[128.02705,36.96761],[128.02688,36.9672],[128.02829,36.96542],[128.02919,36.96507],[128.03053,36.96303],[128.03103,36.96308],[128.03143,36.96158],[128.03205,36.96065],[128.03309,36.96062],[128.0338,36.96012],[128.03724,36.95678],[128.04035,36.95439],[128.04251,36.95446],[128.0483,36.95569],[128.04866,36.95628],[128.05444,36.95883],[128.05799,36.96014],[128.06,36.96017],[128.06073,36.95941],[128.0631,36.95882],[128.06442,36.95798],[128.06677,36.95502],[128.07512,36.95003],[128.08172,36.94824],[128.08486,36.94774],[128.0866,36.95097],[128.08724,36.95433],[128.08693,36.95582],[128.08741,36.9581],[128.08747,36.9613],[128.08647,36.96634],[128.09038,36.97943],[128.0907,36.97949],[128.09118,36.98217],[128.09093,36.98555],[128.09049,36.98581],[128.09025,36.98665],[128.09007,36.9895],[128.08574,36.9898],[128.08494,36.99043],[128.08442,36.99493],[128.08402,36.99551],[128.08331,36.99585],[128.08024,36.99576],[128.0799,36.99622],[128.07888,36.99634],[128.0783,37.00083],[128.07644,37.00211],[128.07619,37.00349],[128.07651,37.00541],[128.07747,37.00634],[128.07912,37.00633],[128.07972,37.00664],[128.07976,37.00744],[128.08099,37.0088],[128.08417,37.01023],[128.08635,37.01084],[128.08662,37.01135],[128.08649,37.0131],[128.08674,37.01439],[128.08759,37.01512],[128.08875,37.01714],[128.08886,37.01795],[128.08748,37.01926],[128.08557,37.02],[128.08607,37.02055],[128.08632,37.0216],[128.08739,37.02218],[128.08767,37.02275],[128.09044,37.02332],[128.09006,37.02442],[128.08802,37.02561],[128.08763,37.0274],[128.08614,37.0282],[128.08734,37.03008],[128.08862,37.03083],[128.0888,37.03137],[128.08668,37.03503],[128.08648,37.03587],[128.08568,37.03696],[128.08418,37.03778],[128.08346,37.03895],[128.08349,37.04205],[128.08448,37.04261],[128.08424,37.04361],[128.08449,37.04443],[128.08401,37.04526],[128.08278,37.04624],[128.08277,37.04764],[128.08208,37.04827],[128.07887,37.04847],[128.07754,37.04899],[128.07645,37.04901],[128.07374,37.04863],[128.0731,37.0479],[128.07147,37.04783],[128.07065,37.04621],[128.06983,37.04547],[128.06532,37.04367],[128.064,37.04419],[128.06294,37.04415],[128.06241,37.04451],[128.06036,37.04482],[128.05855,37.04397],[128.05599,37.04341],[128.05321,37.04417],[128.05115,37.04654],[128.04957,37.04713],[128.04796,37.04917],[128.04477,37.04983],[128.04274,37.05257],[128.04201,37.05403],[128.04155,37.05645],[128.04062,37.05753],[128.0405,37.05905],[128.04092,37.06285]]]}},{"type":"Feature","properties":{"zoneId":"Z000150416","zoneName":"장연초칠성초공동통학구역","zoneType":"elementary","level":"초등학교","kind":"shared","oneWay":false,"sggCode":"760","eduCode":"8092000","eduName":"충청북도괴산증평교육지원청","updatedAt":"2016-08-12"},"geometry":{"type":"Polygon","coordinates":[[[127.92808,36.81783],[127.92746,36.81829],[127.92524,36.81906],[127.92382,36.81848],[127.92264,36.81728],[127.91988,36.81763],[127.91667,36.8172],[127.91591,36.8164],[127.91439,36.81577],[127.91424,36.81404],[127.91297,36.81246],[127.91139,36.81137],[127.90972,36.80822],[127.90842,36.80677],[127.90783,36.80394],[127.90663,36.80213],[127.9062,36.80065],[127.90506,36.80048],[127.90422,36.80147],[127.90263,36.80548],[127.90133,36.80551],[127.89968,36.80488],[127.89869,36.80608],[127.89725,36.80465],[127.8964,36.80433],[127.89582,36.80309],[127.8959,36.80063],[127.89499,36.7984],[127.89704,36.79695],[127.89687,36.79572],[127.89769,36.79433],[127.89865,36.79396],[127.89786,36.79161],[127.90183,36.7902],[127.90217,36.78959],[127.90376,36.78924],[127.90616,36.78607],[127.90863,36.78426],[127.91645,36.78269],[127.91608,36.78251],[127.91566,36.78136],[127.91572,36.7807],[127.91725,36.77711],[127.91825,36.77705],[127.91935,36.77644],[127.92047,36.77707],[127.92164,36.77672],[127.92563,36.77773],[127.92707,36.77749],[127.92859,36.77485],[127.92955,36.77459],[127.93366,36.77224],[127.93532,36.7737],[127.93717,36.77626],[127.93819,36.77713],[127.93851,36.77873],[127.93803,36.77982],[127.93892,36.78038],[127.94048,36.78371],[127.94103,36.78412],[127.93907,36.78598],[127.9376,36.78594],[127.93749,36.78705],[127.93929,36.7881],[127.94218,36.78889],[127.94604,36.78926],[127.9487,36.79132],[127.95176,36.79009],[127.95598,36.7908],[127.95628,36.79097],[127.95669,36.79322],[127.95831,36.79352],[127.9598,36.79464],[127.96335,36.79463],[127.96371,36.79486],[127.96401,36.79587],[127.96368,36.79789],[127.96289,36.79888],[127.96284,36.79968],[127.9643,36.80079],[127.96439,36.80167],[127.96493,36.80226],[127.9655,36.804],[127.96212,36.80526],[127.95791,36.80625],[127.95382,36.80562],[127.95142,36.8057],[127.94733,36.80782],[127.94237,36.80857],[127.93826,36.80867],[127.93518,36.80833],[127.9332,36.80745],[127.93157,36.80741],[127.92996,36.80813],[127.92911,36.80888],[127.92903,36.8098],[127.92818,36.81095],[127.92835,36.81609],[127.92895,36.81721],[127.92808,36.81783]]]}},{"type":"Feature","properties":{"zoneId":"Z000103545","zoneName":"안남초통학구역","zoneType":"elementary","level":"초등학교","kind":"dedicated","oneWay":false,"sggCode":"730","eduCode":"8061000","eduName":"충청북도옥천교육지원청","updatedAt":"2016-08-12"},"geometry":{"type":"Polygon","coordinates":[[[127.69049,36.39049],[127.69049,36.39049],[127.68943,36.38982],[127.68683,36.38969],[127.68628,36.39023],[127.68484,36.39039],[127.68369,36.39005],[127.68346,36.38969],[127.67995,36.38942],[127.6763,36.38784],[127.67447,36.38662],[127.67398,36.38659],[127.67316,36.38767],[127.66971,36.38807],[127.66798,36.38576],[127.66714,36.38603],[127.66625,36.38503],[127.66492,36.38477],[127.6648,36.38369],[127.66411,36.38313],[127.66382,36.38247],[127.664,36.38219],[127.66343,36.38179],[127.66282,36.3803],[127.66287,36.37969],[127.6624,36.37899],[127.66242,36.3751],[127.66378,36.37492],[127.66463,36.3743],[127.66625,36.37413],[127.6664,36.37389],[127.66668,36.37272],[127.66713,36.37221],[127.66692,36.37169],[127.66877,36.36947],[127.66872,36.36749],[127.66905,36.3661],[127.66819,36.36553],[127.66689,36.36545],[127.66551,36.36455],[127.66403,36.36528],[127.66332,36.36527],[127.66179,36.36461],[127.66044,36.36444],[127.65967,36.36473],[127.65796,36.36417],[127.65725,36.36416],[127.65619,36.36499],[127.6553,36.3651],[127.65435,36.36453],[127.65158,36.36458],[127.64975,36.36389],[127.64753,36.36395],[127.64606,36.36444],[127.64322,36.36213],[127.64285,36.36133],[127.64608,36.36019],[127.64749,36.35923],[127.64812,36.35837],[127.64863,36.35743],[127.64916,36.35398],[127.64964,36.35395],[127.64944,36.35352],[127.64828,36.3535],[127.64801,36.3532],[127.64986,36.35187],[127.65041,36.35091],[127.64962,36.34745],[127.64677,36.34287],[127.64603,36.33859],[127.64604,36.33729],[127.64678,36.33518],[127.64959,36.33419],[127.65399,36.33329],[127.65647,36.33325],[127.6593,36.33395],[127.66066,36.33516],[127.66128,36.33452],[127.66154,36.33238],[127.66203,36.33142],[127.66281,36.33273],[127.66521,36.3345],[127.66824,36.32805],[127.67055,36.325],[127.67692,36.31966],[127.68095,36.31793],[127.68143,36.31863],[127.68292,36.31795],[127.68349,36.31875],[127.68343,36.31849],[127.68396,36.31832],[127.68422,36.31868],[127.68491,36.31856],[127.68465,36.31931],[127.68506,36.31934],[127.68504,36.32005],[127.68586,36.32055],[127.68677,36.32019],[127.68756,36.32053],[127.68844,36.3192],[127.69516,36.31786],[127.69803,36.32063],[127.69859,36.32159],[127.70026,36.32165],[127.70083,36.32195],[127.70066,36.32233],[127.70105,36.32357],[127.70032,36.32449],[127.70014,36.32536],[127.70065,36.32758],[127.70185,36.32979],[127.70171,36.33063],[127.70201,36.33129],[127.70335,36.33276],[127.70256,36.33464],[127.70268,36.3365],[127.70103,36.33733],[127.70002,36.33845],[127.69977,36.33949],[127.69946,36.33953],[127.6998,36.34061],[127.70066,36.34176],[127.70109,36.34383],[127.70092,36.34598],[127.70123,36.3468],[127.70623,36.34901],[127.71,36.34974],[127.71028,36.35148],[127.70876,36.35369],[127.70871,36.35424],[127.70938,36.35531],[127.70925,36.35651],[127.71139,36.3575],[127.71338,36.35966],[127.713,36.36015],[127.71298,36.36157],[127.7122,36.36202],[127.71006,36.36677],[127.70843,36.36899],[127.70877,36.36989],[127.70651,36.37153],[127.70522,36.37419],[127.70622,36.37601],[127.70778,36.37781],[127.70778,36.37871],[127.70835,36.37938],[127.70826,36.3802],[127.70657,36.38094],[127.70319,36.38366],[127.70161,36.38642],[127.7007,36.38653],[127.69761,36.38785],[127.69675,36.38764],[127.69551,36.38825],[127.69334,36.38826],[127.69049,36.39049]]]}},{"type":"Feature","properties":{"zoneId":"Z000150412","zoneName":"도안초보광초공동통학구역","zoneType":"elementary","level":"초등학교","kind":"shared","oneWay":false,"sggCode":"745","eduCode":"8092000","eduName":"충청북도괴산증평교육지원청","updatedAt":"2016-08-12"},"geometry":{"type":"Polygon","coordinates":[[[127.64093,36.80134],[127.64093,36.80134],[127.64034,36.80154],[127.64013,36.80344],[127.63624,36.80454],[127.63559,36.80496],[127.63551,36.80539],[127.63202,36.80432],[127.62525,36.80063],[127.62509,36.79967],[127.62626,36.79687],[127.62876,36.7941],[127.63309,36.79386],[127.63458,36.79345],[127.63608,36.79427],[127.63726,36.79544],[127.63812,36.79558],[127.64056,36.79849],[127.6407,36.79936],[127.64162,36.79995],[127.64159,36.80049],[127.64194,36.80074],[127.64168,36.8013],[127.64093,36.80134]]]}},{"type":"Feature","properties":{"zoneId":"Z000150403","zoneName":"심천초이원초공동통학구역","zoneType":"elementary","level":"초등학교","kind":"shared","oneWay":false,"sggCode":"740","eduCode":"8071000","eduName":"충청북도영동교육지원청","updatedAt":"2016-08-12"},"geometry":{"type":"Polygon","coordinates":[[[127.70227,36.26075],[127.70227,36.26075],[127.70177,36.26078],[127.69982,36.25818],[127.69839,36.25387],[127.69756,36.2535],[127.69693,36.25162],[127.69597,36.25055],[127.69528,36.25115],[127.69384,36.24992],[127.69338,36.24887],[127.69361,36.24813],[127.69306,36.24719],[127.69333,36.24622],[127.6929,36.24543],[127.69338,36.24475],[127.6933,36.24397],[127.69269,36.24351],[127.69238,36.2426],[127.69166,36.23937],[127.69127,36.2388],[127.69133,36.23816],[127.69036,36.23735],[127.68981,36.23747],[127.68917,36.23699],[127.68883,36.23624],[127.68831,36.23619],[127.68742,36.23516],[127.68644,36.23509],[127.68605,36.23551],[127.68539,36.23525],[127.68541,36.23437],[127.68473,36.23307],[127.68489,36.23269],[127.68266,36.231],[127.68301,36.22905],[127.68179,36.22812],[127.6817,36.22752],[127.68088,36.22702],[127.68049,36.2257],[127.68105,36.22486],[127.67852,36.22473],[127.67488,36.2235],[127.68427,36.21797],[127.68643,36.21724],[127.68813,36.21721],[127.69062,36.21796],[127.69396,36.22013],[127.69645,36.22293],[127.69783,36.225],[127.7,36.22897],[127.70094,36.23146],[127.7007,36.23444],[127.69923,36.23826],[127.69945,36.24009],[127.70177,36.24133],[127.70356,36.24169],[127.70722,36.24129],[127.70724,36.24312],[127.70957,36.2434],[127.70858,36.2453],[127.70865,36.2457],[127.71055,36.2474],[127.71025,36.24837],[127.71058,36.25019],[127.71031,36.25063],[127.71037,36.25258],[127.70969,36.25404],[127.70953,36.25633],[127.70786,36.25826],[127.70689,36.25887],[127.70497,36.2599],[127.70227,36.26075]]]}},{"type":"Feature","properties":{"zoneId":"Z000103498","zoneName":"칠금초통학구역","zoneType":"elementary","level":"초등학교","kind":"dedicated","oneWay":false,"sggCode":"130","eduCode":"8021000","eduName":"충청북도충주교육지원청","updatedAt":"2016-08-12"},"geometry":{"type":"Polygon","coordinates":[[[127.92911,36.98975],[127.92911,36.99147],[127.92632,36.99173],[127.92396,36.99365],[127.92205,36.99366],[127.92206,36.99243],[127.9172,36.99242],[127.91743,36.98746],[127.92189,36.98738],[127.92182,36.98473],[127.92025,36.98476],[127.92027,36.97968],[127.92233,36.97988],[127.92306,36.97967],[127.92358,36.98191],[127.92446,36.9819],[127.9249,36.98234],[127.92829,36.98232],[127.92835,36.98976],[127.92911,36.98975]]]}},{"type":"Feature","properties":{"zoneId":"Z000103485","zoneName":"오석초통학구역","zoneType":"elementary","level":"초등학교","kind":"dedicated","oneWay":false,"sggCode":"130","eduCode":"8021000","eduName":"충청북도충주교육지원청","updatedAt":"2016-08-12"},"geometry":{"type":"Polygon","coordinates":[[[127.89361,37.02136],[127.89372,37.02163],[127.89185,37.02464],[127.88896,37.02664],[127.88693,37.02694],[127.88672,37.02417],[127.88572,37.02279],[127.88499,37.02237],[127.88329,37.02219],[127.88241,37.02117],[127.8816,37.02076],[127.88008,37.02068],[127.87868,37.02134],[127.87707,37.02135],[127.87654,37.02195],[127.87493,37.02204],[127.87388,37.02164],[127.87252,37.02033],[127.87058,37.02093],[127.87005,37.02146],[127.86735,37.02105],[127.8715,37.0115],[127.87721,37.00173],[127.88255,36.99581],[127.8865,36.99282],[127.89045,36.99088],[127.8909,36.98819],[127.89329,36.9852],[127.89367,36.98376],[127.89882,36.98193],[127.89961,36.98259],[127.90138,36.98287],[127.9042,36.9858],[127.9037,36.98605],[127.90479,36.98783],[127.90425,36.99048],[127.90339,36.99149],[127.90351,36.99234],[127.90522,36.99587],[127.90963,36.999],[127.91035,37],[127.91215,37.00777],[127.91249,37.01199],[127.91009,37.01158],[127.91018,37.0112],[127.90963,37.01087],[127.90905,37.01102],[127.90793,37.01067],[127.90648,37.01156],[127.90543,37.01137],[127.90355,37.01203],[127.90327,37.01319],[127.90067,37.01349],[127.89963,37.01392],[127.89825,37.01356],[127.89803,37.01445],[127.89766,37.01418],[127.89666,37.01442],[127.89613,37.01403],[127.89459,37.01383],[127.89305,37.01468],[127.8928,37.01528],[127.89383,37.01594],[127.89396,37.01735],[127.89479,37.01749],[127.89519,37.0181],[127.89608,37.01958],[127.89631,37.02141],[127.8967,37.02174],[127.89567,37.02204],[127.89493,37.02149],[127.89361,37.02136]]]}},{"type":"Feature","properties":{"zoneId":"Z000103565","zoneName":"초강초통학구역","zoneType":"elementary","level":"초등학교","kind":"dedicated","oneWay":false,"sggCode":"740","eduCode":"8071000","eduName":"충청북도영동교육지원청","updatedAt":"2016-08-12"},"geometry":{"type":"Polygon","coordinates":[[[127.74274,36.22824],[127.74263,36.22924],[127.74234,36.23022],[127.74245,36.2319],[127.74124,36.23355],[127.73996,36.23343],[127.73963,36.23311],[127.73911,36.22879],[127.73863,36.22789],[127.73722,36.22739],[127.73482,36.22755],[127.725,36.2307],[127.71683,36.23046],[127.7138,36.23184],[127.71228,36.2336],[127.71163,36.23184],[127.70836,36.22898],[127.707,36.22661],[127.69927,36.2277],[127.69645,36.22293],[127.69396,36.22013],[127.69062,36.21796],[127.68813,36.21721],[127.68643,36.21724],[127.68427,36.21797],[127.67488,36.2235],[127.67407,36.22318],[127.67367,36.22333],[127.67253,36.22222],[127.66999,36.22341],[127.66854,36.22327],[127.66609,36.22374],[127.66371,36.22331],[127.66429,36.22166],[127.66609,36.22022],[127.66733,36.21972],[127.66693,36.21777],[127.66776,36.21546],[127.67028,36.211],[127.67148,36.21033],[127.67101,36.20741],[127.67155,36.20651],[127.67145,36.20519],[127.67349,36.20367],[127.67483,36.20353],[127.67605,36.20187],[127.67832,36.20028],[127.67987,36.19779],[127.68005,36.19546],[127.68162,36.1933],[127.68223,36.1911],[127.68228,36.18793],[127.68115,36.18692],[127.67989,36.18424],[127.67813,36.1815],[127.67747,36.18146],[127.67683,36.18056],[127.6761,36.17798],[127.67632,36.1771],[127.67839,36.17416],[127.68129,36.17343],[127.68189,36.17314],[127.6823,36.17244],[127.68231,36.17139],[127.68175,36.16981],[127.68025,36.16837],[127.68049,36.16788],[127.68216,36.1663],[127.68258,36.16685],[127.68371,36.16716],[127.68455,36.16661],[127.68856,36.17048],[127.69208,36.17283],[127.6946,36.16975],[127.69709,36.16966],[127.69804,36.16931],[127.69878,36.16834],[127.69981,36.16825],[127.69965,36.16703],[127.70003,36.16622],[127.7017,36.16451],[127.70217,36.16326],[127.70193,36.16267],[127.7028,36.16198],[127.70382,36.16171],[127.70534,36.16228],[127.70522,36.16276],[127.70655,36.1641],[127.71268,36.16339],[127.71467,36.16433],[127.71505,36.16505],[127.7159,36.16567],[127.71847,36.1649],[127.71965,36.16508],[127.71993,36.16561],[127.72261,36.16578],[127.72405,36.16715],[127.72493,36.1673],[127.73015,36.16472],[127.73076,36.16473],[127.73295,36.16558],[127.73513,36.16821],[127.73444,36.17081],[127.73372,36.17229],[127.73309,36.17279],[127.7328,36.17407],[127.73418,36.17507],[127.73457,36.17636],[127.73537,36.17705],[127.73551,36.17973],[127.73673,36.18093],[127.73642,36.18439],[127.73553,36.18773],[127.73618,36.18961],[127.737,36.19009],[127.73682,36.19101],[127.73782,36.19175],[127.73829,36.19257],[127.73848,36.19369],[127.73845,36.19439],[127.73754,36.19504],[127.73671,36.19766],[127.73801,36.19857],[127.739,36.19853],[127.73925,36.19915],[127.74078,36.19917],[127.74123,36.19949],[127.74034,36.20216],[127.73919,36.20388],[127.74111,36.20461],[127.74637,36.20483],[127.74634,36.20624],[127.74752,36.2073],[127.7498,36.20698],[127.75203,36.20934],[127.75412,36.21066],[127.75364,36.21238],[127.75523,36.21354],[127.7555,36.21431],[127.75557,36.21502],[127.75484,36.21616],[127.75271,36.21713],[127.75231,36.2182],[127.75279,36.21988],[127.75232,36.2233],[127.75114,36.2231],[127.74953,36.22434],[127.74773,36.22467],[127.74769,36.22568],[127.74687,36.22605],[127.74329,36.22627],[127.74236,36.22703],[127.74274,36.22824]]]}},{"type":"Feature","properties":{"zoneId":"Z000103623","zoneName":"평곡초통학구역","zoneType":"elementary","level":"초등학교","kind":"dedicated","oneWay":false,"sggCode":"770","eduCode":"8101000","eduName":"충청북도음성교육지원청","updatedAt":"2016-08-12"},"geometry":{"type":"Polygon","coordinates":[[[127.72305,36.9377],[127.72196,36.9379],[127.72052,36.93757],[127.71986,36.93693],[127.71946,36.93596],[127.71843,36.93563],[127.71634,36.93615],[127.71139,36.93512],[127.71014,36.93544],[127.70957,36.93621],[127.70746,36.93706],[127.70711,36.93781],[127.70609,36.9373],[127.70595,36.93671],[127.70473,36.93647],[127.70411,36.93581],[127.70225,36.93561],[127.70045,36.93588],[127.69951,36.93559],[127.69673,36.93337],[127.69636,36.9336],[127.69547,36.93218],[127.69449,36.93144],[127.69471,36.93008],[127.69406,36.92954],[127.6956,36.92297],[127.69363,36.91997],[127.69622,36.92006],[127.69712,36.91862],[127.69786,36.91793],[127.69855,36.91778],[127.69799,36.91729],[127.69841,36.91652],[127.69899,36.91617],[127.69902,36.91545],[127.70016,36.91393],[127.70121,36.91362],[127.70166,36.9129],[127.70341,36.9119],[127.70455,36.91237],[127.70708,36.91212],[127.7079,36.91152],[127.70873,36.91021],[127.71037,36.90936],[127.71153,36.90825],[127.71228,36.90823],[127.71544,36.90943],[127.71663,36.91024],[127.71836,36.91224],[127.71925,36.91187],[127.72014,36.91191],[127.72106,36.91255],[127.72189,36.91256],[127.72136,36.91318],[127.72143,36.91388],[127.72107,36.91432],[127.72153,36.91577],[127.72173,36.91838],[127.72241,36.92052],[127.72422,36.92158],[127.72395,36.92493],[127.72631,36.92491],[127.72633,36.92659],[127.7298,36.92548],[127.73108,36.92568],[127.73236,36.92644],[127.73086,36.92722],[127.73033,36.92909],[127.73102,36.93349],[127.73156,36.934],[127.73176,36.93483],[127.73082,36.93518],[127.72951,36.93677],[127.72904,36.93651],[127.72784,36.93704],[127.72532,36.93696],[127.72305,36.9377]]]}},{"type":"Feature","properties":{"zoneId":"Z000103370","zoneName":"가덕초통학구역","zoneType":"elementary","level":"초등학교","kind":"dedicated","oneWay":false,"sggCode":"111","eduCode":"8011000","eduName":"충청북도청주교육지원청","updatedAt":"2016-08-12"},"geometry":{"type":"Polygon","coordinates":[[[127.56099,36.62367],[127.56099,36.62367],[127.55754,36.62666],[127.55486,36.62442],[127.55393,36.62086],[127.55434,36.61965],[127.55367,36.61878],[127.55349,36.61733],[127.55304,36.61679],[127.55059,36.61541],[127.549,36.61267],[127.54795,36.60888],[127.54528,36.60674],[127.54522,36.60599],[127.54336,36.60234],[127.54322,36.60085],[127.54269,36.6006],[127.54286,36.59986],[127.542,36.59942],[127.54173,36.59806],[127.54295,36.59625],[127.54349,36.59454],[127.5457,36.59183],[127.54439,36.58788],[127.54632,36.58395],[127.54613,36.58108],[127.54534,36.58023],[127.54423,36.57996],[127.54355,36.57843],[127.54398,36.57609],[127.54374,36.57398],[127.54141,36.5681],[127.5414,36.56598],[127.54234,36.56611],[127.54689,36.56168],[127.54792,36.55867],[127.54792,36.5575],[127.54696,36.55611],[127.54563,36.5556],[127.54618,36.55441],[127.5476,36.55338],[127.54929,36.55281],[127.55042,36.55168],[127.55221,36.55127],[127.55283,36.55071],[127.5535,36.549],[127.55301,36.54689],[127.55451,36.54595],[127.55519,36.54425],[127.56051,36.5393],[127.56168,36.53713],[127.56351,36.53073],[127.56512,36.53062],[127.56663,36.53124],[127.56753,36.53255],[127.56871,36.53288],[127.56959,36.53458],[127.57184,36.53603],[127.57475,36.53708],[127.57633,36.53712],[127.57693,36.5376],[127.57952,36.53727],[127.57966,36.53819],[127.58036,36.53868],[127.58013,36.54072],[127.58085,36.54196],[127.58186,36.54209],[127.58285,36.54168],[127.58516,36.54259],[127.58578,36.54328],[127.58788,36.54383],[127.58879,36.54378],[127.58957,36.54331],[127.59185,36.54353],[127.59364,36.54523],[127.59375,36.5459],[127.59424,36.54628],[127.5961,36.54644],[127.59897,36.54833],[127.60144,36.54844],[127.60359,36.54791],[127.60431,36.54861],[127.6048,36.54851],[127.60711,36.54954],[127.60858,36.54973],[127.6086,36.55019],[127.60954,36.5504],[127.61014,36.55094],[127.61236,36.55143],[127.61295,36.55228],[127.61323,36.55351],[127.61383,36.5537],[127.61366,36.55501],[127.61432,36.5568],[127.61719,36.5595],[127.61676,36.56038],[127.61585,36.56107],[127.6154,36.56218],[127.6141,36.56289],[127.61328,36.56395],[127.61312,36.56526],[127.61124,36.56679],[127.61164,36.56853],[127.61121,36.57007],[127.61236,36.57032],[127.61255,36.57132],[127.61431,36.5734],[127.61252,36.57513],[127.61013,36.57647],[127.60879,36.5768],[127.60838,36.57743],[127.60761,36.57779],[127.60724,36.57938],[127.6076,36.58031],[127.60611,36.5817],[127.60605,36.58245],[127.60557,36.5831],[127.60187,36.58535],[127.60084,36.58493],[127.59904,36.58486],[127.59715,36.58401],[127.59523,36.58366],[127.59109,36.58549],[127.5904,36.58553],[127.58913,36.585],[127.58865,36.58708],[127.58545,36.59144],[127.58604,36.59304],[127.58569,36.59402],[127.58435,36.59446],[127.58517,36.59605],[127.58594,36.5965],[127.58546,36.5976],[127.58585,36.5981],[127.58551,36.59996],[127.5847,36.60122],[127.585,36.60229],[127.58424,36.60292],[127.58346,36.60557],[127.58451,36.6068],[127.58364,36.6078],[127.58188,36.60896],[127.58142,36.60986],[127.58066,36.61012],[127.58025,36.6117],[127.57938,36.6126],[127.57749,36.61348],[127.5773,36.61417],[127.57553,36.61471],[127.57643,36.6162],[127.57643,36.61699],[127.57527,36.61797],[127.57429,36.6199],[127.57358,36.62029],[127.57205,36.62034],[127.57096,36.62117],[127.57013,36.62114],[127.56923,36.62169],[127.5664,36.62211],[127.56427,36.62192],[127.56319,36.62224],[127.56274,36.62317],[127.56099,36.62367]]]}},{"type":"Feature","properties":{"zoneId":"Z000103497","zoneName":"충주중앙초통학구역","zoneType":"elementary","level":"초등학교","kind":"dedicated","oneWay":false,"sggCode":"130","eduCode":"8021000","eduName":"충청북도충주교육지원청","updatedAt":"2016-08-12"},"geometry":{"type":"Polygon","coordinates":[[[127.93795,36.9844],[127.93797,36.98498],[127.93679,36.985],[127.93678,36.98442],[127.93354,36.98446],[127.93398,36.98975],[127.93249,36.98976],[127.93189,36.98942],[127.93167,36.98796],[127.92929,36.98975],[127.92835,36.98976],[127.92834,36.98907],[127.92829,36.98232],[127.93438,36.98238],[127.93465,36.9811],[127.93766,36.98111],[127.93795,36.9844]]]}},{"type":"Feature","properties":{"zoneId":"Z000103384","zoneName":"낭성초통학구역","zoneType":"elementary","level":"초등학교","kind":"dedicated","oneWay":false,"sggCode":"111","eduCode":"8011000","eduName":"충청북도청주교육지원청","updatedAt":"2016-08-12"},"geometry":{"type":"Polygon","coordinates":[[[127.5827,36.68463],[127.58218,36.68427],[127.5816,36.68463],[127.58074,36.68424],[127.5792,36.6842],[127.57865,36.68346],[127.57764,36.68305],[127.57735,36.68199],[127.57675,36.68144],[127.57575,36.68125],[127.57373,36.6798],[127.57354,36.67887],[127.57276,36.67822],[127.57254,36.6776],[127.57079,36.67769],[127.56951,36.67735],[127.56865,36.67673],[127.56837,36.67573],[127.56699,36.67436],[127.5658,36.67426],[127.56554,36.67458],[127.56309,36.67411],[127.56194,36.67429],[127.56003,36.67525],[127.55889,36.67402],[127.55703,36.67375],[127.55653,36.6741],[127.55512,36.67396],[127.55272,36.67293],[127.54946,36.67296],[127.54862,36.67349],[127.54752,36.67239],[127.54716,36.67151],[127.54577,36.67118],[127.54463,36.67029],[127.54429,36.66947],[127.54314,36.66868],[127.5496,36.66613],[127.55019,36.66613],[127.55186,36.66445],[127.55366,36.66435],[127.55369,36.66234],[127.55283,36.66204],[127.55179,36.66005],[127.54981,36.6586],[127.54957,36.65753],[127.54863,36.65607],[127.54887,36.6557],[127.54872,36.65494],[127.54797,36.65447],[127.54809,36.6536],[127.54893,36.65226],[127.54845,36.65251],[127.54818,36.65201],[127.54637,36.65186],[127.54486,36.65078],[127.54484,36.6503],[127.54539,36.64965],[127.54526,36.6477],[127.54791,36.64779],[127.54844,36.64825],[127.55093,36.64867],[127.55257,36.64798],[127.55385,36.64788],[127.55345,36.64577],[127.55358,36.64482],[127.55426,36.64386],[127.55482,36.64386],[127.55521,36.64289],[127.55503,36.64224],[127.55747,36.63735],[127.55659,36.63599],[127.55651,36.6347],[127.55786,36.63339],[127.55861,36.63206],[127.55646,36.63036],[127.55725,36.62835],[127.55708,36.62749],[127.55754,36.62666],[127.56121,36.62348],[127.56274,36.62317],[127.56319,36.62224],[127.56427,36.62192],[127.5664,36.62211],[127.56923,36.62169],[127.57013,36.62114],[127.57096,36.62117],[127.57205,36.62034],[127.57358,36.62029],[127.57429,36.6199],[127.57527,36.61797],[127.57643,36.61699],[127.57643,36.6162],[127.57553,36.61471],[127.5773,36.61417],[127.57749,36.61348],[127.57938,36.6126],[127.58025,36.6117],[127.58066,36.61012],[127.58142,36.60986],[127.58188,36.60896],[127.58364,36.6078],[127.58451,36.6068],[127.58346,36.60557],[127.58424,36.60292],[127.585,36.60229],[127.5847,36.60122],[127.58551,36.59996],[127.58585,36.5981],[127.58546,36.5976],[127.58594,36.5965],[127.58517,36.59605],[127.58435,36.59446],[127.58569,36.59402],[127.58604,36.59304],[127.58545,36.59144],[127.58865,36.58708],[127.58913,36.585],[127.5904,36.58553],[127.59109,36.58549],[127.59523,36.58366],[127.59715,36.58401],[127.59904,36.58486],[127.60084,36.58493],[127.60187,36.58535],[127.60254,36.58508],[127.60557,36.5831],[127.60605,36.58245],[127.60611,36.5817],[127.60734,36.5807],[127.60756,36.57978],[127.60724,36.57938],[127.60761,36.57779],[127.60838,36.57743],[127.60879,36.5768],[127.61013,36.57647],[127.61252,36.57513],[127.61431,36.5734],[127.61507,36.57399],[127.61571,36.57534],[127.61776,36.57754],[127.62038,36.57809],[127.62103,36.57858],[127.62237,36.57818],[127.62268,36.57876],[127.62207,36.5797],[127.62218,36.58106],[127.62406,36.58214],[127.62564,36.58358],[127.62657,36.58499],[127.62692,36.58481],[127.62854,36.586],[127.63043,36.58649],[127.63056,36.58829],[127.63183,36.58893],[127.63188,36.58947],[127.63025,36.59179],[127.63063,36.59297],[127.63017,36.59362],[127.63226,36.59513],[127.63256,36.59621],[127.6285,36.59484],[127.62122,36.59479],[127.61713,36.59559],[127.61426,36.59766],[127.61241,36.60241],[127.61376,36.60867],[127.61653,36.6102],[127.61853,36.61081],[127.61925,36.61212],[127.62191,36.61281],[127.62385,36.61515],[127.62661,36.61701],[127.62742,36.61836],[127.62688,36.61883],[127.62567,36.62129],[127.62666,36.62206],[127.62713,36.62324],[127.62801,36.62394],[127.62774,36.6259],[127.62837,36.62714],[127.62766,36.62784],[127.62656,36.62776],[127.62535,36.62873],[127.62504,36.62992],[127.62324,36.6313],[127.62297,36.63289],[127.62197,36.6343],[127.62102,36.63349],[127.62019,36.63324],[127.61796,36.63374],[127.61735,36.63344],[127.6163,36.63387],[127.61541,36.63513],[127.61466,36.63561],[127.61459,36.63759],[127.61537,36.63782],[127.61631,36.63883],[127.61658,36.64046],[127.6173,36.64095],[127.61803,36.6443],[127.61772,36.64509],[127.61869,36.64584],[127.62063,36.64572],[127.62081,36.64622],[127.62029,36.64684],[127.62073,36.6486],[127.62006,36.64867],[127.61894,36.64813],[127.6182,36.6485],[127.61758,36.64827],[127.61674,36.64848],[127.61621,36.64812],[127.61311,36.64757],[127.60931,36.64879],[127.60912,36.64931],[127.60669,36.65164],[127.60623,36.65312],[127.60454,36.65458],[127.60272,36.65504],[127.60169,36.65694],[127.6017,36.65798],[127.601,36.65925],[127.60177,36.65953],[127.6019,36.66006],[127.60043,36.66073],[127.60051,36.66157],[127.60012,36.66192],[127.60086,36.6634],[127.60044,36.6648],[127.5992,36.66636],[127.59766,36.66726],[127.59786,36.66889],[127.59693,36.66996],[127.59705,36.67329],[127.59775,36.67553],[127.59545,36.6775],[127.59421,36.6782],[127.5921,36.67875],[127.59066,36.68002],[127.5882,36.6813],[127.58714,36.68152],[127.58605,36.68242],[127.58588,36.68344],[127.5827,36.68463]]]}},{"type":"Feature","properties":{"zoneId":"Z000103434","zoneName":"용성초통학구역","zoneType":"elementary","level":"초등학교","kind":"dedicated","oneWay":false,"sggCode":"111","eduCode":"8011000","eduName":"충청북도청주교육지원청","updatedAt":"2019-04-02"},"geometry":{"type":"Polygon","coordinates":[[[127.51916,36.63101],[127.51914,36.63104],[127.51749,36.63274],[127.51656,36.63133],[127.51466,36.63058],[127.51398,36.6298],[127.51501,36.6289],[127.51266,36.62807],[127.51159,36.62825],[127.51105,36.62797],[127.51053,36.62615],[127.51009,36.62592],[127.51216,36.62361],[127.51114,36.62265],[127.5104,36.62244],[127.51014,36.62274],[127.50957,36.62119],[127.50842,36.62145],[127.50778,36.62113],[127.50891,36.61989],[127.50821,36.61973],[127.51029,36.61903],[127.51304,36.61696],[127.51436,36.61719],[127.51513,36.61788],[127.51651,36.61932],[127.51813,36.62197],[127.51941,36.62528],[127.52004,36.62842],[127.51916,36.63101]]]}},{"type":"Feature","properties":{"zoneId":"Z000103576","zoneName":"성암초통학구역","zoneType":"elementary","level":"초등학교","kind":"dedicated","oneWay":false,"sggCode":"750","eduCode":"8081000","eduName":"충청북도진천교육지원청","updatedAt":"2016-08-12"},"geometry":{"type":"Polygon","coordinates":[[[127.35661,36.85687],[127.35672,36.85797],[127.35222,36.85721],[127.35007,36.85626],[127.34851,36.85638],[127.34474,36.85443],[127.34031,36.8532],[127.33928,36.85365],[127.3375,36.85342],[127.33692,36.8537],[127.33633,36.85285],[127.33628,36.85216],[127.33623,36.84912],[127.33665,36.84802],[127.33603,36.8473],[127.33667,36.84648],[127.3368,36.84564],[127.33666,36.84507],[127.33568,36.84432],[127.33462,36.84214],[127.33464,36.84046],[127.33409,36.83932],[127.33418,36.83809],[127.33561,36.83743],[127.33521,36.83684],[127.33534,36.83562],[127.335,36.83444],[127.3341,36.83236],[127.33355,36.83197],[127.33399,36.83121],[127.33454,36.83067],[127.3366,36.82973],[127.33819,36.83102],[127.33929,36.83125],[127.34231,36.8304],[127.34391,36.83049],[127.34515,36.82958],[127.34637,36.82931],[127.34763,36.8298],[127.34818,36.83036],[127.35103,36.83081],[127.35173,36.83066],[127.35252,36.83],[127.35444,36.82947],[127.35605,36.82865],[127.35763,36.82668],[127.35808,36.82544],[127.35715,36.82356],[127.35811,36.82246],[127.35918,36.822],[127.36075,36.82055],[127.36397,36.81974],[127.36563,36.81839],[127.36661,36.81697],[127.36952,36.81626],[127.37095,36.81671],[127.37411,36.81598],[127.37534,36.81503],[127.37779,36.81498],[127.37854,36.81462],[127.37885,36.81387],[127.38149,36.81408],[127.38216,36.81375],[127.38627,36.80964],[127.38741,36.80941],[127.38787,36.80847],[127.39042,36.8075],[127.39161,36.80659],[127.39297,36.80421],[127.39351,36.80382],[127.39421,36.80393],[127.39568,36.8015],[127.3972,36.80045],[127.39749,36.79967],[127.39877,36.79903],[127.40081,36.79909],[127.40117,36.79876],[127.40125,36.79972],[127.40219,36.801],[127.40331,36.80085],[127.4056,36.8017],[127.4091,36.80229],[127.41147,36.80399],[127.4134,36.80593],[127.41469,36.80816],[127.41855,36.81077],[127.42147,36.81161],[127.4221,36.81279],[127.42143,36.81397],[127.42116,36.81542],[127.42148,36.81573],[127.42125,36.81633],[127.42166,36.8172],[127.42113,36.81741],[127.42108,36.81775],[127.42192,36.81871],[127.42197,36.81977],[127.42371,36.82214],[127.42344,36.82427],[127.42426,36.82505],[127.4222,36.82618],[127.42186,36.82714],[127.42079,36.82836],[127.42178,36.82942],[127.42182,36.83097],[127.42273,36.83201],[127.42278,36.83406],[127.42186,36.83522],[127.42118,36.83793],[127.41487,36.83986],[127.40997,36.84062],[127.40657,36.8402],[127.40587,36.84038],[127.40553,36.84136],[127.40373,36.84173],[127.40304,36.84235],[127.40245,36.84235],[127.40159,36.84335],[127.4018,36.84385],[127.40128,36.84437],[127.40006,36.84457],[127.39945,36.84518],[127.40056,36.84782],[127.40021,36.84842],[127.40055,36.84875],[127.40008,36.84933],[127.40014,36.8507],[127.40069,36.85154],[127.40037,36.85182],[127.3965,36.85237],[127.39445,36.85225],[127.39404,36.85312],[127.39335,36.85327],[127.39294,36.85373],[127.39096,36.85362],[127.39082,36.85441],[127.38758,36.85545],[127.3853,36.85521],[127.38484,36.85548],[127.38377,36.85519],[127.38331,36.85472],[127.38169,36.85492],[127.38025,36.85457],[127.37935,36.85498],[127.37765,36.8541],[127.37668,36.85229],[127.37546,36.85192],[127.37499,36.85115],[127.37515,36.85065],[127.3737,36.85061],[127.37257,36.85172],[127.36917,36.85192],[127.36852,36.85239],[127.36769,36.85231],[127.36603,36.85151],[127.36355,36.85326],[127.36268,36.85315],[127.36071,36.85408],[127.35986,36.85374],[127.35883,36.85465],[127.35855,36.85548],[127.35661,36.85687]]]}},{"type":"Feature","properties":{"zoneId":"Z000103402","zoneName":"북이초통학구역","zoneType":"elementary","level":"초등학교","kind":"dedicated","oneWay":false,"sggCode":"114","eduCode":"8011000","eduName":"충청북도청주교육지원청","updatedAt":"2016-08-12"},"geometry":{"type":"Polygon","coordinates":[[[127.56764,36.77392],[127.56764,36.77393],[127.56659,36.77742],[127.56599,36.77874],[127.56486,36.77959],[127.5648,36.78026],[127.5611,36.77862],[127.55529,36.77768],[127.5518,36.77609],[127.54967,36.77547],[127.53553,36.77256],[127.53284,36.77105],[127.53048,36.77045],[127.51859,36.76934],[127.50902,36.76681],[127.50774,36.76719],[127.50761,36.76786],[127.50406,36.76513],[127.5023,36.76264],[127.50646,36.76171],[127.51263,36.75923],[127.51507,36.75876],[127.51449,36.75794],[127.51446,36.75708],[127.51455,36.75655],[127.515,36.75632],[127.51645,36.75614],[127.51658,36.75768],[127.51696,36.7582],[127.51779,36.75848],[127.51876,36.75847],[127.52082,36.75738],[127.5218,36.75493],[127.52276,36.75382],[127.52324,36.75138],[127.52414,36.75053],[127.52612,36.74984],[127.52947,36.74973],[127.52981,36.74931],[127.52949,36.74678],[127.53038,36.74567],[127.53046,36.74452],[127.53169,36.743],[127.5326,36.74248],[127.53235,36.74207],[127.53371,36.74125],[127.53395,36.74036],[127.53438,36.74003],[127.53624,36.73967],[127.53824,36.74134],[127.54008,36.74187],[127.54102,36.74172],[127.5418,36.74104],[127.54406,36.74114],[127.54433,36.74165],[127.54687,36.74087],[127.54674,36.74008],[127.55026,36.74156],[127.55852,36.74295],[127.56094,36.74164],[127.56522,36.742],[127.56576,36.74228],[127.56644,36.74196],[127.56729,36.74219],[127.56723,36.74155],[127.5684,36.74107],[127.5685,36.74052],[127.56923,36.74095],[127.57146,36.7402],[127.57228,36.74045],[127.57307,36.74027],[127.57402,36.74089],[127.57499,36.74014],[127.5755,36.7402],[127.57714,36.74178],[127.57696,36.74284],[127.57762,36.7442],[127.57889,36.74547],[127.5788,36.74609],[127.57937,36.74747],[127.58274,36.74909],[127.58348,36.74917],[127.58763,36.74849],[127.5902,36.74858],[127.59076,36.74985],[127.59055,36.75175],[127.59003,36.75279],[127.59031,36.75312],[127.58997,36.75354],[127.58855,36.75385],[127.58836,36.75442],[127.58718,36.75542],[127.58839,36.75727],[127.58831,36.75851],[127.58907,36.76018],[127.5888,36.76072],[127.58842,36.76078],[127.58794,36.76037],[127.58737,36.76056],[127.58577,36.76189],[127.58364,36.76192],[127.58364,36.76248],[127.58315,36.7627],[127.58201,36.76505],[127.5796,36.76624],[127.57907,36.76699],[127.57808,36.7669],[127.57706,36.76636],[127.57681,36.76689],[127.57505,36.76738],[127.57381,36.76885],[127.57164,36.77064],[127.57113,36.77166],[127.56933,36.77145],[127.56858,36.77186],[127.56737,36.77324],[127.56764,36.77392]]]}},{"type":"Feature","properties":{"zoneId":"Z000103436","zoneName":"우암초통학구역","zoneType":"elementary","level":"초등학교","kind":"dedicated","oneWay":false,"sggCode":"111","eduCode":"8011000","eduName":"충청북도청주교육지원청","updatedAt":"2018-03-06"},"geometry":{"type":"Polygon","coordinates":[[[127.50437,36.65327],[127.50434,36.65338],[127.50305,36.65355],[127.5025,36.65326],[127.49951,36.65318],[127.49886,36.65267],[127.49875,36.65215],[127.49788,36.65161],[127.49219,36.65209],[127.48967,36.65174],[127.48917,36.65244],[127.48769,36.65235],[127.48767,36.65269],[127.48681,36.65336],[127.48312,36.65126],[127.48383,36.6501],[127.48389,36.64935],[127.48524,36.64867],[127.48658,36.64715],[127.48678,36.64507],[127.49041,36.64485],[127.49075,36.63726],[127.49228,36.63748],[127.49328,36.63723],[127.49321,36.63773],[127.4942,36.63817],[127.49427,36.63908],[127.49772,36.64025],[127.49787,36.64092],[127.5013,36.64159],[127.50091,36.64374],[127.50228,36.64441],[127.50341,36.64435],[127.50444,36.64549],[127.50491,36.64733],[127.50569,36.64739],[127.50654,36.64837],[127.50618,36.64874],[127.50608,36.65003],[127.5051,36.65012],[127.50545,36.65148],[127.50488,36.65195],[127.50494,36.65281],[127.50437,36.65327]]]}},{"type":"Feature","properties":{"zoneId":"Z000103448","zoneName":"진흥초통학구역","zoneType":"elementary","level":"초등학교","kind":"dedicated","oneWay":false,"sggCode":"113","eduCode":"8011000","eduName":"충청북도청주교육지원청","updatedAt":"2016-08-12"},"geometry":{"type":"Polygon","coordinates":[[[127.4329,36.63778],[127.43283,36.63778],[127.42991,36.63817],[127.42961,36.63652],[127.42991,36.63649],[127.42981,36.63593],[127.43013,36.63545],[127.43049,36.63544],[127.43066,36.63406],[127.43201,36.63418],[127.43192,36.63336],[127.43256,36.63285],[127.43355,36.63315],[127.43885,36.63274],[127.43918,36.63351],[127.43902,36.6353],[127.44081,36.6353],[127.44078,36.63787],[127.44018,36.63787],[127.44018,36.63696],[127.43973,36.63698],[127.43926,36.63613],[127.439,36.63613],[127.43899,36.63657],[127.43781,36.63655],[127.43781,36.63697],[127.43653,36.63741],[127.43647,36.63784],[127.4329,36.63778]]]}},{"type":"Feature","properties":{"zoneId":"Z000103594","zoneName":"송면초통학구역","zoneType":"elementary","level":"초등학교","kind":"dedicated","oneWay":false,"sggCode":"760","eduCode":"8092000","eduName":"충청북도괴산증평교육지원청","updatedAt":"2016-08-12"},"geometry":{"type":"Polygon","coordinates":[[[127.85527,36.71569],[127.85527,36.71569],[127.85131,36.71636],[127.85049,36.71622],[127.84968,36.71557],[127.84867,36.71552],[127.8483,36.71412],[127.84848,36.71351],[127.84698,36.71178],[127.84697,36.71011],[127.84658,36.70984],[127.84483,36.71046],[127.84405,36.71022],[127.84241,36.71131],[127.8402,36.71091],[127.83814,36.70918],[127.83735,36.70941],[127.8357,36.70715],[127.83264,36.70868],[127.83022,36.70621],[127.83075,36.70545],[127.83086,36.70449],[127.83267,36.70415],[127.83328,36.70104],[127.83486,36.70031],[127.83562,36.69904],[127.83464,36.69643],[127.8346,36.69538],[127.83327,36.69432],[127.83484,36.6919],[127.83669,36.69109],[127.83781,36.68969],[127.8368,36.68798],[127.8357,36.6871],[127.83511,36.68589],[127.83525,36.68494],[127.83457,36.68214],[127.83528,36.68158],[127.83592,36.67919],[127.83502,36.67798],[127.83483,36.67602],[127.83537,36.67518],[127.83479,36.67456],[127.835,36.67401],[127.83408,36.67224],[127.83422,36.67183],[127.83592,36.66985],[127.83758,36.66952],[127.83772,36.66869],[127.83891,36.66825],[127.83896,36.66774],[127.83957,36.66705],[127.83962,36.66497],[127.8407,36.66416],[127.84056,36.66374],[127.84121,36.66364],[127.84237,36.66259],[127.8448,36.6616],[127.84485,36.66114],[127.84616,36.65942],[127.84652,36.65784],[127.84852,36.65543],[127.84633,36.65206],[127.84377,36.65126],[127.84337,36.6497],[127.84231,36.64917],[127.84172,36.64805],[127.84023,36.64727],[127.84002,36.64523],[127.83562,36.64176],[127.8376,36.64069],[127.83891,36.63855],[127.84077,36.63699],[127.84299,36.63676],[127.84503,36.63753],[127.84512,36.63626],[127.846,36.63505],[127.84586,36.63439],[127.84616,36.63411],[127.84808,36.63418],[127.84891,36.63463],[127.85082,36.63455],[127.85137,36.63477],[127.85211,36.63579],[127.8528,36.63545],[127.85303,36.63481],[127.85507,36.63492],[127.85658,36.63447],[127.85944,36.63541],[127.86129,36.63556],[127.86197,36.6361],[127.86224,36.63711],[127.86307,36.63768],[127.86353,36.6407],[127.86541,36.64129],[127.86714,36.64344],[127.86711,36.64413],[127.87013,36.64552],[127.8697,36.64691],[127.87,36.64797],[127.86987,36.64882],[127.87233,36.65025],[127.87344,36.6522],[127.87394,36.65505],[127.87603,36.65631],[127.87994,36.65676],[127.87998,36.65505],[127.88097,36.65294],[127.88191,36.64874],[127.88199,36.64642],[127.88281,36.64521],[127.88357,36.64463],[127.88384,36.64479],[127.88448,36.64412],[127.88428,36.64376],[127.88449,36.64266],[127.8849,36.64224],[127.88716,36.64122],[127.88821,36.64045],[127.88871,36.63965],[127.88866,36.63673],[127.88746,36.63529],[127.88808,36.63294],[127.88785,36.63107],[127.88854,36.62953],[127.88935,36.62866],[127.89275,36.62817],[127.89542,36.62668],[127.89691,36.6263],[127.90028,36.62666],[127.90149,36.62755],[127.90224,36.62759],[127.90344,36.62735],[127.90577,36.62591],[127.90859,36.62593],[127.90921,36.62471],[127.90837,36.62355],[127.90863,36.62217],[127.91044,36.61912],[127.9118,36.61454],[127.91392,36.61222],[127.91816,36.6094],[127.9188,36.60868],[127.91849,36.60685],[127.91872,36.60343],[127.91996,36.60112],[127.92122,36.60164],[127.92395,36.60202],[127.92386,36.60254],[127.9262,36.60297],[127.92486,36.60406],[127.92509,36.6047],[127.92489,36.60784],[127.92424,36.60983],[127.92438,36.61099],[127.92397,36.61277],[127.92443,36.61345],[127.92422,36.61583],[127.9251,36.61644],[127.92857,36.61706],[127.93238,36.61874],[127.93288,36.62041],[127.93139,36.62459],[127.93249,36.62641],[127.93285,36.62874],[127.93596,36.633],[127.93522,36.63494],[127.93381,36.63608],[127.93431,36.64109],[127.93546,36.64287],[127.93573,36.64418],[127.939,36.64599],[127.93921,36.64706],[127.9387,36.64877],[127.93908,36.65275],[127.93407,36.65332],[127.93164,36.6554],[127.9316,36.65963],[127.93227,36.66141],[127.93221,36.66452],[127.92983,36.6666],[127.92957,36.66877],[127.92777,36.66895],[127.92319,36.66812],[127.92187,36.6686],[127.92028,36.66857],[127.91771,36.66785],[127.91586,36.67184],[127.91507,36.67239],[127.9145,36.67478],[127.91297,36.67767],[127.91258,36.6779],[127.91003,36.67793],[127.90857,36.67948],[127.90376,36.68055],[127.90171,36.68053],[127.9008,36.68112],[127.90037,36.6822],[127.89895,36.68224],[127.89716,36.68129],[127.89517,36.68109],[127.89145,36.68243],[127.88957,36.68117],[127.88965,36.68057],[127.88762,36.67863],[127.88501,36.67944],[127.88431,36.67916],[127.88292,36.67943],[127.88194,36.68002],[127.88104,36.67896],[127.88001,36.67871],[127.87822,36.67959],[127.87726,36.67973],[127.87707,36.68078],[127.87429,36.68196],[127.87467,36.6826],[127.87574,36.68307],[127.87759,36.68235],[127.8784,36.68236],[127.87889,36.68293],[127.88019,36.6832],[127.88077,36.68371],[127.88198,36.68345],[127.88184,36.68593],[127.88144,36.68642],[127.88067,36.68663],[127.88091,36.68732],[127.88141,36.68769],[127.88263,36.68784],[127.88411,36.68757],[127.88583,36.68825],[127.88686,36.69065],[127.88858,36.69186],[127.89084,36.69231],[127.89418,36.69216],[127.89447,36.69331],[127.8938,36.69465],[127.89419,36.69491],[127.89541,36.69469],[127.89817,36.69312],[127.90131,36.69312],[127.90376,36.6936],[127.90739,36.69259],[127.90928,36.69327],[127.91272,36.69265],[127.91435,36.69301],[127.91515,36.69387],[127.91585,36.69399],[127.91731,36.69333],[127.9182,36.69237],[127.92261,36.69213],[127.92516,36.69123],[127.92646,36.69033],[127.92892,36.69084],[127.92977,36.69223],[127.93059,36.69257],[127.93159,36.69442],[127.93181,36.69557],[127.93166,36.69756],[127.93086,36.70136],[127.93195,36.70344],[127.92628,36.7047],[127.92563,36.70558],[127.92472,36.70599],[127.9235,36.70588],[127.92336,36.70657],[127.92204,36.70703],[127.91976,36.70696],[127.91876,36.70636],[127.91725,36.70727],[127.91523,36.70607],[127.91469,36.70517],[127.91289,36.70521],[127.91201,36.70419],[127.90939,36.70474],[127.90621,36.70418],[127.90347,36.7049],[127.90239,36.70477],[127.8972,36.70944],[127.89593,36.70948],[127.89463,36.71029],[127.89136,36.71041],[127.88987,36.71258],[127.888,36.71305],[127.88492,36.71297],[127.88374,36.71262],[127.88061,36.71054],[127.87598,36.70655],[127.87377,36.70746],[127.86895,36.70862],[127.86696,36.71035],[127.86487,36.70999],[127.85878,36.71169],[127.85836,36.71277],[127.85629,36.71407],[127.85527,36.71569]]]}},{"type":"Feature","properties":{"zoneId":"Z000150392","zoneName":"덕신초용원초공동통학구역","zoneType":"elementary","level":"초등학교","kind":"shared","oneWay":false,"sggCode":"130","eduCode":"8021000","eduName":"충청북도충주교육지원청","updatedAt":"2016-08-12"},"geometry":{"type":"Polygon","coordinates":[[[127.75321,37.0092],[127.75306,37.00942],[127.75234,37.00966],[127.74918,37.00958],[127.7492,37.00825],[127.74749,37.00654],[127.7464,37.00597],[127.7452,37.00453],[127.74556,37.00198],[127.74509,37.00094],[127.74658,36.99786],[127.74669,36.99496],[127.74791,36.99449],[127.74989,36.99286],[127.74946,36.9923],[127.75443,36.99117],[127.75615,37.00257],[127.75573,37.00472],[127.75489,37.00576],[127.75446,37.00741],[127.75321,37.0092]]]}},{"type":"Feature","properties":{"zoneId":"Z000103599","zoneName":"청안초통학구역","zoneType":"elementary","level":"초등학교","kind":"dedicated","oneWay":false,"sggCode":"760","eduCode":"8092000","eduName":"충청북도괴산증평교육지원청","updatedAt":"2016-08-12"},"geometry":{"type":"Polygon","coordinates":[[[127.67371,36.79943],[127.67355,36.80074],[127.67157,36.79938],[127.66845,36.79971],[127.66444,36.79898],[127.66174,36.79908],[127.66131,36.79781],[127.66038,36.79708],[127.65929,36.79732],[127.65884,36.79697],[127.657,36.79708],[127.65607,36.79681],[127.65445,36.79531],[127.65356,36.79544],[127.65313,36.79519],[127.65179,36.79628],[127.65137,36.79593],[127.65008,36.79588],[127.64821,36.7967],[127.64724,36.79519],[127.64618,36.79463],[127.64589,36.79599],[127.64487,36.79624],[127.64418,36.79606],[127.64384,36.79639],[127.64413,36.79775],[127.64365,36.7992],[127.64156,36.79994],[127.6407,36.79936],[127.64056,36.79849],[127.63812,36.79558],[127.63699,36.79528],[127.63608,36.79427],[127.63471,36.7935],[127.63309,36.79386],[127.62702,36.79425],[127.62736,36.79321],[127.62715,36.79189],[127.62534,36.79141],[127.62629,36.79044],[127.62599,36.78982],[127.62548,36.78932],[127.62377,36.78948],[127.62267,36.78835],[127.62182,36.78787],[127.62094,36.78787],[127.62089,36.78524],[127.62136,36.78354],[127.6207,36.78191],[127.62048,36.77935],[127.62083,36.77859],[127.62211,36.77852],[127.62294,36.77904],[127.62339,36.77884],[127.62361,36.77814],[127.62467,36.77701],[127.62539,36.77686],[127.62603,36.77712],[127.62724,36.77662],[127.62752,36.77639],[127.62737,36.77572],[127.62786,36.775],[127.62805,36.77358],[127.62931,36.77346],[127.62834,36.77164],[127.62824,36.77019],[127.62704,36.76814],[127.62703,36.76724],[127.62555,36.76586],[127.62478,36.76315],[127.62408,36.76243],[127.62411,36.76106],[127.62367,36.76075],[127.62538,36.75977],[127.62613,36.75975],[127.62625,36.75895],[127.62702,36.75884],[127.62735,36.75806],[127.62725,36.75736],[127.62809,36.75642],[127.6294,36.75623],[127.62945,36.75587],[127.62996,36.75563],[127.62983,36.75492],[127.63038,36.75478],[127.6307,36.75419],[127.63153,36.75406],[127.63282,36.75231],[127.6337,36.75185],[127.63464,36.75221],[127.63553,36.75209],[127.63574,36.75098],[127.63496,36.7487],[127.63578,36.74829],[127.63537,36.74694],[127.63658,36.74539],[127.63581,36.74453],[127.63589,36.74395],[127.63659,36.74342],[127.63602,36.74131],[127.63727,36.74016],[127.63746,36.73919],[127.63822,36.73924],[127.63893,36.73814],[127.63848,36.73675],[127.63867,36.73296],[127.63895,36.73255],[127.63967,36.73196],[127.64135,36.73176],[127.64233,36.73233],[127.64372,36.73214],[127.64434,36.73246],[127.6458,36.73242],[127.64686,36.73325],[127.64942,36.73285],[127.65324,36.73161],[127.65603,36.73313],[127.65681,36.73258],[127.65865,36.73219],[127.66156,36.73218],[127.66206,36.73245],[127.66249,36.73363],[127.66432,36.73609],[127.66516,36.73665],[127.66524,36.73737],[127.66456,36.73991],[127.66091,36.74108],[127.66006,36.74194],[127.66071,36.74286],[127.6611,36.74429],[127.66213,36.74483],[127.66291,36.74661],[127.66364,36.74693],[127.66431,36.74781],[127.66439,36.74893],[127.66496,36.74949],[127.66468,36.75028],[127.66531,36.75114],[127.66492,36.75174],[127.66604,36.75278],[127.66646,36.75429],[127.666,36.75479],[127.66634,36.75493],[127.66739,36.75704],[127.66713,36.75813],[127.66773,36.76012],[127.66899,36.76144],[127.67055,36.76215],[127.67019,36.76356],[127.67034,36.76441],[127.67125,36.76574],[127.67109,36.76614],[127.67186,36.76691],[127.67177,36.76771],[127.67147,36.76792],[127.67328,36.76853],[127.67363,36.76976],[127.67451,36.76974],[127.6756,36.77049],[127.67667,36.77037],[127.67945,36.77088],[127.67951,36.77159],[127.68049,36.77265],[127.68076,36.77422],[127.68157,36.77536],[127.68101,36.77607],[127.68191,36.77767],[127.68157,36.77904],[127.68117,36.77928],[127.6819,36.78043],[127.68194,36.78114],[127.68273,36.78099],[127.68382,36.78241],[127.68385,36.78268],[127.68287,36.78316],[127.68251,36.78373],[127.68143,36.78682],[127.68184,36.78995],[127.6802,36.79115],[127.67963,36.79228],[127.67825,36.79289],[127.67749,36.79581],[127.67627,36.79593],[127.67569,36.79672],[127.67504,36.79701],[127.67486,36.79834],[127.6743,36.79915],[127.67371,36.79943]]]}},{"type":"Feature","properties":{"zoneId":"Z000103584","zoneName":"감물초통학구역","zoneType":"elementary","level":"초등학교","kind":"dedicated","oneWay":false,"sggCode":"760","eduCode":"8092000","eduName":"충청북도괴산증평교육지원청","updatedAt":"2016-08-12"},"geometry":{"type":"Polygon","coordinates":[[[127.87024,36.89656],[127.86953,36.89672],[127.86786,36.89708],[127.8645,36.89641],[127.86397,36.89625],[127.86284,36.89484],[127.86416,36.89209],[127.86316,36.88933],[127.86228,36.88821],[127.8646,36.88602],[127.86491,36.88491],[127.86603,36.88455],[127.86591,36.88203],[127.86532,36.88037],[127.86409,36.8811],[127.86285,36.88118],[127.86018,36.8793],[127.85734,36.875],[127.85654,36.87143],[127.85359,36.8649],[127.85314,36.86441],[127.85,36.8634],[127.84741,36.86202],[127.84626,36.86099],[127.84594,36.86016],[127.84513,36.85256],[127.84544,36.84743],[127.84594,36.84556],[127.84789,36.84407],[127.85535,36.84199],[127.8566,36.84072],[127.85668,36.83939],[127.85533,36.8378],[127.85349,36.83699],[127.84759,36.83509],[127.84271,36.83412],[127.84104,36.83189],[127.84035,36.82842],[127.84226,36.82784],[127.84282,36.829],[127.84467,36.82804],[127.84629,36.82789],[127.84787,36.82633],[127.84823,36.82475],[127.84923,36.82331],[127.84963,36.82194],[127.85125,36.8204],[127.8547,36.8175],[127.85566,36.81755],[127.85668,36.81828],[127.85734,36.81815],[127.85901,36.81681],[127.86042,36.81471],[127.86143,36.81456],[127.8603,36.81206],[127.85966,36.81156],[127.8626,36.80977],[127.86278,36.80941],[127.86228,36.80661],[127.8637,36.80577],[127.86483,36.80388],[127.86648,36.80313],[127.8683,36.80102],[127.8713,36.79974],[127.87178,36.80045],[127.87262,36.80044],[127.87413,36.8013],[127.87449,36.80108],[127.87643,36.80148],[127.87637,36.80256],[127.87687,36.80345],[127.87702,36.80478],[127.87994,36.80625],[127.88073,36.8074],[127.88151,36.80706],[127.88369,36.80783],[127.88437,36.80776],[127.88561,36.80931],[127.88676,36.80877],[127.88753,36.80882],[127.88986,36.80746],[127.89264,36.80889],[127.89365,36.8072],[127.89405,36.80548],[127.8964,36.80433],[127.89725,36.80465],[127.89869,36.80608],[127.89968,36.80488],[127.90133,36.80551],[127.90263,36.80548],[127.90422,36.80147],[127.90506,36.80048],[127.9062,36.80065],[127.90663,36.80213],[127.90783,36.80394],[127.90842,36.80677],[127.90972,36.80822],[127.91139,36.81137],[127.91297,36.81246],[127.91424,36.81404],[127.91439,36.81577],[127.91591,36.8164],[127.91667,36.8172],[127.91988,36.81763],[127.92264,36.81728],[127.92382,36.81848],[127.92524,36.81906],[127.92525,36.82186],[127.92795,36.82308],[127.92783,36.82858],[127.92841,36.83125],[127.92922,36.832],[127.92964,36.83427],[127.9235,36.83647],[127.92222,36.83642],[127.92095,36.83608],[127.91879,36.83454],[127.91548,36.83336],[127.91474,36.83345],[127.91339,36.83484],[127.91289,36.83602],[127.91014,36.83833],[127.912,36.84021],[127.91475,36.84436],[127.9145,36.84722],[127.91324,36.84861],[127.91118,36.85241],[127.91228,36.8528],[127.91284,36.85466],[127.91427,36.85685],[127.91401,36.85747],[127.91428,36.85784],[127.91493,36.85793],[127.91546,36.85867],[127.91616,36.85887],[127.91591,36.8597],[127.91632,36.86014],[127.91563,36.86105],[127.91555,36.86285],[127.91659,36.86408],[127.91562,36.86571],[127.9144,36.86623],[127.9133,36.86613],[127.91121,36.86726],[127.91024,36.86727],[127.90984,36.86766],[127.90863,36.86775],[127.90818,36.86814],[127.90557,36.86806],[127.90361,36.86881],[127.90131,36.87022],[127.90116,36.87077],[127.90029,36.8709],[127.89961,36.87158],[127.89823,36.87185],[127.89773,36.87251],[127.89668,36.87255],[127.89558,36.87214],[127.89393,36.87268],[127.88723,36.87733],[127.88533,36.87786],[127.88242,36.8797],[127.881,36.88023],[127.87855,36.87997],[127.8773,36.88483],[127.87717,36.88758],[127.87866,36.88965],[127.88294,36.89053],[127.88151,36.89585],[127.8722,36.8956],[127.87024,36.89656]]]}},{"type":"Feature","properties":{"zoneId":"Z000103600","zoneName":"청천초통학구역","zoneType":"elementary","level":"초등학교","kind":"dedicated","oneWay":false,"sggCode":"760","eduCode":"8092000","eduName":"충청북도괴산증평교육지원청","updatedAt":"2016-08-12"},"geometry":{"type":"Polygon","coordinates":[[[127.81503,36.70657],[127.81498,36.70658],[127.81452,36.70672],[127.8139,36.70822],[127.81103,36.70913],[127.80702,36.70955],[127.805,36.71021],[127.80342,36.71152],[127.80206,36.71322],[127.80195,36.71195],[127.80101,36.71049],[127.80084,36.7081],[127.799,36.70496],[127.79506,36.70642],[127.79436,36.70702],[127.79397,36.70682],[127.79207,36.70732],[127.78978,36.70832],[127.78899,36.70903],[127.78772,36.7092],[127.7871,36.70851],[127.78449,36.70944],[127.78342,36.70914],[127.782,36.70924],[127.77971,36.70977],[127.77845,36.71047],[127.77732,36.71046],[127.77584,36.71141],[127.77054,36.71201],[127.76928,36.71169],[127.76889,36.71211],[127.76531,36.71324],[127.76411,36.7112],[127.76394,36.71008],[127.76156,36.70939],[127.76058,36.7085],[127.75826,36.70457],[127.75654,36.70244],[127.75595,36.70198],[127.75383,36.70197],[127.75301,36.70124],[127.75098,36.70046],[127.74988,36.6994],[127.74927,36.69708],[127.74704,36.6936],[127.74646,36.6938],[127.74611,36.69342],[127.74621,36.69236],[127.74289,36.69057],[127.74045,36.68716],[127.73759,36.68535],[127.73777,36.68433],[127.73717,36.68288],[127.73552,36.68188],[127.73373,36.68305],[127.7312,36.68353],[127.72971,36.68272],[127.72829,36.68297],[127.72796,36.68257],[127.72715,36.68251],[127.72687,36.68173],[127.72631,36.68128],[127.72623,36.67938],[127.72557,36.67836],[127.72602,36.67751],[127.72498,36.67525],[127.72456,36.6752],[127.72165,36.67269],[127.72024,36.67203],[127.71924,36.67083],[127.7168,36.67001],[127.71559,36.66916],[127.71555,36.66951],[127.71313,36.66827],[127.71246,36.66753],[127.71272,36.66627],[127.71218,36.66568],[127.7117,36.66423],[127.71039,36.66303],[127.71028,36.66277],[127.71224,36.66042],[127.71191,36.65974],[127.71229,36.6572],[127.71091,36.65658],[127.70936,36.65404],[127.71121,36.65259],[127.71268,36.65033],[127.71553,36.65162],[127.71781,36.65134],[127.7191,36.65198],[127.72012,36.65187],[127.72116,36.65124],[127.72337,36.6513],[127.72479,36.64958],[127.72419,36.64882],[127.72585,36.64468],[127.72757,36.64371],[127.7298,36.64316],[127.73147,36.64232],[127.73317,36.6406],[127.73477,36.63965],[127.7381,36.64128],[127.73896,36.64005],[127.73894,36.63961],[127.73858,36.63929],[127.7377,36.63643],[127.7393,36.63572],[127.74022,36.63494],[127.74066,36.63428],[127.74003,36.63316],[127.74099,36.63266],[127.74518,36.63224],[127.7436,36.6311],[127.74426,36.63037],[127.74426,36.62907],[127.74551,36.62803],[127.74762,36.62725],[127.7492,36.62612],[127.74935,36.62507],[127.74884,36.62413],[127.74909,36.62393],[127.74997,36.62564],[127.74948,36.62299],[127.75067,36.62275],[127.75025,36.62188],[127.75134,36.62146],[127.75234,36.62154],[127.75667,36.6183],[127.75907,36.61731],[127.75955,36.6167],[127.76028,36.61662],[127.76143,36.61532],[127.76463,36.61305],[127.76491,36.61063],[127.76571,36.61056],[127.76676,36.60931],[127.76686,36.60849],[127.76874,36.60642],[127.76869,36.6052],[127.76949,36.60399],[127.77126,36.60552],[127.77218,36.6058],[127.77237,36.60624],[127.77324,36.60633],[127.77393,36.60601],[127.77646,36.60713],[127.77669,36.60805],[127.78143,36.60875],[127.78249,36.61027],[127.7839,36.61093],[127.78457,36.61269],[127.78626,36.61377],[127.78673,36.61326],[127.7889,36.61237],[127.79073,36.61073],[127.79181,36.61033],[127.79399,36.60746],[127.79428,36.60666],[127.79725,36.60437],[127.7985,36.60208],[127.79918,36.60238],[127.80198,36.60185],[127.80319,36.60214],[127.80464,36.60328],[127.80648,36.60365],[127.8072,36.60461],[127.80796,36.60503],[127.80835,36.6058],[127.81207,36.60758],[127.81431,36.60744],[127.81594,36.60824],[127.81857,36.6083],[127.82086,36.61054],[127.8213,36.61143],[127.821,36.61331],[127.82212,36.61292],[127.82204,36.61266],[127.82274,36.61234],[127.82399,36.61237],[127.82489,36.61178],[127.82665,36.61142],[127.82752,36.61077],[127.82906,36.61156],[127.82994,36.61262],[127.83108,36.61248],[127.83229,36.61276],[127.83437,36.61116],[127.83524,36.61118],[127.83745,36.61009],[127.83766,36.60937],[127.83907,36.60885],[127.83964,36.60893],[127.8407,36.60829],[127.84542,36.61091],[127.84726,36.61112],[127.8498,36.61312],[127.85161,36.61325],[127.85519,36.61188],[127.8583,36.61353],[127.85573,36.61758],[127.8538,36.61821],[127.85301,36.61803],[127.85119,36.61835],[127.84981,36.61958],[127.84982,36.62117],[127.84884,36.62218],[127.84798,36.6239],[127.84784,36.62494],[127.8506,36.62915],[127.85056,36.63125],[127.84586,36.63439],[127.846,36.63505],[127.84512,36.63626],[127.84503,36.63753],[127.84299,36.63676],[127.84077,36.63699],[127.83891,36.63855],[127.8376,36.64069],[127.83562,36.64176],[127.84002,36.64523],[127.84023,36.64727],[127.84172,36.64805],[127.84231,36.64917],[127.84337,36.6497],[127.84377,36.65126],[127.84633,36.65206],[127.84852,36.65543],[127.84652,36.65784],[127.84616,36.65942],[127.84485,36.66114],[127.8448,36.6616],[127.84237,36.66259],[127.84121,36.66364],[127.84056,36.66374],[127.8407,36.66416],[127.83962,36.66497],[127.83957,36.66705],[127.83896,36.66774],[127.83891,36.66825],[127.83772,36.66869],[127.83758,36.66952],[127.83592,36.66985],[127.83408,36.67224],[127.83485,36.67348],[127.83479,36.67456],[127.83537,36.67518],[127.83483,36.67602],[127.83502,36.67798],[127.83592,36.67919],[127.83528,36.68158],[127.83457,36.68214],[127.83525,36.68494],[127.83511,36.68589],[127.8357,36.6871],[127.8368,36.68798],[127.83781,36.68969],[127.83669,36.69109],[127.83484,36.6919],[127.83327,36.69432],[127.8346,36.69538],[127.83464,36.69643],[127.83562,36.69904],[127.83486,36.70031],[127.83328,36.70104],[127.83323,36.70221],[127.83254,36.7043],[127.82759,36.70461],[127.8269,36.70515],[127.82678,36.70602],[127.8262,36.70643],[127.826,36.70734],[127.82502,36.70713],[127.82456,36.70604],[127.82365,36.7052],[127.82286,36.70493],[127.82011,36.70567],[127.81784,36.70705],[127.81628,36.70707],[127.81503,36.70657]]]}},{"type":"Feature","properties":{"zoneId":"Z000103419","zoneName":"석교초통학구역","zoneType":"elementary","level":"초등학교","kind":"dedicated","oneWay":false,"sggCode":"111","eduCode":"8011000","eduName":"충청북도청주교육지원청","updatedAt":"2016-08-12"},"geometry":{"type":"Polygon","coordinates":[[[127.49243,36.63473],[127.49062,36.63447],[127.48759,36.63437],[127.48754,36.63201],[127.48161,36.6318],[127.48171,36.63116],[127.48217,36.6302],[127.48358,36.62867],[127.4892,36.62548],[127.48872,36.6248],[127.48749,36.62048],[127.49343,36.62011],[127.49326,36.62234],[127.49426,36.6224],[127.49547,36.62192],[127.4964,36.62297],[127.49708,36.62285],[127.49781,36.6232],[127.49883,36.62298],[127.49879,36.6247],[127.49918,36.62646],[127.50101,36.62862],[127.49983,36.6304],[127.50119,36.63121],[127.49914,36.63204],[127.49442,36.63256],[127.49276,36.63228],[127.49243,36.63473]]]}},{"type":"Feature","properties":{"zoneId":"Z000103454","zoneName":"풍광초통학구역","zoneType":"elementary","level":"초등학교","kind":"dedicated","oneWay":false,"sggCode":"113","eduCode":"8011000","eduName":"충청북도청주교육지원청","updatedAt":"2016-08-12"},"geometry":{"type":"Polygon","coordinates":[[[127.43639,36.63274],[127.43615,36.63278],[127.43382,36.63314],[127.43274,36.63296],[127.43166,36.63217],[127.42841,36.62855],[127.43065,36.62542],[127.4403,36.62877],[127.439,36.62963],[127.43822,36.63106],[127.43816,36.63187],[127.43885,36.63274],[127.43639,36.63274]]]}},{"type":"Feature","properties":{"zoneId":"Z000103440","zoneName":"원평초통학구역","zoneType":"elementary","level":"초등학교","kind":"dedicated","oneWay":false,"sggCode":"112","eduCode":"8011000","eduName":"충청북도청주교육지원청","updatedAt":"2016-08-12"},"geometry":{"type":"Polygon","coordinates":[[[127.49805,36.606],[127.49799,36.60718],[127.4973,36.61129],[127.497,36.61188],[127.49567,36.61184],[127.49173,36.611],[127.49171,36.60845],[127.49137,36.60846],[127.49123,36.60619],[127.49805,36.606]]]}},{"type":"Feature","properties":{"zoneId":"Z000103523","zoneName":"화산초통학구역","zoneType":"elementary","level":"초등학교","kind":"dedicated","oneWay":false,"sggCode":"150","eduCode":"8031000","eduName":"충청북도제천교육지원청","updatedAt":"2016-08-12"},"geometry":{"type":"Polygon","coordinates":[[[128.21215,37.13565],[128.21161,37.13579],[128.20862,37.13436],[128.20634,37.12998],[128.20823,37.12938],[128.20756,37.12812],[128.20836,37.12783],[128.209,37.1268],[128.21148,37.12573],[128.21152,37.12539],[128.2135,37.12477],[128.21476,37.12486],[128.21823,37.12591],[128.21958,37.12665],[128.22007,37.12725],[128.21966,37.12739],[128.21999,37.1281],[128.21904,37.12841],[128.22058,37.13121],[128.2191,37.1337],[128.21701,37.13451],[128.216,37.13262],[128.21568,37.13274],[128.21593,37.13321],[128.21566,37.13331],[128.21345,37.13351],[128.21273,37.13422],[128.21273,37.13506],[128.21189,37.13471],[128.21215,37.13565]]]}},{"type":"Feature","properties":{"zoneId":"Z000103553","zoneName":"청성초통학구역","zoneType":"elementary","level":"초등학교","kind":"dedicated","oneWay":false,"sggCode":"730","eduCode":"8061000","eduName":"충청북도옥천교육지원청","updatedAt":"2016-08-12"},"geometry":{"type":"Polygon","coordinates":[[[127.73582,36.39185],[127.73554,36.39201],[127.7346,36.39274],[127.73372,36.39435],[127.73352,36.39414],[127.73299,36.39354],[127.73253,36.39164],[127.73109,36.38945],[127.73059,36.38624],[127.7296,36.38538],[127.72859,36.38335],[127.72699,36.383],[127.72698,36.38246],[127.72582,36.38121],[127.72418,36.3811],[127.72187,36.379],[127.71992,36.37885],[127.71666,36.37972],[127.71538,36.38115],[127.71456,36.38106],[127.71354,36.3816],[127.71019,36.38146],[127.70906,36.38106],[127.70826,36.3802],[127.70835,36.37938],[127.70778,36.37871],[127.70778,36.37781],[127.70622,36.37601],[127.70522,36.37419],[127.70651,36.37153],[127.70877,36.36989],[127.70843,36.36899],[127.71006,36.36677],[127.7122,36.36202],[127.71298,36.36157],[127.713,36.36015],[127.71338,36.35966],[127.71139,36.3575],[127.70925,36.35651],[127.70938,36.35531],[127.70871,36.35424],[127.70876,36.35369],[127.71028,36.35148],[127.71,36.34974],[127.70623,36.34901],[127.70123,36.3468],[127.70092,36.34598],[127.70109,36.34383],[127.70066,36.34176],[127.6998,36.34061],[127.69946,36.33953],[127.69977,36.33949],[127.70002,36.33845],[127.70103,36.33733],[127.70268,36.3365],[127.70256,36.33464],[127.70335,36.33276],[127.70201,36.33129],[127.70171,36.33063],[127.70185,36.32979],[127.70065,36.32758],[127.70014,36.32536],[127.70032,36.32449],[127.70105,36.32357],[127.70066,36.32233],[127.70083,36.32195],[127.70026,36.32165],[127.69859,36.32159],[127.69803,36.32063],[127.69516,36.31786],[127.69881,36.31204],[127.70049,36.30798],[127.69983,36.3076],[127.69948,36.30644],[127.70117,36.30591],[127.7015,36.30533],[127.70143,36.3044],[127.70227,36.30411],[127.70276,36.30325],[127.70268,36.30226],[127.70399,36.3015],[127.70596,36.2977],[127.7057,36.29623],[127.70612,36.29509],[127.7061,36.29414],[127.70564,36.29333],[127.70556,36.29216],[127.70572,36.2912],[127.70636,36.29045],[127.70617,36.28843],[127.70754,36.28713],[127.70716,36.28538],[127.70781,36.28369],[127.70632,36.28058],[127.7061,36.27794],[127.70528,36.27668],[127.70507,36.27523],[127.70527,36.27475],[127.70643,36.27393],[127.70806,36.27148],[127.70767,36.27044],[127.70812,36.26889],[127.70846,36.26864],[127.70923,36.26897],[127.70986,36.26855],[127.71146,36.26838],[127.71201,36.26598],[127.71279,36.26602],[127.71282,36.26737],[127.71286,36.26692],[127.71303,36.26758],[127.71387,36.26805],[127.714,36.26863],[127.71771,36.26921],[127.71899,36.27011],[127.72018,36.26946],[127.72168,36.26947],[127.72223,36.27015],[127.723,36.27044],[127.72306,36.27149],[127.72549,36.27301],[127.72689,36.27476],[127.72733,36.27479],[127.72916,36.27625],[127.73098,36.27641],[127.73328,36.27501],[127.73575,36.27275],[127.73758,36.27277],[127.73838,36.27227],[127.74003,36.27212],[127.74222,36.27092],[127.74571,36.271],[127.74602,36.2704],[127.7488,36.27002],[127.7497,36.26949],[127.75185,36.27005],[127.75318,36.26893],[127.75582,36.26792],[127.75801,36.26994],[127.75931,36.27057],[127.76039,36.27061],[127.76163,36.27176],[127.7626,36.2758],[127.76153,36.27609],[127.76188,36.27695],[127.76179,36.27835],[127.76144,36.27861],[127.76223,36.27959],[127.76187,36.28011],[127.7645,36.28241],[127.76416,36.28398],[127.76451,36.2843],[127.76578,36.28449],[127.76581,36.28524],[127.76645,36.28568],[127.76748,36.28573],[127.7685,36.28513],[127.76926,36.28568],[127.7697,36.28684],[127.76922,36.28753],[127.7698,36.28816],[127.76938,36.28883],[127.76936,36.28972],[127.77016,36.29027],[127.77121,36.28991],[127.77181,36.29003],[127.77229,36.29072],[127.77335,36.29131],[127.77433,36.29174],[127.77485,36.2914],[127.77583,36.29189],[127.77642,36.29051],[127.77758,36.28988],[127.77961,36.28942],[127.78095,36.28969],[127.78168,36.28942],[127.78236,36.29008],[127.78378,36.29039],[127.78469,36.28939],[127.78542,36.2892],[127.78541,36.28891],[127.78678,36.28815],[127.78774,36.2886],[127.78811,36.28983],[127.78907,36.29097],[127.79136,36.29125],[127.79445,36.2905],[127.79482,36.29119],[127.79464,36.29215],[127.79505,36.29381],[127.7948,36.29474],[127.7951,36.29499],[127.79531,36.29626],[127.79471,36.29724],[127.79484,36.29816],[127.79461,36.29849],[127.79406,36.29849],[127.79303,36.29969],[127.79254,36.3015],[127.79117,36.30299],[127.79125,36.30344],[127.79055,36.30456],[127.78984,36.30472],[127.78867,36.3057],[127.78952,36.30681],[127.78943,36.30838],[127.78972,36.30944],[127.7894,36.3097],[127.78991,36.31203],[127.78943,36.31342],[127.78861,36.31388],[127.78817,36.31461],[127.78782,36.31623],[127.7873,36.31646],[127.78753,36.31684],[127.7874,36.31768],[127.78569,36.31831],[127.78466,36.31829],[127.78358,36.31955],[127.78065,36.32154],[127.78046,36.32204],[127.77878,36.32191],[127.77842,36.32215],[127.77806,36.3242],[127.77539,36.32605],[127.77463,36.32695],[127.77437,36.32784],[127.77409,36.32772],[127.77253,36.32914],[127.76976,36.33008],[127.76771,36.3293],[127.766,36.32916],[127.76626,36.33013],[127.76481,36.33198],[127.76329,36.3332],[127.76378,36.33417],[127.76353,36.33509],[127.76392,36.3364],[127.76361,36.33723],[127.76369,36.33879],[127.7642,36.3396],[127.76255,36.34207],[127.7644,36.34248],[127.76628,36.34337],[127.7675,36.34337],[127.77117,36.34454],[127.77133,36.34538],[127.77177,36.34581],[127.77114,36.34808],[127.77128,36.34892],[127.77097,36.34918],[127.77178,36.35023],[127.77272,36.35322],[127.77513,36.35486],[127.77728,36.3573],[127.77853,36.35809],[127.7796,36.35816],[127.78109,36.35881],[127.78163,36.35938],[127.78129,36.36434],[127.7809,36.36551],[127.77877,36.36574],[127.77648,36.36766],[127.77557,36.36793],[127.77393,36.36985],[127.77399,36.37154],[127.77428,36.37196],[127.77337,36.37313],[127.76994,36.37533],[127.76954,36.37646],[127.76832,36.37773],[127.76558,36.3779],[127.76434,36.37728],[127.75829,36.37795],[127.75905,36.37942],[127.75963,36.38172],[127.75876,36.38346],[127.75417,36.38378],[127.7519,36.38425],[127.74849,36.38537],[127.74777,36.38598],[127.7467,36.38583],[127.74598,36.38634],[127.74303,36.38685],[127.74262,36.38766],[127.74068,36.38867],[127.74011,36.38928],[127.73895,36.38964],[127.73836,36.3906],[127.73737,36.39142],[127.73645,36.39194],[127.73582,36.39185]]]}},{"type":"Feature","properties":{"zoneId":"Z000103433","zoneName":"용담초현양원분교장통학구역","zoneType":"elementary","level":"초등학교","kind":"dedicated","oneWay":false,"sggCode":"111","eduCode":"8011000","eduName":"충청북도청주교육지원청","updatedAt":"2016-08-12"},"geometry":{"type":"Polygon","coordinates":[[[127.54455,36.63995],[127.54436,36.64045],[127.54325,36.64214],[127.54236,36.64436],[127.54091,36.64553],[127.53765,36.64524],[127.53652,36.64379],[127.53707,36.64249],[127.53672,36.64095],[127.53753,36.64038],[127.53835,36.63877],[127.53907,36.6386],[127.53912,36.63736],[127.53988,36.63639],[127.54176,36.63776],[127.54363,36.63804],[127.54447,36.6385],[127.54455,36.63995]]]}},{"type":"Feature","properties":{"zoneId":"Z000103439","zoneName":"원봉초통학구역","zoneType":"elementary","level":"초등학교","kind":"dedicated","oneWay":false,"sggCode":"111","eduCode":"8011000","eduName":"충청북도청주교육지원청","updatedAt":"2016-08-12"},"geometry":{"type":"Polygon","coordinates":[[[127.50514,36.61477],[127.50503,36.61482],[127.50484,36.61609],[127.50517,36.61617],[127.50459,36.61718],[127.5026,36.61687],[127.50113,36.6152],[127.5,36.61479],[127.49742,36.61511],[127.49529,36.615],[127.4975,36.61083],[127.49805,36.606],[127.50122,36.6059],[127.50312,36.60646],[127.5073,36.61031],[127.50599,36.61118],[127.50707,36.61223],[127.5047,36.6138],[127.50553,36.61459],[127.50514,36.61477]]]}},{"type":"Feature","properties":{"zoneId":"Z000103507","zoneName":"백운초통학구역","zoneType":"elementary","level":"초등학교","kind":"dedicated","oneWay":false,"sggCode":"150","eduCode":"8031000","eduName":"충청북도제천교육지원청","updatedAt":"2016-08-12"},"geometry":{"type":"Polygon","coordinates":[[[128.0477,37.16978],[128.04778,37.16985],[128.04989,37.17096],[128.04929,37.17392],[128.04849,37.17484],[128.04541,37.17672],[128.04418,37.17809],[128.04425,37.18028],[128.04348,37.18197],[128.04268,37.18255],[128.04262,37.18392],[128.04164,37.18613],[128.04172,37.18764],[128.04015,37.18902],[128.0372,37.18928],[128.03587,37.18979],[128.03391,37.19141],[128.03222,37.19388],[128.02869,37.19447],[128.02706,37.19575],[128.02295,37.19667],[128.02107,37.19663],[128.0153,37.19394],[128.01334,37.19338],[128.012,37.19201],[128.01079,37.19142],[128.01261,37.18964],[128.01074,37.18298],[128.01095,37.18141],[128.01028,37.18003],[128.01004,37.17579],[128.01007,37.16401],[128.01166,37.16252],[128.00979,37.16106],[128.00731,37.15798],[128.005,37.15929],[128.0013,37.15865],[128.0006,37.1557],[127.99953,37.15581],[127.99892,37.15457],[127.99719,37.15435],[127.99622,37.15316],[127.99299,37.15176],[127.98931,37.15303],[127.98375,37.14707],[127.97707,37.14128],[127.97786,37.14037],[127.9795,37.13713],[127.98066,37.13605],[127.98164,37.13253],[127.9826,37.13119],[127.98596,37.13155],[127.98663,37.13121],[127.98711,37.12891],[127.98616,37.1274],[127.98534,37.12671],[127.98509,37.12506],[127.98524,37.12423],[127.9862,37.12342],[127.98603,37.12036],[127.9847,37.11817],[127.98529,37.11641],[127.98491,37.11499],[127.98565,37.11333],[127.9854,37.11244],[127.98588,37.11168],[127.98714,37.11098],[127.99141,37.11077],[127.99311,37.11011],[127.9942,37.10902],[127.99562,37.10994],[127.99918,37.10822],[127.99957,37.10586],[128.00152,37.10044],[128.003,37.09949],[128.00388,37.09845],[128.00505,37.09889],[128.00699,37.09888],[128.00969,37.09854],[128.01068,37.09797],[128.01313,37.09816],[128.03832,37.08868],[128.04242,37.08817],[128.0503,37.09024],[128.05894,37.08946],[128.05929,37.08886],[128.06071,37.08843],[128.06067,37.08674],[128.06172,37.08664],[128.06296,37.08712],[128.06456,37.0868],[128.06685,37.08577],[128.06804,37.08633],[128.0691,37.08641],[128.07024,37.08572],[128.07188,37.08575],[128.07276,37.08539],[128.07342,37.08463],[128.0757,37.08434],[128.07614,37.08384],[128.07684,37.08455],[128.07745,37.08607],[128.07736,37.0865],[128.07807,37.0879],[128.07795,37.0891],[128.07548,37.09176],[128.07528,37.09312],[128.07402,37.0948],[128.07382,37.09615],[128.07309,37.09778],[128.07186,37.09867],[128.07202,37.09938],[128.07143,37.09993],[128.07172,37.10145],[128.07122,37.10264],[128.07157,37.10314],[128.0694,37.10345],[128.068,37.10322],[128.06751,37.10413],[128.06908,37.10667],[128.06971,37.10681],[128.07026,37.10757],[128.06931,37.10859],[128.0681,37.10892],[128.06629,37.11058],[128.0644,37.1108],[128.06155,37.1104],[128.06053,37.11254],[128.05745,37.11454],[128.05677,37.11601],[128.05612,37.11624],[128.05673,37.11868],[128.05632,37.11912],[128.05439,37.11977],[128.05319,37.12144],[128.05417,37.12283],[128.05427,37.12361],[128.05387,37.12467],[128.0541,37.12561],[128.05588,37.12867],[128.05557,37.12884],[128.0564,37.13127],[128.056,37.13167],[128.05592,37.13324],[128.0565,37.13409],[128.05643,37.13468],[128.05706,37.13639],[128.05682,37.13789],[128.05565,37.13885],[128.05637,37.13943],[128.05643,37.14099],[128.05566,37.1425],[128.0553,37.14457],[128.05445,37.14578],[128.05614,37.14652],[128.0577,37.14648],[128.05928,37.14733],[128.06085,37.15016],[128.0605,37.15103],[128.06063,37.15191],[128.06169,37.15398],[128.05958,37.1553],[128.05823,37.15573],[128.05794,37.15764],[128.05635,37.15848],[128.05538,37.16001],[128.05423,37.16042],[128.05287,37.16136],[128.05285,37.16171],[128.05116,37.16257],[128.05045,37.16393],[128.04765,37.1647],[128.04537,37.16626],[128.04523,37.16699],[128.04461,37.16772],[128.04498,37.16866],[128.0459,37.16965],[128.04728,37.16935],[128.0477,37.16978]]]}},{"type":"Feature","properties":{"zoneId":"Z000103468","zoneName":"달천초매현분교장통학구역","zoneType":"elementary","level":"초등학교","kind":"dedicated","oneWay":false,"sggCode":"130","eduCode":"8021000","eduName":"충청북도충주교육지원청","updatedAt":"2016-08-12"},"geometry":{"type":"Polygon","coordinates":[[[127.84551,36.94603],[127.84536,36.94629],[127.84554,36.94694],[127.84358,36.94576],[127.842,36.94575],[127.84165,36.94532],[127.84216,36.9443],[127.8414,36.94353],[127.83883,36.94267],[127.83725,36.94273],[127.83426,36.94032],[127.83294,36.93985],[127.83311,36.93785],[127.83345,36.9374],[127.8323,36.93695],[127.83197,36.93615],[127.83181,36.93538],[127.83224,36.93506],[127.83241,36.93347],[127.83356,36.93314],[127.83466,36.93202],[127.83474,36.93083],[127.83538,36.92995],[127.83664,36.93049],[127.83768,36.93011],[127.83985,36.93003],[127.843,36.92771],[127.84316,36.9266],[127.84244,36.9254],[127.8424,36.92387],[127.84182,36.9233],[127.84193,36.92233],[127.84241,36.92168],[127.84088,36.92106],[127.83996,36.91983],[127.84176,36.91816],[127.84209,36.9174],[127.83975,36.91583],[127.83811,36.91422],[127.83793,36.91366],[127.83915,36.91259],[127.84054,36.91228],[127.84147,36.91121],[127.84375,36.91114],[127.84401,36.91057],[127.84606,36.90925],[127.85094,36.90901],[127.85159,36.90941],[127.85244,36.90928],[127.85284,36.908],[127.85505,36.90724],[127.85593,36.90633],[127.85833,36.90492],[127.85859,36.90329],[127.85905,36.90285],[127.85986,36.89979],[127.86086,36.89944],[127.86399,36.89623],[127.86786,36.89708],[127.87024,36.89656],[127.8722,36.8956],[127.88151,36.89585],[127.88304,36.89016],[127.89265,36.89153],[127.89595,36.89294],[127.90007,36.89643],[127.90275,36.90001],[127.90695,36.90399],[127.9038,36.90876],[127.90235,36.91295],[127.90258,36.91426],[127.90119,36.91729],[127.90088,36.91775],[127.90009,36.91794],[127.89863,36.91766],[127.89845,36.91865],[127.89692,36.91865],[127.89584,36.92016],[127.89577,36.92104],[127.8942,36.92222],[127.8928,36.9221],[127.89009,36.92276],[127.88947,36.92264],[127.88775,36.92313],[127.88418,36.92511],[127.88101,36.92555],[127.8802,36.92619],[127.87765,36.92586],[127.87514,36.92799],[127.87452,36.92938],[127.87363,36.93029],[127.87275,36.93074],[127.87222,36.93271],[127.87256,36.93342],[127.87149,36.93457],[127.87024,36.9339],[127.86767,36.93357],[127.86482,36.93342],[127.86083,36.9338],[127.85888,36.93759],[127.85877,36.93986],[127.8566,36.9403],[127.85548,36.9401],[127.85288,36.94162],[127.84899,36.94466],[127.84731,36.94506],[127.84551,36.94603]]]}},{"type":"Feature","properties":{"zoneId":"Z000150417","zoneName":"죽리초증평초공동통학구역","zoneType":"elementary","level":"초등학교","kind":"shared","oneWay":false,"sggCode":"745","eduCode":"8092000","eduName":"충청북도괴산증평교육지원청","updatedAt":"2016-08-12"},"geometry":{"type":"MultiPolygon","coordinates":[[[[127.60325,36.76823],[127.60353,36.76827],[127.6053,36.7687],[127.60142,36.77236],[127.60085,36.77244],[127.60063,36.77165],[127.60286,36.76815],[127.60325,36.76823]]],[[[127.59376,36.77734],[127.59362,36.77738],[127.59272,36.7766],[127.59321,36.77594],[127.59487,36.77722],[127.59407,36.77701],[127.59376,36.77734]]]]}},{"type":"Feature","properties":{"zoneId":"Z000103409","zoneName":"산남초통학구역","zoneType":"elementary","level":"초등학교","kind":"dedicated","oneWay":false,"sggCode":"112","eduCode":"8011000","eduName":"충청북도청주교육지원청","updatedAt":"2016-08-12"},"geometry":{"type":"Polygon","coordinates":[[[127.4675,36.60821],[127.46748,36.60855],[127.4673,36.6111],[127.46962,36.61125],[127.46901,36.6129],[127.46881,36.61536],[127.46322,36.61508],[127.4629,36.61433],[127.46198,36.61393],[127.46152,36.61301],[127.46124,36.6108],[127.4609,36.61025],[127.46147,36.60978],[127.46158,36.60915],[127.46126,36.60881],[127.46183,36.60834],[127.46346,36.60903],[127.46356,36.60815],[127.46407,36.60815],[127.46431,36.60765],[127.46505,36.60792],[127.46753,36.60784],[127.4675,36.60821]]]}},{"type":"Feature","properties":{"zoneId":"Z000150409","zoneName":"진천삼수초초평초공동통학구역","zoneType":"elementary","level":"초등학교","kind":"shared","oneWay":false,"sggCode":"750","eduCode":"8081000","eduName":"충청북도진천교육지원청","updatedAt":"2016-08-12"},"geometry":{"type":"Polygon","coordinates":[[[127.4974,36.86297],[127.49738,36.86373],[127.49694,36.86479],[127.4946,36.86602],[127.48459,36.85331],[127.48484,36.85137],[127.48331,36.85127],[127.48273,36.84777],[127.48295,36.84727],[127.48509,36.84708],[127.48691,36.846],[127.48754,36.84606],[127.48755,36.84666],[127.48817,36.84683],[127.49006,36.84658],[127.49082,36.8453],[127.49035,36.84342],[127.491,36.84272],[127.49183,36.8403],[127.49274,36.83886],[127.49869,36.83851],[127.49959,36.83985],[127.50273,36.84287],[127.50378,36.84525],[127.50307,36.84955],[127.5039,36.85235],[127.50533,36.85532],[127.50491,36.85818],[127.50256,36.86166],[127.50197,36.86109],[127.5001,36.86045],[127.49933,36.85964],[127.49634,36.86113],[127.4974,36.86297]]]}},{"type":"Feature","properties":{"zoneId":"Z000103609","zoneName":"맹동초통학구역","zoneType":"elementary","level":"초등학교","kind":"dedicated","oneWay":false,"sggCode":"770","eduCode":"8101000","eduName":"충청북도음성교육지원청","updatedAt":"2016-08-12"},"geometry":{"type":"Polygon","coordinates":[[[127.58738,36.94901],[127.58731,36.94957],[127.58868,36.95112],[127.58925,36.95371],[127.59013,36.95478],[127.57997,36.9573],[127.57776,36.95375],[127.57741,36.95271],[127.57769,36.95227],[127.57755,36.95168],[127.57546,36.95144],[127.57403,36.94931],[127.57332,36.94888],[127.57157,36.94951],[127.56972,36.94904],[127.56736,36.94944],[127.56721,36.94971],[127.56596,36.94976],[127.5647,36.94914],[127.56333,36.94945],[127.56314,36.94703],[127.56062,36.94726],[127.56029,36.94667],[127.55888,36.94583],[127.55886,36.94407],[127.55788,36.94407],[127.55765,36.94364],[127.55697,36.94361],[127.55677,36.94229],[127.55518,36.94174],[127.55353,36.94179],[127.55214,36.94115],[127.55033,36.94135],[127.54758,36.94321],[127.54886,36.94496],[127.54706,36.94599],[127.54569,36.94584],[127.54433,36.94617],[127.54343,36.94476],[127.54352,36.9436],[127.5429,36.94279],[127.54155,36.94226],[127.53992,36.94263],[127.53894,36.94196],[127.53834,36.93976],[127.5383,36.93757],[127.5378,36.93656],[127.53616,36.93555],[127.53274,36.93122],[127.53372,36.93065],[127.53305,36.92987],[127.53232,36.92709],[127.53167,36.92619],[127.53091,36.92583],[127.53078,36.9252],[127.53127,36.92368],[127.53127,36.92133],[127.53167,36.92113],[127.53177,36.91957],[127.53315,36.91753],[127.5333,36.9152],[127.53417,36.91402],[127.53633,36.91578],[127.53814,36.91875],[127.53894,36.91875],[127.53977,36.91924],[127.54007,36.9191],[127.5398,36.9185],[127.54027,36.91838],[127.54117,36.91905],[127.54247,36.91904],[127.54501,36.92032],[127.55135,36.9212],[127.5586,36.92028],[127.55874,36.91946],[127.56443,36.91732],[127.56488,36.91838],[127.5656,36.91833],[127.56741,36.9174],[127.56771,36.91687],[127.56939,36.91622],[127.56909,36.91476],[127.56854,36.91394],[127.56597,36.91268],[127.56449,36.91266],[127.56435,36.91185],[127.56353,36.91133],[127.5634,36.91024],[127.56295,36.91006],[127.56263,36.90935],[127.56194,36.90906],[127.56153,36.90818],[127.56332,36.90576],[127.56416,36.90364],[127.56894,36.90418],[127.57392,36.90387],[127.57457,36.90473],[127.57564,36.90472],[127.58154,36.90327],[127.58418,36.90308],[127.58447,36.90411],[127.58562,36.90565],[127.58727,36.90673],[127.58891,36.90649],[127.5899,36.90671],[127.5916,36.90585],[127.5914,36.90665],[127.5922,36.90813],[127.59187,36.90897],[127.58986,36.90963],[127.58875,36.91085],[127.58753,36.91066],[127.58626,36.91273],[127.58671,36.91361],[127.58609,36.91483],[127.58635,36.91597],[127.58473,36.91717],[127.58488,36.91809],[127.58544,36.91865],[127.58532,36.92041],[127.58469,36.92087],[127.58428,36.92272],[127.58391,36.92296],[127.58417,36.92411],[127.58376,36.92452],[127.58367,36.92623],[127.58317,36.92642],[127.58226,36.92843],[127.58329,36.92871],[127.58387,36.92841],[127.58486,36.92872],[127.58607,36.92865],[127.58623,36.92889],[127.58882,36.92844],[127.5898,36.93027],[127.59083,36.93081],[127.5903,36.93384],[127.5909,36.9349],[127.59074,36.93698],[127.59125,36.93788],[127.59134,36.94033],[127.59052,36.94117],[127.59018,36.94246],[127.58904,36.94247],[127.58794,36.94319],[127.58526,36.94356],[127.58518,36.94455],[127.58587,36.94605],[127.58564,36.94696],[127.58664,36.94718],[127.58721,36.94802],[127.58738,36.94901]]]}},{"type":"Feature","properties":{"zoneId":"Z000103481","zoneName":"앙성초통학구역","zoneType":"elementary","level":"초등학교","kind":"dedicated","oneWay":false,"sggCode":"130","eduCode":"8021000","eduName":"충청북도충주교육지원청","updatedAt":"2018-12-20"},"geometry":{"type":"Polygon","coordinates":[[[127.74474,37.21375],[127.74465,37.21436],[127.74413,37.21486],[127.74351,37.21458],[127.7418,37.21218],[127.74045,37.21199],[127.73871,37.21088],[127.73804,37.21096],[127.73674,37.21019],[127.73588,37.20832],[127.73526,37.20807],[127.73514,37.20705],[127.73548,37.20667],[127.7353,37.20584],[127.73558,37.20553],[127.7348,37.20466],[127.73444,37.20315],[127.73383,37.20283],[127.73384,37.20227],[127.73314,37.20166],[127.73218,37.20138],[127.7326,37.20055],[127.73221,37.19986],[127.73283,37.19879],[127.73247,37.19812],[127.73272,37.19714],[127.7325,37.1958],[127.73145,37.19502],[127.73046,37.19481],[127.73077,37.19414],[127.73004,37.19296],[127.72835,37.19179],[127.72769,37.18933],[127.7283,37.18773],[127.72791,37.18765],[127.72796,37.18647],[127.72733,37.18473],[127.72663,37.18415],[127.72641,37.18254],[127.7228,37.18157],[127.72218,37.18183],[127.72152,37.18306],[127.71764,37.18383],[127.7169,37.18343],[127.71661,37.18235],[127.71599,37.1818],[127.71452,37.18112],[127.71479,37.18024],[127.71418,37.17948],[127.71391,37.17845],[127.71302,37.1783],[127.71281,37.17735],[127.71234,37.1768],[127.71111,37.17661],[127.71038,37.17573],[127.71081,37.17509],[127.70964,37.17329],[127.70965,37.17219],[127.70837,37.17077],[127.70753,37.17093],[127.70675,37.17069],[127.70661,37.16983],[127.70485,37.16752],[127.70459,37.16651],[127.70489,37.16605],[127.70481,37.16268],[127.70432,37.16117],[127.70489,37.16066],[127.70483,37.15988],[127.70436,37.15962],[127.70402,37.15873],[127.70427,37.15765],[127.70057,37.15365],[127.69846,37.1526],[127.69624,37.15212],[127.69521,37.15124],[127.6945,37.14883],[127.695,37.14696],[127.69408,37.1456],[127.69457,37.14348],[127.69453,37.14126],[127.69689,37.13927],[127.70027,37.13779],[127.70314,37.13767],[127.70527,37.1369],[127.70637,37.13709],[127.70872,37.13582],[127.70961,37.13569],[127.70982,37.13483],[127.71064,37.13379],[127.71097,37.13248],[127.71012,37.13166],[127.71009,37.13112],[127.71067,37.12994],[127.71189,37.12882],[127.71202,37.12778],[127.71463,37.12557],[127.71676,37.12548],[127.71823,37.12495],[127.71973,37.12347],[127.72054,37.12306],[127.72081,37.12229],[127.72214,37.12081],[127.72187,37.11919],[127.72208,37.11655],[127.72287,37.11592],[127.72282,37.11477],[127.72229,37.11364],[127.72109,37.11232],[127.72082,37.11131],[127.72111,37.11108],[127.72051,37.11071],[127.71775,37.11042],[127.71763,37.10972],[127.71727,37.1096],[127.71644,37.11001],[127.71588,37.10966],[127.71487,37.10998],[127.71331,37.10905],[127.71258,37.10748],[127.71266,37.10636],[127.71154,37.1063],[127.7114,37.10586],[127.71014,37.10559],[127.70801,37.10532],[127.70791,37.1056],[127.70589,37.1052],[127.70459,37.10411],[127.70249,37.10348],[127.70193,37.10304],[127.70092,37.10299],[127.70048,37.10059],[127.69993,37.09968],[127.6987,37.09979],[127.69816,37.0994],[127.69801,37.09822],[127.70013,37.09554],[127.69934,37.09163],[127.69815,37.09095],[127.69766,37.08993],[127.69676,37.08947],[127.69591,37.0873],[127.69521,37.08707],[127.69344,37.08555],[127.69234,37.08312],[127.69218,37.08133],[127.69426,37.07999],[127.69564,37.07957],[127.69637,37.07969],[127.69786,37.0786],[127.69994,37.07919],[127.70186,37.07819],[127.7031,37.07797],[127.70409,37.07806],[127.70525,37.07765],[127.70679,37.07789],[127.70992,37.07766],[127.71281,37.07566],[127.71527,37.07575],[127.71655,37.0767],[127.71873,37.07692],[127.71952,37.07755],[127.7216,37.07754],[127.724,37.07851],[127.72626,37.07805],[127.72722,37.07858],[127.72832,37.07976],[127.72995,37.07972],[127.73027,37.07932],[127.7324,37.07861],[127.73477,37.07858],[127.7352,37.07795],[127.73585,37.07766],[127.73867,37.07733],[127.73969,37.07593],[127.74234,37.07506],[127.74693,37.07721],[127.74999,37.07731],[127.75209,37.07859],[127.75478,37.07878],[127.75626,37.07942],[127.75863,37.07885],[127.76392,37.07965],[127.76633,37.07691],[127.76904,37.07655],[127.77021,37.07601],[127.77101,37.07504],[127.77208,37.0744],[127.774,37.0742],[127.77541,37.07216],[127.77649,37.06949],[127.7795,37.06875],[127.78015,37.06882],[127.78036,37.06942],[127.78174,37.0705],[127.78357,37.07072],[127.78673,37.07227],[127.79199,37.07123],[127.79488,37.06971],[127.79625,37.07024],[127.79702,37.0709],[127.79754,37.07249],[127.79805,37.07291],[127.79918,37.07327],[127.80003,37.07303],[127.80136,37.07347],[127.80549,37.07375],[127.80632,37.07274],[127.80753,37.07222],[127.80876,37.07242],[127.80979,37.07171],[127.81141,37.07149],[127.81149,37.0706],[127.81225,37.07022],[127.81654,37.07004],[127.81729,37.06894],[127.81845,37.06906],[127.81948,37.06959],[127.82124,37.06839],[127.82238,37.06839],[127.82431,37.07002],[127.82791,37.07148],[127.83058,37.07569],[127.83223,37.0757],[127.83242,37.0768],[127.83395,37.07756],[127.8341,37.07853],[127.83343,37.07979],[127.83507,37.0813],[127.83142,37.08443],[127.8308,37.08612],[127.83214,37.08615],[127.82987,37.08791],[127.82766,37.09105],[127.81901,37.10718],[127.81605,37.11077],[127.80675,37.11603],[127.80459,37.11789],[127.7985,37.125],[127.79553,37.12996],[127.79215,37.13957],[127.79125,37.14163],[127.78981,37.14353],[127.78952,37.14341],[127.78783,37.14424],[127.78732,37.14523],[127.77918,37.14966],[127.77466,37.15296],[127.76971,37.15588],[127.76755,37.15795],[127.76549,37.15914],[127.76019,37.16613],[127.7579,37.1682],[127.75553,37.17144],[127.75515,37.17349],[127.75286,37.17886],[127.75203,37.18196],[127.75189,37.18226],[127.75104,37.18246],[127.7501,37.18589],[127.74939,37.18956],[127.75013,37.19038],[127.74891,37.19676],[127.74785,37.20033],[127.74651,37.20033],[127.74571,37.20361],[127.74426,37.20755],[127.74413,37.21123],[127.74636,37.21448],[127.74474,37.21375]]]}},{"type":"Feature","properties":{"zoneId":"Z000150379","zoneName":"낭성초미원초공동통학구역","zoneType":"elementary","level":"초등학교","kind":"shared","oneWay":false,"sggCode":"111","eduCode":"8011000","eduName":"충청북도청주교육지원청","updatedAt":"2016-08-12"},"geometry":{"type":"Polygon","coordinates":[[[127.62172,36.64584],[127.62166,36.64586],[127.62105,36.64626],[127.62063,36.64572],[127.61907,36.64589],[127.61786,36.64534],[127.61764,36.64479],[127.61803,36.6443],[127.61787,36.64272],[127.6173,36.64166],[127.6173,36.64095],[127.61658,36.64046],[127.61631,36.63883],[127.61537,36.63782],[127.61459,36.63759],[127.61466,36.63561],[127.61541,36.63513],[127.6163,36.63387],[127.61735,36.63344],[127.61796,36.63374],[127.62019,36.63324],[127.62102,36.63349],[127.62197,36.6343],[127.62297,36.63289],[127.62324,36.6313],[127.62504,36.62992],[127.62535,36.62873],[127.62656,36.62776],[127.62766,36.62784],[127.62837,36.62714],[127.62774,36.6259],[127.62801,36.62394],[127.62713,36.62324],[127.62666,36.62206],[127.62567,36.62129],[127.62688,36.61883],[127.62742,36.61836],[127.62661,36.61701],[127.62385,36.61515],[127.62191,36.61281],[127.61925,36.61212],[127.61853,36.61081],[127.61653,36.6102],[127.61376,36.60867],[127.61241,36.60241],[127.61426,36.59766],[127.61713,36.59559],[127.62122,36.59479],[127.6285,36.59484],[127.63256,36.59621],[127.63302,36.59664],[127.63333,36.59809],[127.63567,36.60023],[127.63773,36.60028],[127.64052,36.60161],[127.64373,36.60523],[127.64628,36.60657],[127.64647,36.60723],[127.64619,36.60865],[127.64543,36.60929],[127.64549,36.60988],[127.64591,36.61051],[127.64753,36.61148],[127.64844,36.61284],[127.64867,36.61326],[127.64848,36.61466],[127.64905,36.61606],[127.64821,36.61603],[127.64811,36.61646],[127.6453,36.61712],[127.64397,36.61901],[127.64412,36.61925],[127.64467,36.61913],[127.6451,36.6198],[127.64538,36.62096],[127.64474,36.6213],[127.64479,36.62229],[127.64609,36.62387],[127.64567,36.6251],[127.64657,36.62618],[127.64663,36.6267],[127.64551,36.62738],[127.64519,36.6285],[127.64354,36.62933],[127.64333,36.63049],[127.64357,36.63133],[127.64257,36.63172],[127.64253,36.63273],[127.64197,36.6335],[127.64129,36.63366],[127.64051,36.63446],[127.6396,36.63407],[127.63882,36.63454],[127.63881,36.63649],[127.63916,36.63721],[127.63859,36.63836],[127.63869,36.6395],[127.63679,36.63921],[127.63523,36.6397],[127.63459,36.63961],[127.63402,36.63988],[127.63356,36.64066],[127.63288,36.64087],[127.6327,36.64231],[127.62994,36.64322],[127.62901,36.64308],[127.62814,36.6436],[127.62623,36.64322],[127.62592,36.64364],[127.62601,36.64526],[127.62498,36.64584],[127.62172,36.64584]]]}},{"type":"Feature","properties":{"zoneId":"Z000103467","zoneName":"단월초통학구역","zoneType":"elementary","level":"초등학교","kind":"dedicated","oneWay":false,"sggCode":"130","eduCode":"8021000","eduName":"충청북도충주교육지원청","updatedAt":"2016-08-12"},"geometry":{"type":"Polygon","coordinates":[[[127.90547,36.97071],[127.90475,36.97078],[127.89963,36.97125],[127.89947,36.97032],[127.89908,36.97011],[127.89865,36.97002],[127.8979,36.97053],[127.89696,36.96896],[127.89677,36.96876],[127.89623,36.96913],[127.89316,36.96535],[127.89159,36.95955],[127.89004,36.9516],[127.88986,36.94893],[127.88811,36.94478],[127.88654,36.94265],[127.8872,36.94137],[127.88572,36.94088],[127.88283,36.94268],[127.88109,36.94122],[127.87942,36.94182],[127.87901,36.94095],[127.87726,36.93974],[127.87594,36.93827],[127.87599,36.93718],[127.87563,36.93668],[127.8746,36.93621],[127.87417,36.93546],[127.87238,36.93545],[127.87149,36.93458],[127.87256,36.93342],[127.87222,36.93271],[127.87275,36.93074],[127.87363,36.93029],[127.87452,36.92938],[127.87514,36.92799],[127.87765,36.92586],[127.8802,36.92619],[127.88101,36.92555],[127.88418,36.92511],[127.88775,36.92313],[127.88947,36.92264],[127.89009,36.92276],[127.8928,36.9221],[127.8942,36.92222],[127.89577,36.92104],[127.89584,36.92016],[127.89692,36.91865],[127.89845,36.91865],[127.89863,36.91766],[127.90009,36.91794],[127.90088,36.91775],[127.90119,36.91729],[127.90269,36.91776],[127.90463,36.91769],[127.90615,36.91577],[127.90716,36.91518],[127.90884,36.915],[127.91256,36.91553],[127.91437,36.91497],[127.91648,36.91638],[127.91758,36.91756],[127.91958,36.92184],[127.92182,36.92381],[127.92755,36.9275],[127.92963,36.92935],[127.93052,36.93151],[127.93134,36.93189],[127.93105,36.93229],[127.93135,36.93225],[127.93153,36.93272],[127.9319,36.93453],[127.93288,36.93557],[127.93542,36.93666],[127.93571,36.93727],[127.93403,36.93942],[127.93175,36.93985],[127.93016,36.93932],[127.92829,36.93964],[127.92781,36.94079],[127.92617,36.94125],[127.92487,36.94251],[127.92435,36.94259],[127.9241,36.94312],[127.92315,36.94315],[127.92157,36.94435],[127.921,36.94516],[127.92167,36.94583],[127.92003,36.94685],[127.91928,36.9479],[127.91953,36.94836],[127.91838,36.9488],[127.91642,36.95081],[127.91372,36.95237],[127.91371,36.95447],[127.91423,36.95619],[127.91272,36.95631],[127.91224,36.9567],[127.91742,36.96293],[127.91925,36.96334],[127.91919,36.96407],[127.91842,36.96447],[127.91797,36.96544],[127.91788,36.96709],[127.91494,36.96759],[127.91291,36.9709],[127.90547,36.97071]]]}},{"type":"Feature","properties":{"zoneId":"Z000103460","zoneName":"흥덕초통학구역","zoneType":"elementary","level":"초등학교","kind":"dedicated","oneWay":false,"sggCode":"113","eduCode":"8011000","eduName":"충청북도청주교육지원청","updatedAt":"2016-08-12"},"geometry":{"type":"Polygon","coordinates":[[[127.47256,36.64966],[127.47246,36.64969],[127.47173,36.65058],[127.47175,36.65103],[127.47207,36.65116],[127.47162,36.65191],[127.47095,36.65165],[127.47009,36.65021],[127.46932,36.64967],[127.46872,36.65028],[127.46697,36.64922],[127.46245,36.64307],[127.47261,36.64271],[127.47531,36.64367],[127.47598,36.64129],[127.48359,36.64089],[127.48259,36.64479],[127.47956,36.64974],[127.4763,36.64795],[127.47431,36.65029],[127.47256,36.64966]]]}},{"type":"Feature","properties":{"zoneId":"Z000103476","zoneName":"산척초통학구역","zoneType":"elementary","level":"초등학교","kind":"dedicated","oneWay":false,"sggCode":"130","eduCode":"8021000","eduName":"충청북도충주교육지원청","updatedAt":"2016-08-12"},"geometry":{"type":"Polygon","coordinates":[[[127.97536,37.14162],[127.97526,37.14189],[127.9749,37.14219],[127.97369,37.14156],[127.97097,37.14178],[127.96985,37.13987],[127.96971,37.1388],[127.97046,37.1375],[127.96824,37.13602],[127.96761,37.13592],[127.96735,37.13483],[127.96282,37.13181],[127.9618,37.13038],[127.96224,37.13001],[127.96165,37.12897],[127.95986,37.12822],[127.95695,37.12788],[127.95524,37.12813],[127.95298,37.12504],[127.9535,37.12439],[127.95278,37.12292],[127.954,37.12217],[127.95425,37.12115],[127.95476,37.12063],[127.9552,37.11759],[127.95461,37.11607],[127.95356,37.11563],[127.95353,37.11531],[127.95184,37.11393],[127.9532,37.11272],[127.95387,37.11263],[127.95589,37.11037],[127.95516,37.10715],[127.95418,37.10623],[127.95439,37.1055],[127.95516,37.10464],[127.95502,37.10395],[127.95568,37.10344],[127.95459,37.10208],[127.95473,37.10175],[127.95378,37.10057],[127.95379,37.10002],[127.95457,37.09921],[127.95719,37.0995],[127.9575,37.09818],[127.95796,37.09787],[127.95769,37.09619],[127.95696,37.09559],[127.95684,37.0943],[127.95557,37.09365],[127.95518,37.09307],[127.95541,37.09157],[127.95454,37.09111],[127.95441,37.09035],[127.95353,37.09043],[127.953,37.09092],[127.95132,37.09153],[127.95027,37.09109],[127.94977,37.09049],[127.94872,37.09099],[127.9486,37.08965],[127.94703,37.0893],[127.94568,37.08795],[127.94361,37.08947],[127.94046,37.08795],[127.93902,37.0857],[127.9354,37.08342],[127.93293,37.08305],[127.93255,37.08264],[127.93079,37.08198],[127.92868,37.08242],[127.92767,37.08187],[127.92715,37.08196],[127.927,37.08164],[127.92604,37.08173],[127.9258,37.08144],[127.9253,37.0816],[127.92299,37.08097],[127.9234,37.08021],[127.92304,37.07894],[127.92262,37.07863],[127.92303,37.07664],[127.92182,37.07643],[127.92222,37.07469],[127.92414,37.07491],[127.92341,37.07283],[127.92587,37.07312],[127.92538,37.07278],[127.927,37.07228],[127.92686,37.07115],[127.92746,37.06979],[127.92709,37.06852],[127.92753,37.06819],[127.9277,37.06712],[127.92701,37.0656],[127.92692,37.06292],[127.92652,37.06178],[127.92685,37.06077],[127.92646,37.06008],[127.92693,37.05933],[127.92659,37.05885],[127.92848,37.05907],[127.92935,37.05968],[127.93105,37.05948],[127.93201,37.06128],[127.93335,37.06082],[127.93432,37.06],[127.93569,37.05995],[127.93595,37.06033],[127.93709,37.06037],[127.93743,37.0599],[127.93896,37.05989],[127.93971,37.05909],[127.9394,37.05857],[127.93967,37.05787],[127.9406,37.05773],[127.94135,37.05843],[127.9421,37.05851],[127.94323,37.05744],[127.94368,37.05774],[127.94471,37.05755],[127.94596,37.05831],[127.94666,37.06002],[127.94757,37.05964],[127.94844,37.06012],[127.95089,37.06023],[127.95284,37.06186],[127.95293,37.06242],[127.95376,37.06313],[127.95351,37.06367],[127.95499,37.06416],[127.95508,37.06374],[127.95682,37.06328],[127.95766,37.06223],[127.95911,37.06152],[127.95993,37.05757],[127.96032,37.05743],[127.96133,37.05817],[127.96303,37.05748],[127.96444,37.05571],[127.96604,37.05611],[127.96669,37.05588],[127.96709,37.05496],[127.96697,37.05345],[127.96858,37.05212],[127.96916,37.05277],[127.97379,37.05398],[127.97588,37.05313],[127.978,37.05375],[127.97867,37.05363],[127.98052,37.05517],[127.9859,37.05478],[127.98734,37.05578],[127.98937,37.05657],[127.99161,37.05873],[127.99251,37.05874],[127.99361,37.05981],[127.99737,37.05957],[127.99913,37.05852],[128.00178,37.05867],[128.00537,37.05765],[128.00711,37.05751],[128.00863,37.05784],[128.0102,37.05891],[128.01384,37.05815],[128.01737,37.05898],[128.01811,37.05925],[128.01886,37.06005],[128.02026,37.05979],[128.02476,37.06197],[128.02659,37.06183],[128.02907,37.06252],[128.03103,37.06183],[128.03313,37.06153],[128.03665,37.06282],[128.03977,37.0632],[128.04092,37.06287],[128.0405,37.05905],[128.04062,37.05753],[128.04155,37.05645],[128.04201,37.05403],[128.04274,37.05257],[128.04477,37.04983],[128.04796,37.04917],[128.04957,37.04713],[128.05115,37.04654],[128.05321,37.04417],[128.05599,37.04341],[128.05855,37.04397],[128.06036,37.04482],[128.06241,37.04451],[128.06294,37.04415],[128.064,37.04419],[128.06532,37.04367],[128.06983,37.04547],[128.07065,37.04621],[128.07147,37.04783],[128.0731,37.0479],[128.07374,37.04863],[128.07754,37.04899],[128.07887,37.04847],[128.0807,37.04842],[128.08116,37.04897],[128.08124,37.04996],[128.08377,37.05553],[128.08381,37.05616],[128.08293,37.05741],[128.08259,37.05904],[128.0831,37.06007],[128.08413,37.06087],[128.08406,37.0618],[128.08473,37.06219],[128.08491,37.0631],[128.08548,37.06356],[128.08579,37.06571],[128.08443,37.06702],[128.084,37.0683],[128.08206,37.07079],[128.08305,37.07233],[128.08279,37.07383],[128.08412,37.0741],[128.08532,37.075],[128.08526,37.07605],[128.08253,37.07808],[128.08203,37.07952],[128.081,37.08008],[128.07912,37.08232],[128.07705,37.08289],[128.0757,37.08434],[128.07342,37.08463],[128.07276,37.08539],[128.07188,37.08575],[128.07024,37.08572],[128.0691,37.08641],[128.06804,37.08633],[128.06685,37.08577],[128.06456,37.0868],[128.06296,37.08712],[128.06172,37.08664],[128.06067,37.08674],[128.06071,37.08843],[128.05929,37.08886],[128.05894,37.08946],[128.0503,37.09024],[128.04242,37.08817],[128.03832,37.08868],[128.01313,37.09816],[128.01068,37.09797],[128.00969,37.09854],[128.00699,37.09888],[128.00505,37.09889],[128.00388,37.09845],[128.003,37.09949],[128.00152,37.10044],[127.99957,37.10586],[127.99918,37.10822],[127.99562,37.10994],[127.9942,37.10902],[127.99311,37.11011],[127.99141,37.11077],[127.98714,37.11098],[127.98588,37.11168],[127.9854,37.11244],[127.98565,37.11333],[127.98505,37.11421],[127.98491,37.11499],[127.98529,37.11641],[127.9847,37.11817],[127.98603,37.12036],[127.9862,37.12342],[127.98524,37.12423],[127.98509,37.12506],[127.98534,37.12671],[127.98616,37.1274],[127.98711,37.12891],[127.98663,37.13121],[127.98596,37.13155],[127.9826,37.13119],[127.98164,37.13253],[127.98066,37.13605],[127.97873,37.1383],[127.97746,37.14104],[127.97692,37.14141],[127.97536,37.14162]]]}},{"type":"Feature","properties":{"zoneId":"Z000103486","zoneName":"용원초통학구역","zoneType":"elementary","level":"초등학교","kind":"dedicated","oneWay":false,"sggCode":"130","eduCode":"8021000","eduName":"충청북도충주교육지원청","updatedAt":"2016-08-12"},"geometry":{"type":"Polygon","coordinates":[[[127.73115,37.03549],[127.73067,37.0356],[127.72973,37.0361],[127.72891,37.03611],[127.72835,37.03568],[127.72826,37.03459],[127.7274,37.03434],[127.72486,37.03481],[127.72334,37.03331],[127.7217,37.0332],[127.71829,37.03378],[127.71701,37.03346],[127.71584,37.03229],[127.71443,37.03235],[127.7134,37.03163],[127.71366,37.0312],[127.71299,37.03057],[127.71309,37.02987],[127.71391,37.02902],[127.71374,37.02789],[127.71445,37.02578],[127.71389,37.02499],[127.71386,37.02403],[127.71202,37.02313],[127.71256,37.02176],[127.71221,37.02105],[127.71129,37.02083],[127.71093,37.01978],[127.71029,37.01982],[127.70975,37.01944],[127.7098,37.01753],[127.7104,37.01638],[127.71335,37.01308],[127.71565,37.01182],[127.71644,37.01094],[127.71694,37.00865],[127.71782,37.00769],[127.71803,37.00385],[127.71368,37.00481],[127.71235,37.00479],[127.71112,37.00309],[127.71087,37.0006],[127.70996,36.99784],[127.70992,36.99649],[127.70863,36.9955],[127.70752,36.99561],[127.70557,36.99684],[127.70429,36.99537],[127.70252,36.99408],[127.70231,36.99349],[127.70157,36.99289],[127.70086,36.9914],[127.70087,36.99071],[127.69945,36.98827],[127.69743,36.98688],[127.69562,36.98509],[127.69428,36.98244],[127.69437,36.98109],[127.69313,36.97912],[127.69413,36.97857],[127.69471,36.97783],[127.69455,36.97684],[127.69492,36.97651],[127.69441,36.97554],[127.69449,36.97497],[127.69659,36.97462],[127.69754,36.97395],[127.69932,36.97411],[127.70051,36.97381],[127.70378,36.97201],[127.70336,36.97135],[127.70402,36.9691],[127.70528,36.96741],[127.70585,36.96579],[127.70726,36.9648],[127.70917,36.96484],[127.71012,36.96444],[127.7106,36.96256],[127.71107,36.96215],[127.71452,36.96111],[127.71626,36.95841],[127.71804,36.95845],[127.7186,36.95895],[127.72206,36.95873],[127.72209,36.95918],[127.72247,36.95936],[127.72371,36.95899],[127.72401,36.95862],[127.72477,36.95858],[127.72546,36.95799],[127.72685,36.95905],[127.72995,36.95796],[127.73051,36.95741],[127.73055,36.95685],[127.73232,36.95546],[127.73281,36.95473],[127.7329,36.95366],[127.73343,36.95353],[127.73672,36.95421],[127.73928,36.95238],[127.74093,36.95247],[127.74249,36.95348],[127.74458,36.95407],[127.74516,36.95556],[127.74898,36.95607],[127.7501,36.95583],[127.75296,36.95795],[127.75155,36.95829],[127.74991,36.95935],[127.74938,36.96073],[127.74809,36.96179],[127.74718,36.96164],[127.74648,36.96257],[127.74693,36.96385],[127.74734,36.96403],[127.74752,36.96483],[127.7479,36.96512],[127.74776,36.9659],[127.74807,36.96715],[127.74876,36.96837],[127.74992,36.96887],[127.75024,36.96939],[127.75007,36.97063],[127.74891,36.97233],[127.74909,36.97319],[127.75011,36.97405],[127.75055,36.97487],[127.75151,36.97541],[127.75177,36.97646],[127.75213,36.97655],[127.75275,36.97762],[127.75416,36.97763],[127.7555,36.9768],[127.75763,36.97671],[127.76013,36.97713],[127.76033,36.97678],[127.76211,36.97762],[127.76414,36.978],[127.76491,36.97777],[127.76536,36.97978],[127.76629,36.98098],[127.76847,36.98342],[127.77087,36.98535],[127.7537,36.99143],[127.74946,36.9923],[127.74989,36.99286],[127.74791,36.99449],[127.74669,36.99496],[127.74658,36.99786],[127.74509,37.00094],[127.74556,37.00198],[127.74519,37.00449],[127.7464,37.00597],[127.74749,37.00654],[127.74925,37.00833],[127.749,37.00911],[127.74929,37.01196],[127.74917,37.01246],[127.74606,37.01547],[127.74596,37.01671],[127.74676,37.01735],[127.75026,37.01766],[127.75147,37.01819],[127.75236,37.01902],[127.75044,37.02016],[127.74973,37.02094],[127.74958,37.02206],[127.74993,37.02342],[127.74716,37.02597],[127.74675,37.02686],[127.74715,37.02851],[127.74676,37.02918],[127.74564,37.02997],[127.7456,37.03091],[127.74405,37.03135],[127.74238,37.03314],[127.74125,37.03308],[127.73986,37.03397],[127.73905,37.03397],[127.7383,37.03448],[127.73547,37.0337],[127.73488,37.03413],[127.73173,37.03468],[127.73115,37.03549]]]}},{"type":"Feature","properties":{"zoneId":"Z000103543","zoneName":"동이초통학구역","zoneType":"elementary","level":"초등학교","kind":"dedicated","oneWay":false,"sggCode":"730","eduCode":"8061000","eduName":"충청북도옥천교육지원청","updatedAt":"2016-08-12"},"geometry":{"type":"Polygon","coordinates":[[[127.6466,36.30088],[127.64659,36.30132],[127.64455,36.30304],[127.64279,36.30166],[127.64209,36.30012],[127.64209,36.29945],[127.64082,36.29876],[127.64003,36.29939],[127.63913,36.30136],[127.63764,36.30225],[127.63709,36.30218],[127.63575,36.30075],[127.63118,36.29936],[127.62871,36.29821],[127.62738,36.29696],[127.62745,36.29313],[127.62494,36.29274],[127.62528,36.29197],[127.62624,36.29166],[127.62611,36.2907],[127.62531,36.29003],[127.62577,36.2892],[127.62484,36.28908],[127.62385,36.2878],[127.62278,36.28716],[127.62176,36.2875],[127.62074,36.28894],[127.6195,36.2893],[127.61832,36.2916],[127.61742,36.29217],[127.61462,36.29243],[127.61583,36.29377],[127.61591,36.2944],[127.61555,36.29508],[127.61473,36.29498],[127.61408,36.29591],[127.61284,36.29637],[127.61258,36.29694],[127.61294,36.2974],[127.61242,36.29838],[127.61078,36.29854],[127.61005,36.29762],[127.61002,36.29791],[127.60621,36.29793],[127.60576,36.29536],[127.606,36.29414],[127.61102,36.29312],[127.60927,36.2918],[127.60811,36.29139],[127.6054,36.29113],[127.60467,36.29043],[127.60475,36.28821],[127.60311,36.28563],[127.60357,36.28441],[127.60271,36.28346],[127.60267,36.28132],[127.60293,36.28084],[127.60277,36.28025],[127.60331,36.27936],[127.60547,36.27913],[127.60847,36.27956],[127.61005,36.27892],[127.61024,36.27813],[127.61126,36.27828],[127.61242,36.27779],[127.61345,36.27592],[127.61442,36.27525],[127.61571,36.27498],[127.61979,36.27215],[127.62226,36.26826],[127.62351,36.26382],[127.62419,36.26328],[127.62551,36.26343],[127.62731,36.26274],[127.62772,36.26289],[127.62955,36.26203],[127.63065,36.26095],[127.63366,36.26273],[127.63714,36.25972],[127.63763,36.25978],[127.6401,36.26037],[127.64074,36.26093],[127.64255,36.26155],[127.64753,36.26248],[127.64868,36.26307],[127.65217,36.26386],[127.65331,36.26507],[127.65384,36.26523],[127.65573,36.26531],[127.65718,36.26439],[127.6579,36.26519],[127.65818,36.26637],[127.65865,36.26685],[127.6627,36.26753],[127.66293,36.26723],[127.6627,36.26753],[127.66312,36.26858],[127.66289,36.26895],[127.66314,36.26971],[127.66024,36.27373],[127.65891,36.27479],[127.65756,36.2752],[127.65751,36.27619],[127.65694,36.27679],[127.65672,36.27759],[127.65616,36.27787],[127.65558,36.2792],[127.65454,36.2799],[127.65628,36.2803],[127.65692,36.28106],[127.65805,36.28146],[127.65622,36.28569],[127.65395,36.28897],[127.65361,36.28994],[127.65465,36.29069],[127.65551,36.2919],[127.65456,36.29305],[127.65167,36.29361],[127.64988,36.29462],[127.64854,36.29698],[127.64769,36.29761],[127.6466,36.30088]]]}},{"type":"Feature","properties":{"zoneId":"Z000103539","zoneName":"회인초통학구역","zoneType":"elementary","level":"초등학교","kind":"dedicated","oneWay":false,"sggCode":"720","eduCode":"8051000","eduName":"충청북도보은교육지원청","updatedAt":"2016-08-12"},"geometry":{"type":"Polygon","coordinates":[[[127.61331,36.55049],[127.61314,36.55075],[127.61236,36.55143],[127.61166,36.55148],[127.60884,36.55034],[127.60858,36.54973],[127.60711,36.54954],[127.6048,36.54851],[127.60431,36.54861],[127.60359,36.54791],[127.60144,36.54844],[127.59897,36.54833],[127.5961,36.54644],[127.59424,36.54628],[127.59375,36.5459],[127.59364,36.54523],[127.59185,36.54353],[127.58957,36.54331],[127.58879,36.54378],[127.58788,36.54383],[127.58578,36.54328],[127.58516,36.54259],[127.58285,36.54168],[127.58186,36.54209],[127.58085,36.54196],[127.58013,36.54072],[127.58036,36.53868],[127.57966,36.53819],[127.57952,36.53727],[127.57693,36.5376],[127.57633,36.53712],[127.57475,36.53708],[127.57184,36.53603],[127.56959,36.53458],[127.56871,36.53288],[127.56753,36.53255],[127.56663,36.53124],[127.56502,36.53057],[127.56532,36.52953],[127.56796,36.52691],[127.5686,36.52417],[127.56919,36.52368],[127.56943,36.52137],[127.57092,36.51852],[127.57218,36.51784],[127.57331,36.51645],[127.57266,36.51589],[127.57295,36.51443],[127.57275,36.51354],[127.57322,36.51159],[127.57274,36.51112],[127.573,36.50931],[127.57354,36.50841],[127.57283,36.50813],[127.57161,36.50555],[127.57064,36.50552],[127.5709,36.50431],[127.57003,36.50322],[127.5707,36.50086],[127.57027,36.50034],[127.5702,36.49932],[127.57065,36.4992],[127.57111,36.49837],[127.57092,36.49806],[127.5712,36.49716],[127.57202,36.49643],[127.57242,36.49508],[127.57218,36.49347],[127.57457,36.49244],[127.57541,36.4916],[127.57629,36.49141],[127.57679,36.49048],[127.57845,36.49026],[127.57583,36.48992],[127.57348,36.48801],[127.5729,36.48658],[127.57032,36.48619],[127.56922,36.48519],[127.5673,36.48428],[127.56658,36.48326],[127.56707,36.48164],[127.5647,36.48068],[127.56444,36.48],[127.56274,36.48024],[127.56237,36.4786],[127.56075,36.47567],[127.55904,36.47498],[127.5597,36.47383],[127.55862,36.47207],[127.56421,36.46993],[127.5649,36.46917],[127.56588,36.46889],[127.56821,36.4674],[127.56963,36.46531],[127.56897,36.46434],[127.56945,36.46362],[127.56956,36.46208],[127.56997,36.46162],[127.57258,36.46114],[127.57392,36.46047],[127.5749,36.46063],[127.57636,36.46165],[127.57841,36.46023],[127.58053,36.45949],[127.5849,36.46066],[127.58704,36.4605],[127.59049,36.45936],[127.59146,36.4584],[127.59368,36.45863],[127.5949,36.4591],[127.59541,36.45976],[127.59588,36.45971],[127.59999,36.45846],[127.60087,36.45773],[127.60143,36.45637],[127.60308,36.45633],[127.60452,36.45533],[127.60595,36.45503],[127.60782,36.45378],[127.61045,36.45283],[127.61008,36.45216],[127.61087,36.45127],[127.61401,36.45042],[127.61536,36.44975],[127.61619,36.45122],[127.61606,36.45182],[127.61649,36.45254],[127.61557,36.45363],[127.61563,36.45407],[127.61776,36.45465],[127.61788,36.45528],[127.61877,36.45627],[127.61957,36.45631],[127.62032,36.45726],[127.62134,36.45763],[127.62166,36.45811],[127.62305,36.45798],[127.62335,36.45894],[127.62434,36.45956],[127.62456,36.46022],[127.62818,36.46212],[127.62878,36.46306],[127.62948,36.46336],[127.63051,36.46248],[127.6362,36.4614],[127.63672,36.46171],[127.63685,36.46267],[127.63754,36.4635],[127.63866,36.46366],[127.63902,36.46341],[127.63993,36.46396],[127.64099,36.46382],[127.64133,36.46414],[127.64096,36.465],[127.64155,36.46546],[127.64165,36.46625],[127.64066,36.46697],[127.64051,36.46788],[127.64098,36.46834],[127.64074,36.46899],[127.64276,36.47],[127.64229,36.47046],[127.64253,36.47071],[127.64191,36.47127],[127.64164,36.47282],[127.6422,36.47346],[127.64357,36.47393],[127.64382,36.47427],[127.64372,36.47524],[127.6444,36.47574],[127.6427,36.47768],[127.64281,36.47835],[127.6424,36.47972],[127.64152,36.48065],[127.64238,36.48168],[127.64367,36.48232],[127.64504,36.48457],[127.64365,36.48598],[127.64336,36.48753],[127.64235,36.48816],[127.64155,36.48949],[127.64224,36.49101],[127.64046,36.49199],[127.64014,36.49241],[127.6402,36.49292],[127.6391,36.49373],[127.63777,36.49388],[127.63749,36.49439],[127.63702,36.49452],[127.63609,36.49421],[127.63541,36.49436],[127.63322,36.49563],[127.63236,36.49661],[127.63098,36.49746],[127.62855,36.49814],[127.6287,36.49902],[127.63012,36.49931],[127.63082,36.50035],[127.63064,36.50087],[127.63088,36.50123],[127.63004,36.50267],[127.62898,36.50364],[127.62792,36.50323],[127.62581,36.50445],[127.62355,36.50513],[127.62302,36.50657],[127.62124,36.50822],[127.62029,36.50986],[127.62029,36.51048],[127.61917,36.51128],[127.6192,36.51196],[127.62015,36.51319],[127.62057,36.51345],[127.62079,36.51328],[127.6223,36.51484],[127.62172,36.51618],[127.62222,36.51695],[127.62103,36.5174],[127.62091,36.51822],[127.62152,36.52032],[127.62115,36.52116],[127.62187,36.52301],[127.62323,36.52329],[127.62205,36.52464],[127.62102,36.52519],[127.62078,36.52609],[127.62152,36.5271],[127.62094,36.52779],[127.62144,36.52903],[127.62213,36.5298],[127.62251,36.53117],[127.62246,36.53158],[127.62128,36.53258],[127.62141,36.53307],[127.62242,36.53386],[127.62248,36.53428],[127.62413,36.53429],[127.62422,36.53494],[127.62375,36.536],[127.62411,36.53718],[127.62526,36.53717],[127.62734,36.53774],[127.62822,36.53755],[127.6288,36.53808],[127.6304,36.53852],[127.63346,36.54017],[127.63182,36.54224],[127.63188,36.54289],[127.63121,36.54384],[127.62889,36.54335],[127.62649,36.54214],[127.62463,36.5422],[127.62331,36.54347],[127.62399,36.54458],[127.62389,36.54673],[127.62186,36.54755],[127.62181,36.5488],[127.61942,36.55062],[127.61819,36.55088],[127.61769,36.55052],[127.61557,36.55036],[127.61457,36.54996],[127.61395,36.54999],[127.61331,36.55049]]]}},{"type":"Feature","properties":{"zoneId":"Z000103469","zoneName":"달천초통학구역","zoneType":"elementary","level":"초등학교","kind":"dedicated","oneWay":false,"sggCode":"130","eduCode":"8021000","eduName":"충청북도충주교육지원청","updatedAt":"2016-08-12"},"geometry":{"type":"Polygon","coordinates":[[[127.87224,36.98276],[127.87214,36.98293],[127.87053,36.98277],[127.86943,36.98191],[127.86843,36.98195],[127.86781,36.9815],[127.86644,36.98134],[127.86356,36.97817],[127.86111,36.97869],[127.85921,36.97795],[127.85916,36.97702],[127.85869,36.97664],[127.85856,36.97595],[127.85771,36.9754],[127.85714,36.97443],[127.86019,36.9675],[127.85804,36.96692],[127.85786,36.96393],[127.85437,36.96025],[127.85403,36.95915],[127.84977,36.95724],[127.84841,36.95614],[127.84777,36.95468],[127.84762,36.94964],[127.84826,36.94641],[127.84899,36.94466],[127.85288,36.94162],[127.85548,36.9401],[127.8566,36.9403],[127.85877,36.93986],[127.85888,36.93759],[127.86083,36.9338],[127.86482,36.93342],[127.87024,36.9339],[127.87238,36.93545],[127.87417,36.93546],[127.8746,36.93621],[127.87512,36.9363],[127.87599,36.93718],[127.87594,36.93827],[127.87726,36.93974],[127.87901,36.94095],[127.87942,36.94182],[127.88109,36.94122],[127.88283,36.94268],[127.88572,36.94088],[127.8872,36.94137],[127.88654,36.94265],[127.88811,36.94478],[127.88986,36.94893],[127.89004,36.9516],[127.89159,36.95955],[127.89312,36.96502],[127.89316,36.96715],[127.8926,36.96903],[127.89018,36.97477],[127.88677,36.97424],[127.883,36.97419],[127.8827,36.97509],[127.88141,36.97627],[127.88087,36.97731],[127.88062,36.97999],[127.87869,36.97967],[127.87733,36.98095],[127.87647,36.98017],[127.87531,36.98044],[127.87224,36.98276]]]}},{"type":"Feature","properties":{"zoneId":"Z000150429","zoneName":"대가초상진초공동통학구역","zoneType":"elementary","level":"초등학교","kind":"shared","oneWay":false,"sggCode":"800","eduCode":"8111000","eduName":"충청북도단양교육지원청","updatedAt":"2016-08-12"},"geometry":{"type":"Polygon","coordinates":[[[128.25843,36.98776],[128.25758,36.98845],[128.25711,36.98755],[128.25584,36.9865],[128.25649,36.98484],[128.25702,36.98473],[128.25797,36.98148],[128.25855,36.98112],[128.25935,36.97864],[128.25989,36.97576],[128.25938,36.973],[128.25999,36.97276],[128.26047,36.97085],[128.26001,36.96846],[128.26159,36.96767],[128.2623,36.96683],[128.26261,36.96601],[128.26198,36.96466],[128.26389,36.96354],[128.26455,36.96195],[128.26512,36.96144],[128.26659,36.96078],[128.2627,36.95735],[128.26189,36.95628],[128.26041,36.95564],[128.25966,36.95485],[128.26094,36.95419],[128.26158,36.95331],[128.2628,36.95311],[128.2645,36.9523],[128.26474,36.9517],[128.26458,36.95089],[128.26353,36.94949],[128.26275,36.94921],[128.263,36.94902],[128.26113,36.9493],[128.2598,36.94874],[128.25806,36.94724],[128.25789,36.94651],[128.25582,36.94399],[128.2551,36.94396],[128.25288,36.94269],[128.25206,36.94284],[128.25194,36.94255],[128.25112,36.94244],[128.25095,36.9419],[128.25144,36.9408],[128.25154,36.93962],[128.25102,36.93956],[128.25025,36.93632],[128.25287,36.93441],[128.25786,36.93338],[128.26721,36.93322],[128.275,36.93359],[128.27886,36.93336],[128.2848,36.93119],[128.28577,36.93031],[128.28598,36.92884],[128.2854,36.92689],[128.28565,36.92625],[128.28778,36.92528],[128.29032,36.92583],[128.29241,36.92731],[128.29444,36.92918],[128.29759,36.93345],[128.30378,36.93855],[128.30667,36.94016],[128.31091,36.94107],[128.31287,36.94256],[128.31476,36.94499],[128.32263,36.9524],[128.32603,36.95444],[128.33108,36.9557],[128.33561,36.95993],[128.33741,36.962],[128.3385,36.96539],[128.34104,36.97793],[128.34183,36.97923],[128.33955,36.98047],[128.33726,36.98099],[128.33524,36.9819],[128.33333,36.98289],[128.33282,36.98355],[128.32772,36.98518],[128.32541,36.98464],[128.32333,36.98309],[128.32325,36.98258],[128.32205,36.98144],[128.31874,36.98161],[128.31794,36.98195],[128.31473,36.97942],[128.3132,36.97949],[128.31155,36.97896],[128.30816,36.97989],[128.30743,36.98108],[128.30707,36.98308],[128.30283,36.9833],[128.30232,36.98361],[128.30024,36.98312],[128.29901,36.98215],[128.29678,36.98255],[128.29415,36.98253],[128.29364,36.98148],[128.29243,36.9817],[128.28946,36.98132],[128.28843,36.98149],[128.28615,36.98055],[128.28475,36.9813],[128.28371,36.98072],[128.28332,36.98128],[128.28166,36.98217],[128.28086,36.98211],[128.28008,36.98362],[128.27847,36.98273],[128.27775,36.9832],[128.27596,36.98331],[128.27393,36.98414],[128.27293,36.98374],[128.26956,36.98533],[128.26559,36.98619],[128.26217,36.98775],[128.25953,36.98739],[128.25843,36.98776]]]}},{"type":"Feature","properties":{"zoneId":"Z000103534","zoneName":"수한초통학구역","zoneType":"elementary","level":"초등학교","kind":"dedicated","oneWay":false,"sggCode":"720","eduCode":"8051000","eduName":"충청북도보은교육지원청","updatedAt":"2016-08-12"},"geometry":{"type":"Polygon","coordinates":[[[127.64549,36.50777],[127.64551,36.50781],[127.64588,36.50943],[127.64531,36.50979],[127.64435,36.50953],[127.64273,36.5079],[127.64012,36.50799],[127.63979,36.50737],[127.63872,36.50689],[127.63889,36.50641],[127.63817,36.50448],[127.63647,36.50287],[127.63624,36.50157],[127.63507,36.50134],[127.63463,36.50028],[127.63323,36.5012],[127.63137,36.50159],[127.63067,36.50103],[127.63082,36.50035],[127.63012,36.49931],[127.6287,36.49902],[127.62855,36.49814],[127.63098,36.49746],[127.63435,36.4949],[127.63609,36.49421],[127.63749,36.49439],[127.63777,36.49388],[127.6391,36.49373],[127.6402,36.49292],[127.64014,36.49241],[127.64046,36.49199],[127.64224,36.49101],[127.64155,36.48949],[127.64235,36.48816],[127.64336,36.48753],[127.64365,36.48598],[127.64504,36.48457],[127.64367,36.48232],[127.64238,36.48168],[127.64152,36.48065],[127.6424,36.47972],[127.64281,36.47835],[127.6427,36.47768],[127.6444,36.47574],[127.64372,36.47524],[127.64382,36.47427],[127.64357,36.47393],[127.6422,36.47346],[127.64164,36.47282],[127.64191,36.47127],[127.64253,36.47071],[127.64229,36.47046],[127.64276,36.47],[127.64074,36.46899],[127.64098,36.46834],[127.64051,36.46788],[127.64066,36.46697],[127.64165,36.46625],[127.64155,36.46546],[127.64096,36.465],[127.64133,36.46414],[127.64099,36.46382],[127.63993,36.46396],[127.63902,36.46341],[127.63866,36.46366],[127.63754,36.4635],[127.63685,36.46267],[127.63672,36.46171],[127.6362,36.4614],[127.63051,36.46248],[127.62948,36.46336],[127.62878,36.46306],[127.62859,36.46243],[127.62693,36.46129],[127.62456,36.46022],[127.62434,36.45956],[127.62335,36.45894],[127.62305,36.45798],[127.62136,36.45794],[127.62193,36.45575],[127.62264,36.45539],[127.62321,36.45416],[127.62456,36.45283],[127.62626,36.45223],[127.62782,36.45233],[127.63044,36.45174],[127.632,36.45133],[127.63294,36.45062],[127.63458,36.45168],[127.63526,36.45269],[127.63906,36.45005],[127.63832,36.44938],[127.63818,36.4482],[127.63741,36.44637],[127.6352,36.4424],[127.63292,36.4418],[127.63183,36.44089],[127.63159,36.44025],[127.63311,36.43852],[127.63493,36.4379],[127.63761,36.43564],[127.63923,36.43603],[127.63965,36.43686],[127.63942,36.4375],[127.63996,36.43816],[127.64011,36.44029],[127.64117,36.44176],[127.64136,36.44256],[127.64195,36.44331],[127.64295,36.44362],[127.64373,36.44507],[127.64474,36.44529],[127.64695,36.44482],[127.64764,36.44309],[127.64843,36.44237],[127.65009,36.44314],[127.65097,36.44318],[127.65097,36.44224],[127.6522,36.44096],[127.6524,36.44033],[127.65399,36.43866],[127.65479,36.43877],[127.65539,36.43786],[127.65622,36.43768],[127.65643,36.438],[127.65766,36.43799],[127.65808,36.43841],[127.65817,36.43931],[127.65897,36.43968],[127.65925,36.44036],[127.65922,36.44015],[127.65982,36.4402],[127.66067,36.44067],[127.66132,36.44057],[127.66191,36.43971],[127.66264,36.43938],[127.66404,36.4392],[127.66618,36.43993],[127.6679,36.43956],[127.66874,36.43971],[127.66901,36.44125],[127.66952,36.44174],[127.66945,36.44245],[127.67035,36.4416],[127.6729,36.44048],[127.67583,36.43828],[127.67617,36.43724],[127.67981,36.43653],[127.68051,36.43602],[127.68043,36.43487],[127.67978,36.43399],[127.68006,36.43331],[127.67986,36.43217],[127.68035,36.43189],[127.68039,36.43023],[127.67952,36.42969],[127.67846,36.42701],[127.6788,36.42654],[127.67854,36.42588],[127.6787,36.4246],[127.67973,36.42366],[127.68037,36.42154],[127.68059,36.42051],[127.68009,36.41992],[127.68132,36.41854],[127.6836,36.41745],[127.68617,36.4184],[127.69205,36.41678],[127.69346,36.41707],[127.69344,36.41658],[127.69386,36.41622],[127.69503,36.41598],[127.69684,36.41474],[127.6978,36.41475],[127.70012,36.41384],[127.70373,36.41462],[127.70536,36.41644],[127.70623,36.41953],[127.70598,36.42081],[127.70615,36.42134],[127.70559,36.4217],[127.70526,36.42293],[127.70565,36.42405],[127.70545,36.4256],[127.70586,36.42592],[127.70578,36.42691],[127.70525,36.42751],[127.70545,36.42787],[127.70502,36.42819],[127.70564,36.42948],[127.70714,36.43076],[127.70706,36.432],[127.70603,36.43302],[127.70592,36.43418],[127.70753,36.43922],[127.70754,36.44005],[127.70709,36.44079],[127.70772,36.44403],[127.70736,36.44466],[127.70788,36.44594],[127.70769,36.44643],[127.7066,36.44668],[127.70621,36.44707],[127.70642,36.44996],[127.7066,36.45035],[127.70744,36.4504],[127.70704,36.45196],[127.70655,36.45226],[127.70539,36.45704],[127.70581,36.45893],[127.70541,36.46233],[127.70558,36.46392],[127.70597,36.46434],[127.70692,36.46451],[127.70833,36.46366],[127.70857,36.46371],[127.70868,36.46457],[127.70929,36.46463],[127.71058,36.46406],[127.71072,36.46288],[127.71334,36.46169],[127.71371,36.46236],[127.71359,36.46306],[127.71399,36.46439],[127.71466,36.46519],[127.71545,36.46549],[127.71564,36.46627],[127.71504,36.46729],[127.71532,36.46823],[127.71446,36.46829],[127.71464,36.46922],[127.71503,36.46952],[127.71492,36.47041],[127.71409,36.4704],[127.7131,36.47094],[127.71235,36.47044],[127.71175,36.47066],[127.71145,36.47119],[127.71212,36.47213],[127.71205,36.47249],[127.71166,36.47258],[127.71144,36.47375],[127.71159,36.47661],[127.7105,36.47757],[127.70895,36.47796],[127.70899,36.47884],[127.71036,36.47947],[127.70855,36.48149],[127.70822,36.48141],[127.7094,36.47994],[127.70825,36.47966],[127.70425,36.48018],[127.70412,36.47956],[127.70344,36.4796],[127.70303,36.47806],[127.69983,36.47602],[127.69905,36.4761],[127.69859,36.47574],[127.69563,36.47633],[127.69368,36.47619],[127.69231,36.47667],[127.69192,36.47648],[127.69061,36.47529],[127.69055,36.47452],[127.69006,36.4739],[127.69038,36.47318],[127.68999,36.4722],[127.6906,36.47006],[127.6897,36.46968],[127.6895,36.46906],[127.68902,36.46882],[127.6888,36.46812],[127.68907,36.46716],[127.68844,36.46635],[127.68713,36.46603],[127.68662,36.46474],[127.68617,36.46469],[127.68613,36.46434],[127.68506,36.46368],[127.68458,36.46282],[127.67954,36.46185],[127.67877,36.46224],[127.67787,36.46222],[127.67747,36.46202],[127.6769,36.46091],[127.67484,36.46099],[127.67397,36.4602],[127.67133,36.46032],[127.67134,36.46119],[127.67098,36.46164],[127.67106,36.46374],[127.66976,36.46491],[127.66984,36.46626],[127.67286,36.46925],[127.67205,36.4707],[127.67086,36.47112],[127.67035,36.47166],[127.67026,36.47301],[127.66984,36.47339],[127.66866,36.47363],[127.66689,36.47567],[127.66674,36.47826],[127.66801,36.47932],[127.67005,36.47982],[127.66924,36.48291],[127.66983,36.48383],[127.67078,36.48402],[127.67189,36.4836],[127.67265,36.48391],[127.67314,36.48363],[127.67403,36.48508],[127.67416,36.48593],[127.6736,36.48657],[127.67347,36.4879],[127.673,36.48868],[127.67199,36.48939],[127.67262,36.49046],[127.67215,36.49158],[127.67002,36.49259],[127.66921,36.49376],[127.66927,36.49461],[127.6686,36.49565],[127.66744,36.4962],[127.66621,36.49809],[127.6652,36.49759],[127.6627,36.49765],[127.66232,36.49735],[127.6611,36.49728],[127.65876,36.4963],[127.65838,36.49667],[127.65692,36.49686],[127.65525,36.49652],[127.6549,36.49666],[127.65483,36.4974],[127.65352,36.49803],[127.65071,36.49767],[127.64979,36.49845],[127.64906,36.49838],[127.64816,36.49774],[127.64798,36.49911],[127.64842,36.50034],[127.6473,36.50168],[127.6478,36.50517],[127.64744,36.50572],[127.64554,36.50659],[127.64531,36.50724],[127.64549,36.50777]]]}},{"type":"Feature","properties":{"zoneId":"Z000103525","zoneName":"내북초통학구역","zoneType":"elementary","level":"초등학교","kind":"dedicated","oneWay":false,"sggCode":"720","eduCode":"8051000","eduName":"충청북도보은교육지원청","updatedAt":"2016-08-12"},"geometry":{"type":"Polygon","coordinates":[[[127.64742,36.60558],[127.64707,36.60598],[127.64625,36.60659],[127.64419,36.6056],[127.64246,36.60405],[127.64203,36.60309],[127.64052,36.60161],[127.63773,36.60028],[127.63567,36.60023],[127.63333,36.59809],[127.63302,36.59664],[127.63256,36.59626],[127.63254,36.59544],[127.63017,36.59362],[127.63063,36.59297],[127.63025,36.59179],[127.63188,36.58947],[127.63183,36.58893],[127.63056,36.58829],[127.63043,36.58649],[127.62854,36.586],[127.62692,36.58481],[127.62657,36.58499],[127.62564,36.58358],[127.62406,36.58214],[127.62218,36.58106],[127.62207,36.5797],[127.62268,36.57876],[127.62237,36.57818],[127.62103,36.57858],[127.62038,36.57809],[127.61776,36.57754],[127.61571,36.57534],[127.61507,36.57399],[127.61255,36.57132],[127.61236,36.57032],[127.61121,36.57007],[127.61164,36.56853],[127.61124,36.56679],[127.61312,36.56526],[127.61328,36.56395],[127.6141,36.56289],[127.6154,36.56218],[127.61585,36.56107],[127.61676,36.56038],[127.61719,36.5595],[127.61432,36.5568],[127.61366,36.55501],[127.61383,36.5537],[127.61323,36.55351],[127.61295,36.55228],[127.61236,36.55143],[127.61395,36.54999],[127.61769,36.55052],[127.61828,36.5509],[127.61942,36.55062],[127.62181,36.5488],[127.62186,36.54755],[127.62389,36.54673],[127.62399,36.54458],[127.62331,36.54347],[127.62463,36.5422],[127.62649,36.54214],[127.62889,36.54335],[127.63121,36.54384],[127.63188,36.54289],[127.63182,36.54224],[127.63346,36.54017],[127.6304,36.53852],[127.6288,36.53808],[127.62822,36.53755],[127.62734,36.53774],[127.62526,36.53717],[127.62411,36.53718],[127.62375,36.536],[127.62422,36.53494],[127.62413,36.53429],[127.62248,36.53428],[127.62242,36.53386],[127.62157,36.53332],[127.62131,36.5328],[127.62246,36.53158],[127.62251,36.53117],[127.62213,36.5298],[127.62144,36.52903],[127.62094,36.52779],[127.62152,36.5271],[127.62078,36.52609],[127.62102,36.52519],[127.62205,36.52464],[127.62323,36.52329],[127.62187,36.52301],[127.62115,36.52116],[127.62152,36.52032],[127.62091,36.51822],[127.62103,36.5174],[127.62222,36.51695],[127.62172,36.51618],[127.6223,36.51484],[127.62079,36.51328],[127.62057,36.51345],[127.62015,36.51319],[127.6192,36.51196],[127.61917,36.51128],[127.62029,36.51048],[127.62029,36.50986],[127.62124,36.50822],[127.62302,36.50657],[127.62355,36.50513],[127.62581,36.50445],[127.62792,36.50323],[127.62898,36.50364],[127.63004,36.50267],[127.63088,36.50123],[127.63137,36.50159],[127.63252,36.50141],[127.63463,36.50028],[127.63507,36.50134],[127.63624,36.50157],[127.63647,36.50287],[127.63817,36.50448],[127.63889,36.50641],[127.63872,36.50689],[127.63979,36.50737],[127.64012,36.50799],[127.64273,36.5079],[127.64435,36.50953],[127.64552,36.50976],[127.64588,36.50943],[127.64539,36.50681],[127.64744,36.50572],[127.6478,36.50517],[127.6473,36.50168],[127.64842,36.50034],[127.64798,36.49911],[127.64816,36.49774],[127.64906,36.49838],[127.64979,36.49845],[127.65071,36.49767],[127.65352,36.49803],[127.65483,36.4974],[127.6549,36.49666],[127.65525,36.49652],[127.65692,36.49686],[127.65838,36.49667],[127.65876,36.4963],[127.65957,36.4965],[127.66003,36.49702],[127.66232,36.49735],[127.6627,36.49765],[127.6652,36.49759],[127.66621,36.49809],[127.66613,36.49868],[127.66457,36.50244],[127.66327,36.50306],[127.66346,36.50352],[127.66269,36.50387],[127.66295,36.50467],[127.66245,36.50602],[127.6616,36.50633],[127.66022,36.50762],[127.65982,36.50883],[127.65944,36.51054],[127.65974,36.51248],[127.65936,36.51318],[127.65972,36.51443],[127.65926,36.51589],[127.66052,36.51605],[127.66158,36.51719],[127.66156,36.51776],[127.66064,36.51828],[127.66126,36.51875],[127.6615,36.51953],[127.66126,36.52079],[127.6608,36.52123],[127.66111,36.52149],[127.66137,36.52303],[127.66177,36.52367],[127.66231,36.5238],[127.66266,36.52466],[127.6647,36.52647],[127.66564,36.52608],[127.66756,36.5269],[127.66934,36.52704],[127.6697,36.52738],[127.67155,36.52657],[127.67199,36.52566],[127.67265,36.52615],[127.67455,36.52625],[127.67498,36.52717],[127.67682,36.52772],[127.67915,36.5279],[127.68021,36.52913],[127.68044,36.53053],[127.68116,36.5303],[127.68336,36.53054],[127.68483,36.53016],[127.68664,36.53061],[127.68843,36.52931],[127.6883,36.52848],[127.69213,36.52136],[127.69231,36.52039],[127.6952,36.51968],[127.69581,36.51842],[127.69637,36.518],[127.69666,36.51661],[127.69752,36.51752],[127.69765,36.5185],[127.69862,36.5192],[127.69934,36.52146],[127.70181,36.52339],[127.7029,36.52335],[127.70337,36.52447],[127.70425,36.52505],[127.70749,36.52586],[127.7078,36.52675],[127.70981,36.528],[127.71062,36.52779],[127.71144,36.52826],[127.71191,36.52792],[127.71479,36.52815],[127.71591,36.52883],[127.71629,36.52973],[127.71571,36.53186],[127.71725,36.53373],[127.71752,36.53494],[127.71573,36.53606],[127.71341,36.53598],[127.71157,36.53701],[127.71031,36.53728],[127.70978,36.53695],[127.70917,36.53742],[127.70898,36.53891],[127.70856,36.53961],[127.70635,36.54031],[127.70494,36.54168],[127.7052,36.54264],[127.70469,36.54509],[127.70573,36.54713],[127.70742,36.5489],[127.70751,36.54979],[127.70835,36.55061],[127.70845,36.5511],[127.70715,36.55201],[127.70438,36.5553],[127.70344,36.55499],[127.70168,36.55552],[127.69999,36.55533],[127.6991,36.55633],[127.69875,36.55727],[127.69945,36.55861],[127.69913,36.55871],[127.69908,36.56007],[127.69947,36.56099],[127.70019,36.56154],[127.69966,36.56345],[127.69968,36.56586],[127.7012,36.5673],[127.70262,36.56771],[127.70586,36.56788],[127.70691,36.56841],[127.70839,36.56836],[127.70925,36.56902],[127.70861,36.57117],[127.70743,36.57237],[127.70892,36.57311],[127.7083,36.57662],[127.70816,36.57988],[127.70874,36.57984],[127.71063,36.58269],[127.71162,36.58227],[127.71188,36.58293],[127.71322,36.58365],[127.71354,36.58474],[127.7146,36.58558],[127.71467,36.5862],[127.71511,36.58657],[127.71673,36.5866],[127.71713,36.58705],[127.71872,36.58739],[127.71901,36.58903],[127.71986,36.59066],[127.71963,36.59091],[127.71996,36.59185],[127.72079,36.5924],[127.72251,36.59081],[127.7239,36.5901],[127.7253,36.59111],[127.72686,36.59071],[127.72782,36.59107],[127.72803,36.5909],[127.72813,36.59198],[127.73002,36.59206],[127.73041,36.59235],[127.73039,36.59284],[127.7316,36.59354],[127.73183,36.59399],[127.73596,36.59571],[127.73701,36.59717],[127.73715,36.59932],[127.73649,36.60002],[127.73367,36.60017],[127.73111,36.60165],[127.72965,36.6017],[127.72874,36.60231],[127.72776,36.60178],[127.72698,36.60021],[127.72644,36.59997],[127.72487,36.6015],[127.7229,36.6022],[127.72171,36.60184],[127.72125,36.60235],[127.7202,36.60267],[127.71917,36.60199],[127.716,36.60236],[127.71495,36.6018],[127.71381,36.60202],[127.71318,36.60121],[127.71315,36.5997],[127.71184,36.59907],[127.71138,36.59843],[127.71139,36.59738],[127.70966,36.59606],[127.70558,36.59515],[127.70435,36.5942],[127.70423,36.59346],[127.70341,36.5928],[127.7032,36.59162],[127.70242,36.59113],[127.69856,36.58972],[127.6978,36.58909],[127.69461,36.58849],[127.69368,36.58863],[127.69325,36.58927],[127.69191,36.58935],[127.69012,36.5905],[127.68915,36.59065],[127.68894,36.59137],[127.68704,36.59206],[127.68402,36.59201],[127.68313,36.5924],[127.68201,36.5918],[127.68053,36.59239],[127.68012,36.594],[127.6791,36.5945],[127.67884,36.59588],[127.67669,36.59669],[127.67542,36.59673],[127.67639,36.59666],[127.67416,36.59536],[127.67341,36.59572],[127.67224,36.59571],[127.67,36.59489],[127.66925,36.59496],[127.66862,36.59454],[127.66914,36.59678],[127.6685,36.59766],[127.66851,36.59845],[127.66784,36.59957],[127.66588,36.6006],[127.66545,36.60241],[127.66508,36.60256],[127.66064,36.60261],[127.65976,36.60191],[127.65958,36.60127],[127.65897,36.60135],[127.65515,36.60016],[127.65401,36.60036],[127.65306,36.60131],[127.65291,36.60278],[127.65249,36.603],[127.65238,36.60486],[127.65126,36.60476],[127.64868,36.60553],[127.64742,36.60558]]]}},{"type":"Feature","properties":{"zoneId":"Z000103538","zoneName":"회남초통학구역","zoneType":"elementary","level":"초등학교","kind":"dedicated","oneWay":false,"sggCode":"720","eduCode":"8051000","eduName":"충청북도보은교육지원청","updatedAt":"2016-08-12"},"geometry":{"type":"Polygon","coordinates":[[[127.56239,36.47048],[127.56202,36.47065],[127.55818,36.47224],[127.55617,36.47182],[127.55706,36.46998],[127.55657,36.4679],[127.55567,36.46738],[127.55528,36.46645],[127.55566,36.46574],[127.55293,36.46475],[127.55431,36.46363],[127.55365,36.46238],[127.55373,36.46094],[127.55294,36.45971],[127.55319,36.45914],[127.55148,36.45577],[127.55097,36.45515],[127.54921,36.45459],[127.5491,36.45374],[127.54805,36.45283],[127.54797,36.45168],[127.54713,36.45152],[127.54654,36.45042],[127.546,36.45038],[127.5453,36.44811],[127.54575,36.44626],[127.54388,36.44624],[127.53952,36.44475],[127.53927,36.44499],[127.53058,36.44183],[127.52869,36.44098],[127.51938,36.4348],[127.51685,36.43077],[127.51451,36.42247],[127.51653,36.42235],[127.51907,36.42004],[127.51993,36.41982],[127.52095,36.42158],[127.52231,36.42189],[127.52322,36.4231],[127.52432,36.42343],[127.52601,36.42193],[127.52604,36.42091],[127.527,36.42118],[127.52821,36.42105],[127.52877,36.41979],[127.52938,36.41922],[127.53479,36.41933],[127.53524,36.41895],[127.53641,36.41945],[127.53655,36.41999],[127.53732,36.42038],[127.53778,36.42012],[127.53962,36.42061],[127.54228,36.41928],[127.54184,36.41569],[127.54289,36.41208],[127.54557,36.40882],[127.54665,36.40877],[127.5501,36.40712],[127.5517,36.40549],[127.5532,36.40122],[127.55632,36.39967],[127.55878,36.39986],[127.55968,36.39822],[127.55743,36.39731],[127.55723,36.39685],[127.55479,36.39498],[127.55373,36.3947],[127.55408,36.39281],[127.5548,36.39281],[127.5551,36.39398],[127.55596,36.39511],[127.55814,36.39657],[127.55813,36.39526],[127.56372,36.39766],[127.5656,36.39783],[127.56831,36.39937],[127.57326,36.40275],[127.57985,36.40785],[127.58103,36.40935],[127.58173,36.41158],[127.58189,36.41371],[127.58152,36.41512],[127.58259,36.41561],[127.58293,36.41616],[127.58338,36.41736],[127.58318,36.41826],[127.58339,36.41869],[127.58387,36.41853],[127.58452,36.41724],[127.58487,36.41705],[127.5858,36.41732],[127.58629,36.41699],[127.58629,36.41643],[127.58517,36.41577],[127.5854,36.41519],[127.58718,36.41548],[127.58852,36.41502],[127.58788,36.41411],[127.58804,36.4129],[127.5895,36.41355],[127.58981,36.41331],[127.58985,36.41232],[127.5903,36.41186],[127.59104,36.41174],[127.59401,36.41319],[127.59429,36.41287],[127.59339,36.41151],[127.59398,36.41106],[127.59551,36.4112],[127.5965,36.4107],[127.59785,36.41183],[127.59863,36.41196],[127.59909,36.41031],[127.59904,36.40934],[127.59846,36.40821],[127.59887,36.40778],[127.60098,36.40717],[127.60165,36.40737],[127.60207,36.40901],[127.6025,36.40954],[127.60445,36.40857],[127.60467,36.40803],[127.6035,36.40743],[127.60409,36.40568],[127.604,36.40406],[127.60699,36.40352],[127.60759,36.40298],[127.60794,36.40323],[127.60985,36.40301],[127.61182,36.4032],[127.61338,36.40421],[127.61409,36.40509],[127.61451,36.40663],[127.6158,36.40736],[127.61571,36.40828],[127.61643,36.4086],[127.61678,36.40919],[127.61656,36.40971],[127.61719,36.41054],[127.61691,36.41111],[127.6175,36.41198],[127.61717,36.41366],[127.61764,36.41509],[127.61797,36.41532],[127.61734,36.41736],[127.6193,36.41775],[127.61768,36.41872],[127.61491,36.41896],[127.61402,36.41962],[127.61294,36.41984],[127.61539,36.42145],[127.61548,36.42208],[127.61489,36.42264],[127.61482,36.42352],[127.61553,36.42537],[127.61611,36.42605],[127.61616,36.42714],[127.61906,36.4292],[127.61999,36.43066],[127.6205,36.43255],[127.61958,36.43359],[127.61973,36.43659],[127.62122,36.43705],[127.62099,36.43914],[127.62163,36.43963],[127.61885,36.44164],[127.61708,36.44165],[127.61642,36.44208],[127.61554,36.4459],[127.61442,36.44696],[127.61577,36.44848],[127.61536,36.44975],[127.61401,36.45042],[127.61087,36.45127],[127.61008,36.45216],[127.61045,36.45283],[127.60782,36.45378],[127.60595,36.45503],[127.60452,36.45533],[127.60308,36.45633],[127.60143,36.45637],[127.60087,36.45773],[127.59999,36.45846],[127.59588,36.45971],[127.59541,36.45976],[127.5949,36.4591],[127.59368,36.45863],[127.59146,36.4584],[127.59049,36.45936],[127.58704,36.4605],[127.5849,36.46066],[127.58053,36.45949],[127.57841,36.46023],[127.57636,36.46165],[127.5749,36.46063],[127.57392,36.46047],[127.57258,36.46114],[127.56997,36.46162],[127.56956,36.46208],[127.56945,36.46362],[127.56897,36.46434],[127.56963,36.46531],[127.56855,36.46708],[127.56588,36.46889],[127.5649,36.46917],[127.56421,36.46993],[127.56239,36.47048]]]}},{"type":"Feature","properties":{"zoneId":"Z000150401","zoneName":"안내초판동초공동통학구역","zoneType":"elementary","level":"초등학교","kind":"shared","oneWay":false,"sggCode":"730","eduCode":"8051000","eduName":"충청북도보은교육지원청","updatedAt":"2016-08-12"},"geometry":{"type":"Polygon","coordinates":[[[127.70955,36.40561],[127.70899,36.40595],[127.70799,36.40697],[127.70599,36.4065],[127.70445,36.40547],[127.70339,36.40585],[127.69983,36.4062],[127.69947,36.40542],[127.69802,36.40483],[127.69748,36.40503],[127.69633,36.40462],[127.69474,36.40464],[127.68869,36.40045],[127.68871,36.39934],[127.6872,36.39669],[127.68407,36.39472],[127.68348,36.39467],[127.68432,36.39313],[127.6854,36.39272],[127.6863,36.39094],[127.68628,36.39023],[127.68683,36.38969],[127.68943,36.38982],[127.69049,36.39049],[127.69334,36.38826],[127.69551,36.38825],[127.69675,36.38764],[127.69761,36.38785],[127.7007,36.38653],[127.70161,36.38642],[127.70319,36.38366],[127.70657,36.38094],[127.70826,36.3802],[127.70906,36.38106],[127.71019,36.38146],[127.71354,36.3816],[127.71456,36.38106],[127.71538,36.38115],[127.71666,36.37972],[127.71992,36.37885],[127.72187,36.379],[127.72418,36.3811],[127.72582,36.38121],[127.72698,36.38246],[127.72699,36.383],[127.72859,36.38335],[127.7296,36.38538],[127.73059,36.38624],[127.73079,36.38849],[127.73144,36.39023],[127.73026,36.38988],[127.72791,36.39076],[127.72729,36.39199],[127.72699,36.39189],[127.72712,36.393],[127.72604,36.39331],[127.72573,36.39384],[127.72468,36.39347],[127.72202,36.39396],[127.71842,36.39629],[127.71687,36.39837],[127.71673,36.39938],[127.7144,36.40065],[127.71447,36.4017],[127.71396,36.40234],[127.711,36.40356],[127.71051,36.40467],[127.71006,36.40481],[127.70955,36.40561]]]}},{"type":"Feature","properties":{"zoneId":"Z000150422","zoneName":"대소초부윤초공동통학구역","zoneType":"elementary","level":"초등학교","kind":"shared","oneWay":false,"sggCode":"770","eduCode":"8101000","eduName":"충청북도음성교육지원청","updatedAt":"2016-08-12"},"geometry":{"type":"Polygon","coordinates":[[[127.52053,36.96394],[127.52064,36.96407],[127.521,36.96525],[127.52276,36.9669],[127.52312,36.96889],[127.5225,36.96915],[127.52265,36.9699],[127.5224,36.97047],[127.51975,36.97262],[127.51833,36.9734],[127.51824,36.97403],[127.51161,36.97186],[127.50683,36.96862],[127.50316,36.96735],[127.50295,36.96698],[127.50393,36.96389],[127.50467,36.96347],[127.50407,36.96177],[127.50473,36.96116],[127.50449,36.96052],[127.50488,36.9602],[127.50604,36.96021],[127.50616,36.95995],[127.50477,36.95902],[127.50842,36.95982],[127.50927,36.96032],[127.5112,36.96025],[127.51175,36.96056],[127.52039,36.95958],[127.52114,36.96114],[127.52172,36.9614],[127.52011,36.96362],[127.52053,36.96394]]]}},{"type":"Feature","properties":{"zoneId":"Z000103568","zoneName":"황간초통학구역","zoneType":"elementary","level":"초등학교","kind":"dedicated","oneWay":false,"sggCode":"740","eduCode":"8071000","eduName":"충청북도영동교육지원청","updatedAt":"2016-08-12"},"geometry":{"type":"Polygon","coordinates":[[[127.92143,36.27943],[127.92124,36.27957],[127.91843,36.28022],[127.9155,36.28187],[127.91153,36.28319],[127.90712,36.28649],[127.90557,36.29122],[127.90637,36.29269],[127.90611,36.29531],[127.90544,36.297],[127.90563,36.2986],[127.90429,36.30145],[127.90337,36.30131],[127.89846,36.29758],[127.89357,36.29265],[127.8921,36.29193],[127.89175,36.29112],[127.88991,36.28924],[127.88871,36.28736],[127.88744,36.28438],[127.88683,36.28371],[127.88585,36.2802],[127.8836,36.27642],[127.88264,36.27375],[127.87643,36.27579],[127.87045,36.27658],[127.86824,36.27634],[127.86739,36.2766],[127.86484,36.27563],[127.86087,36.27708],[127.86008,36.27646],[127.85539,36.27529],[127.85291,36.27388],[127.85212,36.27392],[127.85227,36.27281],[127.85195,36.27215],[127.85105,36.27148],[127.85041,36.2698],[127.85072,36.26736],[127.85174,36.26634],[127.85221,36.26531],[127.85284,36.26505],[127.85293,36.26293],[127.85165,36.2606],[127.85044,36.26031],[127.84955,36.26078],[127.84813,36.26095],[127.84787,36.26026],[127.84832,36.25975],[127.84812,36.25952],[127.85162,36.25742],[127.85253,36.25642],[127.85328,36.25452],[127.85079,36.25436],[127.84753,36.25],[127.8439,36.24752],[127.84214,36.24483],[127.84,36.2401],[127.83674,36.23645],[127.83878,36.23527],[127.83933,36.23444],[127.84097,36.23339],[127.84184,36.23347],[127.84332,36.23274],[127.84588,36.23249],[127.846,36.23195],[127.84559,36.23099],[127.84481,36.2307],[127.84293,36.22902],[127.8423,36.22584],[127.8434,36.22308],[127.84694,36.21976],[127.84762,36.21783],[127.84666,36.21636],[127.84924,36.21369],[127.84938,36.21291],[127.84887,36.21206],[127.84936,36.21119],[127.84926,36.20989],[127.85096,36.20761],[127.85087,36.20548],[127.85149,36.20167],[127.85272,36.2021],[127.85407,36.20205],[127.85549,36.20167],[127.85719,36.2004],[127.85647,36.19869],[127.85649,36.19728],[127.85748,36.19554],[127.85695,36.19424],[127.85763,36.19356],[127.85899,36.19336],[127.85924,36.19236],[127.8598,36.19178],[127.86099,36.19169],[127.862,36.19089],[127.86304,36.19088],[127.86396,36.19049],[127.86429,36.18985],[127.86434,36.18836],[127.86725,36.18652],[127.86814,36.1866],[127.86901,36.18739],[127.87036,36.18654],[127.87243,36.18621],[127.87404,36.18526],[127.87478,36.1856],[127.87598,36.18492],[127.87619,36.18449],[127.87711,36.18422],[127.87768,36.18288],[127.87984,36.18098],[127.88001,36.18006],[127.87948,36.17901],[127.87985,36.1771],[127.87958,36.17632],[127.88176,36.17323],[127.8822,36.16977],[127.883,36.16887],[127.88572,36.16964],[127.88652,36.16938],[127.88935,36.1701],[127.89027,36.17086],[127.89018,36.17171],[127.89193,36.17269],[127.89506,36.173],[127.895,36.17674],[127.8959,36.17744],[127.89617,36.17804],[127.89632,36.17991],[127.89564,36.18106],[127.89556,36.18192],[127.89708,36.18203],[127.90005,36.18125],[127.90102,36.18224],[127.90306,36.1826],[127.90493,36.18234],[127.90608,36.18269],[127.90823,36.18261],[127.90896,36.18344],[127.90872,36.18418],[127.90898,36.18581],[127.91004,36.1873],[127.91033,36.18843],[127.91002,36.18897],[127.91159,36.18901],[127.91185,36.18981],[127.91286,36.19037],[127.91327,36.191],[127.91305,36.19183],[127.91378,36.19224],[127.91453,36.19199],[127.91698,36.19222],[127.91779,36.19311],[127.91749,36.19341],[127.91753,36.19409],[127.91774,36.19463],[127.91852,36.1951],[127.91811,36.19716],[127.91749,36.19798],[127.91764,36.19883],[127.91687,36.19977],[127.91757,36.20179],[127.91729,36.20226],[127.91837,36.20301],[127.91881,36.20432],[127.91861,36.20477],[127.91934,36.20636],[127.91971,36.20657],[127.91985,36.20797],[127.92215,36.20929],[127.92194,36.21023],[127.92275,36.21158],[127.92311,36.21311],[127.9244,36.21335],[127.92503,36.21461],[127.92571,36.2172],[127.92552,36.2188],[127.92502,36.2194],[127.92625,36.21988],[127.92769,36.21653],[127.93055,36.21378],[127.9317,36.21143],[127.93253,36.21138],[127.93699,36.2121],[127.93884,36.2128],[127.93903,36.21398],[127.94016,36.21554],[127.94163,36.216],[127.94192,36.21574],[127.94574,36.21779],[127.94777,36.22014],[127.94962,36.22025],[127.94981,36.22137],[127.95247,36.22438],[127.95299,36.22669],[127.95381,36.2282],[127.95345,36.23044],[127.95371,36.23127],[127.95542,36.23279],[127.95596,36.23365],[127.95576,36.2354],[127.95631,36.2365],[127.95621,36.2377],[127.95838,36.23944],[127.95895,36.24055],[127.9588,36.24122],[127.96027,36.24155],[127.96121,36.24309],[127.96202,36.24324],[127.96304,36.24476],[127.96598,36.24636],[127.96813,36.249],[127.96832,36.2503],[127.9658,36.25187],[127.96482,36.25318],[127.96248,36.25206],[127.96017,36.25237],[127.95945,36.25327],[127.95794,36.25412],[127.95735,36.25512],[127.95631,36.25545],[127.95541,36.25674],[127.95461,36.25722],[127.94925,36.25665],[127.94834,36.25748],[127.94825,36.25871],[127.94863,36.25934],[127.94867,36.26042],[127.94816,36.26229],[127.94848,36.26313],[127.94781,36.26464],[127.94787,36.26627],[127.94736,36.26724],[127.94578,36.26703],[127.9449,36.26723],[127.9428,36.26673],[127.94225,36.26729],[127.93958,36.2681],[127.93872,36.26885],[127.93793,36.26906],[127.93714,36.27004],[127.93693,36.27111],[127.93439,36.27256],[127.93378,36.27592],[127.93266,36.27674],[127.93194,36.27673],[127.93091,36.27801],[127.92648,36.27868],[127.92553,36.27952],[127.92353,36.27871],[127.92143,36.27943]]]}},{"type":"Feature","properties":{"zoneId":"Z000103618","zoneName":"오선초통학구역","zoneType":"elementary","level":"초등학교","kind":"dedicated","oneWay":false,"sggCode":"770","eduCode":"8101000","eduName":"충청북도음성교육지원청","updatedAt":"2016-08-12"},"geometry":{"type":"Polygon","coordinates":[[[127.55261,36.99212],[127.55251,36.99217],[127.55043,36.9919],[127.55047,36.99108],[127.54975,36.99072],[127.54962,36.98941],[127.54917,36.98952],[127.54806,36.98887],[127.54665,36.98889],[127.5452,36.98696],[127.5437,36.98627],[127.54339,36.9858],[127.54092,36.98548],[127.5387,36.9857],[127.53784,36.98474],[127.53795,36.98398],[127.53733,36.98383],[127.53689,36.98324],[127.53651,36.98105],[127.537,36.98073],[127.53691,36.97999],[127.53755,36.97936],[127.53703,36.97859],[127.53656,36.97844],[127.53644,36.97773],[127.54012,36.9766],[127.54139,36.97652],[127.54058,36.97511],[127.54031,36.97256],[127.5412,36.97057],[127.54078,36.96985],[127.541,36.96882],[127.5401,36.96641],[127.53906,36.96547],[127.53852,36.96402],[127.5386,36.96305],[127.53924,36.96217],[127.53603,36.96097],[127.53554,36.96047],[127.53544,36.95901],[127.53489,36.95843],[127.53647,36.95775],[127.53728,36.95794],[127.53809,36.9567],[127.53912,36.95619],[127.53972,36.95461],[127.541,36.95523],[127.54113,36.95557],[127.54246,36.95571],[127.54499,36.95194],[127.54438,36.95057],[127.5447,36.94694],[127.54433,36.94617],[127.54569,36.94584],[127.54706,36.94599],[127.54886,36.94496],[127.54754,36.94332],[127.54907,36.94203],[127.55033,36.94135],[127.55214,36.94115],[127.55353,36.94179],[127.55518,36.94174],[127.55677,36.94229],[127.55697,36.94361],[127.55765,36.94364],[127.55788,36.94407],[127.55886,36.94407],[127.55888,36.94583],[127.56029,36.94667],[127.56062,36.94726],[127.56314,36.94703],[127.56333,36.94945],[127.5647,36.94914],[127.56596,36.94976],[127.56721,36.94971],[127.56736,36.94944],[127.56972,36.94904],[127.57157,36.94951],[127.57332,36.94888],[127.5747,36.95007],[127.57546,36.95144],[127.57755,36.95168],[127.57769,36.95227],[127.57741,36.95271],[127.57776,36.95375],[127.57997,36.9573],[127.59013,36.95478],[127.59159,36.95595],[127.59239,36.95744],[127.5934,36.9581],[127.59402,36.9592],[127.59408,36.96083],[127.59356,36.96142],[127.59273,36.96193],[127.59228,36.96157],[127.59111,36.96251],[127.5872,36.96393],[127.58646,36.96476],[127.58645,36.96531],[127.58537,36.9672],[127.58454,36.96716],[127.58381,36.96771],[127.58217,36.96753],[127.58186,36.96775],[127.58173,36.96832],[127.58208,36.96919],[127.58143,36.97098],[127.58184,36.97196],[127.57916,36.97319],[127.57731,36.97362],[127.57713,36.97496],[127.57701,36.97473],[127.5766,36.97523],[127.57645,36.97684],[127.57697,36.97801],[127.57668,36.97873],[127.57743,36.97986],[127.57718,36.98019],[127.57736,36.98126],[127.57772,36.98135],[127.57754,36.98174],[127.5757,36.98205],[127.57505,36.98319],[127.57388,36.98289],[127.57034,36.98421],[127.56967,36.98525],[127.56748,36.98599],[127.56753,36.98802],[127.56698,36.9887],[127.56609,36.98854],[127.56518,36.99017],[127.56416,36.98954],[127.56345,36.99023],[127.56177,36.99014],[127.56081,36.98951],[127.5608,36.98921],[127.55938,36.98932],[127.55779,36.9903],[127.55582,36.99036],[127.55418,36.99136],[127.55293,36.99162],[127.55261,36.99212]]]}},{"type":"Feature","properties":{"zoneId":"Z000103617","zoneName":"오갑초통학구역","zoneType":"elementary","level":"초등학교","kind":"dedicated","oneWay":false,"sggCode":"770","eduCode":"8101000","eduName":"충청북도음성교육지원청","updatedAt":"2016-08-12"},"geometry":{"type":"Polygon","coordinates":[[[127.70169,37.13763],[127.70091,37.13772],[127.69689,37.13927],[127.69546,37.14043],[127.69251,37.13814],[127.69045,37.13736],[127.68859,37.13554],[127.6868,37.13506],[127.68278,37.13646],[127.68064,37.13565],[127.6774,37.13676],[127.67474,37.13627],[127.67337,37.13661],[127.67163,37.13617],[127.67127,37.13646],[127.669,37.13556],[127.66815,37.13575],[127.66597,37.1355],[127.66478,37.13442],[127.6636,37.13391],[127.66222,37.12625],[127.66249,37.12459],[127.66172,37.12345],[127.65947,37.12272],[127.65859,37.12005],[127.65837,37.11918],[127.65879,37.11843],[127.6587,37.1157],[127.65918,37.11429],[127.65927,37.11044],[127.66051,37.10651],[127.66,37.10568],[127.65885,37.10528],[127.65896,37.10373],[127.65749,37.10065],[127.65779,37.09942],[127.66011,37.09807],[127.6607,37.0974],[127.66292,37.0967],[127.66357,37.09592],[127.66315,37.09548],[127.66294,37.0938],[127.66278,37.09125],[127.66307,37.08897],[127.66449,37.08712],[127.66582,37.08702],[127.66703,37.08629],[127.66805,37.08526],[127.66823,37.08462],[127.671,37.08363],[127.67193,37.08274],[127.67462,37.08169],[127.67625,37.08061],[127.67723,37.08018],[127.67861,37.08019],[127.67934,37.07971],[127.68247,37.07949],[127.68451,37.07876],[127.68517,37.07913],[127.68562,37.08013],[127.6866,37.08095],[127.69218,37.08133],[127.69234,37.08312],[127.69344,37.08555],[127.69521,37.08707],[127.69591,37.0873],[127.69676,37.08947],[127.69766,37.08993],[127.69815,37.09095],[127.69934,37.09163],[127.70013,37.09554],[127.69801,37.09822],[127.69816,37.0994],[127.6987,37.09979],[127.69993,37.09968],[127.70048,37.10059],[127.70092,37.10299],[127.70193,37.10304],[127.70249,37.10348],[127.70459,37.10411],[127.70589,37.1052],[127.70791,37.1056],[127.70801,37.10532],[127.71014,37.10559],[127.7114,37.10586],[127.71154,37.1063],[127.71266,37.10636],[127.71258,37.10748],[127.71331,37.10905],[127.71487,37.10998],[127.71588,37.10966],[127.71644,37.11001],[127.71727,37.1096],[127.71763,37.10972],[127.71775,37.11042],[127.72051,37.11071],[127.72111,37.11108],[127.72082,37.11131],[127.72109,37.11232],[127.72229,37.11364],[127.72282,37.11477],[127.72287,37.11592],[127.72208,37.11655],[127.72187,37.11919],[127.72214,37.12081],[127.72081,37.12229],[127.72054,37.12306],[127.71973,37.12347],[127.71823,37.12495],[127.71676,37.12548],[127.71463,37.12557],[127.71202,37.12778],[127.71189,37.12882],[127.71067,37.12994],[127.71009,37.13112],[127.71012,37.13166],[127.71097,37.13248],[127.71064,37.13379],[127.70982,37.13483],[127.70961,37.13569],[127.70872,37.13582],[127.70637,37.13709],[127.70527,37.1369],[127.70314,37.13767],[127.70169,37.13763]]]}},{"type":"Feature","properties":{"zoneId":"Z000103404","zoneName":"분평초통학구역","zoneType":"elementary","level":"초등학교","kind":"dedicated","oneWay":false,"sggCode":"112","eduCode":"8011000","eduName":"충청북도청주교육지원청","updatedAt":"2016-08-12"},"geometry":{"type":"Polygon","coordinates":[[[127.49343,36.62011],[127.49221,36.62015],[127.4896,36.62027],[127.48945,36.61812],[127.49034,36.61321],[127.48978,36.61094],[127.49086,36.61091],[127.497,36.61188],[127.49364,36.61792],[127.49343,36.62011]]]}},{"type":"Feature","properties":{"zoneId":"Z000103464","zoneName":"금가초통학구역","zoneType":"elementary","level":"초등학교","kind":"dedicated","oneWay":false,"sggCode":"130","eduCode":"8021000","eduName":"충청북도충주교육지원청","updatedAt":"2016-08-12"},"geometry":{"type":"Polygon","coordinates":[[[127.90253,37.06973],[127.9021,37.06974],[127.90073,37.06967],[127.90007,37.06881],[127.89861,37.06811],[127.89489,37.06758],[127.89389,37.06663],[127.89302,37.06638],[127.89252,37.06519],[127.89159,37.06529],[127.89029,37.06253],[127.88897,37.06116],[127.88793,37.05896],[127.88562,37.05555],[127.88321,37.05302],[127.86746,37.04525],[127.86354,37.04198],[127.85996,37.03785],[127.859,37.03568],[127.85881,37.03331],[127.86047,37.02979],[127.86493,37.025],[127.86735,37.02105],[127.87005,37.02146],[127.87201,37.02031],[127.87252,37.02033],[127.87388,37.02164],[127.87493,37.02204],[127.87654,37.02195],[127.87707,37.02135],[127.87868,37.02134],[127.88008,37.02068],[127.8816,37.02076],[127.88241,37.02117],[127.88329,37.02219],[127.88499,37.02237],[127.88572,37.02279],[127.88672,37.02417],[127.88693,37.02694],[127.88896,37.02664],[127.89185,37.02464],[127.89347,37.02218],[127.8937,37.02122],[127.89515,37.02157],[127.89567,37.02204],[127.89661,37.02187],[127.89904,37.02386],[127.9009,37.02428],[127.90325,37.026],[127.90634,37.02725],[127.90709,37.02796],[127.90884,37.02869],[127.91098,37.03013],[127.91531,37.0314],[127.91685,37.03257],[127.914,37.03298],[127.91348,37.03435],[127.91262,37.03864],[127.91292,37.04231],[127.91355,37.04272],[127.91669,37.04404],[127.9219,37.04432],[127.92209,37.04194],[127.93014,37.04225],[127.93103,37.04318],[127.93115,37.04377],[127.93159,37.04411],[127.93108,37.04539],[127.93128,37.04712],[127.93159,37.04813],[127.93267,37.04891],[127.93291,37.04955],[127.93232,37.05033],[127.93279,37.05104],[127.93095,37.05143],[127.9297,37.05128],[127.93051,37.0524],[127.93112,37.05468],[127.93005,37.05961],[127.92935,37.05968],[127.92868,37.05913],[127.92749,37.05879],[127.92659,37.05885],[127.92611,37.05848],[127.92566,37.05609],[127.92513,37.05517],[127.92366,37.05545],[127.92231,37.05624],[127.92246,37.05751],[127.92167,37.05932],[127.92054,37.05949],[127.92016,37.0599],[127.92051,37.06068],[127.91904,37.0614],[127.91876,37.06211],[127.91739,37.06224],[127.91732,37.0632],[127.9185,37.06436],[127.9186,37.0656],[127.91602,37.06555],[127.91512,37.06607],[127.91309,37.06632],[127.91162,37.06878],[127.90973,37.06839],[127.90901,37.06859],[127.90642,37.06833],[127.90499,37.06902],[127.90454,37.06957],[127.90253,37.06973]]]}},{"type":"Feature","properties":{"zoneId":"Z000103524","zoneName":"관기초통학구역","zoneType":"elementary","level":"초등학교","kind":"dedicated","oneWay":false,"sggCode":"720","eduCode":"8051000","eduName":"충청북도보은교육지원청","updatedAt":"2016-08-12"},"geometry":{"type":"Polygon","coordinates":[[[127.84572,36.47133],[127.84531,36.47186],[127.84405,36.47209],[127.84338,36.47161],[127.84074,36.47082],[127.83961,36.47083],[127.8389,36.47029],[127.83559,36.47027],[127.83322,36.47069],[127.83064,36.46999],[127.8296,36.46439],[127.82975,36.46381],[127.8287,36.46062],[127.82799,36.46035],[127.82731,36.45936],[127.82511,36.45925],[127.82388,36.45861],[127.82339,36.45788],[127.82363,36.45664],[127.82293,36.45616],[127.82235,36.45482],[127.82174,36.45461],[127.82197,36.45442],[127.81833,36.4549],[127.81847,36.45439],[127.81753,36.45309],[127.81569,36.45165],[127.81422,36.4512],[127.81117,36.45108],[127.80959,36.45022],[127.81075,36.44801],[127.81077,36.44299],[127.81321,36.43072],[127.81328,36.42774],[127.81278,36.42417],[127.81294,36.42261],[127.81496,36.41962],[127.8159,36.41869],[127.8171,36.41815],[127.817,36.41773],[127.81739,36.41751],[127.81498,36.41644],[127.81298,36.41647],[127.81164,36.416],[127.80998,36.4138],[127.80818,36.41313],[127.8065,36.41408],[127.80591,36.41372],[127.80325,36.41379],[127.80235,36.41352],[127.80065,36.41121],[127.79956,36.41105],[127.79928,36.41055],[127.79815,36.41058],[127.79523,36.41156],[127.79425,36.41109],[127.7927,36.41169],[127.79015,36.41009],[127.78947,36.41005],[127.78813,36.40732],[127.78535,36.40682],[127.78293,36.40545],[127.78098,36.40546],[127.77833,36.4031],[127.77691,36.40324],[127.77593,36.40297],[127.77411,36.40333],[127.77307,36.40155],[127.77113,36.40219],[127.77051,36.40056],[127.76925,36.40027],[127.76906,36.39976],[127.76645,36.39846],[127.76619,36.39766],[127.7644,36.39662],[127.76278,36.39497],[127.7624,36.39347],[127.76396,36.39174],[127.76502,36.39122],[127.76563,36.38997],[127.76851,36.38889],[127.77079,36.38748],[127.77294,36.38761],[127.77583,36.38731],[127.77712,36.38753],[127.77741,36.38826],[127.7788,36.38881],[127.78138,36.38887],[127.78273,36.38731],[127.78559,36.38704],[127.78913,36.38819],[127.79232,36.38986],[127.79557,36.39273],[127.79764,36.39354],[127.79923,36.39376],[127.80119,36.39486],[127.8024,36.39448],[127.80986,36.3949],[127.81433,36.39892],[127.81764,36.39742],[127.82009,36.39572],[127.82163,36.39636],[127.82401,36.39588],[127.82549,36.39641],[127.82638,36.39724],[127.82932,36.39839],[127.83069,36.39846],[127.83183,36.39944],[127.83278,36.39981],[127.83306,36.40075],[127.83459,36.40184],[127.83752,36.40209],[127.83813,36.40256],[127.84024,36.40226],[127.84123,36.40128],[127.84263,36.40064],[127.8432,36.39989],[127.84474,36.39946],[127.84634,36.40068],[127.84832,36.40075],[127.85025,36.40123],[127.8528,36.40258],[127.85417,36.40371],[127.85776,36.40331],[127.86086,36.40246],[127.86463,36.40326],[127.86734,36.40313],[127.8681,36.40363],[127.86951,36.40364],[127.87011,36.40425],[127.87093,36.40433],[127.87332,36.40611],[127.87367,36.40657],[127.8734,36.40691],[127.87322,36.40955],[127.87469,36.41123],[127.87539,36.41131],[127.87577,36.41312],[127.87551,36.41331],[127.87569,36.41435],[127.87707,36.41572],[127.87907,36.41661],[127.88097,36.42004],[127.88228,36.42086],[127.88271,36.42217],[127.88279,36.42394],[127.88272,36.42435],[127.88111,36.42448],[127.87851,36.42437],[127.87778,36.42394],[127.87368,36.42385],[127.87299,36.42428],[127.8738,36.42615],[127.87486,36.42707],[127.87545,36.42707],[127.8756,36.428],[127.87523,36.42897],[127.87547,36.42967],[127.87478,36.43096],[127.87512,36.43286],[127.8746,36.43334],[127.8745,36.43472],[127.87335,36.43636],[127.87358,36.43765],[127.87424,36.43831],[127.87224,36.44079],[127.87142,36.44104],[127.87139,36.44157],[127.87261,36.44167],[127.87313,36.44225],[127.87376,36.44473],[127.87342,36.44539],[127.87392,36.44729],[127.87477,36.44882],[127.87738,36.44939],[127.87832,36.45049],[127.87858,36.45236],[127.87924,36.45294],[127.87968,36.45407],[127.87879,36.45513],[127.87898,36.45774],[127.88027,36.45879],[127.8807,36.46052],[127.88196,36.46184],[127.88171,36.46245],[127.88023,36.46487],[127.87906,36.46575],[127.87837,36.46708],[127.87428,36.4675],[127.87195,36.46829],[127.87073,36.4691],[127.86895,36.46832],[127.86677,36.46855],[127.86434,36.46924],[127.86332,36.4699],[127.86179,36.46955],[127.86112,36.47016],[127.86085,36.46996],[127.86038,36.47065],[127.85788,36.47151],[127.85389,36.47153],[127.85023,36.47198],[127.84572,36.47133]]]}},{"type":"Feature","properties":{"zoneId":"Z000103501","zoneName":"남당초통학구역","zoneType":"elementary","level":"초등학교","kind":"dedicated","oneWay":false,"sggCode":"150","eduCode":"8031000","eduName":"충청북도제천교육지원청","updatedAt":"2017-03-08"},"geometry":{"type":"MultiPolygon","coordinates":[[[[128.16294,37.13947],[128.16284,37.13984],[128.16224,37.14152],[128.16055,37.14242],[128.16032,37.14223],[128.15995,37.14174],[128.16,37.14119],[128.15852,37.1404],[128.15931,37.13914],[128.15926,37.13812],[128.16011,37.13733],[128.15999,37.13625],[128.15823,37.13534],[128.15751,37.13527],[128.15539,37.13401],[128.15578,37.13337],[128.15512,37.13205],[128.1555,37.13174],[128.15492,37.1314],[128.15651,37.12936],[128.15543,37.1288],[128.15073,37.12785],[128.15084,37.12705],[128.1519,37.12635],[128.15187,37.12564],[128.15336,37.1245],[128.1533,37.12326],[128.15402,37.12277],[128.15428,37.12133],[128.15463,37.12103],[128.15352,37.11981],[128.15268,37.11832],[128.15276,37.11791],[128.15141,37.11597],[128.15177,37.11561],[128.15149,37.11401],[128.15178,37.1136],[128.15139,37.11227],[128.15243,37.11097],[128.15187,37.1099],[128.15099,37.10935],[128.1509,37.10884],[128.1472,37.10912],[128.14623,37.1084],[128.14501,37.10829],[128.14467,37.10907],[128.14377,37.10892],[128.14271,37.10951],[128.14252,37.11013],[128.14155,37.11008],[128.14126,37.11073],[128.14021,37.1116],[128.13817,37.11245],[128.13624,37.11187],[128.13344,37.1102],[128.1305,37.11159],[128.13009,37.11108],[128.12844,37.11126],[128.12632,37.11014],[128.12577,37.11035],[128.12331,37.10992],[128.12268,37.1093],[128.12034,37.10892],[128.12088,37.1081],[128.11995,37.10784],[128.12001,37.10763],[128.12225,37.10592],[128.12231,37.1045],[128.12374,37.10418],[128.12416,37.10359],[128.12427,37.10245],[128.12497,37.10196],[128.12446,37.10104],[128.12302,37.10021],[128.12278,37.09922],[128.12319,37.09884],[128.12286,37.09814],[128.12198,37.0978],[128.12171,37.09686],[128.12194,37.0961],[128.12268,37.09607],[128.1248,37.09417],[128.12562,37.09422],[128.1282,37.09323],[128.12919,37.09325],[128.13053,37.09203],[128.13141,37.09226],[128.13222,37.09161],[128.1331,37.09164],[128.13343,37.09093],[128.13429,37.09056],[128.13369,37.08978],[128.13371,37.08875],[128.13224,37.08668],[128.13215,37.08407],[128.13243,37.08329],[128.12998,37.08201],[128.12939,37.0809],[128.12825,37.08097],[128.12742,37.08037],[128.1254,37.07979],[128.12528,37.07894],[128.12616,37.07839],[128.12631,37.07713],[128.12605,37.07619],[128.12672,37.07569],[128.12628,37.07474],[128.12779,37.07401],[128.12855,37.07415],[128.13004,37.07505],[128.13154,37.07537],[128.13247,37.07608],[128.13408,37.07665],[128.13605,37.0769],[128.13629,37.07719],[128.14037,37.07756],[128.14141,37.07843],[128.14269,37.07895],[128.14389,37.08031],[128.14522,37.08055],[128.14566,37.08101],[128.14745,37.08155],[128.1487,37.08321],[128.15072,37.08394],[128.15307,37.08387],[128.15457,37.08524],[128.15463,37.08594],[128.15625,37.08653],[128.15547,37.08803],[128.15606,37.08928],[128.15598,37.09071],[128.15664,37.09098],[128.1577,37.09085],[128.15854,37.09148],[128.16268,37.09021],[128.1649,37.09065],[128.1655,37.09155],[128.16532,37.09245],[128.16608,37.09293],[128.16541,37.09533],[128.16542,37.09644],[128.16634,37.09685],[128.16942,37.0962],[128.16968,37.09655],[128.17105,37.097],[128.17175,37.09652],[128.17315,37.09621],[128.17355,37.0972],[128.17471,37.09774],[128.17474,37.09837],[128.17427,37.09885],[128.17411,37.09983],[128.17513,37.10128],[128.17473,37.10147],[128.17525,37.10207],[128.175,37.10305],[128.17468,37.10322],[128.17563,37.10425],[128.17551,37.10517],[128.1763,37.10642],[128.17648,37.1081],[128.17717,37.10871],[128.17811,37.10876],[128.17821,37.10936],[128.17775,37.1117],[128.17568,37.11346],[128.17496,37.11543],[128.17497,37.11588],[128.17634,37.11649],[128.17708,37.11763],[128.1774,37.119],[128.17656,37.12004],[128.1767,37.12179],[128.17614,37.12278],[128.17633,37.12359],[128.1757,37.12485],[128.17506,37.12526],[128.17562,37.12576],[128.17598,37.12723],[128.17498,37.1286],[128.17445,37.12984],[128.17508,37.12999],[128.1742,37.13085],[128.17441,37.13147],[128.17362,37.13251],[128.17368,37.13331],[128.17477,37.13365],[128.17451,37.13483],[128.17498,37.13604],[128.17552,37.13628],[128.17642,37.13787],[128.17632,37.13884],[128.17711,37.13962],[128.17632,37.14007],[128.1748,37.1401],[128.17388,37.14081],[128.17306,37.14079],[128.17199,37.14012],[128.16953,37.14044],[128.16942,37.14129],[128.166,37.1401],[128.1652,37.14018],[128.16421,37.13926],[128.16294,37.13947]]],[[[128.20519,37.12263],[128.2053,37.12264],[128.21143,37.12313],[128.21438,37.12415],[128.21348,37.12456],[128.21352,37.12485],[128.21152,37.12539],[128.21148,37.12573],[128.209,37.1268],[128.20836,37.12783],[128.20756,37.12812],[128.20823,37.12938],[128.20634,37.12998],[128.20968,37.13637],[128.20177,37.13894],[128.20016,37.13688],[128.1999,37.13391],[128.19779,37.12918],[128.19612,37.1286],[128.19569,37.12745],[128.19596,37.12648],[128.19456,37.12541],[128.19786,37.1238],[128.20519,37.12263]]]]}},{"type":"Feature","properties":{"zoneId":"Z000103407","zoneName":"사직초통학구역","zoneType":"elementary","level":"초등학교","kind":"dedicated","oneWay":false,"sggCode":"112","eduCode":"8011000","eduName":"충청북도청주교육지원청","updatedAt":"2016-08-12"},"geometry":{"type":"Polygon","coordinates":[[[127.48344,36.63544],[127.48359,36.63572],[127.48379,36.63646],[127.47511,36.63546],[127.46882,36.63543],[127.46861,36.62847],[127.46935,36.62614],[127.47544,36.62854],[127.48283,36.62942],[127.48181,36.63075],[127.48163,36.63213],[127.48344,36.63544]]]}},{"type":"Feature","properties":{"zoneId":"Z000150423","zoneName":"맹동초부윤초한천초공동통학구역","zoneType":"elementary","level":"초등학교","kind":"shared","oneWay":false,"sggCode":"770","eduCode":"8101000","eduName":"충청북도음성교육지원청","updatedAt":"2016-08-12"},"geometry":{"type":"Polygon","coordinates":[[[127.53274,36.93122],[127.53242,36.9311],[127.53003,36.93171],[127.524,36.93158],[127.52174,36.93104],[127.52107,36.92967],[127.52164,36.92581],[127.52266,36.92404],[127.52683,36.92411],[127.52819,36.92367],[127.53127,36.92133],[127.53127,36.92368],[127.53074,36.92561],[127.53167,36.92619],[127.53232,36.92709],[127.53305,36.92987],[127.53372,36.93065],[127.53274,36.93122]]]}},{"type":"Feature","properties":{"zoneId":"Z000103472","zoneName":"덕신초통학구역","zoneType":"elementary","level":"초등학교","kind":"dedicated","oneWay":false,"sggCode":"130","eduCode":"8021000","eduName":"충청북도충주교육지원청","updatedAt":"2016-08-12"},"geometry":{"type":"Polygon","coordinates":[[[127.79949,37.02704],[127.79853,37.02744],[127.79787,37.02776],[127.79672,37.02696],[127.79513,37.02653],[127.79501,37.02606],[127.79442,37.02601],[127.7933,37.02695],[127.79278,37.02699],[127.79194,37.02626],[127.79092,37.02638],[127.78902,37.02574],[127.78796,37.02378],[127.78819,37.02332],[127.78784,37.02226],[127.78821,37.02068],[127.78755,37.01935],[127.78593,37.01905],[127.78467,37.02011],[127.78164,37.02064],[127.77953,37.0221],[127.77895,37.02286],[127.77711,37.02308],[127.77466,37.0222],[127.77366,37.02282],[127.77303,37.02388],[127.77185,37.02452],[127.77116,37.02465],[127.77042,37.02434],[127.77004,37.02479],[127.76833,37.02448],[127.76759,37.02523],[127.76642,37.02461],[127.76432,37.02461],[127.76383,37.0248],[127.76343,37.02558],[127.76235,37.02589],[127.76181,37.02682],[127.76054,37.02735],[127.75931,37.02689],[127.75877,37.02509],[127.75916,37.02439],[127.75825,37.02401],[127.75752,37.02244],[127.75678,37.02202],[127.75667,37.02132],[127.75523,37.0209],[127.75422,37.01972],[127.75291,37.01897],[127.75236,37.01902],[127.75147,37.01819],[127.75026,37.01766],[127.74676,37.01735],[127.74596,37.01671],[127.74606,37.01547],[127.74917,37.01246],[127.74918,37.00958],[127.75234,37.00966],[127.75306,37.00942],[127.75446,37.00741],[127.75489,37.00576],[127.75573,37.00472],[127.75615,37.00257],[127.75443,36.99117],[127.77087,36.98535],[127.77268,36.9868],[127.77761,36.98464],[127.77915,36.98453],[127.78107,36.98485],[127.7815,36.98345],[127.78128,36.98309],[127.78652,36.98132],[127.79067,36.98323],[127.78938,36.98373],[127.7903,36.98584],[127.78952,36.98619],[127.79048,36.98914],[127.79279,36.98916],[127.79357,36.9899],[127.79365,36.99015],[127.79269,36.99096],[127.79329,36.9929],[127.7937,36.99316],[127.79509,36.99303],[127.79637,36.99411],[127.79771,36.99424],[127.79802,36.99619],[127.79907,36.99806],[127.80027,36.99819],[127.8012,36.99928],[127.80229,36.99939],[127.80259,36.99981],[127.80392,36.99941],[127.80462,36.99994],[127.8048,37.00086],[127.80397,37.00379],[127.80594,37.00486],[127.80512,37.00686],[127.80612,37.0078],[127.80681,37.00789],[127.80704,37.00938],[127.8059,37.01027],[127.80523,37.01173],[127.8052,37.01409],[127.80576,37.01493],[127.80423,37.01641],[127.80244,37.01706],[127.80219,37.01743],[127.8028,37.01844],[127.80234,37.01901],[127.80239,37.02061],[127.8018,37.02243],[127.80227,37.0236],[127.8035,37.02374],[127.80349,37.0247],[127.803,37.02506],[127.80068,37.02508],[127.80045,37.02592],[127.79949,37.02704]]]}},{"type":"Feature","properties":{"zoneId":"Z000103386","zoneName":"내수초통학구역","zoneType":"elementary","level":"초등학교","kind":"dedicated","oneWay":false,"sggCode":"114","eduCode":"8011000","eduName":"충청북도청주교육지원청","updatedAt":"2016-08-12"},"geometry":{"type":"Polygon","coordinates":[[[127.55328,36.72189],[127.55306,36.72193],[127.54769,36.72369],[127.54694,36.72598],[127.54585,36.72754],[127.54259,36.72894],[127.53971,36.7313],[127.53162,36.73401],[127.53281,36.72922],[127.53254,36.72708],[127.53298,36.72389],[127.53237,36.72338],[127.53128,36.72063],[127.5296,36.71971],[127.53015,36.71832],[127.53009,36.71671],[127.53082,36.7161],[127.53253,36.71555],[127.53292,36.71474],[127.53242,36.71442],[127.53141,36.71242],[127.53233,36.71067],[127.53364,36.70976],[127.5336,36.70906],[127.53418,36.70757],[127.53386,36.70685],[127.53468,36.70604],[127.53464,36.70552],[127.53502,36.70517],[127.53439,36.70459],[127.5345,36.70369],[127.53528,36.7027],[127.53561,36.70163],[127.53498,36.70108],[127.53475,36.69916],[127.53526,36.69737],[127.53483,36.69552],[127.53567,36.69451],[127.53541,36.69342],[127.53645,36.69278],[127.53651,36.69172],[127.53774,36.6895],[127.53825,36.68795],[127.53804,36.68705],[127.53831,36.68587],[127.53876,36.68521],[127.53989,36.68488],[127.54071,36.68348],[127.54169,36.68343],[127.5422,36.68285],[127.54172,36.68206],[127.54053,36.68139],[127.54038,36.68021],[127.53882,36.67882],[127.53829,36.67761],[127.53837,36.67699],[127.53661,36.672],[127.53718,36.67034],[127.53703,36.66948],[127.53776,36.66901],[127.53883,36.66939],[127.53972,36.66911],[127.54018,36.66948],[127.54104,36.66904],[127.54167,36.66911],[127.54224,36.66864],[127.54314,36.66868],[127.54429,36.66947],[127.54463,36.67029],[127.54577,36.67118],[127.54716,36.67151],[127.54752,36.67239],[127.54862,36.67349],[127.54946,36.67296],[127.55272,36.67293],[127.55512,36.67396],[127.55653,36.6741],[127.55703,36.67375],[127.55889,36.67402],[127.56003,36.67525],[127.56194,36.67429],[127.56428,36.67417],[127.56474,36.67445],[127.56352,36.67562],[127.56248,36.67808],[127.56247,36.67912],[127.56146,36.67943],[127.5611,36.68106],[127.56124,36.68177],[127.56074,36.68292],[127.56175,36.68511],[127.56128,36.68769],[127.56057,36.6882],[127.55987,36.69063],[127.55828,36.69136],[127.55754,36.69234],[127.55786,36.69248],[127.55826,36.69461],[127.5589,36.69532],[127.55886,36.69607],[127.55766,36.69659],[127.55818,36.70097],[127.55761,36.7036],[127.55699,36.70392],[127.55678,36.70371],[127.5567,36.70297],[127.55612,36.70206],[127.55535,36.70249],[127.55629,36.70304],[127.55654,36.70375],[127.5564,36.704],[127.55548,36.70397],[127.55574,36.70506],[127.55837,36.70953],[127.55956,36.71248],[127.56093,36.7145],[127.56022,36.71507],[127.55774,36.71474],[127.55673,36.71502],[127.55636,36.71566],[127.55769,36.71846],[127.55801,36.71833],[127.55747,36.72018],[127.55669,36.72145],[127.55593,36.72177],[127.55328,36.72189]]]}},{"type":"Feature","properties":{"zoneId":"Z000103371","zoneName":"각리초통학구역","zoneType":"elementary","level":"초등학교","kind":"dedicated","oneWay":false,"sggCode":"114","eduCode":"8011000","eduName":"충청북도청주교육지원청","updatedAt":"2016-08-12"},"geometry":{"type":"Polygon","coordinates":[[[127.427,36.70848],[127.42662,36.70874],[127.42433,36.70758],[127.42351,36.70825],[127.42118,36.7082],[127.42123,36.70694],[127.41951,36.70771],[127.41771,36.70625],[127.41881,36.70548],[127.41409,36.70139],[127.42089,36.6963],[127.42036,36.69585],[127.42074,36.69553],[127.42303,36.69456],[127.42375,36.69388],[127.42376,36.69325],[127.4243,36.69288],[127.42449,36.69201],[127.42537,36.69117],[127.42532,36.6907],[127.4256,36.69071],[127.42551,36.68918],[127.43146,36.68933],[127.43165,36.68463],[127.43314,36.68484],[127.43494,36.68409],[127.43507,36.68375],[127.43702,36.68347],[127.44274,36.68485],[127.44664,36.68527],[127.44611,36.68573],[127.4475,36.68641],[127.44869,36.68894],[127.44971,36.69228],[127.44887,36.6945],[127.44924,36.69693],[127.4498,36.69779],[127.44983,36.69814],[127.44942,36.69814],[127.45306,36.70445],[127.45027,36.7049],[127.44951,36.70312],[127.44825,36.70271],[127.4446,36.69852],[127.44394,36.69805],[127.44316,36.69805],[127.44032,36.69873],[127.44102,36.7],[127.44114,36.70126],[127.43931,36.70244],[127.43804,36.70566],[127.43555,36.70641],[127.43385,36.70449],[127.42966,36.70645],[127.427,36.70848]]]}},{"type":"Feature","properties":{"zoneId":"Z000103552","zoneName":"청산초통학구역","zoneType":"elementary","level":"초등학교","kind":"dedicated","oneWay":false,"sggCode":"730","eduCode":"8061000","eduName":"충청북도옥천교육지원청","updatedAt":"2016-08-12"},"geometry":{"type":"Polygon","coordinates":[[[127.79213,36.38761],[127.79186,36.3878],[127.79065,36.389],[127.78656,36.38723],[127.78339,36.38708],[127.78231,36.38752],[127.78138,36.38887],[127.7788,36.38881],[127.77741,36.38826],[127.77712,36.38753],[127.77583,36.38731],[127.77294,36.38761],[127.77079,36.38748],[127.76851,36.38889],[127.76894,36.38765],[127.76868,36.38568],[127.7692,36.38522],[127.76799,36.38319],[127.76303,36.38235],[127.76049,36.38372],[127.76021,36.38368],[127.76018,36.38296],[127.75876,36.38346],[127.75963,36.38172],[127.75905,36.37942],[127.75829,36.37795],[127.76434,36.37728],[127.76558,36.3779],[127.76832,36.37773],[127.76954,36.37646],[127.76994,36.37533],[127.77337,36.37313],[127.77428,36.37196],[127.77399,36.37154],[127.77393,36.36985],[127.77557,36.36793],[127.77648,36.36766],[127.77877,36.36574],[127.7809,36.36551],[127.78129,36.36434],[127.78163,36.35938],[127.78109,36.35881],[127.7796,36.35816],[127.77853,36.35809],[127.77728,36.3573],[127.77513,36.35486],[127.77272,36.35322],[127.77178,36.35023],[127.77097,36.34918],[127.77128,36.34892],[127.77114,36.34808],[127.77177,36.34581],[127.77133,36.34538],[127.77117,36.34454],[127.7675,36.34337],[127.76628,36.34337],[127.7644,36.34248],[127.76255,36.34207],[127.7642,36.3396],[127.76369,36.33879],[127.76361,36.33723],[127.76392,36.3364],[127.76353,36.33509],[127.76378,36.33417],[127.76329,36.3332],[127.76481,36.33198],[127.76626,36.33013],[127.766,36.32916],[127.76771,36.3293],[127.76976,36.33008],[127.77253,36.32914],[127.77409,36.32772],[127.77437,36.32784],[127.77463,36.32695],[127.77539,36.32605],[127.77806,36.3242],[127.77842,36.32215],[127.77878,36.32191],[127.78046,36.32204],[127.78065,36.32154],[127.78358,36.31955],[127.78466,36.31829],[127.78569,36.31831],[127.7874,36.31768],[127.78753,36.31684],[127.7873,36.31646],[127.78782,36.31623],[127.78817,36.31461],[127.78861,36.31388],[127.78943,36.31342],[127.78991,36.31203],[127.7894,36.3097],[127.78972,36.30944],[127.78943,36.30838],[127.78952,36.30681],[127.78867,36.3057],[127.78984,36.30472],[127.79055,36.30456],[127.79125,36.30344],[127.79117,36.30299],[127.79254,36.3015],[127.79303,36.29969],[127.79406,36.29849],[127.79461,36.29849],[127.79484,36.29816],[127.79471,36.29724],[127.79526,36.29772],[127.79669,36.29749],[127.79958,36.29829],[127.80113,36.29777],[127.80151,36.29945],[127.80141,36.3002],[127.80036,36.30144],[127.80052,36.30302],[127.80133,36.30371],[127.80351,36.30407],[127.80395,36.30474],[127.80515,36.305],[127.80882,36.30957],[127.80952,36.30888],[127.81065,36.30894],[127.81152,36.30858],[127.81322,36.30872],[127.81374,36.30804],[127.81437,36.30817],[127.81718,36.31008],[127.81814,36.31182],[127.81902,36.31165],[127.81905,36.30944],[127.81947,36.30889],[127.81927,36.3086],[127.81973,36.30701],[127.82036,36.30569],[127.82098,36.30517],[127.82163,36.30579],[127.82316,36.30644],[127.82257,36.30769],[127.82347,36.30822],[127.82382,36.3089],[127.8246,36.30913],[127.82503,36.31009],[127.82583,36.31031],[127.8287,36.31009],[127.83227,36.31135],[127.83506,36.31117],[127.8355,36.31176],[127.83531,36.31275],[127.83681,36.31367],[127.83819,36.31407],[127.84052,36.31565],[127.84125,36.31553],[127.84285,36.31593],[127.84426,36.31664],[127.84519,36.31644],[127.84591,36.31823],[127.84661,36.31804],[127.84885,36.31896],[127.84919,36.31976],[127.85039,36.32025],[127.8507,36.32081],[127.85151,36.32401],[127.85123,36.32673],[127.85202,36.32734],[127.85216,36.32816],[127.85186,36.32891],[127.85256,36.32963],[127.85258,36.33004],[127.85203,36.33041],[127.85282,36.33196],[127.85361,36.33175],[127.8546,36.33064],[127.8567,36.33128],[127.85686,36.33193],[127.86035,36.33369],[127.86189,36.33308],[127.86153,36.33552],[127.86243,36.33627],[127.86431,36.33536],[127.86576,36.33558],[127.86596,36.33703],[127.86781,36.33729],[127.86845,36.33883],[127.86999,36.33987],[127.87015,36.34094],[127.87071,36.34175],[127.87015,36.34349],[127.87194,36.3441],[127.87363,36.34511],[127.87461,36.34504],[127.87545,36.34559],[127.87599,36.34533],[127.87706,36.34568],[127.8789,36.3453],[127.87933,36.34495],[127.88042,36.34536],[127.88134,36.34507],[127.88261,36.34592],[127.88278,36.34774],[127.88371,36.34905],[127.88512,36.34911],[127.88551,36.35016],[127.88505,36.35246],[127.88516,36.35372],[127.88564,36.3547],[127.89084,36.35657],[127.89109,36.35815],[127.89088,36.35893],[127.89127,36.35969],[127.89023,36.36123],[127.88833,36.36276],[127.88653,36.36361],[127.88586,36.36488],[127.88595,36.36559],[127.88541,36.36603],[127.88559,36.36666],[127.88522,36.36889],[127.88386,36.36987],[127.88367,36.37064],[127.88007,36.37121],[127.8799,36.37145],[127.87891,36.3713],[127.8765,36.37164],[127.87499,36.37081],[127.87191,36.37213],[127.87049,36.37365],[127.86649,36.37308],[127.86414,36.37344],[127.86318,36.37428],[127.86051,36.37393],[127.85949,36.37429],[127.8584,36.37396],[127.85635,36.37241],[127.85475,36.37244],[127.85321,36.3711],[127.85036,36.37193],[127.84848,36.37155],[127.84771,36.3716],[127.84722,36.37198],[127.84188,36.37164],[127.8407,36.37236],[127.84036,36.37223],[127.83797,36.37327],[127.83722,36.37325],[127.83591,36.36929],[127.83494,36.36897],[127.83264,36.36915],[127.83253,36.36962],[127.83159,36.37038],[127.82897,36.37089],[127.82848,36.37137],[127.8286,36.37404],[127.82832,36.3746],[127.82663,36.37613],[127.82439,36.377],[127.82399,36.37868],[127.82304,36.37906],[127.82318,36.37956],[127.8228,36.37992],[127.81915,36.3809],[127.81856,36.38165],[127.81327,36.38175],[127.81034,36.38238],[127.80747,36.38202],[127.80289,36.38254],[127.80062,36.38245],[127.79989,36.38371],[127.79741,36.38356],[127.79475,36.38468],[127.79403,36.38626],[127.79213,36.38761]]]}},{"type":"Feature","properties":{"zoneId":"Z000103540","zoneName":"군남초통학구역","zoneType":"elementary","level":"초등학교","kind":"dedicated","oneWay":false,"sggCode":"730","eduCode":"8061000","eduName":"충청북도옥천교육지원청","updatedAt":"2016-08-12"},"geometry":{"type":"Polygon","coordinates":[[[127.60589,36.29579],[127.60601,36.29626],[127.60412,36.29697],[127.60347,36.29613],[127.60189,36.2952],[127.5996,36.2961],[127.59843,36.29479],[127.59677,36.29428],[127.59379,36.29443],[127.59199,36.29336],[127.5913,36.29203],[127.59136,36.29098],[127.59089,36.28978],[127.58931,36.28917],[127.58749,36.28959],[127.58662,36.28919],[127.5852,36.28985],[127.58448,36.28919],[127.58237,36.29034],[127.58134,36.29047],[127.58046,36.29006],[127.57892,36.29011],[127.57827,36.28978],[127.57722,36.2878],[127.57661,36.28726],[127.57637,36.28636],[127.57671,36.28485],[127.57542,36.28332],[127.57543,36.28294],[127.57619,36.28216],[127.57579,36.28188],[127.57302,36.28462],[127.57261,36.2833],[127.57307,36.28251],[127.5731,36.28082],[127.57179,36.27872],[127.57171,36.27746],[127.57024,36.27707],[127.56898,36.2772],[127.56637,36.27588],[127.56582,36.27588],[127.56522,36.27475],[127.56393,36.2738],[127.56216,36.27299],[127.56121,36.27212],[127.56091,36.27256],[127.56067,36.27241],[127.56004,36.27087],[127.55514,36.26855],[127.55548,36.26631],[127.55648,36.26498],[127.55722,36.26235],[127.55677,36.26192],[127.55651,36.26077],[127.55914,36.25996],[127.56113,36.26012],[127.56128,36.25957],[127.56199,36.25894],[127.56197,36.25739],[127.56475,36.25185],[127.56549,36.25109],[127.56685,36.25052],[127.56809,36.24765],[127.57208,36.24669],[127.57343,36.24693],[127.57416,36.24797],[127.57482,36.25061],[127.57589,36.25175],[127.57981,36.25255],[127.58009,36.25352],[127.58204,36.25324],[127.58316,36.25232],[127.585,36.25253],[127.58639,36.25133],[127.58651,36.2507],[127.5878,36.25005],[127.58947,36.24991],[127.59067,36.2514],[127.59232,36.25183],[127.59403,36.25493],[127.59418,36.25581],[127.59724,36.25744],[127.5986,36.25767],[127.5988,36.25919],[127.59924,36.25954],[127.60059,36.2595],[127.60169,36.259],[127.60417,36.25927],[127.60495,36.25941],[127.60619,36.26024],[127.60785,36.26023],[127.60904,36.26097],[127.61042,36.26109],[127.61156,36.26082],[127.6122,36.26135],[127.61382,36.26164],[127.61435,36.2622],[127.61578,36.26221],[127.6167,36.26302],[127.62086,36.26317],[127.62209,36.26258],[127.62419,36.26328],[127.62351,36.26382],[127.62226,36.26826],[127.61979,36.27215],[127.61571,36.27498],[127.61442,36.27525],[127.61345,36.27592],[127.61242,36.27779],[127.61126,36.27828],[127.61024,36.27813],[127.61005,36.27892],[127.60847,36.27956],[127.60687,36.27923],[127.60417,36.27924],[127.60331,36.27936],[127.6029,36.27987],[127.60271,36.28346],[127.60357,36.28441],[127.60311,36.28563],[127.60475,36.28821],[127.60467,36.29043],[127.6054,36.29113],[127.60811,36.29139],[127.60927,36.2918],[127.61102,36.29312],[127.606,36.29414],[127.60589,36.29579]]]}},{"type":"Feature","properties":{"zoneId":"Z000103541","zoneName":"군서초통학구역","zoneType":"elementary","level":"초등학교","kind":"dedicated","oneWay":false,"sggCode":"730","eduCode":"8061000","eduName":"충청북도옥천교육지원청","updatedAt":"2016-12-05"},"geometry":{"type":"Polygon","coordinates":[[[127.52605,36.31685],[127.52515,36.31736],[127.52362,36.31735],[127.51863,36.31478],[127.51289,36.31321],[127.5122,36.31247],[127.50978,36.312],[127.50532,36.30831],[127.50451,36.30826],[127.50104,36.30585],[127.49885,36.30548],[127.49849,36.30494],[127.49783,36.30467],[127.49743,36.30158],[127.49656,36.30114],[127.49602,36.29941],[127.49479,36.30078],[127.49415,36.30104],[127.49358,36.30096],[127.49348,36.30058],[127.49249,36.30018],[127.49233,36.29973],[127.49161,36.2993],[127.4912,36.29659],[127.49229,36.29561],[127.49358,36.29331],[127.49371,36.29247],[127.49408,36.29245],[127.49513,36.29042],[127.49557,36.29011],[127.49541,36.28954],[127.49577,36.28779],[127.49761,36.28654],[127.49779,36.2847],[127.49899,36.28308],[127.49853,36.28132],[127.4973,36.28035],[127.49678,36.27923],[127.49299,36.27631],[127.49262,36.27547],[127.48875,36.27271],[127.48944,36.26983],[127.49025,36.26837],[127.48987,36.26775],[127.48833,36.26722],[127.4877,36.26531],[127.48747,36.26337],[127.48605,36.26125],[127.48646,36.26064],[127.48611,36.25973],[127.48631,36.25922],[127.48725,36.25876],[127.48749,36.25825],[127.48894,36.25836],[127.48974,36.25799],[127.48998,36.25734],[127.4895,36.25594],[127.48965,36.25505],[127.49038,36.25403],[127.48981,36.2538],[127.48761,36.25144],[127.48844,36.25002],[127.48832,36.24966],[127.48878,36.24874],[127.48854,36.24754],[127.48925,36.24705],[127.48941,36.24601],[127.49027,36.245],[127.49176,36.24517],[127.49271,36.24306],[127.50211,36.24297],[127.504,36.26165],[127.50964,36.26202],[127.51342,36.25544],[127.52453,36.24675],[127.52623,36.24709],[127.52695,36.24834],[127.52774,36.2485],[127.529,36.24818],[127.52961,36.24862],[127.53044,36.24871],[127.53257,36.25089],[127.53624,36.25123],[127.53681,36.25086],[127.5357,36.24905],[127.53509,36.24732],[127.53645,36.24564],[127.53792,36.24278],[127.54041,36.24182],[127.54228,36.24141],[127.54253,36.24165],[127.54342,36.24155],[127.54722,36.2396],[127.54908,36.23973],[127.54986,36.23842],[127.54878,36.23772],[127.54869,36.23624],[127.54747,36.2323],[127.54609,36.2293],[127.54509,36.22843],[127.54498,36.22715],[127.54533,36.22551],[127.54775,36.22532],[127.55437,36.22619],[127.55603,36.22715],[127.55825,36.22754],[127.56022,36.22877],[127.56158,36.22897],[127.56231,36.2286],[127.56264,36.22789],[127.56328,36.22797],[127.56381,36.22752],[127.56369,36.22769],[127.5657,36.22944],[127.56699,36.23197],[127.56904,36.2326],[127.57027,36.23352],[127.56962,36.23468],[127.5694,36.23663],[127.56867,36.23773],[127.56895,36.23826],[127.56845,36.23895],[127.56757,36.24163],[127.56651,36.24271],[127.5671,36.24687],[127.56809,36.24765],[127.56768,36.24895],[127.56685,36.25052],[127.56549,36.25109],[127.56475,36.25185],[127.56197,36.25739],[127.56199,36.25894],[127.56128,36.25957],[127.56113,36.26012],[127.55914,36.25996],[127.55651,36.26077],[127.55677,36.26192],[127.55722,36.26235],[127.55648,36.26498],[127.55548,36.26631],[127.55514,36.26855],[127.55409,36.26947],[127.55216,36.26953],[127.5506,36.27346],[127.55086,36.27467],[127.54897,36.27558],[127.54723,36.27783],[127.54694,36.27898],[127.54574,36.28009],[127.54399,36.28074],[127.54312,36.28145],[127.54195,36.2816],[127.54176,36.28198],[127.54243,36.28319],[127.54145,36.28446],[127.54036,36.28441],[127.53985,36.28515],[127.5397,36.28697],[127.54105,36.28783],[127.54213,36.28948],[127.54188,36.2903],[127.54128,36.29055],[127.54047,36.29169],[127.54026,36.29252],[127.54103,36.29469],[127.5414,36.29494],[127.5427,36.29757],[127.54251,36.2993],[127.54224,36.29941],[127.54325,36.30077],[127.54648,36.30162],[127.54741,36.30227],[127.54867,36.30478],[127.54945,36.30538],[127.5494,36.30579],[127.54893,36.30614],[127.54729,36.30491],[127.53985,36.30242],[127.53902,36.30381],[127.53757,36.30309],[127.53603,36.30327],[127.53418,36.30419],[127.53361,36.30572],[127.53274,36.30635],[127.53285,36.3068],[127.53223,36.3078],[127.53297,36.30987],[127.53217,36.31083],[127.53205,36.31396],[127.53094,36.31584],[127.5301,36.31656],[127.52736,36.31617],[127.52605,36.31685]]]}},{"type":"Feature","properties":{"zoneId":"Z000103593","zoneName":"소수초통학구역","zoneType":"elementary","level":"초등학교","kind":"dedicated","oneWay":false,"sggCode":"760","eduCode":"8092000","eduName":"충청북도괴산증평교육지원청","updatedAt":"2016-08-12"},"geometry":{"type":"Polygon","coordinates":[[[127.69822,36.88028],[127.69803,36.88061],[127.69656,36.88005],[127.69397,36.88005],[127.69349,36.87967],[127.6932,36.87874],[127.69176,36.87867],[127.69215,36.87787],[127.69165,36.87731],[127.69184,36.87667],[127.69086,36.87397],[127.69021,36.87334],[127.69025,36.87234],[127.68977,36.87155],[127.68771,36.87058],[127.68689,36.86911],[127.68621,36.86893],[127.68588,36.86849],[127.68565,36.8657],[127.68616,36.86515],[127.68596,36.86472],[127.68624,36.86339],[127.68716,36.86249],[127.68711,36.86134],[127.6868,36.86118],[127.68652,36.85987],[127.68611,36.85936],[127.68409,36.85902],[127.6833,36.85672],[127.68359,36.85617],[127.68206,36.85498],[127.68034,36.85303],[127.67979,36.85311],[127.67873,36.85261],[127.67777,36.85157],[127.67785,36.85097],[127.67843,36.85036],[127.67809,36.84954],[127.67832,36.84864],[127.67787,36.84803],[127.67726,36.84309],[127.67832,36.84059],[127.68033,36.83868],[127.68048,36.83726],[127.68187,36.83402],[127.68169,36.83365],[127.68253,36.83302],[127.68198,36.83218],[127.68238,36.83125],[127.68189,36.82856],[127.68269,36.82769],[127.68209,36.82575],[127.68246,36.82514],[127.68212,36.82399],[127.6822,36.82233],[127.68256,36.82155],[127.6836,36.82191],[127.68385,36.82233],[127.68605,36.82368],[127.6868,36.82468],[127.68837,36.82513],[127.69026,36.82729],[127.69126,36.82729],[127.69156,36.8277],[127.69341,36.82829],[127.6957,36.82842],[127.698,36.82679],[127.69957,36.8266],[127.69979,36.82627],[127.70273,36.82543],[127.70521,36.82714],[127.70625,36.82714],[127.71164,36.82551],[127.71253,36.82482],[127.71486,36.82514],[127.71633,36.82404],[127.71762,36.82438],[127.72107,36.82262],[127.72365,36.82247],[127.7254,36.82316],[127.726,36.82264],[127.72755,36.82241],[127.7279,36.82066],[127.72883,36.8198],[127.73057,36.81964],[127.73175,36.82014],[127.73288,36.81974],[127.73299,36.81916],[127.73424,36.81857],[127.73495,36.81918],[127.73549,36.81914],[127.73575,36.81872],[127.73762,36.8193],[127.73823,36.81985],[127.7418,36.81898],[127.74194,36.81798],[127.74278,36.81821],[127.74289,36.81904],[127.7439,36.81985],[127.74536,36.82004],[127.74725,36.82191],[127.74993,36.82365],[127.75273,36.82478],[127.75511,36.82515],[127.75654,36.82581],[127.75835,36.82861],[127.75978,36.82927],[127.76363,36.82905],[127.76563,36.83316],[127.77263,36.8345],[127.78105,36.83491],[127.77991,36.83705],[127.7789,36.838],[127.77623,36.83971],[127.77324,36.84216],[127.77098,36.84346],[127.76696,36.84451],[127.76542,36.8453],[127.76471,36.84525],[127.76438,36.84577],[127.7639,36.84587],[127.76382,36.84753],[127.76314,36.84881],[127.76304,36.85042],[127.76162,36.85099],[127.76202,36.85166],[127.76216,36.85293],[127.76275,36.85341],[127.7633,36.85452],[127.76362,36.85613],[127.76467,36.85746],[127.76492,36.85866],[127.7647,36.86032],[127.76498,36.8607],[127.76667,36.86043],[127.7672,36.86068],[127.767,36.86158],[127.7676,36.86227],[127.76743,36.86299],[127.76807,36.86399],[127.76804,36.86612],[127.7686,36.86693],[127.76815,36.87006],[127.76916,36.87038],[127.76816,36.87121],[127.76831,36.87199],[127.76669,36.87478],[127.76505,36.87606],[127.76489,36.87661],[127.76247,36.87749],[127.76092,36.87675],[127.76085,36.87591],[127.7586,36.87384],[127.75757,36.87403],[127.75645,36.87363],[127.75429,36.87349],[127.75339,36.87372],[127.75247,36.87477],[127.75054,36.87332],[127.74993,36.87342],[127.74793,36.87442],[127.74762,36.87623],[127.74543,36.87803],[127.74348,36.87744],[127.7395,36.87864],[127.73798,36.87785],[127.73751,36.87865],[127.73524,36.87994],[127.73328,36.87943],[127.73189,36.87865],[127.73038,36.87852],[127.72828,36.87938],[127.72797,36.87996],[127.72664,36.87961],[127.72522,36.88007],[127.72403,36.87967],[127.72374,36.87864],[127.72279,36.87814],[127.71965,36.87747],[127.71867,36.87806],[127.71624,36.87716],[127.71536,36.87747],[127.71449,36.87879],[127.71345,36.87845],[127.71313,36.87891],[127.71143,36.87878],[127.71053,36.87813],[127.70856,36.87838],[127.70814,36.878],[127.70772,36.87592],[127.70691,36.87615],[127.7069,36.87651],[127.70554,36.87662],[127.70406,36.87762],[127.70258,36.87811],[127.70019,36.87822],[127.69916,36.87981],[127.69822,36.88028]]]}},{"type":"Feature","properties":{"zoneId":"Z000150418","zoneName":"감곡초원당초공동통학구역","zoneType":"elementary","level":"초등학교","kind":"shared","oneWay":false,"sggCode":"770","eduCode":"8101000","eduName":"충청북도음성교육지원청","updatedAt":"2016-08-12"},"geometry":{"type":"Polygon","coordinates":[[[127.64263,37.0846],[127.64187,37.08472],[127.64182,37.08546],[127.64044,37.08628],[127.63667,37.08756],[127.63474,37.08632],[127.63424,37.08545],[127.63427,37.08431],[127.63472,37.08352],[127.63275,37.08107],[127.63045,37.08001],[127.62693,37.07943],[127.62648,37.07898],[127.62617,37.07841],[127.62868,37.07671],[127.63145,37.07619],[127.63334,37.07272],[127.63135,37.07191],[127.62842,37.07225],[127.62769,37.0715],[127.62818,37.07063],[127.62763,37.06809],[127.62765,37.06629],[127.62822,37.06559],[127.62786,37.06321],[127.62842,37.06224],[127.63089,37.06171],[127.63133,37.05901],[127.63213,37.05845],[127.63199,37.05733],[127.63299,37.05664],[127.63337,37.05669],[127.63428,37.05561],[127.63559,37.05574],[127.63589,37.05617],[127.63821,37.05727],[127.63985,37.05661],[127.64054,37.05576],[127.64329,37.05433],[127.64393,37.05453],[127.6448,37.05419],[127.64529,37.05358],[127.64667,37.05364],[127.64844,37.05312],[127.65034,37.05195],[127.65038,37.05163],[127.65178,37.05134],[127.65299,37.0503],[127.65425,37.05001],[127.65694,37.04623],[127.6576,37.04605],[127.65985,37.04349],[127.66157,37.04319],[127.66254,37.04234],[127.66419,37.04208],[127.66639,37.04266],[127.66736,37.04239],[127.66846,37.04259],[127.66918,37.04149],[127.67198,37.04021],[127.67379,37.04096],[127.67584,37.04339],[127.67694,37.04413],[127.67961,37.04456],[127.68155,37.04612],[127.68363,37.04639],[127.68565,37.04738],[127.68651,37.04805],[127.68643,37.04929],[127.68701,37.04967],[127.68698,37.04996],[127.68791,37.05027],[127.68832,37.05092],[127.68987,37.05152],[127.69022,37.05256],[127.69116,37.05308],[127.69125,37.05344],[127.69069,37.05445],[127.69106,37.05472],[127.69101,37.05524],[127.69026,37.05626],[127.69055,37.05725],[127.68977,37.05842],[127.69027,37.05936],[127.69017,37.06027],[127.68923,37.06172],[127.68953,37.06297],[127.68882,37.06566],[127.68907,37.06644],[127.68752,37.06829],[127.68726,37.07114],[127.68648,37.07325],[127.68542,37.07376],[127.68484,37.07463],[127.68325,37.07531],[127.68292,37.07591],[127.68352,37.07814],[127.68451,37.07876],[127.68247,37.07949],[127.67934,37.07971],[127.67861,37.08019],[127.67723,37.08018],[127.67625,37.08061],[127.67462,37.08169],[127.67193,37.08274],[127.671,37.08363],[127.66823,37.08462],[127.66805,37.08526],[127.66703,37.08629],[127.66582,37.08702],[127.65944,37.08701],[127.65914,37.08659],[127.65815,37.08625],[127.65707,37.0847],[127.65424,37.08399],[127.65349,37.08341],[127.65206,37.08354],[127.64986,37.08426],[127.64805,37.08415],[127.64634,37.08554],[127.64563,37.08541],[127.6444,37.08449],[127.64373,37.08466],[127.64298,37.08419],[127.64263,37.0846]]]}},{"type":"Feature","properties":{"zoneId":"Z000103383","zoneName":"남평초통학구역","zoneType":"elementary","level":"초등학교","kind":"dedicated","oneWay":false,"sggCode":"112","eduCode":"8011000","eduName":"충청북도청주교육지원청","updatedAt":"2016-08-12"},"geometry":{"type":"Polygon","coordinates":[[[127.4896,36.62027],[127.4895,36.62027],[127.48749,36.62048],[127.4853,36.6127],[127.48661,36.61253],[127.48528,36.60865],[127.49171,36.60845],[127.49173,36.611],[127.48978,36.61094],[127.49034,36.61321],[127.48945,36.61812],[127.4896,36.62027]]]}},{"type":"Feature","properties":{"zoneId":"Z000103582","zoneName":"학성초통학구역","zoneType":"elementary","level":"초등학교","kind":"dedicated","oneWay":false,"sggCode":"750","eduCode":"8081000","eduName":"충청북도진천교육지원청","updatedAt":"2016-08-12"},"geometry":{"type":"Polygon","coordinates":[[[127.44354,36.91667],[127.44347,36.9167],[127.43818,36.9195],[127.43615,36.92006],[127.43377,36.91926],[127.43259,36.91747],[127.43141,36.91636],[127.4321,36.91464],[127.43449,36.91108],[127.4369,36.90936],[127.43939,36.90417],[127.44143,36.90156],[127.43859,36.90242],[127.43837,36.90137],[127.43769,36.90145],[127.43774,36.90115],[127.43657,36.90133],[127.43599,36.90112],[127.43407,36.90153],[127.43348,36.90064],[127.43295,36.90066],[127.43321,36.90155],[127.431,36.90098],[127.43036,36.90154],[127.42924,36.90148],[127.42763,36.90253],[127.42082,36.90025],[127.41248,36.8989],[127.40945,36.89922],[127.40903,36.89844],[127.41118,36.89575],[127.4115,36.89433],[127.40924,36.89345],[127.40797,36.8917],[127.40707,36.89114],[127.40689,36.89052],[127.40723,36.89007],[127.40693,36.88855],[127.40755,36.88793],[127.40733,36.88727],[127.40771,36.88687],[127.40689,36.88494],[127.40716,36.88388],[127.40682,36.88281],[127.40701,36.88221],[127.40652,36.88101],[127.40721,36.87978],[127.40822,36.88053],[127.40991,36.88112],[127.41312,36.88154],[127.41414,36.88147],[127.41562,36.88022],[127.41706,36.8797],[127.41878,36.87965],[127.42347,36.8812],[127.42527,36.88048],[127.42689,36.88052],[127.42757,36.88259],[127.4284,36.88276],[127.43005,36.88106],[127.431,36.88076],[127.4324,36.87919],[127.43392,36.87825],[127.43417,36.87756],[127.43513,36.87754],[127.43499,36.87727],[127.43565,36.87666],[127.43869,36.87549],[127.43885,36.87485],[127.44098,36.87401],[127.44158,36.8731],[127.44151,36.87554],[127.44095,36.87727],[127.4416,36.87926],[127.44187,36.8816],[127.44285,36.88402],[127.44268,36.88756],[127.4435,36.88767],[127.44382,36.88858],[127.44435,36.88887],[127.44483,36.88848],[127.44577,36.88851],[127.44827,36.88726],[127.44872,36.88694],[127.44906,36.88588],[127.45032,36.88505],[127.4512,36.88352],[127.45287,36.88328],[127.45337,36.88277],[127.45458,36.88249],[127.45461,36.88206],[127.45502,36.88186],[127.45596,36.88389],[127.4571,36.88528],[127.45962,36.88659],[127.45997,36.88765],[127.46142,36.88873],[127.46297,36.89106],[127.46599,36.8922],[127.46499,36.89371],[127.45998,36.8975],[127.45736,36.9013],[127.45463,36.90401],[127.45122,36.90696],[127.44965,36.90737],[127.44622,36.90955],[127.44551,36.91134],[127.44439,36.91643],[127.44354,36.91667]]]}},{"type":"Feature","properties":{"zoneId":"Z000103613","zoneName":"생극초통학구역","zoneType":"elementary","level":"초등학교","kind":"dedicated","oneWay":false,"sggCode":"770","eduCode":"8101000","eduName":"충청북도음성교육지원청","updatedAt":"2016-08-12"},"geometry":{"type":"Polygon","coordinates":[[[127.67196,37.04023],[127.67134,37.04032],[127.66874,37.04182],[127.66846,37.04259],[127.66736,37.04239],[127.66639,37.04266],[127.66419,37.04208],[127.66254,37.04234],[127.66157,37.04319],[127.65985,37.04349],[127.6576,37.04605],[127.65694,37.04623],[127.65425,37.05001],[127.65299,37.0503],[127.65178,37.05134],[127.65038,37.05163],[127.65034,37.05195],[127.64844,37.05312],[127.64667,37.05364],[127.64529,37.05358],[127.6448,37.05419],[127.64393,37.05453],[127.64329,37.05433],[127.64209,37.05481],[127.64132,37.05554],[127.64054,37.05576],[127.63985,37.05661],[127.63821,37.05727],[127.63589,37.05617],[127.63559,37.05574],[127.63428,37.05561],[127.63337,37.05669],[127.63299,37.05664],[127.63199,37.05733],[127.63213,37.05845],[127.63084,37.05903],[127.6299,37.05835],[127.62879,37.05844],[127.62661,37.0577],[127.62354,37.05567],[127.62136,37.05529],[127.62038,37.05654],[127.61809,37.05739],[127.61796,37.0589],[127.61716,37.05982],[127.6154,37.05954],[127.61478,37.05985],[127.6109,37.05665],[127.6069,37.05998],[127.60424,37.05788],[127.60276,37.05814],[127.60155,37.05909],[127.60041,37.05912],[127.60133,37.06155],[127.59556,37.06344],[127.59249,37.06583],[127.59107,37.06623],[127.58858,37.06854],[127.58778,37.07127],[127.58866,37.073],[127.58722,37.0745],[127.58527,37.07452],[127.58305,37.07547],[127.58228,37.07527],[127.5822,37.0747],[127.58083,37.0754],[127.57917,37.0755],[127.57798,37.07534],[127.57709,37.07392],[127.57598,37.07359],[127.57549,37.07311],[127.57525,37.07227],[127.57436,37.07134],[127.57375,37.07149],[127.57416,37.07115],[127.57375,37.07074],[127.57373,37.06997],[127.5704,37.06788],[127.57064,37.06739],[127.57026,37.06636],[127.56874,37.06534],[127.56721,37.06354],[127.56619,37.06334],[127.56577,37.06283],[127.56593,37.06223],[127.56496,37.06059],[127.56472,37.05924],[127.56664,37.05695],[127.56826,37.05591],[127.56762,37.05415],[127.56776,37.05288],[127.56712,37.05243],[127.56715,37.05175],[127.56799,37.0507],[127.56799,37.04914],[127.56897,37.04897],[127.56954,37.04817],[127.56849,37.04757],[127.56706,37.0475],[127.56674,37.04549],[127.56703,37.04444],[127.56651,37.04248],[127.56567,37.04213],[127.56346,37.04024],[127.56222,37.04039],[127.56092,37.03991],[127.56034,37.0386],[127.56056,37.03734],[127.55907,37.03674],[127.55913,37.03633],[127.56001,37.03585],[127.55915,37.03348],[127.55755,37.03277],[127.55562,37.03292],[127.55514,37.03245],[127.55469,37.03249],[127.55158,37.02991],[127.55157,37.02906],[127.55216,37.02849],[127.55206,37.02809],[127.55325,37.0275],[127.55337,37.0269],[127.55417,37.02595],[127.55604,37.02623],[127.55636,37.02672],[127.55943,37.02623],[127.5598,37.02564],[127.55966,37.02476],[127.56005,37.02442],[127.56009,37.0232],[127.56083,37.02265],[127.55985,37.02197],[127.56039,37.02125],[127.5601,37.01976],[127.56034,37.01923],[127.56097,37.019],[127.56085,37.01802],[127.5619,37.01784],[127.56265,37.01676],[127.56394,37.01632],[127.56584,37.01503],[127.56638,37.01565],[127.56702,37.01564],[127.56723,37.01442],[127.56806,37.01361],[127.56959,37.01358],[127.57116,37.01417],[127.57356,37.01331],[127.57424,37.01347],[127.57615,37.01499],[127.57676,37.01511],[127.57716,37.01421],[127.57957,37.01508],[127.58023,37.01324],[127.58181,37.01202],[127.58343,37.01172],[127.58389,37.01229],[127.58474,37.01232],[127.58562,37.01315],[127.58641,37.01285],[127.58726,37.01312],[127.58896,37.01279],[127.59009,37.01453],[127.59168,37.01455],[127.5917,37.01557],[127.5939,37.01553],[127.59395,37.01742],[127.5982,37.01736],[127.60141,37.01614],[127.60303,37.01415],[127.60683,37.01089],[127.608,37.01045],[127.61338,37.01036],[127.61583,37.00939],[127.6183,37.01052],[127.6191,37.00942],[127.62241,37.01014],[127.62352,37.01064],[127.62338,37.01128],[127.62529,37.0125],[127.62531,37.01297],[127.62654,37.01318],[127.62763,37.01187],[127.63,37.01072],[127.62993,37.00947],[127.63141,37.00908],[127.63314,37.00727],[127.63451,37.00685],[127.6345,37.00649],[127.63638,37.00573],[127.6387,37.0057],[127.6417,37.00322],[127.64242,37.00315],[127.64287,37.00253],[127.64231,37.00147],[127.64206,36.99994],[127.64224,36.99936],[127.643,36.9987],[127.64242,36.99779],[127.64164,36.99744],[127.64153,36.99502],[127.64323,36.99137],[127.64356,36.98994],[127.64475,36.98883],[127.64713,36.98804],[127.64767,36.98714],[127.64814,36.98708],[127.65,36.98521],[127.65093,36.9838],[127.65194,36.98514],[127.65369,36.98656],[127.6537,36.98708],[127.65267,36.98824],[127.65255,36.98923],[127.6529,36.9899],[127.65256,36.99169],[127.65446,36.99455],[127.6539,36.99524],[127.65323,36.99749],[127.65536,36.99966],[127.65562,37.00051],[127.65505,37.00139],[127.657,37.00216],[127.6577,37.00312],[127.66047,37.00354],[127.66291,37.00311],[127.66304,37.00386],[127.66308,37.00432],[127.66255,37.00508],[127.65986,37.00811],[127.65935,37.00964],[127.65951,37.01021],[127.65707,37.01122],[127.65714,37.01215],[127.65671,37.0129],[127.6561,37.0132],[127.65724,37.01415],[127.65647,37.01514],[127.65629,37.01591],[127.65699,37.01652],[127.65736,37.01818],[127.65785,37.01872],[127.65844,37.01871],[127.65937,37.0194],[127.66095,37.02149],[127.66274,37.02259],[127.66462,37.02319],[127.66472,37.024],[127.66429,37.02508],[127.66483,37.02593],[127.66483,37.02664],[127.66429,37.03057],[127.66648,37.03205],[127.66659,37.03264],[127.66745,37.0332],[127.66865,37.03328],[127.67024,37.03436],[127.67203,37.03467],[127.67157,37.03726],[127.67209,37.03802],[127.67196,37.04023]]]}},{"type":"Feature","properties":{"zoneId":"Z000103574","zoneName":"백곡초통학구역","zoneType":"elementary","level":"초등학교","kind":"dedicated","oneWay":false,"sggCode":"750","eduCode":"8081000","eduName":"충청북도진천교육지원청","updatedAt":"2016-08-12"},"geometry":{"type":"Polygon","coordinates":[[[127.35136,36.95281],[127.35103,36.95284],[127.34963,36.95279],[127.34904,36.95199],[127.34674,36.95033],[127.34674,36.95001],[127.34582,36.95],[127.34411,36.94839],[127.34326,36.94826],[127.34313,36.94777],[127.34343,36.94744],[127.34239,36.94632],[127.34316,36.94432],[127.34193,36.94313],[127.34061,36.94312],[127.34018,36.9434],[127.3391,36.94313],[127.33883,36.94251],[127.3332,36.94035],[127.33032,36.93758],[127.32803,36.93665],[127.32751,36.93675],[127.32681,36.93594],[127.32423,36.93591],[127.32287,36.93652],[127.32129,36.93559],[127.32024,36.93537],[127.31872,36.93427],[127.31621,36.93472],[127.31481,36.93254],[127.3148,36.93125],[127.31268,36.93107],[127.30993,36.9298],[127.3097,36.92995],[127.30899,36.92939],[127.30733,36.92988],[127.30583,36.92942],[127.30456,36.92955],[127.30384,36.93006],[127.30019,36.9294],[127.2982,36.93009],[127.29641,36.93007],[127.29553,36.9305],[127.29563,36.93129],[127.29497,36.93067],[127.29655,36.92678],[127.29741,36.92605],[127.29793,36.92429],[127.29838,36.92404],[127.29844,36.92273],[127.29964,36.92168],[127.30091,36.91978],[127.30057,36.91956],[127.30065,36.9189],[127.30163,36.91828],[127.30336,36.91639],[127.30291,36.91577],[127.3026,36.91427],[127.30133,36.91283],[127.30197,36.91192],[127.30087,36.91104],[127.29989,36.90947],[127.29907,36.90896],[127.29971,36.9082],[127.29897,36.90782],[127.29854,36.90695],[127.29729,36.90673],[127.29718,36.9057],[127.29761,36.90495],[127.29737,36.90396],[127.29665,36.90392],[127.29643,36.90268],[127.29451,36.90174],[127.29375,36.90031],[127.29032,36.8977],[127.29033,36.897],[127.28962,36.89565],[127.2903,36.89433],[127.28783,36.89378],[127.28857,36.89363],[127.28988,36.89402],[127.29059,36.8922],[127.29248,36.89196],[127.29342,36.8912],[127.29456,36.89098],[127.29459,36.89032],[127.29599,36.88975],[127.29927,36.8898],[127.30114,36.8877],[127.30388,36.88611],[127.30402,36.88542],[127.30782,36.88544],[127.30843,36.88345],[127.30835,36.88217],[127.31121,36.88034],[127.30951,36.87821],[127.31004,36.87556],[127.31068,36.87482],[127.30986,36.87344],[127.31034,36.87188],[127.31129,36.87049],[127.31071,36.86944],[127.31061,36.86788],[127.30858,36.86696],[127.30766,36.86599],[127.30756,36.86503],[127.30578,36.86335],[127.30717,36.86131],[127.3073,36.8597],[127.30875,36.85978],[127.30917,36.85929],[127.30994,36.85916],[127.31034,36.85863],[127.31124,36.85849],[127.31273,36.85747],[127.3135,36.858],[127.31483,36.85825],[127.31536,36.85898],[127.31661,36.85919],[127.3173,36.85869],[127.3193,36.85906],[127.32092,36.85792],[127.32451,36.8569],[127.3265,36.85804],[127.32813,36.85816],[127.32958,36.85751],[127.33265,36.85697],[127.3348,36.85618],[127.33649,36.85469],[127.33692,36.8537],[127.3375,36.85342],[127.33928,36.85365],[127.34031,36.8532],[127.34474,36.85443],[127.34851,36.85638],[127.35007,36.85626],[127.35222,36.85721],[127.35672,36.85797],[127.35661,36.85687],[127.35855,36.85548],[127.35883,36.85465],[127.35986,36.85374],[127.36071,36.85408],[127.36268,36.85315],[127.36355,36.85326],[127.36603,36.85151],[127.36769,36.85231],[127.36852,36.85239],[127.36917,36.85192],[127.37257,36.85172],[127.3737,36.85061],[127.3746,36.85053],[127.37515,36.85065],[127.37499,36.85115],[127.37546,36.85192],[127.37668,36.85229],[127.37765,36.8541],[127.37935,36.85498],[127.38025,36.85457],[127.38169,36.85492],[127.38331,36.85472],[127.38377,36.85519],[127.38484,36.85548],[127.38478,36.85657],[127.38594,36.85772],[127.38616,36.85942],[127.38828,36.86122],[127.38798,36.86196],[127.38821,36.86225],[127.38955,36.8628],[127.38812,36.86563],[127.389,36.86585],[127.38971,36.86651],[127.39003,36.86772],[127.38995,36.86908],[127.39026,36.8692],[127.39015,36.87],[127.39099,36.87078],[127.39147,36.87232],[127.39337,36.87424],[127.39321,36.87602],[127.39345,36.87647],[127.39263,36.8769],[127.39287,36.87767],[127.39221,36.87887],[127.39275,36.88005],[127.39327,36.8843],[127.39427,36.88421],[127.39507,36.88491],[127.39617,36.88465],[127.39745,36.88496],[127.39853,36.88576],[127.39933,36.88692],[127.40139,36.88707],[127.40128,36.88778],[127.40201,36.88793],[127.40301,36.88774],[127.40333,36.88691],[127.4051,36.88641],[127.40571,36.88521],[127.40689,36.88494],[127.40771,36.88687],[127.40733,36.88727],[127.40755,36.88793],[127.40693,36.88855],[127.40723,36.89007],[127.40689,36.89052],[127.40707,36.89114],[127.40797,36.8917],[127.40924,36.89345],[127.4115,36.89433],[127.41118,36.89575],[127.40903,36.89844],[127.40945,36.89922],[127.40943,36.90181],[127.40893,36.90299],[127.40703,36.90531],[127.4064,36.90739],[127.40537,36.90797],[127.4044,36.91031],[127.40344,36.91131],[127.40167,36.91471],[127.40222,36.91564],[127.40231,36.91723],[127.40289,36.91889],[127.40274,36.92008],[127.40229,36.92086],[127.40065,36.92063],[127.39894,36.92123],[127.39789,36.92209],[127.39573,36.92434],[127.39491,36.92604],[127.39361,36.92758],[127.39297,36.92862],[127.39308,36.92951],[127.3916,36.93013],[127.39051,36.93108],[127.38577,36.93213],[127.38487,36.93171],[127.38467,36.93116],[127.38358,36.93044],[127.382,36.92986],[127.38046,36.93007],[127.37818,36.93323],[127.37789,36.93528],[127.37903,36.93713],[127.37948,36.93904],[127.37859,36.93944],[127.37787,36.93929],[127.37741,36.94023],[127.37641,36.94058],[127.37647,36.94209],[127.37783,36.94514],[127.37743,36.94564],[127.37756,36.94606],[127.37566,36.94866],[127.37468,36.94856],[127.37307,36.94896],[127.37201,36.94991],[127.36939,36.95008],[127.36862,36.94955],[127.3673,36.9503],[127.36578,36.94914],[127.36352,36.94902],[127.36176,36.9495],[127.35992,36.94865],[127.35953,36.9488],[127.35875,36.94811],[127.35761,36.94769],[127.35732,36.94866],[127.35665,36.94915],[127.35578,36.95063],[127.35571,36.9514],[127.354,36.95267],[127.35136,36.95281]]]}},{"type":"Feature","properties":{"zoneId":"Z000103572","zoneName":"문백초통학구역","zoneType":"elementary","level":"초등학교","kind":"dedicated","oneWay":false,"sggCode":"750","eduCode":"8081000","eduName":"충청북도진천교육지원청","updatedAt":"2016-08-12"},"geometry":{"type":"Polygon","coordinates":[[[127.42537,36.82384],[127.42464,36.82447],[127.42406,36.82474],[127.42344,36.82427],[127.42371,36.82214],[127.42197,36.81977],[127.42192,36.81871],[127.42108,36.81775],[127.42113,36.81741],[127.42166,36.8172],[127.42125,36.81633],[127.42148,36.81573],[127.42116,36.81542],[127.42143,36.81397],[127.4221,36.81279],[127.42149,36.81163],[127.41855,36.81077],[127.41469,36.80816],[127.4134,36.80593],[127.41147,36.80399],[127.4091,36.80229],[127.4056,36.8017],[127.40331,36.80085],[127.40219,36.801],[127.40125,36.79972],[127.4008,36.79782],[127.40172,36.79515],[127.40057,36.7945],[127.39943,36.79227],[127.39731,36.79115],[127.39674,36.79028],[127.39649,36.7884],[127.396,36.78784],[127.39675,36.78593],[127.39564,36.78535],[127.39498,36.78409],[127.39573,36.78231],[127.39643,36.78191],[127.39746,36.78214],[127.39982,36.78086],[127.39991,36.78019],[127.40156,36.77879],[127.40179,36.77805],[127.40124,36.77719],[127.4019,36.77571],[127.40326,36.77507],[127.40332,36.77447],[127.40444,36.77467],[127.40638,36.77383],[127.40865,36.77388],[127.40941,36.7732],[127.41085,36.77283],[127.41228,36.77285],[127.41266,36.77331],[127.41295,36.77322],[127.41425,36.77138],[127.41391,36.76985],[127.41504,36.76784],[127.41686,36.76632],[127.41708,36.76547],[127.41684,36.76426],[127.41718,36.76353],[127.42038,36.76093],[127.42015,36.75835],[127.41946,36.75759],[127.42144,36.75764],[127.42231,36.758],[127.42254,36.75845],[127.42446,36.75876],[127.42455,36.75772],[127.42694,36.7576],[127.427,36.75648],[127.42503,36.75593],[127.42513,36.75535],[127.42478,36.75482],[127.42537,36.75391],[127.42518,36.75352],[127.42584,36.75291],[127.42587,36.75224],[127.42675,36.75193],[127.42711,36.75081],[127.42782,36.75108],[127.43008,36.75093],[127.43054,36.75168],[127.43205,36.75198],[127.43274,36.75146],[127.4357,36.75153],[127.43615,36.75213],[127.43712,36.75228],[127.43738,36.75291],[127.43808,36.7533],[127.43912,36.75324],[127.44018,36.75249],[127.44135,36.75218],[127.44178,36.75131],[127.44172,36.75026],[127.44243,36.7494],[127.44316,36.74947],[127.44372,36.74873],[127.44575,36.74968],[127.4472,36.74886],[127.44894,36.7489],[127.44974,36.74933],[127.45094,36.74942],[127.44945,36.75373],[127.44861,36.75465],[127.44948,36.75603],[127.44993,36.7562],[127.44989,36.75906],[127.4509,36.75998],[127.45095,36.761],[127.45692,36.76466],[127.45764,36.76526],[127.45764,36.76571],[127.45844,36.76579],[127.46039,36.76991],[127.46088,36.76976],[127.46174,36.77026],[127.46407,36.76969],[127.46585,36.76995],[127.46672,36.7695],[127.46736,36.76993],[127.46829,36.76931],[127.47041,36.76882],[127.47373,36.77016],[127.47466,36.77118],[127.47748,36.77305],[127.47939,36.77352],[127.48116,36.77441],[127.4806,36.77548],[127.4818,36.776],[127.48353,36.77621],[127.4878,36.77543],[127.49045,36.7738],[127.49131,36.77413],[127.49114,36.7749],[127.49208,36.77643],[127.49422,36.77683],[127.49464,36.77788],[127.49711,36.78001],[127.5039,36.77951],[127.50071,36.7802],[127.49715,36.78051],[127.49068,36.78237],[127.48456,36.78523],[127.48269,36.78653],[127.47983,36.78925],[127.47742,36.7908],[127.4773,36.79184],[127.47787,36.79243],[127.47914,36.79288],[127.48102,36.79281],[127.48511,36.79113],[127.48641,36.79151],[127.48727,36.79218],[127.48814,36.79323],[127.4884,36.79479],[127.48818,36.79692],[127.48718,36.80031],[127.4841,36.80062],[127.48246,36.8012],[127.48199,36.80093],[127.48195,36.80028],[127.48137,36.79963],[127.47956,36.80004],[127.47893,36.79894],[127.4773,36.79932],[127.4767,36.79863],[127.47577,36.79869],[127.47552,36.79966],[127.47496,36.80033],[127.47056,36.80056],[127.46963,36.80011],[127.46806,36.80144],[127.46723,36.80153],[127.46471,36.80266],[127.46396,36.80341],[127.46309,36.80299],[127.46207,36.80367],[127.46182,36.8045],[127.46208,36.80491],[127.4618,36.80536],[127.46283,36.8064],[127.46247,36.80736],[127.46302,36.80809],[127.46251,36.80999],[127.46289,36.81026],[127.46247,36.81139],[127.45922,36.81133],[127.45781,36.81221],[127.45627,36.81223],[127.45405,36.81287],[127.45221,36.81558],[127.45128,36.81625],[127.45101,36.81678],[127.4514,36.81739],[127.45107,36.81773],[127.45108,36.81835],[127.4495,36.81814],[127.44856,36.81842],[127.44742,36.82026],[127.44642,36.82002],[127.44281,36.82023],[127.44153,36.81946],[127.4408,36.81937],[127.44052,36.81969],[127.43951,36.81967],[127.4393,36.82022],[127.43827,36.82044],[127.43776,36.82128],[127.43584,36.82098],[127.43556,36.82193],[127.43452,36.82282],[127.43288,36.8231],[127.4317,36.82279],[127.43125,36.82222],[127.43002,36.8226],[127.42993,36.82319],[127.42911,36.82368],[127.42683,36.82338],[127.42537,36.82384]]]}},{"type":"Feature","properties":{"zoneId":"Z000103603","zoneName":"감곡초통학구역","zoneType":"elementary","level":"초등학교","kind":"dedicated","oneWay":false,"sggCode":"770","eduCode":"8101000","eduName":"충청북도음성교육지원청","updatedAt":"2016-08-12"},"geometry":{"type":"Polygon","coordinates":[[[127.62988,37.15424],[127.6299,37.15439],[127.62831,37.15529],[127.6274,37.15364],[127.62745,37.15172],[127.62857,37.15101],[127.62928,37.14976],[127.63114,37.14786],[127.63113,37.14694],[127.63201,37.14693],[127.63493,37.14368],[127.63744,37.14202],[127.63777,37.14119],[127.63641,37.13486],[127.6364,37.13249],[127.63516,37.12974],[127.63494,37.12692],[127.63398,37.12374],[127.63389,37.12046],[127.6331,37.12016],[127.63438,37.11808],[127.63506,37.11567],[127.63627,37.11446],[127.63599,37.11254],[127.63412,37.10728],[127.6352,37.10405],[127.63453,37.09983],[127.63429,37.09904],[127.63288,37.09756],[127.63446,37.09677],[127.63456,37.09541],[127.63514,37.09406],[127.63592,37.09337],[127.63639,37.09195],[127.63623,37.08997],[127.63667,37.08756],[127.64044,37.08628],[127.64182,37.08546],[127.64187,37.08472],[127.64263,37.0846],[127.64298,37.08419],[127.64373,37.08466],[127.6444,37.08449],[127.64606,37.08556],[127.64805,37.08415],[127.64986,37.08426],[127.65206,37.08354],[127.65349,37.08341],[127.65424,37.08399],[127.65707,37.0847],[127.65815,37.08625],[127.65914,37.08659],[127.65944,37.08701],[127.6601,37.08681],[127.66085,37.08718],[127.66411,37.08682],[127.66449,37.08712],[127.66307,37.08897],[127.66283,37.09024],[127.66315,37.09548],[127.66357,37.09592],[127.66292,37.0967],[127.6607,37.0974],[127.66011,37.09807],[127.65779,37.09942],[127.65749,37.10065],[127.65896,37.10373],[127.65885,37.10528],[127.66,37.10568],[127.66051,37.10651],[127.65927,37.11044],[127.65918,37.11429],[127.6587,37.1157],[127.65879,37.11843],[127.65837,37.11918],[127.65947,37.12272],[127.66172,37.12345],[127.66249,37.12459],[127.66222,37.12625],[127.6636,37.13391],[127.66644,37.13567],[127.669,37.13556],[127.67021,37.13611],[127.666,37.13946],[127.66434,37.13925],[127.66372,37.13951],[127.66245,37.13919],[127.6613,37.13938],[127.65994,37.13992],[127.65988,37.14069],[127.65848,37.14114],[127.65733,37.14234],[127.65562,37.14239],[127.65575,37.14404],[127.65637,37.14426],[127.65637,37.14488],[127.65237,37.14805],[127.65118,37.14739],[127.65011,37.1476],[127.64956,37.14881],[127.64837,37.14983],[127.64809,37.1506],[127.64718,37.15065],[127.64641,37.1512],[127.6451,37.1509],[127.64292,37.15187],[127.64122,37.15114],[127.63867,37.15311],[127.63718,37.15283],[127.63517,37.15318],[127.63454,37.15294],[127.63368,37.15323],[127.6333,37.15298],[127.63223,37.15389],[127.62988,37.15424]]]}},{"type":"Feature","properties":{"zoneId":"Z000103569","zoneName":"구정초통학구역","zoneType":"elementary","level":"초등학교","kind":"dedicated","oneWay":false,"sggCode":"750","eduCode":"8081000","eduName":"충청북도진천교육지원청","updatedAt":"2017-02-10"},"geometry":{"type":"Polygon","coordinates":[[[127.53802,36.80797],[127.53733,36.80859],[127.53358,36.80708],[127.53258,36.80714],[127.52873,36.80632],[127.52666,36.80692],[127.52287,36.80722],[127.51933,36.80459],[127.51762,36.80445],[127.51687,36.80515],[127.51264,36.80582],[127.51145,36.80518],[127.51014,36.80623],[127.50817,36.80658],[127.50797,36.80704],[127.50749,36.80711],[127.50543,36.80571],[127.50448,36.80411],[127.50272,36.80377],[127.50056,36.80231],[127.49967,36.80135],[127.49576,36.79925],[127.49409,36.79937],[127.49362,36.80002],[127.48718,36.80031],[127.48837,36.79531],[127.48833,36.79379],[127.48769,36.79261],[127.48641,36.79151],[127.48511,36.79113],[127.48102,36.79281],[127.47914,36.79288],[127.47787,36.79243],[127.4773,36.79184],[127.47732,36.79106],[127.47772,36.79048],[127.47983,36.78925],[127.48269,36.78653],[127.48456,36.78523],[127.49068,36.78237],[127.49715,36.78051],[127.505,36.77948],[127.50808,36.77738],[127.50874,36.77675],[127.50914,36.77429],[127.50987,36.77274],[127.51027,36.77301],[127.5103,36.77233],[127.50935,36.76953],[127.5076,36.76785],[127.50774,36.76719],[127.50862,36.76685],[127.51859,36.76934],[127.53048,36.77045],[127.53284,36.77105],[127.53553,36.77256],[127.54967,36.77547],[127.55709,36.77813],[127.5611,36.77862],[127.5648,36.78026],[127.56468,36.78267],[127.56081,36.78482],[127.56121,36.78602],[127.56129,36.7877],[127.56044,36.78846],[127.56026,36.78938],[127.55922,36.7909],[127.55659,36.79708],[127.55589,36.79767],[127.55631,36.79868],[127.55609,36.79903],[127.5555,36.7995],[127.55402,36.79985],[127.55419,36.79971],[127.55339,36.79927],[127.55227,36.7992],[127.55186,36.79873],[127.55089,36.79888],[127.5498,36.79803],[127.54814,36.79835],[127.54497,36.8011],[127.5431,36.80187],[127.54309,36.80237],[127.54066,36.80452],[127.5402,36.80549],[127.53802,36.80797]]]}},{"type":"Feature","properties":{"zoneId":"Z000103578","zoneName":"이월초통학구역","zoneType":"elementary","level":"초등학교","kind":"dedicated","oneWay":false,"sggCode":"750","eduCode":"8081000","eduName":"충청북도진천교육지원청","updatedAt":"2018-02-23"},"geometry":{"type":"Polygon","coordinates":[[[127.39358,36.96555],[127.39303,36.96563],[127.39101,36.96533],[127.39006,36.96399],[127.38828,36.96473],[127.38727,36.96446],[127.38534,36.96113],[127.38482,36.95962],[127.38349,36.95938],[127.38263,36.95981],[127.38213,36.95922],[127.38113,36.95879],[127.37961,36.95873],[127.37872,36.95789],[127.37872,36.95698],[127.3783,36.95611],[127.37874,36.95409],[127.37819,36.95318],[127.37821,36.95208],[127.37668,36.95036],[127.37579,36.94989],[127.37565,36.94914],[127.37566,36.94866],[127.37756,36.94606],[127.37743,36.94564],[127.37783,36.94514],[127.37647,36.94209],[127.37641,36.94058],[127.37741,36.94023],[127.37787,36.93929],[127.37859,36.93944],[127.37948,36.93904],[127.37903,36.93713],[127.37789,36.93528],[127.37818,36.93323],[127.38046,36.93007],[127.382,36.92986],[127.38358,36.93044],[127.38467,36.93116],[127.38487,36.93171],[127.38577,36.93213],[127.39051,36.93108],[127.3916,36.93013],[127.39308,36.92951],[127.39297,36.92862],[127.39361,36.92758],[127.39491,36.92604],[127.39573,36.92434],[127.39789,36.92209],[127.39894,36.92123],[127.40065,36.92063],[127.40229,36.92086],[127.40274,36.92008],[127.40289,36.91889],[127.40231,36.91723],[127.40222,36.91564],[127.40167,36.91471],[127.40344,36.91131],[127.4044,36.91031],[127.40537,36.90797],[127.4064,36.90739],[127.40703,36.90531],[127.40893,36.90299],[127.40943,36.90181],[127.40945,36.89922],[127.41033,36.89906],[127.41248,36.8989],[127.42185,36.90045],[127.42175,36.90071],[127.42763,36.90253],[127.42924,36.90148],[127.43036,36.90154],[127.431,36.90098],[127.43321,36.90155],[127.43295,36.90066],[127.43348,36.90064],[127.43407,36.90153],[127.43599,36.90112],[127.43657,36.90133],[127.43774,36.90115],[127.43769,36.90145],[127.43837,36.90137],[127.43859,36.90242],[127.44143,36.90156],[127.43939,36.90417],[127.4369,36.90936],[127.43449,36.91108],[127.4321,36.91464],[127.43141,36.91636],[127.43259,36.91747],[127.43377,36.91926],[127.43615,36.92006],[127.43818,36.9195],[127.44014,36.9183],[127.44439,36.91639],[127.44486,36.9188],[127.44787,36.92223],[127.44824,36.9233],[127.44818,36.92429],[127.44645,36.92713],[127.44618,36.92814],[127.44645,36.93318],[127.44536,36.93287],[127.43196,36.93638],[127.43222,36.9375],[127.43161,36.93954],[127.43054,36.93918],[127.42929,36.93922],[127.42669,36.94141],[127.42686,36.94236],[127.42586,36.94228],[127.42583,36.94252],[127.42461,36.94282],[127.42423,36.94361],[127.42343,36.94407],[127.42164,36.94386],[127.42022,36.94418],[127.41941,36.94383],[127.41846,36.94438],[127.41782,36.94413],[127.41727,36.9444],[127.41723,36.94552],[127.41788,36.94681],[127.41748,36.94771],[127.4177,36.94861],[127.41549,36.94939],[127.41511,36.95002],[127.41318,36.95032],[127.41272,36.95161],[127.41135,36.95241],[127.41138,36.95272],[127.40859,36.95272],[127.40802,36.95216],[127.40521,36.95206],[127.4038,36.95349],[127.40157,36.95439],[127.40126,36.95495],[127.39845,36.95594],[127.39821,36.9569],[127.39695,36.95759],[127.39629,36.95906],[127.39644,36.96191],[127.39683,36.96295],[127.39651,36.96435],[127.39579,36.96503],[127.39358,36.96555]]]}},{"type":"Feature","properties":{"zoneId":"Z000103586","zoneName":"도안초통학구역","zoneType":"elementary","level":"초등학교","kind":"dedicated","oneWay":false,"sggCode":"745","eduCode":"8092000","eduName":"충청북도괴산증평교육지원청","updatedAt":"2016-08-12"},"geometry":{"type":"Polygon","coordinates":[[[127.58346,36.8599],[127.58346,36.8599],[127.58148,36.85958],[127.57848,36.85773],[127.57775,36.85546],[127.57863,36.85263],[127.57825,36.85183],[127.57715,36.85175],[127.57636,36.85068],[127.57379,36.85088],[127.57231,36.85012],[127.57153,36.85006],[127.57338,36.84722],[127.57216,36.84607],[127.5723,36.84523],[127.57157,36.84389],[127.57281,36.84123],[127.57257,36.84072],[127.56951,36.83938],[127.56868,36.83854],[127.56887,36.83718],[127.56931,36.83658],[127.5702,36.83361],[127.56996,36.83135],[127.56923,36.82998],[127.5714,36.8279],[127.57202,36.8278],[127.57592,36.82898],[127.57721,36.82899],[127.57834,36.82961],[127.57923,36.82822],[127.58125,36.82658],[127.58163,36.82557],[127.58312,36.82415],[127.58614,36.82306],[127.58887,36.82111],[127.58809,36.82005],[127.58819,36.81936],[127.58751,36.81761],[127.58803,36.81686],[127.58779,36.81549],[127.58856,36.81508],[127.58867,36.81433],[127.58828,36.81355],[127.58858,36.81314],[127.59133,36.81172],[127.59439,36.81127],[127.59534,36.81177],[127.59635,36.81119],[127.59771,36.8083],[127.59844,36.80743],[127.59813,36.80687],[127.59891,36.80678],[127.59962,36.80614],[127.60023,36.80667],[127.60329,36.80642],[127.60451,36.80685],[127.60543,36.80615],[127.60632,36.806],[127.60645,36.80551],[127.60773,36.80519],[127.60738,36.80402],[127.60834,36.80334],[127.60755,36.80225],[127.6074,36.80142],[127.60771,36.80052],[127.60726,36.79959],[127.60838,36.79813],[127.60943,36.79815],[127.60995,36.79782],[127.61134,36.79829],[127.61298,36.79833],[127.61321,36.79867],[127.61377,36.79863],[127.61396,36.79905],[127.6151,36.79862],[127.61639,36.79902],[127.61687,36.79852],[127.61697,36.79744],[127.6175,36.79771],[127.6189,36.79749],[127.61914,36.79645],[127.61974,36.79605],[127.62124,36.79598],[127.6215,36.79652],[127.62253,36.79597],[127.62288,36.79524],[127.62351,36.79511],[127.62309,36.79436],[127.62319,36.79388],[127.62431,36.7931],[127.62449,36.79235],[127.62534,36.79141],[127.62715,36.79189],[127.62736,36.79321],[127.62695,36.7942],[127.62876,36.7941],[127.62626,36.79687],[127.62509,36.79967],[127.62525,36.80063],[127.63202,36.80432],[127.63551,36.80539],[127.63592,36.80654],[127.63538,36.80715],[127.63458,36.80686],[127.63401,36.8073],[127.63422,36.80826],[127.63498,36.80881],[127.63543,36.81116],[127.63499,36.81284],[127.63132,36.81501],[127.6301,36.81624],[127.63057,36.8174],[127.62986,36.81848],[127.63022,36.81923],[127.62971,36.82119],[127.62929,36.82157],[127.62998,36.82263],[127.62952,36.82449],[127.63044,36.82565],[127.63055,36.82781],[127.63013,36.82849],[127.63061,36.82905],[127.6309,36.83041],[127.63168,36.8305],[127.63257,36.8313],[127.63349,36.83409],[127.63399,36.83476],[127.63406,36.83642],[127.6356,36.8367],[127.63616,36.83713],[127.63605,36.83762],[127.63671,36.8384],[127.63659,36.83914],[127.6379,36.84013],[127.63859,36.84111],[127.63843,36.84183],[127.63914,36.84256],[127.63889,36.84289],[127.63918,36.84358],[127.63821,36.84463],[127.63781,36.84565],[127.63733,36.8459],[127.63754,36.84695],[127.63585,36.84736],[127.63522,36.84719],[127.63347,36.84584],[127.631,36.84517],[127.63003,36.84365],[127.62928,36.84341],[127.62802,36.84358],[127.62763,36.84288],[127.62639,36.84253],[127.62559,36.83924],[127.62495,36.8377],[127.6242,36.83722],[127.62376,36.8356],[127.62049,36.83698],[127.61999,36.8369],[127.61826,36.83618],[127.61676,36.83399],[127.61555,36.8339],[127.61519,36.83435],[127.61532,36.83528],[127.61368,36.8357],[127.6134,36.83646],[127.61374,36.8374],[127.61357,36.83861],[127.61384,36.83886],[127.61317,36.83931],[127.61349,36.84038],[127.61342,36.84183],[127.61309,36.84228],[127.61327,36.84377],[127.61276,36.84411],[127.61253,36.84497],[127.61197,36.84514],[127.61223,36.84636],[127.61158,36.8467],[127.61174,36.84742],[127.6115,36.84778],[127.61237,36.84913],[127.61311,36.85139],[127.6138,36.85169],[127.61445,36.85325],[127.61545,36.85293],[127.61594,36.85362],[127.61748,36.85771],[127.6166,36.85866],[127.61452,36.85817],[127.61373,36.85839],[127.61135,36.85663],[127.61099,36.85582],[127.61041,36.85599],[127.60746,36.85415],[127.60672,36.85322],[127.60587,36.85361],[127.60439,36.85355],[127.60441,36.8528],[127.60321,36.85188],[127.6004,36.85269],[127.59653,36.85159],[127.59396,36.85543],[127.59329,36.85558],[127.59263,36.85691],[127.5919,36.85742],[127.59122,36.85782],[127.59053,36.85729],[127.58958,36.8573],[127.58875,36.85772],[127.58704,36.85725],[127.58637,36.85761],[127.5864,36.85878],[127.58597,36.85943],[127.58471,36.8599],[127.58346,36.8599]]]}},{"type":"Feature","properties":{"zoneId":"Z000103495","zoneName":"충주예성초통학구역","zoneType":"elementary","level":"초등학교","kind":"dedicated","oneWay":false,"sggCode":"130","eduCode":"8021000","eduName":"충청북도충주교육지원청","updatedAt":"2018-07-26"},"geometry":{"type":"Polygon","coordinates":[[[127.93465,36.9811],[127.9346,36.98134],[127.93438,36.98238],[127.9249,36.98234],[127.92399,36.98141],[127.92387,36.98084],[127.92728,36.97956],[127.92817,36.97956],[127.92817,36.97839],[127.92781,36.97818],[127.92921,36.97782],[127.92844,36.97586],[127.92745,36.97591],[127.92866,36.97438],[127.92929,36.97294],[127.93325,36.97237],[127.93384,36.97273],[127.93384,36.97312],[127.93317,36.97324],[127.93338,36.97406],[127.93465,36.97322],[127.9348,36.97365],[127.93542,36.97799],[127.93465,36.9811]]]}},{"type":"Feature","properties":{"zoneId":"Z000150390","zoneName":"남신초무극초공동통학구역","zoneType":"elementary","level":"초등학교","kind":"shared","oneWay":false,"sggCode":"770","eduCode":"8101000","eduName":"충청북도음성교육지원청","updatedAt":"2017-02-16"},"geometry":{"type":"Polygon","coordinates":[[[127.63428,36.96888],[127.63405,36.9689],[127.63256,36.96959],[127.63191,36.9706],[127.63156,36.97068],[127.63087,36.9703],[127.62996,36.96868],[127.62829,36.96884],[127.6277,36.96792],[127.62756,36.96647],[127.6267,36.96573],[127.62759,36.96499],[127.62741,36.96447],[127.62779,36.96396],[127.62731,36.96264],[127.62672,36.96232],[127.6265,36.95917],[127.62449,36.95925],[127.62254,36.95833],[127.62125,36.95885],[127.62127,36.95815],[127.62,36.9574],[127.61917,36.95729],[127.61923,36.95572],[127.61838,36.95398],[127.61773,36.95364],[127.61684,36.95378],[127.61518,36.952],[127.6132,36.9515],[127.61252,36.95098],[127.60981,36.95186],[127.60928,36.9506],[127.60872,36.94711],[127.60937,36.94715],[127.60969,36.94685],[127.61066,36.94392],[127.61275,36.94332],[127.61348,36.9435],[127.61357,36.94411],[127.61467,36.94481],[127.61627,36.94522],[127.6175,36.94666],[127.61964,36.94744],[127.62098,36.94886],[127.6228,36.94884],[127.62371,36.94762],[127.62391,36.9478],[127.62563,36.94729],[127.62606,36.94743],[127.62703,36.94682],[127.62822,36.94706],[127.62893,36.94645],[127.63042,36.94624],[127.63181,36.94677],[127.63217,36.94605],[127.63383,36.94582],[127.63397,36.94638],[127.6349,36.94727],[127.63464,36.94755],[127.63481,36.94809],[127.63577,36.94864],[127.63985,36.94806],[127.64017,36.94773],[127.64271,36.94804],[127.64345,36.94901],[127.64403,36.94918],[127.64525,36.95033],[127.64619,36.95042],[127.64551,36.95139],[127.64668,36.95216],[127.64683,36.95263],[127.64776,36.95251],[127.64849,36.95204],[127.65032,36.95247],[127.65104,36.95509],[127.65214,36.956],[127.65406,36.95623],[127.655,36.9557],[127.65688,36.95609],[127.65701,36.95772],[127.65781,36.95974],[127.65615,36.96192],[127.65477,36.96208],[127.65394,36.9627],[127.65278,36.96233],[127.65162,36.96275],[127.64993,36.96229],[127.64767,36.96316],[127.64661,36.96269],[127.64327,36.96427],[127.64137,36.96465],[127.64083,36.96548],[127.63845,36.96679],[127.63787,36.96751],[127.63712,36.96723],[127.63428,36.96888]]]}},{"type":"Feature","properties":{"zoneId":"Z000150415","zoneName":"삼보초증평초공동통학구역","zoneType":"elementary","level":"초등학교","kind":"shared","oneWay":false,"sggCode":"745","eduCode":"8092000","eduName":"충청북도괴산증평교육지원청","updatedAt":"2016-08-12"},"geometry":{"type":"Polygon","coordinates":[[[127.58077,36.78499],[127.58083,36.78515],[127.58104,36.78537],[127.58067,36.78573],[127.58148,36.78604],[127.58091,36.78646],[127.57839,36.78573],[127.57913,36.78488],[127.58025,36.7845],[127.58077,36.78499]]]}},{"type":"Feature","properties":{"zoneId":"Z000150394","zoneName":"용원초주덕초공동통학구역","zoneType":"elementary","level":"초등학교","kind":"shared","oneWay":false,"sggCode":"130","eduCode":"8021000","eduName":"충청북도충주교육지원청","updatedAt":"2016-08-12"},"geometry":{"type":"Polygon","coordinates":[[[127.74973,36.96881],[127.74924,36.96872],[127.74807,36.96715],[127.74776,36.9659],[127.7479,36.96512],[127.74752,36.96483],[127.74734,36.96403],[127.74693,36.96385],[127.74648,36.96257],[127.74718,36.96164],[127.74809,36.96179],[127.74938,36.96073],[127.74991,36.95935],[127.75155,36.95829],[127.75325,36.95775],[127.75365,36.95635],[127.75895,36.95786],[127.76161,36.95892],[127.7626,36.95982],[127.76216,36.96053],[127.75896,36.96192],[127.75741,36.9639],[127.75712,36.96515],[127.75994,36.96718],[127.75796,36.96834],[127.75468,36.96876],[127.74973,36.96881]]]}},{"type":"Feature","properties":{"zoneId":"Z000150424","zoneName":"무극초용천초공동통학구역","zoneType":"elementary","level":"초등학교","kind":"shared","oneWay":false,"sggCode":"770","eduCode":"8101000","eduName":"충청북도음성교육지원청","updatedAt":"2016-08-12"},"geometry":{"type":"Polygon","coordinates":[[[127.59734,36.9878],[127.59733,36.98782],[127.59687,36.98898],[127.59406,36.98826],[127.59444,36.98715],[127.59734,36.9878]]]}},{"type":"Feature","properties":{"zoneId":"Z000103502","zoneName":"남천초통학구역","zoneType":"elementary","level":"초등학교","kind":"dedicated","oneWay":false,"sggCode":"150","eduCode":"8031000","eduName":"충청북도제천교육지원청","updatedAt":"2016-08-12"},"geometry":{"type":"MultiPolygon","coordinates":[[[[128.23177,37.11477],[128.23162,37.11486],[128.23086,37.11552],[128.22948,37.11534],[128.22967,37.11491],[128.2294,37.11471],[128.22839,37.11493],[128.22806,37.11413],[128.22871,37.11303],[128.2285,37.1127],[128.22889,37.11165],[128.23025,37.111],[128.23025,37.11027],[128.22931,37.11011],[128.22847,37.10942],[128.22747,37.10961],[128.22683,37.10928],[128.22627,37.10785],[128.22527,37.10736],[128.22465,37.10767],[128.22429,37.10901],[128.22196,37.10978],[128.2194,37.10805],[128.21897,37.10705],[128.21822,37.10735],[128.21773,37.10709],[128.21142,37.10718],[128.21124,37.10585],[128.2121,37.10346],[128.2115,37.09494],[128.21117,37.09414],[128.21051,37.09423],[128.21014,37.09379],[128.20916,37.09192],[128.20916,37.09105],[128.2084,37.09086],[128.2075,37.0897],[128.20761,37.08896],[128.2068,37.08834],[128.20731,37.08733],[128.20809,37.08715],[128.20797,37.08604],[128.20746,37.08531],[128.20936,37.0847],[128.21,37.08496],[128.21105,37.08404],[128.21285,37.08445],[128.21445,37.08402],[128.21542,37.08318],[128.21541,37.08246],[128.21746,37.08164],[128.21932,37.07982],[128.22072,37.07922],[128.22159,37.07949],[128.22353,37.07797],[128.22427,37.07853],[128.22642,37.07926],[128.22715,37.07917],[128.2279,37.07851],[128.22946,37.07795],[128.23328,37.0787],[128.23578,37.08017],[128.23613,37.07924],[128.23712,37.07848],[128.23739,37.07778],[128.24126,37.07453],[128.24413,37.07625],[128.24679,37.07692],[128.24667,37.07764],[128.24299,37.08085],[128.24249,37.08287],[128.2437,37.08443],[128.24406,37.08609],[128.24346,37.08755],[128.24166,37.08827],[128.24171,37.0895],[128.2396,37.09073],[128.24,37.09179],[128.23938,37.0923],[128.23865,37.0921],[128.23772,37.09231],[128.23782,37.09284],[128.24028,37.09427],[128.24072,37.09518],[128.24037,37.09583],[128.24089,37.09706],[128.24036,37.09789],[128.23954,37.09806],[128.23942,37.09902],[128.24025,37.10002],[128.23938,37.1006],[128.23815,37.10083],[128.23853,37.10213],[128.23667,37.10278],[128.23675,37.10361],[128.23791,37.10432],[128.23754,37.10447],[128.23766,37.10566],[128.23594,37.10636],[128.23569,37.10881],[128.23619,37.10978],[128.23549,37.10986],[128.23565,37.11116],[128.23496,37.11135],[128.23428,37.11353],[128.23365,37.11386],[128.23212,37.11385],[128.23177,37.11477]]],[[[128.21917,37.14333],[128.21822,37.14289],[128.21648,37.14228],[128.21647,37.14201],[128.21532,37.14241],[128.21448,37.14026],[128.21209,37.14095],[128.21075,37.13842],[128.20964,37.13858],[128.20954,37.1378],[128.2103,37.13756],[128.20862,37.13436],[128.21144,37.13584],[128.21215,37.13565],[128.21189,37.13471],[128.21273,37.13506],[128.21273,37.13422],[128.21345,37.13351],[128.21566,37.13331],[128.21593,37.13321],[128.21568,37.13274],[128.216,37.13262],[128.21701,37.13451],[128.2191,37.1337],[128.22233,37.12779],[128.22261,37.12799],[128.22205,37.12883],[128.22226,37.131],[128.22352,37.13391],[128.2236,37.13499],[128.2234,37.13574],[128.22202,37.13692],[128.22231,37.13754],[128.22405,37.13889],[128.22404,37.14074],[128.22474,37.1414],[128.22457,37.14165],[128.22374,37.14116],[128.2224,37.14161],[128.22209,37.14085],[128.22168,37.14086],[128.22083,37.14014],[128.21974,37.13983],[128.21865,37.13997],[128.21883,37.14068],[128.21829,37.14068],[128.21963,37.14273],[128.21917,37.14333]]]]}},{"type":"Feature","properties":{"zoneId":"Z000103470","zoneName":"대미초통학구역","zoneType":"elementary","level":"초등학교","kind":"dedicated","oneWay":false,"sggCode":"130","eduCode":"8021000","eduName":"충청북도충주교육지원청","updatedAt":"2016-08-12"},"geometry":{"type":"Polygon","coordinates":[[[127.95935,37.06056],[127.95935,37.06069],[127.95911,37.06152],[127.95766,37.06223],[127.95682,37.06328],[127.95508,37.06374],[127.95497,37.06416],[127.95351,37.06367],[127.95376,37.06313],[127.95293,37.06242],[127.95284,37.06186],[127.95089,37.06023],[127.94844,37.06012],[127.94757,37.05964],[127.94666,37.06002],[127.94625,37.05882],[127.94542,37.05786],[127.94471,37.05755],[127.94368,37.05774],[127.94323,37.05744],[127.9421,37.05851],[127.94135,37.05843],[127.9406,37.05773],[127.93967,37.05787],[127.9394,37.05857],[127.93971,37.05909],[127.93896,37.05989],[127.93743,37.0599],[127.93709,37.06037],[127.93595,37.06033],[127.93569,37.05995],[127.93432,37.06],[127.93335,37.06082],[127.93201,37.06128],[127.93105,37.05948],[127.93005,37.05961],[127.93112,37.05468],[127.93051,37.0524],[127.9297,37.05128],[127.93095,37.05143],[127.93279,37.05104],[127.93232,37.05033],[127.93291,37.04955],[127.93267,37.04891],[127.93159,37.04813],[127.93128,37.04712],[127.93108,37.04539],[127.93159,37.04411],[127.93115,37.04377],[127.93103,37.04318],[127.93014,37.04225],[127.92748,37.04213],[127.92741,37.0409],[127.92827,37.03997],[127.92944,37.03662],[127.92814,37.03316],[127.92587,37.03348],[127.92273,37.03284],[127.922,37.03314],[127.91952,37.03319],[127.91807,37.03247],[127.91685,37.03257],[127.91538,37.03143],[127.91098,37.03013],[127.90884,37.02869],[127.90727,37.02803],[127.90827,37.02677],[127.90913,37.02647],[127.90864,37.02432],[127.90993,37.02386],[127.90989,37.02257],[127.91082,37.02259],[127.91119,37.02206],[127.913,37.02192],[127.91328,37.02151],[127.91406,37.02137],[127.91458,37.02172],[127.91527,37.02131],[127.91697,37.0212],[127.91704,37.02023],[127.91865,37.0198],[127.92221,37.02114],[127.925,37.0214],[127.9363,37.02088],[127.94545,37.02118],[127.95141,37.02208],[127.95578,37.02388],[127.95464,37.02577],[127.95475,37.02728],[127.95367,37.02971],[127.95517,37.03063],[127.9572,37.03071],[127.9577,37.03139],[127.9589,37.03115],[127.95999,37.03186],[127.96007,37.03266],[127.95961,37.03337],[127.95998,37.03337],[127.96059,37.03446],[127.96061,37.0361],[127.96275,37.03871],[127.96382,37.03928],[127.96504,37.03922],[127.96538,37.04095],[127.96486,37.04184],[127.96529,37.04304],[127.96593,37.04335],[127.9665,37.04419],[127.96613,37.04463],[127.96654,37.04698],[127.9675,37.0479],[127.96783,37.04922],[127.96731,37.05007],[127.96889,37.05233],[127.96858,37.05212],[127.96697,37.05345],[127.96709,37.05496],[127.96669,37.05588],[127.96604,37.05611],[127.96444,37.05571],[127.96303,37.05748],[127.96133,37.05817],[127.96032,37.05743],[127.95993,37.05757],[127.95921,37.06009],[127.95935,37.06056]]]}},{"type":"Feature","properties":{"zoneId":"Z000103477","zoneName":"세성초통학구역","zoneType":"elementary","level":"초등학교","kind":"dedicated","oneWay":false,"sggCode":"130","eduCode":"8021000","eduName":"충청북도충주교육지원청","updatedAt":"2016-08-12"},"geometry":{"type":"Polygon","coordinates":[[[128.03032,36.96336],[128.0301,36.9637],[128.02919,36.96507],[128.02829,36.96542],[128.0243,36.96453],[128.02258,36.96306],[128.02187,36.96295],[128.02149,36.96223],[128.02017,36.96222],[128.01988,36.96159],[128.01882,36.96136],[128.01904,36.96075],[128.01861,36.95958],[128.01748,36.9597],[128.01579,36.95893],[128.01524,36.95896],[128.01459,36.95841],[128.01391,36.95862],[128.01276,36.95818],[128.01064,36.95533],[128.00977,36.9551],[128.00821,36.95419],[128.0074,36.95333],[128.00668,36.95311],[128.00536,36.95111],[128.0038,36.95039],[128.00164,36.95164],[127.99956,36.95396],[127.99813,36.95441],[127.99705,36.95591],[127.99433,36.95579],[127.99055,36.95412],[127.9893,36.95267],[127.98765,36.95215],[127.98694,36.95281],[127.98294,36.95319],[127.98135,36.95412],[127.97794,36.95353],[127.97757,36.95268],[127.97776,36.95107],[127.97898,36.94786],[127.98042,36.94661],[127.98204,36.94598],[127.98292,36.9452],[127.98599,36.9416],[127.98304,36.94075],[127.98191,36.93986],[127.98075,36.93814],[127.98071,36.93585],[127.98111,36.93486],[127.98251,36.93312],[127.9829,36.93091],[127.98272,36.93034],[127.98082,36.93029],[127.97852,36.92908],[127.97548,36.92881],[127.97387,36.92814],[127.9734,36.92901],[127.97167,36.93037],[127.9708,36.9307],[127.96912,36.93048],[127.96867,36.93172],[127.96802,36.93206],[127.96727,36.93337],[127.96696,36.93461],[127.96547,36.93545],[127.96167,36.93493],[127.9595,36.93514],[127.95722,36.93472],[127.95509,36.93518],[127.95352,36.9351],[127.95177,36.93359],[127.95097,36.93335],[127.94961,36.9336],[127.94842,36.93324],[127.94554,36.93413],[127.94594,36.93522],[127.9456,36.93578],[127.94588,36.93636],[127.94523,36.93705],[127.94397,36.93693],[127.94276,36.93776],[127.94169,36.93796],[127.93988,36.93754],[127.93728,36.93774],[127.93571,36.93727],[127.93542,36.93666],[127.93288,36.93557],[127.9319,36.93453],[127.93153,36.93272],[127.93135,36.93225],[127.93105,36.93229],[127.93134,36.93189],[127.93052,36.93151],[127.92963,36.92935],[127.92755,36.9275],[127.92182,36.92381],[127.91958,36.92184],[127.91738,36.91726],[127.91156,36.9128],[127.91105,36.91187],[127.91103,36.91064],[127.91557,36.90799],[127.92356,36.90563],[127.92532,36.90369],[127.92565,36.90254],[127.92784,36.90169],[127.92996,36.9036],[127.93385,36.90421],[127.93504,36.90355],[127.93687,36.90186],[127.93678,36.90113],[127.9378,36.89905],[127.93892,36.89862],[127.94067,36.89863],[127.94228,36.89948],[127.94319,36.89937],[127.94367,36.90021],[127.94597,36.90179],[127.94612,36.90252],[127.94652,36.90255],[127.94712,36.90327],[127.94774,36.90341],[127.94828,36.90301],[127.94909,36.90302],[127.9499,36.90189],[127.95131,36.90088],[127.95299,36.90026],[127.9563,36.89807],[127.95811,36.89754],[127.96079,36.89553],[127.96132,36.89475],[127.96228,36.89436],[127.96491,36.89499],[127.96769,36.89453],[127.96841,36.89306],[127.96932,36.8928],[127.96982,36.89145],[127.97016,36.89129],[127.97234,36.89382],[127.97357,36.89308],[127.97487,36.89288],[127.97707,36.89134],[127.97715,36.8904],[127.97827,36.88886],[127.97971,36.88775],[127.98053,36.88823],[127.98345,36.88832],[127.98433,36.88806],[127.98432,36.88869],[127.9852,36.88866],[127.9862,36.88951],[127.98667,36.88951],[127.98777,36.88873],[127.99194,36.88945],[127.99181,36.89064],[127.99319,36.89082],[127.99414,36.89058],[127.99495,36.88986],[127.99614,36.89003],[127.99652,36.89038],[127.99625,36.89085],[127.9967,36.891],[127.99686,36.89162],[127.99731,36.89189],[127.99897,36.89103],[127.99949,36.89159],[128.00068,36.89101],[128.00241,36.89076],[128.00306,36.88988],[128.00613,36.88851],[128.00697,36.88757],[128.01021,36.88828],[128.01213,36.88729],[128.01244,36.8879],[128.01497,36.89014],[128.01696,36.88984],[128.01849,36.89101],[128.01987,36.89053],[128.02115,36.8907],[128.02171,36.88892],[128.02354,36.88877],[128.0241,36.88751],[128.02295,36.88561],[128.02168,36.88428],[128.02065,36.88173],[128.02074,36.88031],[128.02118,36.87981],[128.02111,36.87901],[128.02363,36.87543],[128.02376,36.8736],[128.02675,36.87038],[128.02717,36.86943],[128.02645,36.86893],[128.0272,36.86834],[128.02705,36.86757],[128.02773,36.86585],[128.02891,36.86534],[128.03273,36.86222],[128.03467,36.86111],[128.03859,36.85981],[128.04254,36.86111],[128.04401,36.86253],[128.04444,36.86354],[128.04354,36.8651],[128.04483,36.86696],[128.04487,36.86914],[128.04552,36.8705],[128.04773,36.87129],[128.0503,36.87177],[128.05094,36.87219],[128.0518,36.87498],[128.05265,36.87641],[128.05252,36.87683],[128.05303,36.87867],[128.0549,36.88013],[128.05543,36.88256],[128.05666,36.88326],[128.05786,36.8835],[128.06049,36.88504],[128.06065,36.88634],[128.05907,36.88748],[128.06017,36.88886],[128.06265,36.89094],[128.06457,36.8921],[128.06631,36.89387],[128.06546,36.89665],[128.06651,36.8976],[128.06716,36.89895],[128.06644,36.90012],[128.06668,36.90072],[128.06645,36.90192],[128.06679,36.90368],[128.06812,36.90503],[128.06626,36.90943],[128.0673,36.9103],[128.06966,36.91149],[128.07225,36.91101],[128.07271,36.91327],[128.07113,36.91507],[128.0625,36.91997],[128.06153,36.92147],[128.06109,36.92288],[128.06074,36.92306],[128.05995,36.92935],[128.05864,36.9318],[128.05583,36.93335],[128.05314,36.93434],[128.0503,36.93489],[128.04933,36.93569],[128.04858,36.93565],[128.04581,36.9372],[128.04338,36.93927],[128.04271,36.94027],[128.04239,36.94155],[128.04259,36.94161],[128.04204,36.94557],[128.04218,36.94768],[128.04177,36.94873],[128.04281,36.94874],[128.0431,36.94944],[128.04315,36.95096],[128.04287,36.95097],[128.04261,36.95326],[128.04035,36.95439],[128.03832,36.95592],[128.03334,36.96046],[128.03205,36.96065],[128.03143,36.96158],[128.03103,36.96308],[128.03053,36.96303],[128.03032,36.96336]]]}},{"type":"Feature","properties":{"zoneId":"Z000103522","zoneName":"화당초통학구역","zoneType":"elementary","level":"초등학교","kind":"dedicated","oneWay":false,"sggCode":"150","eduCode":"8031000","eduName":"충청북도제천교육지원청","updatedAt":"2016-08-12"},"geometry":{"type":"Polygon","coordinates":[[[127.98158,37.25685],[127.98141,37.25688],[127.9799,37.25833],[127.97399,37.25631],[127.97191,37.25638],[127.96974,37.2557],[127.9688,37.25446],[127.96744,37.25383],[127.96455,37.25101],[127.95765,37.2498],[127.95268,37.24792],[127.94908,37.24568],[127.94738,37.24418],[127.94694,37.24184],[127.94519,37.24056],[127.9425,37.24042],[127.93888,37.24074],[127.9312,37.23416],[127.92662,37.2316],[127.92191,37.22584],[127.92158,37.22505],[127.92246,37.22215],[127.9235,37.22131],[127.9271,37.22015],[127.92729,37.21745],[127.92956,37.21169],[127.93065,37.21057],[127.93247,37.20699],[127.93257,37.20597],[127.93173,37.20498],[127.93152,37.20169],[127.93092,37.20113],[127.93176,37.19829],[127.93216,37.19523],[127.93296,37.19308],[127.93449,37.19038],[127.93626,37.18877],[127.93555,37.18786],[127.93587,37.18684],[127.93505,37.18563],[127.934,37.18527],[127.9326,37.18237],[127.93331,37.17931],[127.93284,37.17788],[127.93363,37.1758],[127.93171,37.17478],[127.93066,37.17201],[127.93019,37.17151],[127.9273,37.16978],[127.92633,37.16553],[127.92776,37.16421],[127.92961,37.16443],[127.93168,37.16367],[127.93312,37.16412],[127.93403,37.16333],[127.93734,37.16399],[127.9393,37.16391],[127.94265,37.16188],[127.94384,37.16195],[127.94543,37.16256],[127.94645,37.1623],[127.94742,37.16262],[127.95016,37.16155],[127.95222,37.16224],[127.95439,37.16213],[127.95505,37.16145],[127.95958,37.16066],[127.95963,37.15966],[127.96037,37.15897],[127.96358,37.15769],[127.96537,37.15797],[127.96554,37.15752],[127.96832,37.1562],[127.96821,37.15489],[127.96901,37.15388],[127.96927,37.15256],[127.96981,37.15154],[127.97115,37.15068],[127.97141,37.14966],[127.97108,37.14922],[127.97177,37.14809],[127.97143,37.14753],[127.97163,37.14603],[127.97038,37.14316],[127.97097,37.14178],[127.97369,37.14156],[127.9749,37.14219],[127.97536,37.14162],[127.97707,37.14128],[127.98375,37.14707],[127.98931,37.15303],[127.99299,37.15176],[127.99622,37.15316],[127.99719,37.15435],[127.99892,37.15457],[127.99953,37.15581],[128.0006,37.1557],[128.0013,37.15865],[128.005,37.15929],[128.00731,37.15798],[128.00979,37.16106],[128.01166,37.16252],[128.01007,37.16401],[128.01004,37.17579],[128.01028,37.18003],[128.01095,37.18141],[128.01074,37.18298],[128.01261,37.18964],[128.01079,37.19142],[128.012,37.19201],[128.01334,37.19338],[128.0153,37.19394],[128.02107,37.19663],[128.02295,37.19667],[128.02706,37.19575],[128.02869,37.19447],[128.03222,37.19388],[128.03224,37.19804],[128.03162,37.19934],[128.02858,37.20189],[128.02835,37.20304],[128.02954,37.20367],[128.02999,37.20577],[128.03114,37.20781],[128.03223,37.20815],[128.03277,37.20872],[128.03308,37.21081],[128.03688,37.21276],[128.0371,37.21339],[128.03888,37.21471],[128.03896,37.21538],[128.03875,37.21604],[128.03608,37.21861],[128.03344,37.21952],[128.03284,37.22012],[128.03205,37.22135],[128.03213,37.2238],[128.02879,37.22451],[128.02771,37.22513],[128.02671,37.22509],[128.02583,37.22597],[128.02301,37.22563],[128.0211,37.2303],[128.02093,37.23285],[128.01976,37.23814],[128.02009,37.24044],[128.01922,37.24438],[128.01765,37.24619],[128.01659,37.2469],[128.01575,37.24669],[128.01391,37.24704],[128.01259,37.24769],[128.01084,37.25003],[128.009,37.25065],[128.00797,37.25212],[128.00643,37.25252],[128.00566,37.25231],[128.00127,37.25361],[128.0004,37.25344],[127.99979,37.25388],[127.99973,37.25446],[127.999,37.25486],[127.99537,37.25431],[127.99423,37.25357],[127.99277,37.25483],[127.99031,37.25551],[127.98837,37.2571],[127.98694,37.25784],[127.98546,37.25814],[127.98471,37.25769],[127.98316,37.25744],[127.98261,37.25685],[127.98158,37.25685]]]}},{"type":"Feature","properties":{"zoneId":"Z000103602","zoneName":"칠성초통학구역","zoneType":"elementary","level":"초등학교","kind":"dedicated","oneWay":false,"sggCode":"760","eduCode":"8092000","eduName":"충청북도괴산증평교육지원청","updatedAt":"2016-08-12"},"geometry":{"type":"Polygon","coordinates":[[[127.88651,36.80903],[127.88651,36.80903],[127.88561,36.80931],[127.88437,36.80776],[127.88369,36.80783],[127.88151,36.80706],[127.88073,36.8074],[127.87994,36.80625],[127.87699,36.80473],[127.87687,36.80345],[127.87637,36.80256],[127.87643,36.80148],[127.87449,36.80108],[127.87413,36.8013],[127.87262,36.80044],[127.87178,36.80045],[127.8713,36.79974],[127.8683,36.80102],[127.86648,36.80313],[127.86452,36.80422],[127.86145,36.80368],[127.8607,36.8034],[127.86008,36.80262],[127.8568,36.80367],[127.85354,36.80321],[127.85128,36.80257],[127.84893,36.80136],[127.84684,36.80177],[127.84633,36.80131],[127.84261,36.80173],[127.84119,36.80257],[127.83992,36.8023],[127.83789,36.80175],[127.83702,36.8008],[127.83483,36.79986],[127.83506,36.79825],[127.83433,36.79782],[127.83281,36.79814],[127.83172,36.79978],[127.83096,36.79978],[127.82963,36.80071],[127.82916,36.80025],[127.82735,36.8004],[127.82727,36.80093],[127.82586,36.80196],[127.82596,36.80236],[127.82531,36.80313],[127.82337,36.80332],[127.82275,36.80384],[127.82236,36.80378],[127.82052,36.80332],[127.82071,36.80268],[127.81941,36.80201],[127.81916,36.80054],[127.81938,36.80011],[127.81895,36.79912],[127.81928,36.79839],[127.81869,36.79765],[127.81858,36.79657],[127.81597,36.79533],[127.81239,36.79261],[127.81207,36.79139],[127.81256,36.78925],[127.81224,36.78778],[127.81246,36.78688],[127.81436,36.7851],[127.81635,36.78436],[127.81564,36.78378],[127.81571,36.7825],[127.81536,36.78144],[127.81468,36.78072],[127.81455,36.77995],[127.81351,36.77969],[127.81309,36.77869],[127.81528,36.77675],[127.81532,36.77494],[127.81688,36.77412],[127.81932,36.77505],[127.82013,36.77477],[127.82051,36.77381],[127.8218,36.77314],[127.8212,36.7704],[127.82021,36.76912],[127.82069,36.76799],[127.82055,36.76499],[127.82168,36.76288],[127.82175,36.76133],[127.82329,36.76164],[127.82446,36.76151],[127.82628,36.75923],[127.82632,36.75856],[127.82752,36.75639],[127.82729,36.75534],[127.82762,36.75363],[127.82973,36.75111],[127.82918,36.75048],[127.8292,36.74908],[127.82892,36.74854],[127.82935,36.74662],[127.82901,36.74594],[127.82799,36.74564],[127.82664,36.74433],[127.82659,36.7425],[127.82696,36.74177],[127.82647,36.74101],[127.82476,36.74032],[127.82442,36.73955],[127.82321,36.7386],[127.82424,36.73606],[127.82627,36.7332],[127.82555,36.73233],[127.82556,36.73104],[127.82592,36.73081],[127.8265,36.7289],[127.82723,36.72389],[127.8283,36.72411],[127.82891,36.72494],[127.83379,36.72306],[127.83535,36.72397],[127.8359,36.7248],[127.83905,36.72491],[127.84233,36.7222],[127.84381,36.71998],[127.84364,36.71882],[127.84439,36.71783],[127.84533,36.71691],[127.84672,36.71696],[127.84753,36.71559],[127.84935,36.71548],[127.85049,36.71622],[127.85131,36.71636],[127.85451,36.71599],[127.85526,36.71569],[127.85629,36.71407],[127.85836,36.71277],[127.85878,36.71169],[127.86487,36.70999],[127.86696,36.71035],[127.86895,36.70862],[127.87377,36.70746],[127.87598,36.70655],[127.88061,36.71054],[127.88374,36.71262],[127.8862,36.71305],[127.888,36.71305],[127.88987,36.71258],[127.89136,36.71041],[127.89463,36.71029],[127.89593,36.70948],[127.8972,36.70944],[127.90239,36.70477],[127.90347,36.7049],[127.90621,36.70418],[127.90939,36.70474],[127.91201,36.70419],[127.91289,36.70521],[127.91469,36.70517],[127.91523,36.70607],[127.91725,36.70727],[127.91876,36.70636],[127.91976,36.70696],[127.92204,36.70703],[127.92336,36.70657],[127.9235,36.70588],[127.92472,36.70599],[127.92563,36.70558],[127.92628,36.7047],[127.93195,36.70344],[127.93357,36.70649],[127.93459,36.70571],[127.93809,36.70688],[127.93898,36.70656],[127.9429,36.70689],[127.94461,36.70604],[127.9457,36.70641],[127.94648,36.70621],[127.94953,36.70805],[127.9492,36.70847],[127.94918,36.70925],[127.94963,36.71264],[127.94886,36.71401],[127.94965,36.71599],[127.94915,36.71732],[127.94874,36.71755],[127.94933,36.71874],[127.94918,36.71988],[127.95145,36.72062],[127.95361,36.72268],[127.95485,36.72716],[127.95426,36.72822],[127.95534,36.72949],[127.95539,36.73111],[127.95499,36.73142],[127.95516,36.732],[127.95665,36.73349],[127.95697,36.73559],[127.95846,36.73684],[127.95986,36.73699],[127.95983,36.73798],[127.96084,36.73915],[127.96036,36.73983],[127.95925,36.74],[127.9582,36.74075],[127.95707,36.74017],[127.9553,36.74113],[127.95283,36.74131],[127.95046,36.74256],[127.94695,36.74357],[127.94439,36.74542],[127.94493,36.74692],[127.94396,36.74898],[127.94369,36.75015],[127.94407,36.75161],[127.94352,36.753],[127.94204,36.7548],[127.94074,36.75704],[127.94028,36.75852],[127.93861,36.7605],[127.93727,36.76369],[127.9371,36.76582],[127.93603,36.76746],[127.93511,36.76801],[127.93476,36.76928],[127.93442,36.76943],[127.93377,36.77089],[127.93366,36.77224],[127.92955,36.77459],[127.92859,36.77485],[127.92707,36.77749],[127.92563,36.77773],[127.92164,36.77672],[127.92047,36.77707],[127.91935,36.77644],[127.91825,36.77705],[127.91725,36.77711],[127.91572,36.7807],[127.91566,36.78136],[127.91608,36.78251],[127.91645,36.78269],[127.90863,36.78426],[127.90616,36.78607],[127.90376,36.78924],[127.90217,36.78959],[127.90183,36.7902],[127.89786,36.79161],[127.89865,36.79396],[127.89769,36.79433],[127.89687,36.79572],[127.89704,36.79695],[127.89499,36.7984],[127.89572,36.79987],[127.89582,36.80309],[127.8964,36.80433],[127.89405,36.80548],[127.89365,36.8072],[127.89264,36.80889],[127.88986,36.80746],[127.88753,36.80882],[127.88676,36.80877],[127.88651,36.80903]]]}},{"type":"Feature","properties":{"zoneId":"Z000103628","zoneName":"가평초통학구역","zoneType":"elementary","level":"초등학교","kind":"dedicated","oneWay":false,"sggCode":"800","eduCode":"8111000","eduName":"충청북도단양교육지원청","updatedAt":"2016-08-12"},"geometry":{"type":"Polygon","coordinates":[[[128.27611,37.11599],[128.27542,37.11619],[128.27451,37.11638],[128.27406,37.11702],[128.27304,37.11703],[128.2719,37.11616],[128.27085,37.11589],[128.27019,37.11485],[128.27052,37.1134],[128.27023,37.11271],[128.26857,37.1135],[128.26736,37.11353],[128.26713,37.11281],[128.26734,37.1113],[128.26638,37.1099],[128.26694,37.10864],[128.26595,37.1083],[128.2656,37.10781],[128.26447,37.1083],[128.26388,37.10788],[128.26326,37.10856],[128.26264,37.10802],[128.2632,37.10707],[128.26176,37.10622],[128.26005,37.10427],[128.25911,37.10409],[128.25787,37.10239],[128.25637,37.10146],[128.25637,37.10024],[128.25961,37.09913],[128.26153,37.09566],[128.26122,37.09366],[128.26233,37.09029],[128.26294,37.0903],[128.2645,37.08914],[128.26473,37.08879],[128.26436,37.08816],[128.26457,37.08804],[128.26594,37.08837],[128.26692,37.08743],[128.26813,37.08841],[128.26894,37.08848],[128.26895,37.08873],[128.26988,37.08836],[128.26955,37.08741],[128.26911,37.08758],[128.26813,37.08718],[128.26626,37.08489],[128.2655,37.08484],[128.2651,37.08431],[128.2635,37.08372],[128.26176,37.08266],[128.26139,37.08204],[128.26042,37.08194],[128.26014,37.08259],[128.25714,37.08279],[128.25521,37.08203],[128.2541,37.08024],[128.25278,37.07978],[128.25097,37.078],[128.25086,37.07611],[128.24889,37.07465],[128.24934,37.07302],[128.24914,37.07199],[128.24851,37.07111],[128.24958,37.06997],[128.25137,37.06917],[128.25316,37.06943],[128.2537,37.06879],[128.254,37.06701],[128.25471,37.0661],[128.25683,37.06612],[128.25763,37.06581],[128.25754,37.06507],[128.259,37.06521],[128.26016,37.06459],[128.26127,37.06378],[128.26158,37.06296],[128.26298,37.06226],[128.26367,37.06108],[128.26704,37.06086],[128.26779,37.06045],[128.2708,37.05734],[128.27023,37.05701],[128.271,37.054],[128.26777,37.05192],[128.271,37.054],[128.27252,37.05317],[128.27647,37.05293],[128.27724,37.05219],[128.2801,37.05093],[128.28105,37.05215],[128.28076,37.05307],[128.28112,37.05375],[128.2854,37.05768],[128.28894,37.05997],[128.28858,37.06073],[128.29223,37.06266],[128.29375,37.06264],[128.29614,37.06316],[128.29664,37.06372],[128.29753,37.0633],[128.29796,37.06247],[128.29897,37.06212],[128.29964,37.0601],[128.29901,37.0596],[128.29887,37.05822],[128.30048,37.05565],[128.30198,37.05473],[128.30421,37.05457],[128.30564,37.05499],[128.30735,37.05605],[128.30819,37.05941],[128.30986,37.06305],[128.3108,37.06321],[128.3138,37.06286],[128.31592,37.06409],[128.31704,37.06492],[128.31735,37.06552],[128.31957,37.06707],[128.32184,37.06823],[128.31907,37.07245],[128.31603,37.07522],[128.31545,37.07659],[128.31463,37.07732],[128.31234,37.07815],[128.31134,37.07899],[128.31095,37.0802],[128.30882,37.08372],[128.30133,37.08977],[128.29905,37.09112],[128.29873,37.09149],[128.29883,37.09266],[128.2982,37.09374],[128.29705,37.09506],[128.29571,37.0958],[128.29397,37.09807],[128.29337,37.09845],[128.29306,37.09926],[128.29064,37.1009],[128.28711,37.10218],[128.28607,37.10416],[128.28595,37.10549],[128.28465,37.1069],[128.2821,37.10893],[128.28051,37.10812],[128.27928,37.10986],[128.27778,37.11077],[128.27869,37.11387],[128.2776,37.11581],[128.27611,37.11599]]]}},{"type":"Feature","properties":{"zoneId":"Z000103566","zoneName":"추풍령초통학구역","zoneType":"elementary","level":"초등학교","kind":"dedicated","oneWay":false,"sggCode":"740","eduCode":"8071000","eduName":"충청북도영동교육지원청","updatedAt":"2016-08-12"},"geometry":{"type":"Polygon","coordinates":[[[128.01436,36.26985],[128.01416,36.2701],[128.01134,36.27195],[128.00907,36.27201],[128.00648,36.27033],[128.00553,36.26991],[128.00469,36.26995],[128.00422,36.26898],[128.00325,36.26808],[128.00163,36.26745],[128.00123,36.26681],[128.00048,36.26644],[127.9984,36.26841],[127.99752,36.26799],[127.99628,36.26813],[127.99441,36.26744],[127.99316,36.26655],[127.99262,36.26554],[127.99186,36.26524],[127.99172,36.26415],[127.99053,36.26338],[127.98902,36.26331],[127.98777,36.26385],[127.98708,36.26373],[127.98626,36.26305],[127.98393,36.26284],[127.98115,36.26371],[127.97868,36.26092],[127.97765,36.26062],[127.97672,36.25929],[127.97796,36.25731],[127.97792,36.25664],[127.97864,36.25608],[127.97832,36.25459],[127.97199,36.25213],[127.97056,36.2504],[127.96828,36.25032],[127.96813,36.249],[127.96692,36.24722],[127.96552,36.24606],[127.96304,36.24476],[127.96202,36.24324],[127.96121,36.24309],[127.96027,36.24155],[127.9588,36.24122],[127.95895,36.24055],[127.95838,36.23944],[127.95621,36.2377],[127.95631,36.2365],[127.95576,36.2354],[127.95596,36.23365],[127.95542,36.23279],[127.95371,36.23127],[127.95345,36.23044],[127.95381,36.2282],[127.95299,36.22669],[127.95247,36.22438],[127.94981,36.22137],[127.94962,36.22025],[127.94777,36.22014],[127.94574,36.21779],[127.94192,36.21574],[127.94163,36.216],[127.94016,36.21554],[127.93903,36.21398],[127.93884,36.2128],[127.93699,36.2121],[127.93811,36.21154],[127.93936,36.21037],[127.94222,36.20926],[127.94394,36.20692],[127.94554,36.20598],[127.9471,36.20602],[127.94816,36.20501],[127.94935,36.20443],[127.949,36.20295],[127.95007,36.20215],[127.95136,36.19965],[127.95258,36.19857],[127.95392,36.19845],[127.95607,36.19641],[127.95607,36.19594],[127.95684,36.19499],[127.95617,36.19283],[127.95818,36.19174],[127.96016,36.19253],[127.96195,36.19276],[127.96272,36.19161],[127.96547,36.18928],[127.96709,36.18637],[127.9675,36.18645],[127.96789,36.1873],[127.96845,36.18763],[127.97135,36.1888],[127.97317,36.18868],[127.97508,36.1881],[127.97622,36.18896],[127.97617,36.18842],[127.97649,36.19091],[127.97626,36.19205],[127.97738,36.19233],[127.97876,36.19323],[127.9812,36.19588],[127.98272,36.1963],[127.97991,36.19593],[127.97855,36.19708],[127.97802,36.19811],[127.98171,36.19909],[127.98347,36.20002],[127.98487,36.20135],[127.9888,36.20037],[127.98881,36.19977],[127.98925,36.19985],[127.98921,36.19957],[127.99304,36.20003],[127.99335,36.20092],[127.99311,36.20155],[127.99444,36.20261],[127.99475,36.20421],[127.99674,36.20586],[127.99807,36.20625],[127.99845,36.2073],[127.99878,36.20747],[128.00046,36.20694],[128.00265,36.20716],[128.00275,36.2077],[128.00302,36.20773],[128.00459,36.20725],[128.00637,36.20732],[128.00975,36.20936],[128.01198,36.20867],[128.01351,36.20913],[128.01547,36.20836],[128.01683,36.20869],[128.01754,36.20808],[128.01993,36.20801],[128.02405,36.20665],[128.02425,36.20625],[128.02668,36.20519],[128.0272,36.20462],[128.02802,36.20255],[128.03079,36.20209],[128.03173,36.20102],[128.03176,36.20032],[128.03328,36.20018],[128.03435,36.19926],[128.03481,36.19831],[128.03625,36.19775],[128.0366,36.19623],[128.03741,36.19592],[128.03863,36.19416],[128.03944,36.19468],[128.04002,36.19444],[128.04078,36.19463],[128.04237,36.19653],[128.04299,36.19601],[128.04384,36.1959],[128.04542,36.19627],[128.0458,36.1967],[128.04632,36.19673],[128.04796,36.19861],[128.04991,36.19905],[128.05069,36.19986],[128.05219,36.20061],[128.0529,36.20082],[128.05345,36.20047],[128.05481,36.20046],[128.05551,36.20108],[128.05738,36.20081],[128.05801,36.2011],[128.05785,36.20209],[128.05627,36.20208],[128.05321,36.20461],[128.05183,36.2051],[128.05079,36.206],[128.05041,36.20728],[128.05061,36.20776],[128.04935,36.21073],[128.05017,36.21293],[128.04979,36.21345],[128.05031,36.21469],[128.05009,36.21646],[128.04944,36.2166],[128.04758,36.21614],[128.04222,36.21755],[128.04138,36.21847],[128.04129,36.21915],[128.04047,36.22002],[128.04024,36.2209],[128.03951,36.22134],[128.039,36.22218],[128.03913,36.2229],[128.03995,36.22352],[128.03983,36.22412],[128.04046,36.22468],[128.03938,36.22575],[128.03933,36.22736],[128.03957,36.22771],[128.03934,36.22868],[128.03806,36.22953],[128.03682,36.22972],[128.03667,36.2312],[128.03584,36.23165],[128.0353,36.23263],[128.03401,36.23302],[128.03313,36.23371],[128.0329,36.23527],[128.03161,36.23645],[128.03177,36.23717],[128.0312,36.23774],[128.03071,36.23972],[128.03012,36.2397],[128.0299,36.24001],[128.03226,36.24153],[128.03368,36.24175],[128.03356,36.24212],[128.03565,36.24347],[128.03581,36.24468],[128.03549,36.24613],[128.03768,36.24766],[128.03944,36.25124],[128.04026,36.25203],[128.04268,36.2523],[128.04543,36.2519],[128.04573,36.25212],[128.04551,36.25232],[128.04685,36.25478],[128.04735,36.25655],[128.0464,36.25677],[128.0436,36.2584],[128.04078,36.25859],[128.03374,36.26153],[128.0323,36.26192],[128.03181,36.26169],[128.03133,36.262],[128.03114,36.26312],[128.03001,36.26452],[128.02897,36.26499],[128.02814,36.26476],[128.02692,36.26535],[128.02622,36.2679],[128.01903,36.26729],[128.0156,36.2683],[128.01517,36.26943],[128.01436,36.26985]]]}},{"type":"Feature","properties":{"zoneId":"Z000150738","zoneName":"진천상신초이월초학성초금구초공동통학구역","zoneType":"elementary","level":"초등학교","kind":"shared","oneWay":false,"sggCode":"750","eduCode":"8081000","eduName":"충청북도진천교육지원청","updatedAt":"2019-03-04"},"geometry":{"type":"Polygon","coordinates":[[[127.4635,36.94832],[127.46349,36.94839],[127.46208,36.94762],[127.45951,36.9481],[127.45762,36.94709],[127.45244,36.94815],[127.45041,36.94827],[127.44939,36.94798],[127.44844,36.94705],[127.44739,36.94489],[127.44535,36.94395],[127.44414,36.94455],[127.44304,36.94574],[127.442,36.94594],[127.44215,36.94322],[127.44367,36.94093],[127.44392,36.93885],[127.44337,36.93695],[127.44362,36.9362],[127.44575,36.93491],[127.44645,36.93318],[127.44618,36.92814],[127.44645,36.92713],[127.44827,36.92386],[127.44787,36.92223],[127.44486,36.9188],[127.44438,36.91613],[127.44551,36.91134],[127.44622,36.90955],[127.44965,36.90737],[127.45122,36.90696],[127.45616,36.90261],[127.45998,36.8975],[127.46559,36.89301],[127.46703,36.8901],[127.47003,36.88725],[127.4721,36.88231],[127.47349,36.88249],[127.47409,36.88558],[127.47395,36.88694],[127.4759,36.88827],[127.47712,36.88989],[127.47703,36.89131],[127.47656,36.8919],[127.47739,36.89329],[127.47688,36.89394],[127.47674,36.89448],[127.47702,36.89481],[127.47663,36.89552],[127.47553,36.89649],[127.47547,36.8975],[127.47603,36.898],[127.47701,36.8981],[127.47829,36.89997],[127.4784,36.90073],[127.48102,36.90208],[127.48366,36.90425],[127.48366,36.90484],[127.48516,36.90484],[127.48667,36.90699],[127.48743,36.9088],[127.48876,36.91013],[127.48698,36.91329],[127.48365,36.91637],[127.48336,36.91799],[127.48233,36.91994],[127.48047,36.92117],[127.47854,36.92491],[127.4772,36.92597],[127.47721,36.92734],[127.4792,36.92809],[127.48024,36.92899],[127.48096,36.93164],[127.48041,36.93271],[127.48123,36.93371],[127.47823,36.93593],[127.47655,36.93636],[127.47292,36.93582],[127.47064,36.93603],[127.46813,36.93833],[127.46742,36.93844],[127.46658,36.93912],[127.4664,36.9403],[127.46513,36.94208],[127.46437,36.94483],[127.46375,36.94539],[127.46404,36.94681],[127.4635,36.94832]]]}},{"type":"Feature","properties":{"zoneId":"Z000150406","zoneName":"진천상신초한천초공동통학구역","zoneType":"elementary","level":"초등학교","kind":"shared","oneWay":false,"sggCode":"750","eduCode":"8081000","eduName":"충청북도진천교육지원청","updatedAt":"2019-03-04"},"geometry":{"type":"Polygon","coordinates":[[[127.49059,36.93898],[127.48965,36.93894],[127.48949,36.93852],[127.48614,36.93868],[127.4849,36.9376],[127.48322,36.93707],[127.48267,36.93648],[127.48266,36.93478],[127.48126,36.9338],[127.48041,36.93271],[127.48096,36.93164],[127.48024,36.92899],[127.47928,36.92814],[127.47775,36.9277],[127.47706,36.92716],[127.47727,36.92581],[127.47854,36.92491],[127.48047,36.92117],[127.48249,36.91969],[127.4834,36.9179],[127.48365,36.91637],[127.48698,36.91329],[127.48826,36.91082],[127.48964,36.91072],[127.49233,36.9121],[127.49305,36.91186],[127.49456,36.91228],[127.49451,36.9132],[127.49549,36.9138],[127.4964,36.91547],[127.49746,36.91631],[127.49895,36.91682],[127.49966,36.9186],[127.4982,36.92051],[127.49847,36.92077],[127.49847,36.92253],[127.49907,36.92192],[127.49916,36.92135],[127.50073,36.92105],[127.50356,36.92179],[127.50359,36.92126],[127.50419,36.92114],[127.50396,36.92272],[127.50456,36.92373],[127.5054,36.92414],[127.50836,36.92397],[127.50879,36.9261],[127.51004,36.92677],[127.51031,36.92725],[127.51197,36.9274],[127.51233,36.92845],[127.51163,36.92917],[127.51133,36.93094],[127.51036,36.93054],[127.50884,36.92923],[127.50875,36.92986],[127.50766,36.9306],[127.50745,36.9314],[127.50499,36.93301],[127.50347,36.93282],[127.50259,36.93231],[127.49963,36.93213],[127.49992,36.9332],[127.4989,36.93398],[127.49851,36.93492],[127.4966,36.93578],[127.49584,36.93668],[127.49437,36.93729],[127.49405,36.93789],[127.49281,36.93876],[127.49222,36.93856],[127.49059,36.93898]]]}},{"type":"Feature","properties":{"zoneId":"Z000103614","zoneName":"소이초통학구역","zoneType":"elementary","level":"초등학교","kind":"dedicated","oneWay":false,"sggCode":"770","eduCode":"8101000","eduName":"충청북도음성교육지원청","updatedAt":"2019-04-02"},"geometry":{"type":"Polygon","coordinates":[[[127.72378,36.95882],[127.72375,36.95885],[127.72247,36.95936],[127.72209,36.95918],[127.72206,36.95873],[127.7186,36.95895],[127.71804,36.95845],[127.7163,36.95841],[127.71622,36.9563],[127.71664,36.95532],[127.71651,36.95368],[127.71585,36.95203],[127.71587,36.95058],[127.71795,36.94653],[127.71968,36.94627],[127.72048,36.94564],[127.7208,36.94446],[127.72032,36.94317],[127.7204,36.94163],[127.72008,36.9414],[127.72014,36.93832],[127.72052,36.93757],[127.72181,36.938],[127.72532,36.93696],[127.72784,36.93704],[127.72904,36.93651],[127.72951,36.93677],[127.73082,36.93518],[127.73176,36.93483],[127.73156,36.934],[127.73102,36.93349],[127.73033,36.92909],[127.73086,36.92722],[127.73236,36.92644],[127.73108,36.92568],[127.7298,36.92548],[127.72633,36.92659],[127.72631,36.92491],[127.72395,36.92493],[127.72422,36.92158],[127.72241,36.92052],[127.72173,36.91838],[127.72153,36.91577],[127.72107,36.91432],[127.72143,36.91388],[127.72136,36.91318],[127.72189,36.91256],[127.72106,36.91255],[127.72014,36.91191],[127.71925,36.91187],[127.71836,36.91224],[127.71604,36.9098],[127.71228,36.90823],[127.71229,36.90675],[127.71261,36.90639],[127.71223,36.90528],[127.71248,36.90509],[127.7127,36.90095],[127.71325,36.90049],[127.71293,36.89975],[127.7135,36.89816],[127.71283,36.89686],[127.71387,36.89641],[127.71395,36.89543],[127.71515,36.89411],[127.7168,36.89313],[127.71729,36.89205],[127.71792,36.89192],[127.71822,36.89003],[127.71942,36.88857],[127.71917,36.88742],[127.71938,36.88575],[127.71909,36.8849],[127.71811,36.88427],[127.71809,36.88372],[127.71765,36.88379],[127.71718,36.88327],[127.71736,36.8824],[127.71708,36.88222],[127.71701,36.8815],[127.71613,36.88128],[127.7155,36.8806],[127.71651,36.87811],[127.71721,36.8776],[127.71867,36.87806],[127.71965,36.87747],[127.72032,36.87756],[127.72312,36.87831],[127.72374,36.87864],[127.72403,36.87967],[127.72522,36.88007],[127.72664,36.87961],[127.72797,36.87996],[127.72828,36.87938],[127.73038,36.87852],[127.73189,36.87865],[127.73328,36.87943],[127.73524,36.87994],[127.73751,36.87865],[127.73798,36.87785],[127.7395,36.87864],[127.74348,36.87744],[127.74543,36.87803],[127.74762,36.87623],[127.74793,36.87442],[127.74881,36.87383],[127.75054,36.87332],[127.75247,36.87477],[127.75339,36.87372],[127.75429,36.87349],[127.75645,36.87363],[127.75757,36.87403],[127.7586,36.87384],[127.76085,36.87591],[127.76092,36.87675],[127.76247,36.87749],[127.76489,36.87661],[127.76505,36.87606],[127.76667,36.87477],[127.76993,36.87613],[127.77079,36.87756],[127.77281,36.87795],[127.77481,36.87788],[127.77593,36.87853],[127.77764,36.87855],[127.77852,36.87878],[127.7789,36.87924],[127.78232,36.87971],[127.78338,36.88038],[127.78513,36.87964],[127.78569,36.88008],[127.78774,36.88063],[127.78826,36.88208],[127.78882,36.88262],[127.78935,36.88554],[127.79083,36.88914],[127.79414,36.89463],[127.79505,36.89694],[127.79476,36.89899],[127.79322,36.90071],[127.78815,36.90313],[127.78648,36.9035],[127.78536,36.90507],[127.78517,36.90594],[127.78983,36.90671],[127.79101,36.90627],[127.79148,36.90423],[127.79281,36.90368],[127.79847,36.90276],[127.79762,36.90408],[127.79752,36.90518],[127.79774,36.90729],[127.79829,36.90817],[127.79827,36.9088],[127.79793,36.90942],[127.79715,36.90982],[127.79697,36.91043],[127.79626,36.9108],[127.79622,36.91252],[127.79564,36.91339],[127.79377,36.91441],[127.79463,36.91554],[127.79436,36.91623],[127.79316,36.91687],[127.79169,36.91658],[127.7905,36.91685],[127.78953,36.91568],[127.78674,36.91582],[127.7856,36.91744],[127.78486,36.9173],[127.78415,36.91762],[127.78356,36.91867],[127.7837,36.91984],[127.78283,36.92221],[127.78303,36.92275],[127.78191,36.92301],[127.78145,36.92416],[127.78392,36.92481],[127.7852,36.92457],[127.78626,36.92494],[127.78748,36.92593],[127.78899,36.92612],[127.78843,36.92683],[127.78905,36.92863],[127.78768,36.92883],[127.78813,36.92912],[127.78842,36.93064],[127.78774,36.93153],[127.78681,36.93196],[127.78841,36.93379],[127.78803,36.93719],[127.78664,36.93699],[127.78436,36.93771],[127.78274,36.93682],[127.78171,36.93529],[127.78095,36.93487],[127.77894,36.93425],[127.7775,36.93432],[127.77563,36.93334],[127.7741,36.93377],[127.77309,36.93475],[127.77204,36.93506],[127.77176,36.93617],[127.77007,36.93678],[127.76908,36.93866],[127.76838,36.93877],[127.76681,36.94035],[127.76484,36.93978],[127.76378,36.94087],[127.76236,36.94407],[127.76077,36.94478],[127.76087,36.94509],[127.76384,36.94633],[127.76295,36.94738],[127.76257,36.94845],[127.76204,36.9491],[127.75859,36.95125],[127.75813,36.95279],[127.75636,36.95304],[127.75567,36.95415],[127.75579,36.95501],[127.75529,36.95473],[127.75442,36.95486],[127.75344,36.95665],[127.75332,36.95769],[127.75296,36.95795],[127.7501,36.95583],[127.74898,36.95607],[127.74516,36.95556],[127.74458,36.95407],[127.74249,36.95348],[127.74116,36.95252],[127.73928,36.95238],[127.73672,36.95421],[127.73419,36.95358],[127.7329,36.95366],[127.73281,36.95473],[127.73232,36.95546],[127.73055,36.95685],[127.73051,36.95741],[127.72995,36.95796],[127.72685,36.95905],[127.72546,36.95799],[127.72477,36.95858],[127.72378,36.95882]]]}},{"type":"Feature","properties":{"zoneId":"Z000103388","zoneName":"덕벌초통학구역","zoneType":"elementary","level":"초등학교","kind":"dedicated","oneWay":false,"sggCode":"114","eduCode":"8011000","eduName":"충청북도청주교육지원청","updatedAt":"2016-08-12"},"geometry":{"type":"MultiPolygon","coordinates":[[[[127.4811,36.6628],[127.48108,36.66279],[127.47719,36.66251],[127.47646,36.66205],[127.47526,36.66026],[127.47445,36.65979],[127.47147,36.6595],[127.47956,36.64974],[127.48312,36.65126],[127.48757,36.65378],[127.4877,36.65465],[127.48647,36.65585],[127.48747,36.65589],[127.48766,36.65652],[127.48834,36.65687],[127.48725,36.66117],[127.4859,36.66102],[127.48568,36.66256],[127.48402,36.66254],[127.48338,36.66214],[127.4829,36.66264],[127.48184,36.66202],[127.4811,36.6628]]],[[[127.48684,36.66407],[127.48683,36.66412],[127.4867,36.66488],[127.48393,36.66357],[127.48456,36.66287],[127.48684,36.66407]]]]}},{"type":"Feature","properties":{"zoneId":"Z000103451","zoneName":"청남초통학구역","zoneType":"elementary","level":"초등학교","kind":"dedicated","oneWay":false,"sggCode":"111","eduCode":"8011000","eduName":"충청북도청주교육지원청","updatedAt":"2016-08-12"},"geometry":{"type":"Polygon","coordinates":[[[127.49883,36.62298],[127.49877,36.623],[127.49781,36.6232],[127.49708,36.62285],[127.4964,36.62297],[127.49547,36.62192],[127.49426,36.6224],[127.49326,36.62234],[127.49364,36.61792],[127.49529,36.615],[127.50047,36.61491],[127.50113,36.6152],[127.5026,36.61687],[127.50496,36.61727],[127.50792,36.61956],[127.50891,36.61989],[127.50778,36.62113],[127.50829,36.62143],[127.50758,36.62218],[127.50518,36.62099],[127.50546,36.62049],[127.50342,36.61992],[127.50238,36.62035],[127.50289,36.62165],[127.50012,36.62218],[127.49986,36.62283],[127.49883,36.62298]]]}},{"type":"Feature","properties":{"zoneId":"Z000103536","zoneName":"탄부초통학구역","zoneType":"elementary","level":"초등학교","kind":"dedicated","oneWay":false,"sggCode":"720","eduCode":"8051000","eduName":"충청북도보은교육지원청","updatedAt":"2016-08-12"},"geometry":{"type":"Polygon","coordinates":[[[127.75246,36.47316],[127.75224,36.47349],[127.7516,36.47414],[127.75015,36.47367],[127.75024,36.47229],[127.7507,36.47151],[127.74979,36.46832],[127.74988,36.46724],[127.7502,36.46595],[127.75087,36.46528],[127.75096,36.46436],[127.7516,36.4632],[127.75105,36.4618],[127.74981,36.46074],[127.74956,36.45955],[127.74988,36.45863],[127.74728,36.45816],[127.74638,36.45736],[127.74509,36.45721],[127.7452,36.45594],[127.74494,36.45516],[127.74426,36.45496],[127.74356,36.4557],[127.7428,36.45547],[127.742,36.45498],[127.74132,36.4539],[127.73937,36.45494],[127.73941,36.45437],[127.73901,36.454],[127.73893,36.45498],[127.73705,36.45478],[127.73658,36.4526],[127.73531,36.45],[127.73533,36.44812],[127.73639,36.44643],[127.7433,36.44129],[127.74501,36.43777],[127.75,36.43201],[127.75415,36.42618],[127.75579,36.42523],[127.76093,36.42413],[127.76181,36.42335],[127.76376,36.4204],[127.76634,36.41911],[127.76566,36.41854],[127.76673,36.41785],[127.76979,36.41688],[127.76815,36.41539],[127.76756,36.41428],[127.76795,36.41415],[127.76625,36.41153],[127.76674,36.41112],[127.76702,36.40916],[127.76987,36.40806],[127.77056,36.40597],[127.77096,36.40579],[127.77138,36.40495],[127.77184,36.40491],[127.77241,36.40306],[127.77328,36.40158],[127.77411,36.40333],[127.77593,36.40297],[127.77691,36.40324],[127.77833,36.4031],[127.78098,36.40546],[127.78293,36.40545],[127.78535,36.40682],[127.78813,36.40732],[127.78947,36.41005],[127.79015,36.41009],[127.7927,36.41169],[127.79425,36.41109],[127.79523,36.41156],[127.79815,36.41058],[127.79928,36.41055],[127.79956,36.41105],[127.80065,36.41121],[127.80235,36.41352],[127.80325,36.41379],[127.80591,36.41372],[127.8065,36.41408],[127.80818,36.41313],[127.80998,36.4138],[127.81164,36.416],[127.81298,36.41647],[127.81498,36.41644],[127.81739,36.41751],[127.817,36.41773],[127.8171,36.41815],[127.8159,36.41869],[127.81496,36.41962],[127.81294,36.42261],[127.81278,36.42417],[127.81328,36.42774],[127.81321,36.43072],[127.81077,36.44299],[127.81075,36.44801],[127.80974,36.45],[127.80784,36.45207],[127.80354,36.45348],[127.80082,36.45547],[127.78563,36.45564],[127.78484,36.45639],[127.78419,36.45601],[127.78321,36.45648],[127.78119,36.45656],[127.7792,36.4578],[127.77898,36.45753],[127.77802,36.45781],[127.77653,36.45947],[127.7757,36.46102],[127.77513,36.46133],[127.77449,36.46119],[127.77373,36.46015],[127.77277,36.4597],[127.7726,36.45759],[127.77078,36.4569],[127.7694,36.45738],[127.76706,36.45985],[127.76629,36.46016],[127.7652,36.46192],[127.76447,36.46199],[127.76363,36.46326],[127.76248,36.46385],[127.76127,36.4655],[127.76005,36.46652],[127.75926,36.46781],[127.75814,36.46788],[127.75706,36.47035],[127.75454,36.47187],[127.7537,36.47344],[127.75287,36.47295],[127.75246,36.47316]]]}},{"type":"Feature","properties":{"zoneId":"Z000103588","zoneName":"목도초통학구역","zoneType":"elementary","level":"초등학교","kind":"dedicated","oneWay":false,"sggCode":"760","eduCode":"8092000","eduName":"충청북도괴산증평교육지원청","updatedAt":"2017-05-19"},"geometry":{"type":"Polygon","coordinates":[[[127.80067,36.94755],[127.80002,36.94733],[127.79983,36.94753],[127.79901,36.94727],[127.79856,36.94668],[127.79636,36.94672],[127.79494,36.94591],[127.79488,36.94407],[127.79385,36.9434],[127.79378,36.94305],[127.79291,36.94293],[127.79339,36.94071],[127.79269,36.93948],[127.79163,36.93866],[127.78803,36.93719],[127.78841,36.93379],[127.78681,36.93196],[127.78774,36.93153],[127.78842,36.93064],[127.78813,36.92912],[127.78768,36.92883],[127.78905,36.92863],[127.78843,36.92683],[127.78899,36.92612],[127.78748,36.92593],[127.78626,36.92494],[127.7852,36.92457],[127.78392,36.92481],[127.78145,36.92416],[127.78191,36.92301],[127.78303,36.92275],[127.78283,36.92221],[127.7837,36.91984],[127.78356,36.91867],[127.78415,36.91762],[127.78486,36.9173],[127.7856,36.91744],[127.78674,36.91582],[127.78953,36.91568],[127.7905,36.91685],[127.79169,36.91658],[127.79316,36.91687],[127.79436,36.91623],[127.79463,36.91554],[127.79377,36.91441],[127.79564,36.91339],[127.79622,36.91252],[127.79626,36.9108],[127.79697,36.91043],[127.79715,36.90982],[127.79793,36.90942],[127.79827,36.9088],[127.79829,36.90817],[127.79774,36.90729],[127.79752,36.90518],[127.79762,36.90408],[127.79847,36.90276],[127.79281,36.90368],[127.79148,36.90423],[127.79101,36.90627],[127.78983,36.90671],[127.78517,36.90594],[127.78536,36.90507],[127.78648,36.9035],[127.78815,36.90313],[127.79322,36.90071],[127.79476,36.89899],[127.79505,36.89694],[127.79414,36.89463],[127.79083,36.88914],[127.78935,36.88554],[127.78882,36.88262],[127.78826,36.88208],[127.78774,36.88063],[127.78569,36.88008],[127.78513,36.87964],[127.78338,36.88038],[127.78232,36.87971],[127.7789,36.87924],[127.77852,36.87878],[127.77764,36.87855],[127.77593,36.87853],[127.77481,36.87788],[127.77281,36.87795],[127.77079,36.87756],[127.76993,36.87613],[127.76669,36.87478],[127.76831,36.87199],[127.76816,36.87121],[127.76916,36.87038],[127.77052,36.87075],[127.77134,36.87142],[127.7748,36.87151],[127.77607,36.87058],[127.77767,36.86874],[127.77777,36.86766],[127.77927,36.86641],[127.77915,36.86607],[127.78033,36.86538],[127.78075,36.86468],[127.78385,36.86565],[127.78454,36.86513],[127.78589,36.86515],[127.7875,36.86349],[127.78804,36.86346],[127.78918,36.86456],[127.79005,36.86479],[127.79159,36.86382],[127.79258,36.86371],[127.79403,36.8641],[127.79495,36.86379],[127.79643,36.86388],[127.79664,36.86152],[127.79727,36.85968],[127.79785,36.85885],[127.79887,36.85836],[127.79955,36.85844],[127.80059,36.85753],[127.80169,36.85838],[127.80536,36.85899],[127.80723,36.8582],[127.80773,36.85846],[127.80879,36.85798],[127.80991,36.85625],[127.81085,36.85677],[127.81282,36.85691],[127.81291,36.85627],[127.8141,36.85616],[127.81461,36.85515],[127.81606,36.85508],[127.81574,36.85366],[127.81753,36.85128],[127.81755,36.85028],[127.81916,36.84973],[127.82016,36.84868],[127.82055,36.84761],[127.82151,36.84756],[127.82213,36.84717],[127.82396,36.84747],[127.8256,36.84667],[127.82654,36.84496],[127.82756,36.84482],[127.82811,36.84411],[127.82841,36.84421],[127.829,36.8437],[127.83078,36.84394],[127.83099,36.84456],[127.8326,36.84449],[127.83432,36.84661],[127.83553,36.84684],[127.83567,36.84727],[127.83636,36.84736],[127.83811,36.84673],[127.83988,36.84541],[127.84086,36.84522],[127.84652,36.84159],[127.84802,36.84209],[127.84867,36.8426],[127.84868,36.84381],[127.84616,36.84529],[127.84544,36.84743],[127.84513,36.85256],[127.84594,36.86016],[127.84626,36.86099],[127.84741,36.86202],[127.85,36.8634],[127.85314,36.86441],[127.85359,36.8649],[127.85654,36.87143],[127.85734,36.875],[127.86018,36.8793],[127.86285,36.88118],[127.86409,36.8811],[127.86532,36.88037],[127.86591,36.88203],[127.86603,36.88455],[127.86491,36.88491],[127.8646,36.88602],[127.86228,36.88821],[127.86316,36.88933],[127.86416,36.89209],[127.86284,36.89484],[127.86397,36.89625],[127.86086,36.89944],[127.85986,36.89979],[127.85905,36.90285],[127.85859,36.90329],[127.85833,36.90492],[127.85593,36.90633],[127.85505,36.90724],[127.85284,36.908],[127.85244,36.90928],[127.85159,36.90941],[127.85094,36.90901],[127.84606,36.90925],[127.84401,36.91057],[127.84375,36.91114],[127.84147,36.91121],[127.84054,36.91228],[127.83915,36.91259],[127.83793,36.91366],[127.83811,36.91422],[127.83975,36.91583],[127.84209,36.9174],[127.84176,36.91816],[127.83996,36.91983],[127.84088,36.92106],[127.84241,36.92168],[127.84193,36.92233],[127.84182,36.9233],[127.8424,36.92387],[127.84244,36.9254],[127.84316,36.9266],[127.843,36.92771],[127.83985,36.93003],[127.83768,36.93011],[127.83664,36.93049],[127.83538,36.92995],[127.83474,36.93083],[127.83466,36.93202],[127.83356,36.93314],[127.83241,36.93347],[127.83224,36.93506],[127.83181,36.93538],[127.8323,36.93695],[127.83345,36.9374],[127.83311,36.93785],[127.83294,36.93985],[127.8316,36.94018],[127.83043,36.93983],[127.82942,36.94047],[127.82619,36.94042],[127.82581,36.94217],[127.82466,36.94196],[127.82406,36.9428],[127.82157,36.94344],[127.82106,36.94259],[127.82031,36.94245],[127.82022,36.94145],[127.81938,36.94107],[127.816,36.94127],[127.81498,36.94055],[127.81194,36.94074],[127.80944,36.93958],[127.80829,36.94106],[127.80771,36.9411],[127.80716,36.94159],[127.80731,36.94424],[127.8066,36.94595],[127.80278,36.94667],[127.80067,36.94755]]]}},{"type":"Feature","properties":{"zoneId":"Z000103417","zoneName":"서촌초통학구역","zoneType":"elementary","level":"초등학교","kind":"dedicated","oneWay":false,"sggCode":"113","eduCode":"8011000","eduName":"충청북도청주교육지원청","updatedAt":"2018-01-29"},"geometry":{"type":"Polygon","coordinates":[[[127.39291,36.66055],[127.39253,36.66092],[127.38902,36.6596],[127.38238,36.65943],[127.38,36.66087],[127.37481,36.65881],[127.37429,36.65812],[127.37466,36.6564],[127.37541,36.65612],[127.37673,36.65471],[127.3736,36.65253],[127.37629,36.64511],[127.37814,36.6466],[127.37918,36.64643],[127.37942,36.64609],[127.37848,36.6453],[127.38175,36.64285],[127.38364,36.6426],[127.38473,36.64316],[127.3871,36.6414],[127.38763,36.64153],[127.38713,36.64033],[127.38781,36.63955],[127.38943,36.63877],[127.39034,36.63674],[127.38998,36.6345],[127.39039,36.63312],[127.38929,36.63105],[127.39128,36.6303],[127.392,36.63079],[127.39374,36.63023],[127.39585,36.63018],[127.39675,36.6296],[127.39764,36.6299],[127.39886,36.62955],[127.40126,36.63031],[127.40114,36.63071],[127.40162,36.63151],[127.40354,36.63228],[127.40663,36.63239],[127.40805,36.63333],[127.40932,36.63312],[127.41041,36.6324],[127.4151,36.63252],[127.41623,36.6332],[127.41665,36.63603],[127.41849,36.63625],[127.41789,36.64022],[127.41824,36.64279],[127.41944,36.64643],[127.42272,36.64621],[127.42252,36.64743],[127.41977,36.64993],[127.41834,36.65033],[127.41676,36.65166],[127.41254,36.65157],[127.41136,36.65264],[127.40973,36.65519],[127.40819,36.65582],[127.40744,36.65652],[127.40168,36.65318],[127.40178,36.651],[127.40008,36.65146],[127.40091,36.65452],[127.39512,36.65865],[127.3951,36.65838],[127.39291,36.66055]],[[127.41416,36.63756],[127.41596,36.63928],[127.4167,36.63967],[127.41765,36.63967],[127.41787,36.63763],[127.41494,36.63561],[127.41449,36.63561],[127.41416,36.63756]]]}},{"type":"Feature","properties":{"zoneId":"Z000103635","zoneName":"매포초통학구역","zoneType":"elementary","level":"초등학교","kind":"dedicated","oneWay":false,"sggCode":"800","eduCode":"8111000","eduName":"충청북도단양교육지원청","updatedAt":"2022-01-18"},"geometry":{"type":"Polygon","coordinates":[[[128.32342,37.06295],[128.32323,37.06383],[128.3231,37.06576],[128.32184,37.06823],[128.31957,37.06707],[128.31735,37.06552],[128.31704,37.06492],[128.31592,37.06409],[128.3138,37.06286],[128.3108,37.06321],[128.30986,37.06305],[128.30819,37.05941],[128.30735,37.05605],[128.30564,37.05499],[128.30421,37.05457],[128.30198,37.05473],[128.30022,37.05591],[128.29887,37.05822],[128.29901,37.0596],[128.29964,37.0601],[128.29897,37.06212],[128.29796,37.06247],[128.29753,37.0633],[128.29664,37.06372],[128.29614,37.06316],[128.29375,37.06264],[128.29223,37.06266],[128.28858,37.06073],[128.28894,37.05997],[128.2854,37.05768],[128.28352,37.05576],[128.28237,37.0551],[128.28223,37.05464],[128.28112,37.05375],[128.28076,37.05307],[128.28105,37.05215],[128.2801,37.05093],[128.27724,37.05219],[128.27647,37.05293],[128.27252,37.05317],[128.271,37.054],[128.26777,37.05192],[128.26694,37.05217],[128.2649,37.05208],[128.26402,37.05003],[128.26301,37.05048],[128.26271,37.05018],[128.26294,37.04835],[128.26447,37.04728],[128.26294,37.04587],[128.26108,37.04546],[128.25947,37.04418],[128.25977,37.04345],[128.25987,37.04095],[128.26087,37.04008],[128.26123,37.04031],[128.26607,37.03675],[128.26731,37.03701],[128.2689,37.03603],[128.26941,37.03659],[128.27101,37.03724],[128.27186,37.03663],[128.27344,37.03619],[128.27371,37.0354],[128.27566,37.03374],[128.27813,37.03337],[128.27917,37.03256],[128.27955,37.03185],[128.27941,37.03131],[128.28063,37.03044],[128.28028,37.02977],[128.28042,37.02901],[128.28139,37.02768],[128.28325,37.02737],[128.28538,37.02654],[128.28698,37.02706],[128.28995,37.02729],[128.29045,37.02708],[128.29082,37.02644],[128.29183,37.02606],[128.29451,37.02352],[128.29418,37.01965],[128.29381,37.01848],[128.29402,37.01742],[128.29516,37.01723],[128.2954,37.01669],[128.29476,37.01592],[128.29517,37.01446],[128.29606,37.01414],[128.29576,37.01298],[128.29658,37.01278],[128.29889,37.00933],[128.30018,37.00842],[128.30163,37.00669],[128.30179,37.0045],[128.30315,37.00404],[128.30377,37.00333],[128.30393,37.00107],[128.30348,36.99972],[128.30359,36.99786],[128.30302,36.99668],[128.30167,36.99631],[128.30123,36.99406],[128.30149,36.99331],[128.30097,36.99289],[128.30094,36.99245],[128.29988,36.99167],[128.29991,36.99092],[128.29886,36.99071],[128.29913,36.98978],[128.29894,36.98929],[128.29948,36.98882],[128.29972,36.98786],[128.30012,36.98768],[128.30064,36.98603],[128.3017,36.98509],[128.30215,36.98356],[128.30707,36.98308],[128.30743,36.98108],[128.30846,36.97972],[128.31155,36.97896],[128.3132,36.97949],[128.31473,36.97942],[128.31794,36.98195],[128.31874,36.98161],[128.32205,36.98144],[128.32325,36.98258],[128.32333,36.98309],[128.32541,36.98464],[128.32772,36.98518],[128.32737,36.9867],[128.32922,36.98911],[128.329,36.9898],[128.33131,36.99112],[128.33268,36.99354],[128.33364,36.9939],[128.33428,36.99457],[128.33414,36.99494],[128.33618,36.99576],[128.33695,36.99678],[128.34126,36.99627],[128.34399,36.99452],[128.34704,36.99683],[128.34875,36.99558],[128.35,36.99519],[128.36145,36.99457],[128.36459,36.99376],[128.36791,36.99224],[128.37007,36.99058],[128.37203,36.98854],[128.37593,36.99034],[128.37728,36.99055],[128.37769,36.99128],[128.38038,36.99257],[128.38106,36.99397],[128.38512,36.99635],[128.38444,36.99927],[128.38102,36.99859],[128.37717,36.99859],[128.37443,36.99914],[128.37336,37],[128.37132,37.00094],[128.37135,37.00591],[128.37171,37.00832],[128.37044,37.01143],[128.37027,37.01343],[128.37066,37.01474],[128.37029,37.01518],[128.37034,37.01628],[128.36967,37.01734],[128.37024,37.01811],[128.37302,37.01871],[128.37521,37.02033],[128.37477,37.02251],[128.3751,37.02355],[128.37722,37.02443],[128.37723,37.02621],[128.37803,37.02803],[128.37818,37.0295],[128.37968,37.03112],[128.37988,37.03289],[128.38071,37.03434],[128.37948,37.03579],[128.37829,37.03654],[128.37546,37.03796],[128.37371,37.03825],[128.3733,37.03881],[128.37298,37.04038],[128.37268,37.04203],[128.37286,37.04285],[128.37245,37.04448],[128.37101,37.04566],[128.36798,37.0454],[128.36376,37.04387],[128.3615,37.0438],[128.35992,37.04414],[128.35784,37.04269],[128.35624,37.04249],[128.35288,37.04308],[128.35175,37.04182],[128.35045,37.04095],[128.34807,37.0412],[128.34604,37.04197],[128.3448,37.04276],[128.34331,37.04474],[128.3407,37.04506],[128.33973,37.04565],[128.33884,37.0456],[128.33721,37.047],[128.3358,37.05044],[128.3333,37.05332],[128.33198,37.05428],[128.33099,37.05611],[128.33066,37.05775],[128.33009,37.05812],[128.32623,37.05854],[128.32398,37.05916],[128.32355,37.05985],[128.3225,37.06025],[128.32228,37.06049],[128.32245,37.0611],[128.3234,37.06197],[128.32342,37.06295]]]}},{"type":"Feature","properties":{"zoneId":"Z000151187","zoneName":"단양초가곡초공동(일방)통학구역","zoneType":"elementary","level":"초등학교","kind":"shared","oneWay":true,"sggCode":"800","eduCode":"8111000","eduName":"충청북도단양교육지원청","updatedAt":"2022-01-18"},"geometry":{"type":"Polygon","coordinates":[[[128.35188,36.99505],[128.35,36.99519],[128.34875,36.99558],[128.34704,36.99683],[128.34399,36.99452],[128.34684,36.99356],[128.34802,36.99262],[128.35062,36.99154],[128.3511,36.99003],[128.35053,36.98901],[128.35068,36.9879],[128.35125,36.98755],[128.3514,36.98704],[128.35084,36.98566],[128.35235,36.98513],[128.35364,36.98526],[128.35418,36.98463],[128.35535,36.9842],[128.35893,36.98391],[128.36003,36.98273],[128.36247,36.98237],[128.36329,36.98263],[128.36403,36.98184],[128.36391,36.98065],[128.36331,36.97984],[128.36378,36.97897],[128.36383,36.97679],[128.36474,36.97567],[128.36599,36.976],[128.3673,36.97438],[128.36493,36.97328],[128.36363,36.97323],[128.35799,36.97488],[128.35581,36.97497],[128.35648,36.97465],[128.35569,36.97246],[128.35581,36.97194],[128.35655,36.97161],[128.35655,36.97136],[128.35754,36.97089],[128.35879,36.97086],[128.35973,36.96814],[128.35952,36.96775],[128.35975,36.96678],[128.36055,36.96565],[128.36059,36.96519],[128.3602,36.96473],[128.36018,36.96338],[128.35965,36.96263],[128.36009,36.96172],[128.36078,36.96129],[128.36097,36.96004],[128.35886,36.95749],[128.35862,36.95638],[128.35987,36.95446],[128.35915,36.95274],[128.35925,36.95122],[128.36255,36.94849],[128.36206,36.94722],[128.36235,36.94512],[128.36178,36.94417],[128.36086,36.94359],[128.36074,36.94282],[128.36225,36.94246],[128.36281,36.94123],[128.36366,36.94041],[128.36487,36.94005],[128.36539,36.93877],[128.36637,36.93837],[128.36689,36.93744],[128.36699,36.93625],[128.36847,36.93442],[128.36887,36.93345],[128.36862,36.9324],[128.36913,36.93211],[128.37036,36.93252],[128.37117,36.93201],[128.37382,36.93206],[128.37513,36.93027],[128.37581,36.92989],[128.37632,36.92989],[128.37798,36.93094],[128.37897,36.93092],[128.38068,36.92962],[128.38219,36.92992],[128.38432,36.92857],[128.38442,36.92797],[128.38708,36.92697],[128.38858,36.92783],[128.39501,36.92792],[128.39566,36.92766],[128.39658,36.92801],[128.39689,36.92856],[128.39812,36.92857],[128.39921,36.92798],[128.40019,36.92801],[128.40147,36.92744],[128.40251,36.9275],[128.40512,36.92646],[128.41039,36.92625],[128.41191,36.92507],[128.41466,36.9243],[128.41801,36.92414],[128.41876,36.92491],[128.42082,36.92438],[128.42304,36.92511],[128.42547,36.92721],[128.42563,36.92804],[128.42644,36.92868],[128.42747,36.92864],[128.42826,36.92966],[128.42942,36.93023],[128.43287,36.92963],[128.43529,36.92984],[128.43605,36.92945],[128.43759,36.92951],[128.43842,36.92903],[128.44073,36.92874],[128.442,36.92739],[128.44321,36.92752],[128.44546,36.92813],[128.44607,36.92876],[128.45044,36.93079],[128.45198,36.93053],[128.45267,36.93072],[128.45598,36.93405],[128.4568,36.9341],[128.45712,36.93347],[128.4604,36.93401],[128.46019,36.93772],[128.46087,36.93924],[128.46144,36.93956],[128.46204,36.94144],[128.46342,36.94376],[128.46278,36.94738],[128.46707,36.95073],[128.46717,36.95145],[128.47229,36.95449],[128.47314,36.95535],[128.47414,36.95562],[128.47547,36.95687],[128.4771,36.95744],[128.47657,36.95807],[128.47604,36.95988],[128.47467,36.96058],[128.46878,36.96099],[128.46811,36.96164],[128.46339,36.96233],[128.46235,36.96178],[128.45912,36.96156],[128.45592,36.96323],[128.45064,36.96437],[128.4491,36.9655],[128.44778,36.96507],[128.44583,36.96533],[128.44483,36.96512],[128.44153,36.96743],[128.44022,36.96943],[128.43647,36.97184],[128.43451,36.97201],[128.43233,36.97331],[128.4304,36.97399],[128.42983,36.97447],[128.42943,36.97575],[128.42855,36.97683],[128.42703,36.97763],[128.42674,36.97927],[128.42583,36.98089],[128.42498,36.9812],[128.4218,36.98127],[128.42007,36.98335],[128.42021,36.98485],[128.42052,36.98516],[128.42043,36.9872],[128.41672,36.98701],[128.41565,36.98733],[128.41312,36.99028],[128.41093,36.99123],[128.41044,36.991],[128.40898,36.99137],[128.40611,36.99324],[128.40411,36.99362],[128.4008,36.99269],[128.40056,36.99221],[128.39742,36.99211],[128.39596,36.9928],[128.39338,36.99201],[128.39184,36.9927],[128.38982,36.99283],[128.38953,36.99318],[128.38943,36.99444],[128.38871,36.99507],[128.38604,36.99561],[128.38511,36.99623],[128.38439,36.99608],[128.38106,36.99397],[128.38038,36.99257],[128.37769,36.99128],[128.37728,36.99055],[128.37593,36.99034],[128.37203,36.98854],[128.37007,36.99058],[128.36791,36.99224],[128.36459,36.99376],[128.36145,36.99457],[128.35188,36.99505]]]}},{"type":"Feature","properties":{"zoneId":"Z000103453","zoneName":"청주내덕초통학구역","zoneType":"elementary","level":"초등학교","kind":"dedicated","oneWay":false,"sggCode":"114","eduCode":"8011000","eduName":"충청북도청주교육지원청","updatedAt":"2018-01-30"},"geometry":{"type":"MultiPolygon","coordinates":[[[[127.49353,36.66153],[127.49268,36.66201],[127.49324,36.66276],[127.49255,36.6631],[127.49093,36.66121],[127.48714,36.66189],[127.48834,36.65687],[127.48766,36.65652],[127.48747,36.65589],[127.48647,36.65585],[127.4877,36.65465],[127.48757,36.65378],[127.48681,36.65336],[127.48767,36.65269],[127.48769,36.65235],[127.48917,36.65244],[127.48967,36.65174],[127.49219,36.65209],[127.49788,36.65161],[127.49824,36.65202],[127.49772,36.65268],[127.49752,36.65365],[127.4994,36.65556],[127.49962,36.65626],[127.50062,36.6566],[127.49938,36.6582],[127.49667,36.65891],[127.49593,36.66024],[127.49353,36.66153]]],[[[127.49882,36.66038],[127.49956,36.66098],[127.49988,36.66148],[127.4992,36.6621],[127.49942,36.66266],[127.4984,36.6628],[127.49714,36.6608],[127.49882,36.66038]]]]}},{"type":"Feature","properties":{"zoneId":"Z000103480","zoneName":"수회초통학구역","zoneType":"elementary","level":"초등학교","kind":"dedicated","oneWay":false,"sggCode":"130","eduCode":"8021000","eduName":"충청북도충주교육지원청","updatedAt":"2016-08-12"},"geometry":{"type":"Polygon","coordinates":[[[127.90269,36.91776],[127.90119,36.91729],[127.90258,36.91426],[127.90235,36.91295],[127.9038,36.90876],[127.90695,36.90399],[127.90275,36.90001],[127.90007,36.89643],[127.89595,36.89294],[127.89392,36.89196],[127.90176,36.88894],[127.90449,36.88722],[127.90578,36.88701],[127.90652,36.88643],[127.90925,36.88581],[127.91003,36.88651],[127.9137,36.88567],[127.91519,36.88312],[127.91628,36.88213],[127.91697,36.88197],[127.91773,36.88105],[127.9198,36.88132],[127.9243,36.88291],[127.92649,36.88461],[127.92699,36.8846],[127.92746,36.88549],[127.92922,36.88613],[127.93038,36.88797],[127.93089,36.88773],[127.93129,36.88805],[127.93358,36.88738],[127.93749,36.88844],[127.94005,36.88775],[127.94561,36.88812],[127.94985,36.887],[127.95126,36.88623],[127.95189,36.88473],[127.95108,36.88435],[127.94994,36.88302],[127.94941,36.88287],[127.94766,36.8785],[127.94788,36.87749],[127.94692,36.87636],[127.94546,36.87562],[127.94514,36.87491],[127.94546,36.8735],[127.94651,36.87237],[127.94842,36.87278],[127.94992,36.87227],[127.954,36.8693],[127.95668,36.86843],[127.95726,36.86736],[127.95801,36.86712],[127.96064,36.86513],[127.96269,36.86164],[127.96937,36.85935],[127.97512,36.86144],[127.97564,36.86224],[127.97559,36.86394],[127.976,36.8643],[127.98177,36.8654],[127.98254,36.86489],[127.98358,36.86501],[127.9852,36.86436],[127.9862,36.86438],[127.98876,36.86543],[127.9898,36.86518],[127.99098,36.86534],[127.99178,36.86572],[127.99184,36.86621],[127.99396,36.86662],[127.99892,36.86403],[128.00206,36.86326],[128.00342,36.86186],[128.00534,36.86085],[128.0071,36.86141],[128.01036,36.85915],[128.01091,36.85825],[128.01174,36.85773],[128.01366,36.85561],[128.01631,36.85513],[128.01723,36.85449],[128.01802,36.85535],[128.01897,36.85555],[128.01989,36.85503],[128.02138,36.85501],[128.02234,36.85537],[128.02559,36.85501],[128.02802,36.85513],[128.02883,36.85545],[128.03185,36.85481],[128.0345,36.85531],[128.03595,36.85595],[128.03859,36.85981],[128.03467,36.86111],[128.03273,36.86222],[128.02891,36.86534],[128.02773,36.86585],[128.02705,36.86757],[128.0272,36.86834],[128.02645,36.86893],[128.02717,36.86943],[128.02675,36.87038],[128.02376,36.8736],[128.02363,36.87543],[128.02111,36.87901],[128.02118,36.87981],[128.02074,36.88031],[128.02065,36.88173],[128.02168,36.88428],[128.02295,36.88561],[128.0241,36.88751],[128.02354,36.88877],[128.02171,36.88892],[128.02115,36.8907],[128.01987,36.89053],[128.01849,36.89101],[128.01696,36.88984],[128.01497,36.89014],[128.01244,36.8879],[128.01213,36.88729],[128.01021,36.88828],[128.00697,36.88757],[128.00613,36.88851],[128.00306,36.88988],[128.00241,36.89076],[128.00068,36.89101],[127.99949,36.89159],[127.99897,36.89103],[127.99731,36.89189],[127.99686,36.89162],[127.9967,36.891],[127.99625,36.89085],[127.99652,36.89038],[127.99614,36.89003],[127.99495,36.88986],[127.99414,36.89058],[127.99319,36.89082],[127.99181,36.89064],[127.99194,36.88945],[127.98777,36.88873],[127.98667,36.88951],[127.9862,36.88951],[127.9852,36.88866],[127.98432,36.88869],[127.98433,36.88806],[127.98345,36.88832],[127.98053,36.88823],[127.97971,36.88775],[127.97827,36.88886],[127.97715,36.8904],[127.97707,36.89134],[127.97487,36.89288],[127.97357,36.89308],[127.97234,36.89382],[127.97016,36.89129],[127.96982,36.89145],[127.96932,36.8928],[127.96841,36.89306],[127.96769,36.89453],[127.96491,36.89499],[127.96233,36.89436],[127.96132,36.89475],[127.95928,36.89683],[127.95811,36.89754],[127.9563,36.89807],[127.95299,36.90026],[127.95131,36.90088],[127.9499,36.90189],[127.94909,36.90302],[127.94828,36.90301],[127.94774,36.90341],[127.94612,36.90252],[127.94597,36.90179],[127.94367,36.90021],[127.94319,36.89937],[127.94228,36.89948],[127.94067,36.89863],[127.93892,36.89862],[127.9378,36.89905],[127.93678,36.90113],[127.93687,36.90186],[127.93504,36.90355],[127.93385,36.90421],[127.93041,36.90376],[127.92948,36.90335],[127.92814,36.90178],[127.92691,36.902],[127.92565,36.90254],[127.92532,36.90369],[127.92356,36.90563],[127.91557,36.90799],[127.91103,36.91064],[127.91105,36.91187],[127.91156,36.9128],[127.91437,36.91497],[127.91256,36.91553],[127.9112,36.91553],[127.90926,36.91503],[127.90716,36.91518],[127.90615,36.91577],[127.90498,36.91756],[127.90269,36.91776]]]}},{"type":"Feature","properties":{"zoneId":"Z000103555","zoneName":"매곡초통학구역","zoneType":"elementary","level":"초등학교","kind":"dedicated","oneWay":false,"sggCode":"740","eduCode":"8071000","eduName":"충청북도영동교육지원청","updatedAt":"2016-08-12"},"geometry":{"type":"Polygon","coordinates":[[[127.93075,36.21347],[127.93055,36.21378],[127.92769,36.21653],[127.92625,36.21988],[127.92502,36.2194],[127.92552,36.2188],[127.92571,36.2172],[127.92503,36.21461],[127.9244,36.21335],[127.92311,36.21311],[127.92275,36.21158],[127.92194,36.21023],[127.92215,36.20929],[127.91985,36.20797],[127.91971,36.20657],[127.91934,36.20636],[127.91861,36.20477],[127.91881,36.20432],[127.91837,36.20301],[127.91729,36.20226],[127.91757,36.20179],[127.91687,36.19977],[127.91764,36.19883],[127.91749,36.19798],[127.91811,36.19716],[127.91852,36.1951],[127.91774,36.19463],[127.91753,36.19409],[127.91749,36.19341],[127.91779,36.19311],[127.91698,36.19222],[127.91453,36.19199],[127.91378,36.19224],[127.91305,36.19183],[127.91327,36.191],[127.91286,36.19037],[127.91185,36.18981],[127.91159,36.18901],[127.91002,36.18897],[127.91033,36.18843],[127.91004,36.1873],[127.90898,36.18581],[127.90872,36.18418],[127.90896,36.18344],[127.9079,36.18257],[127.90808,36.18176],[127.91092,36.17971],[127.91237,36.17702],[127.91514,36.17618],[127.91797,36.17422],[127.91649,36.17218],[127.91806,36.17117],[127.91804,36.17024],[127.91803,36.16974],[127.91677,36.16953],[127.916,36.16803],[127.91603,36.16661],[127.91639,36.16574],[127.91767,36.16469],[127.91877,36.16523],[127.92037,36.16453],[127.92205,36.16448],[127.9224,36.16405],[127.92469,36.16301],[127.92598,36.16101],[127.927,36.16053],[127.92905,36.16084],[127.92986,36.16047],[127.93025,36.15818],[127.93152,36.15669],[127.93346,36.15531],[127.93525,36.15518],[127.93689,36.15436],[127.9388,36.15397],[127.93939,36.15304],[127.93925,36.15236],[127.93975,36.15144],[127.94057,36.15069],[127.94163,36.1489],[127.94158,36.14806],[127.94215,36.14657],[127.94202,36.14415],[127.94399,36.14292],[127.94486,36.14047],[127.94456,36.13973],[127.94539,36.13886],[127.94488,36.13771],[127.94543,36.13688],[127.94514,36.13559],[127.94541,36.13456],[127.94631,36.13381],[127.94659,36.13296],[127.9463,36.13208],[127.94654,36.13136],[127.94766,36.13033],[127.94795,36.12959],[127.94875,36.12888],[127.94935,36.12736],[127.95037,36.12636],[127.9511,36.12504],[127.95102,36.12372],[127.95589,36.12067],[127.95792,36.12095],[127.96013,36.12039],[127.96029,36.11971],[127.96115,36.11904],[127.96207,36.11745],[127.96432,36.11615],[127.96543,36.11655],[127.96661,36.1161],[127.9668,36.11806],[127.96968,36.12079],[127.97016,36.12188],[127.97298,36.12187],[127.97642,36.12273],[127.9771,36.1231],[127.97713,36.12352],[127.9786,36.12521],[127.9809,36.12535],[127.98407,36.1277],[127.98686,36.12805],[127.98778,36.12882],[127.98846,36.13036],[127.98773,36.13133],[127.98886,36.13283],[127.98822,36.13531],[127.98735,36.13675],[127.98739,36.13775],[127.98797,36.13831],[127.98737,36.13961],[127.98729,36.14087],[127.98788,36.1415],[127.98806,36.1427],[127.98917,36.14397],[127.98798,36.14499],[127.98748,36.14738],[127.99084,36.15014],[127.99047,36.15096],[127.99077,36.15142],[127.99338,36.15186],[127.99337,36.15252],[127.99503,36.15312],[127.9972,36.15547],[127.99634,36.15655],[127.99482,36.15747],[127.99336,36.15746],[127.99268,36.15821],[127.991,36.15842],[127.99048,36.15888],[127.99015,36.16292],[127.98957,36.16373],[127.98967,36.16481],[127.99018,36.16567],[127.98731,36.16646],[127.98656,36.1671],[127.98653,36.16781],[127.98462,36.16887],[127.98416,36.16948],[127.98295,36.16988],[127.98236,36.17217],[127.98301,36.17405],[127.98263,36.17464],[127.98322,36.17509],[127.98418,36.17693],[127.98393,36.17752],[127.98413,36.17817],[127.98278,36.17821],[127.98134,36.17913],[127.98032,36.18129],[127.98018,36.18264],[127.97917,36.18309],[127.97877,36.18406],[127.97617,36.1864],[127.97623,36.18687],[127.97533,36.18771],[127.97617,36.18842],[127.97622,36.18896],[127.97508,36.1881],[127.97317,36.18868],[127.97135,36.1888],[127.96845,36.18763],[127.96789,36.1873],[127.9675,36.18645],[127.96709,36.18637],[127.96547,36.18928],[127.96272,36.19161],[127.96195,36.19276],[127.96016,36.19253],[127.95818,36.19174],[127.95617,36.19283],[127.95684,36.19499],[127.95607,36.19594],[127.95607,36.19641],[127.95392,36.19845],[127.95258,36.19857],[127.95136,36.19965],[127.95007,36.20215],[127.949,36.20295],[127.94935,36.20443],[127.94816,36.20501],[127.9471,36.20602],[127.94554,36.20598],[127.94394,36.20692],[127.94222,36.20926],[127.93936,36.21037],[127.9373,36.21201],[127.9317,36.21143],[127.93075,36.21347]]]}},{"type":"Feature","properties":{"zoneId":"Z000103597","zoneName":"죽리초통학구역","zoneType":"elementary","level":"초등학교","kind":"dedicated","oneWay":false,"sggCode":"745","eduCode":"8092000","eduName":"충청북도괴산증평교육지원청","updatedAt":"2016-08-12"},"geometry":{"type":"Polygon","coordinates":[[[127.60595,36.76886],[127.60539,36.7685],[127.60323,36.76699],[127.60128,36.76652],[127.59918,36.76422],[127.59818,36.76039],[127.59858,36.75883],[127.5969,36.76073],[127.59357,36.76258],[127.59257,36.76455],[127.59065,36.76446],[127.59037,36.76491],[127.5893,36.76474],[127.58887,36.76499],[127.58832,36.76263],[127.58887,36.76227],[127.58842,36.76078],[127.58892,36.76061],[127.58907,36.76018],[127.58831,36.75851],[127.58839,36.75727],[127.58718,36.75542],[127.58836,36.75442],[127.58855,36.75385],[127.58997,36.75354],[127.59031,36.75312],[127.59003,36.75279],[127.59055,36.75175],[127.59076,36.74985],[127.59018,36.74863],[127.59082,36.7476],[127.59193,36.74713],[127.59256,36.74644],[127.59343,36.74637],[127.59394,36.74572],[127.59536,36.74536],[127.59599,36.74465],[127.59758,36.74459],[127.5983,36.74422],[127.60047,36.74576],[127.60289,36.74561],[127.60315,36.74596],[127.60433,36.74543],[127.60486,36.74405],[127.60607,36.74343],[127.60665,36.74205],[127.60646,36.74022],[127.60815,36.73975],[127.60798,36.73846],[127.60869,36.73791],[127.6083,36.73703],[127.6087,36.73632],[127.60952,36.7361],[127.60974,36.73563],[127.61056,36.73526],[127.61023,36.73422],[127.61045,36.73387],[127.61004,36.73347],[127.61034,36.73226],[127.6097,36.73158],[127.60938,36.73037],[127.6114,36.72922],[127.61087,36.72813],[127.61125,36.7275],[127.61381,36.72648],[127.61463,36.7239],[127.61521,36.7232],[127.61484,36.72216],[127.61532,36.7217],[127.61562,36.72048],[127.61542,36.71868],[127.61599,36.71814],[127.618,36.71735],[127.61885,36.71633],[127.61871,36.71316],[127.618,36.71156],[127.61839,36.70931],[127.61793,36.70745],[127.61905,36.70719],[127.623,36.70462],[127.62497,36.7063],[127.62584,36.70664],[127.62662,36.70641],[127.62737,36.70747],[127.62982,36.70727],[127.63096,36.70778],[127.6329,36.7079],[127.63333,36.70883],[127.63522,36.70875],[127.63824,36.70797],[127.63895,36.70686],[127.64122,36.70566],[127.64131,36.70404],[127.6424,36.70262],[127.64423,36.70287],[127.64513,36.70213],[127.64775,36.70128],[127.64939,36.70163],[127.65011,36.70209],[127.65119,36.70202],[127.65216,36.70305],[127.65483,36.7044],[127.65483,36.70489],[127.65557,36.70561],[127.65539,36.70581],[127.65585,36.70655],[127.65758,36.70797],[127.65903,36.70988],[127.65909,36.71126],[127.65948,36.71136],[127.6597,36.71246],[127.66125,36.71408],[127.66129,36.71467],[127.66266,36.71499],[127.66303,36.71614],[127.66213,36.7172],[127.66209,36.71825],[127.66156,36.71936],[127.66212,36.7206],[127.66141,36.72229],[127.66222,36.72503],[127.66185,36.72575],[127.66273,36.72603],[127.66447,36.72867],[127.66432,36.72909],[127.6646,36.72954],[127.66411,36.7307],[127.66344,36.73154],[127.66206,36.73245],[127.66156,36.73218],[127.65865,36.73219],[127.65681,36.73258],[127.65603,36.73313],[127.65324,36.73161],[127.64942,36.73285],[127.64686,36.73325],[127.6458,36.73242],[127.64434,36.73246],[127.64372,36.73214],[127.64233,36.73233],[127.64135,36.73176],[127.63967,36.73196],[127.63867,36.73296],[127.63848,36.73675],[127.63893,36.73814],[127.63822,36.73924],[127.63746,36.73919],[127.63727,36.74016],[127.63602,36.74131],[127.63659,36.74342],[127.63589,36.74395],[127.63581,36.74453],[127.63658,36.74539],[127.63537,36.74694],[127.63578,36.74829],[127.63496,36.7487],[127.63574,36.75098],[127.63553,36.75209],[127.63464,36.75221],[127.6337,36.75185],[127.63282,36.75231],[127.63153,36.75406],[127.6307,36.75419],[127.63038,36.75478],[127.62983,36.75492],[127.62996,36.75563],[127.62945,36.75587],[127.6294,36.75623],[127.62809,36.75642],[127.62725,36.75736],[127.62735,36.75806],[127.62702,36.75884],[127.62625,36.75895],[127.62613,36.75975],[127.62538,36.75977],[127.62376,36.76051],[127.62367,36.76075],[127.62411,36.76106],[127.62408,36.76243],[127.62478,36.76315],[127.62551,36.76579],[127.62341,36.76502],[127.61985,36.76565],[127.61631,36.76502],[127.61487,36.76564],[127.61428,36.76501],[127.61368,36.76493],[127.61324,36.76592],[127.61265,36.76632],[127.60789,36.76737],[127.60595,36.76886]]]}},{"type":"Feature","properties":{"zoneId":"Z000103621","zoneName":"원당초통학구역","zoneType":"elementary","level":"초등학교","kind":"dedicated","oneWay":false,"sggCode":"770","eduCode":"8101000","eduName":"충청북도음성교육지원청","updatedAt":"2016-08-12"},"geometry":{"type":"Polygon","coordinates":[[[127.63642,37.09079],[127.63639,37.09195],[127.63592,37.09337],[127.63514,37.09406],[127.63456,37.09541],[127.63446,37.09677],[127.63288,37.09756],[127.63181,37.09648],[127.62198,37.09204],[127.61941,37.0902],[127.61942,37.0915],[127.61609,37.0899],[127.61379,37.08803],[127.61194,37.08725],[127.60599,37.08644],[127.60422,37.08673],[127.6039,37.08748],[127.60119,37.08773],[127.60042,37.08744],[127.5998,37.08632],[127.59629,37.08826],[127.59546,37.08821],[127.5951,37.08799],[127.59618,37.08749],[127.59646,37.08643],[127.59774,37.08584],[127.59955,37.08583],[127.60023,37.08443],[127.59955,37.08157],[127.60084,37.07994],[127.60245,37.07886],[127.6038,37.07683],[127.60494,37.07615],[127.60505,37.07557],[127.59911,37.07503],[127.59194,37.07289],[127.5905,37.07341],[127.58927,37.07282],[127.58866,37.073],[127.58778,37.07127],[127.58829,37.06988],[127.58829,37.06898],[127.59107,37.06623],[127.59249,37.06583],[127.59556,37.06344],[127.60133,37.06155],[127.60041,37.05912],[127.60155,37.05909],[127.60276,37.05814],[127.60424,37.05788],[127.6069,37.05998],[127.6109,37.05665],[127.61478,37.05985],[127.6154,37.05954],[127.61716,37.05982],[127.61796,37.0589],[127.61809,37.05739],[127.62038,37.05654],[127.62136,37.05529],[127.62354,37.05567],[127.62745,37.05808],[127.62879,37.05844],[127.6299,37.05835],[127.63084,37.05903],[127.63133,37.05901],[127.63089,37.06171],[127.62842,37.06224],[127.62786,37.06321],[127.62822,37.06559],[127.62765,37.06629],[127.62763,37.06809],[127.62818,37.07063],[127.62769,37.0715],[127.62842,37.07225],[127.63135,37.07191],[127.63334,37.07272],[127.63145,37.07619],[127.62868,37.07671],[127.62617,37.07841],[127.62693,37.07943],[127.63045,37.08001],[127.63221,37.08067],[127.63314,37.08141],[127.63472,37.08352],[127.63427,37.08431],[127.63424,37.08545],[127.63474,37.08632],[127.63667,37.08756],[127.63623,37.08997],[127.63642,37.09079]]]}},{"type":"Feature","properties":{"zoneId":"Z000150378","zoneName":"강서초솔밭초공동통학구역","zoneType":"elementary","level":"초등학교","kind":"shared","oneWay":false,"sggCode":"113","eduCode":"8011000","eduName":"충청북도청주교육지원청","updatedAt":"2018-01-29"},"geometry":{"type":"MultiPolygon","coordinates":[[[[127.42177,36.64204],[127.4221,36.64236],[127.42165,36.64256],[127.42108,36.64198],[127.41974,36.64194],[127.41844,36.64099],[127.41855,36.63894],[127.41795,36.63899],[127.41817,36.63749],[127.41849,36.63625],[127.41974,36.63643],[127.42091,36.63594],[127.42341,36.63579],[127.42266,36.63868],[127.42463,36.63861],[127.42423,36.63932],[127.42351,36.63923],[127.42236,36.64025],[127.42251,36.63945],[127.42017,36.63885],[127.42015,36.63956],[127.42143,36.64003],[127.42136,36.64098],[127.4208,36.64087],[127.42057,36.6413],[127.42109,36.64169],[127.42165,36.64163],[127.42197,36.64195],[127.42177,36.64204]]],[[[127.41494,36.63561],[127.416,36.63624],[127.41621,36.63673],[127.41787,36.63763],[127.41765,36.63967],[127.4167,36.63967],[127.41596,36.63928],[127.41416,36.63756],[127.41449,36.63561],[127.41494,36.63561]]]]}},{"type":"Feature","properties":{"zoneId":"Z000150380","zoneName":"문의초행정초공동통학구역","zoneType":"elementary","level":"초등학교","kind":"shared","oneWay":false,"sggCode":"111","eduCode":"8011000","eduName":"충청북도청주교육지원청","updatedAt":"2016-08-12"},"geometry":{"type":"Polygon","coordinates":[[[127.51324,36.54341],[127.51299,36.54353],[127.51122,36.54415],[127.5095,36.54581],[127.50806,36.54654],[127.50717,36.54377],[127.50495,36.5421],[127.50537,36.5411],[127.50541,36.53928],[127.50506,36.53751],[127.5041,36.53621],[127.50445,36.53315],[127.5037,36.53255],[127.50407,36.53047],[127.50334,36.5291],[127.50535,36.52923],[127.50624,36.5286],[127.50661,36.52784],[127.50659,36.52671],[127.50726,36.52643],[127.50729,36.52565],[127.50834,36.524],[127.51042,36.52346],[127.51282,36.5251],[127.51382,36.52501],[127.51377,36.52555],[127.51462,36.52763],[127.51571,36.52843],[127.51486,36.52948],[127.51316,36.53016],[127.51298,36.53111],[127.51244,36.5311],[127.51222,36.53188],[127.51304,36.53358],[127.51154,36.53449],[127.51101,36.53589],[127.50923,36.53645],[127.50941,36.53671],[127.509,36.53783],[127.51019,36.53812],[127.50925,36.54077],[127.51409,36.54192],[127.51397,36.54228],[127.51501,36.54238],[127.51505,36.54302],[127.51324,36.54341]]]}},{"type":"Feature","properties":{"zoneId":"Z000103554","zoneName":"구룡초통학구역","zoneType":"elementary","level":"초등학교","kind":"dedicated","oneWay":false,"sggCode":"740","eduCode":"8071000","eduName":"충청북도영동교육지원청","updatedAt":"2016-08-12"},"geometry":{"type":"Polygon","coordinates":[[[127.84447,36.31651],[127.84431,36.3166],[127.84125,36.31553],[127.84052,36.31565],[127.83819,36.31407],[127.83643,36.31348],[127.83531,36.31275],[127.8355,36.31176],[127.83506,36.31117],[127.83227,36.31135],[127.8287,36.31009],[127.82583,36.31031],[127.82503,36.31009],[127.8246,36.30913],[127.82382,36.3089],[127.82347,36.30822],[127.82257,36.30769],[127.82316,36.30644],[127.82163,36.30579],[127.82098,36.30517],[127.82036,36.30569],[127.81973,36.30701],[127.81927,36.3086],[127.81947,36.30889],[127.81905,36.30944],[127.81902,36.31165],[127.81814,36.31182],[127.81718,36.31008],[127.81437,36.30817],[127.81374,36.30804],[127.81322,36.30872],[127.81152,36.30858],[127.81065,36.30894],[127.80952,36.30888],[127.80907,36.30946],[127.80852,36.30942],[127.80831,36.30881],[127.80705,36.30759],[127.80687,36.3069],[127.80515,36.305],[127.80395,36.30474],[127.80351,36.30407],[127.80133,36.30371],[127.80052,36.30302],[127.80036,36.30144],[127.80141,36.3002],[127.80151,36.29945],[127.80113,36.29777],[127.79958,36.29829],[127.79669,36.29749],[127.79526,36.29772],[127.79471,36.29724],[127.79531,36.29626],[127.7951,36.29499],[127.7948,36.29474],[127.79505,36.29381],[127.79464,36.29215],[127.79482,36.29119],[127.79445,36.2905],[127.79136,36.29125],[127.78907,36.29097],[127.78811,36.28983],[127.78774,36.2886],[127.78678,36.28815],[127.78541,36.28891],[127.78542,36.2892],[127.78469,36.28939],[127.78378,36.29039],[127.78236,36.29008],[127.78168,36.28942],[127.78095,36.28969],[127.77961,36.28942],[127.77758,36.28988],[127.77642,36.29051],[127.77583,36.29189],[127.77485,36.2914],[127.77433,36.29174],[127.77335,36.29131],[127.77229,36.29072],[127.77181,36.29003],[127.77121,36.28991],[127.77016,36.29027],[127.76936,36.28972],[127.76938,36.28883],[127.7698,36.28816],[127.76922,36.28753],[127.7697,36.28684],[127.76926,36.28568],[127.7685,36.28513],[127.76748,36.28573],[127.76645,36.28568],[127.76581,36.28524],[127.76578,36.28449],[127.76451,36.2843],[127.76416,36.28398],[127.7645,36.28241],[127.76187,36.28011],[127.76223,36.27959],[127.76144,36.27861],[127.76179,36.27835],[127.76188,36.27695],[127.76153,36.27609],[127.7626,36.2758],[127.76163,36.27176],[127.76039,36.27061],[127.75931,36.27057],[127.75801,36.26994],[127.75582,36.26792],[127.75318,36.26893],[127.75185,36.27005],[127.7497,36.26949],[127.7488,36.27002],[127.74602,36.2704],[127.74571,36.271],[127.74222,36.27092],[127.74003,36.27212],[127.73838,36.27227],[127.73758,36.27277],[127.73575,36.27275],[127.73328,36.27501],[127.73098,36.27641],[127.73038,36.27622],[127.73066,36.27624],[127.73084,36.27512],[127.73134,36.27452],[127.7311,36.27292],[127.73045,36.27206],[127.73192,36.27096],[127.7313,36.27026],[127.73137,36.26962],[127.73269,36.26893],[127.73338,36.26786],[127.73267,36.26368],[127.73312,36.26296],[127.73431,36.26255],[127.73637,36.26391],[127.7418,36.26511],[127.74729,36.26557],[127.74974,36.26519],[127.75177,36.26528],[127.7564,36.2639],[127.75713,36.26305],[127.75694,36.26118],[127.75732,36.26041],[127.7572,36.25956],[127.75769,36.25876],[127.75865,36.2574],[127.76123,36.25653],[127.76199,36.25534],[127.76238,36.2534],[127.76189,36.25254],[127.76189,36.25189],[127.76228,36.2507],[127.76309,36.25005],[127.76384,36.25015],[127.76437,36.24962],[127.76727,36.24913],[127.76768,36.24897],[127.76752,36.24864],[127.76845,36.24863],[127.76844,36.24806],[127.7697,36.24693],[127.77089,36.2448],[127.77296,36.24527],[127.77357,36.24383],[127.77478,36.24255],[127.7743,36.24233],[127.77473,36.24139],[127.77454,36.23992],[127.77518,36.23901],[127.77925,36.23969],[127.77913,36.23908],[127.77985,36.23815],[127.78041,36.23782],[127.78152,36.23784],[127.78204,36.2382],[127.78224,36.23918],[127.78378,36.24071],[127.78609,36.24129],[127.78701,36.242],[127.79032,36.2387],[127.79167,36.23767],[127.79238,36.23767],[127.7907,36.23884],[127.79205,36.23995],[127.79512,36.24031],[127.79656,36.24111],[127.79694,36.24167],[127.79867,36.24112],[127.79772,36.23948],[127.79873,36.2366],[127.79853,36.23591],[127.79669,36.2342],[127.79528,36.23391],[127.79672,36.23155],[127.79664,36.23099],[127.79552,36.22984],[127.7961,36.22924],[127.79566,36.2268],[127.79687,36.22455],[127.79768,36.22388],[127.79698,36.22336],[127.79635,36.22213],[127.79514,36.22089],[127.79593,36.22008],[127.79579,36.21842],[127.79655,36.21752],[127.79658,36.21603],[127.79692,36.2158],[127.79645,36.21523],[127.79629,36.21425],[127.79656,36.21385],[127.79599,36.21348],[127.79584,36.21273],[127.79451,36.21107],[127.79528,36.2091],[127.7941,36.20773],[127.79368,36.20661],[127.79559,36.20564],[127.7963,36.20419],[127.80092,36.20465],[127.80142,36.2056],[127.80111,36.20766],[127.80145,36.2087],[127.80269,36.20916],[127.80287,36.21001],[127.80461,36.21176],[127.8048,36.21257],[127.80666,36.21477],[127.80872,36.21488],[127.80923,36.21529],[127.80953,36.21636],[127.81011,36.21635],[127.81024,36.21837],[127.80954,36.21964],[127.8091,36.21958],[127.80811,36.22056],[127.80803,36.22168],[127.80875,36.22246],[127.80902,36.22372],[127.81053,36.22425],[127.81129,36.22587],[127.81218,36.22694],[127.81334,36.22723],[127.81104,36.22967],[127.81152,36.23047],[127.81103,36.2315],[127.81134,36.23328],[127.8126,36.23387],[127.81317,36.23512],[127.81317,36.23658],[127.81375,36.23709],[127.81344,36.23816],[127.81589,36.23639],[127.82086,36.2343],[127.82254,36.23328],[127.82411,36.23103],[127.82507,36.23052],[127.82564,36.22867],[127.82707,36.2283],[127.82786,36.22734],[127.82916,36.22693],[127.83007,36.22558],[127.83174,36.22643],[127.8325,36.22734],[127.83346,36.22723],[127.83468,36.22587],[127.8389,36.22579],[127.8398,36.22553],[127.8423,36.22584],[127.84293,36.22902],[127.84481,36.2307],[127.84559,36.23099],[127.84588,36.23167],[127.84588,36.23249],[127.84337,36.23273],[127.84184,36.23347],[127.84066,36.23355],[127.83933,36.23444],[127.83878,36.23527],[127.83674,36.23645],[127.84,36.2401],[127.84214,36.24483],[127.8439,36.24752],[127.84753,36.25],[127.85079,36.25436],[127.85328,36.25452],[127.85253,36.25642],[127.85162,36.25742],[127.84812,36.25952],[127.84832,36.25975],[127.84788,36.26014],[127.84813,36.26095],[127.84955,36.26078],[127.85044,36.26031],[127.85165,36.2606],[127.85274,36.26244],[127.85299,36.26401],[127.85284,36.26505],[127.85221,36.26531],[127.85174,36.26634],[127.85072,36.26736],[127.85041,36.2698],[127.8506,36.27071],[127.85105,36.27148],[127.85195,36.27215],[127.85229,36.27334],[127.85212,36.27392],[127.85087,36.27477],[127.8514,36.27546],[127.85059,36.27693],[127.85088,36.27797],[127.84952,36.28119],[127.85024,36.2821],[127.85028,36.28312],[127.84943,36.28547],[127.84976,36.28637],[127.84948,36.28646],[127.84918,36.2888],[127.84666,36.29142],[127.84565,36.29369],[127.84581,36.2968],[127.84647,36.2978],[127.84653,36.29894],[127.84693,36.29972],[127.84686,36.30076],[127.84508,36.3032],[127.84516,36.30438],[127.84447,36.30542],[127.84328,36.30614],[127.84266,36.30738],[127.84153,36.30831],[127.84148,36.31],[127.84282,36.31207],[127.84465,36.31335],[127.84424,36.31505],[127.84532,36.31638],[127.84447,36.31651]]]}},{"type":"Feature","properties":{"zoneId":"Z000103639","zoneName":"영춘초통학구역","zoneType":"elementary","level":"초등학교","kind":"dedicated","oneWay":false,"sggCode":"800","eduCode":"8111000","eduName":"충청북도단양교육지원청","updatedAt":"2016-08-12"},"geometry":{"type":"Polygon","coordinates":[[[128.49749,37.1248],[128.49658,37.12576],[128.49561,37.12562],[128.49385,37.1246],[128.49262,37.12461],[128.491,37.12382],[128.48953,37.12172],[128.48945,37.12101],[128.48685,37.12007],[128.48556,37.11777],[128.48452,37.11741],[128.48404,37.11648],[128.48239,37.11496],[128.48176,37.11418],[128.48187,37.1127],[128.48087,37.11169],[128.47928,37.11133],[128.47743,37.1098],[128.47728,37.10919],[128.47106,37.10541],[128.46954,37.10378],[128.46832,37.1033],[128.46752,37.10229],[128.46108,37.10296],[128.45863,37.10527],[128.44706,37.10531],[128.44584,37.10356],[128.44576,37.10229],[128.44743,37.10099],[128.44785,37.09958],[128.44704,37.09627],[128.44548,37.09562],[128.44619,37.09395],[128.44591,37.09323],[128.44436,37.09311],[128.44283,37.09382],[128.44217,37.09345],[128.44159,37.08962],[128.44068,37.08865],[128.4395,37.08804],[128.4379,37.08604],[128.43716,37.08609],[128.43551,37.08714],[128.4347,37.08674],[128.43414,37.08614],[128.43409,37.08427],[128.43301,37.08121],[128.43012,37.07789],[128.43243,37.07401],[128.44175,37.07118],[128.4404,37.07023],[128.43983,37.06772],[128.4427,37.0682],[128.45054,37.06867],[128.45488,37.06973],[128.4581,37.07118],[128.46162,37.07137],[128.46312,37.06804],[128.46594,37.06628],[128.46717,37.06431],[128.46843,37.06347],[128.46887,37.05626],[128.46852,37.05289],[128.46608,37.04868],[128.46082,37.04517],[128.46027,37.043],[128.46152,37.04058],[128.46407,37.03781],[128.46653,37.03736],[128.4698,37.03496],[128.47111,37.03528],[128.47221,37.03442],[128.47509,37.03362],[128.47489,37.03164],[128.4758,37.03095],[128.47584,37.02784],[128.47653,37.02683],[128.4775,37.02422],[128.47823,37.02359],[128.47731,37.022],[128.47768,37.02119],[128.47819,37.02064],[128.48008,37.01983],[128.48031,37.01925],[128.4818,37.01781],[128.48206,37.0169],[128.48274,37.01681],[128.48356,37.01611],[128.48473,37.01478],[128.48481,37.01406],[128.48638,37.01267],[128.48773,37.01163],[128.48884,37.01123],[128.49072,37.00938],[128.49351,37.00819],[128.49358,37.00774],[128.49269,37.00557],[128.492,37.00483],[128.49202,37.00375],[128.49566,37.00172],[128.49675,37.00028],[128.49696,36.99937],[128.49972,36.99771],[128.5018,36.99565],[128.50386,36.9953],[128.50429,36.99441],[128.50926,36.99278],[128.50957,36.99096],[128.51128,36.98955],[128.51427,36.98827],[128.51547,36.9868],[128.51693,36.98691],[128.51771,36.9874],[128.52132,36.98815],[128.52603,36.99007],[128.5272,36.99007],[128.52968,36.99081],[128.53052,36.99041],[128.53553,36.99022],[128.53791,36.99139],[128.5387,36.9909],[128.54195,36.99219],[128.54303,36.99209],[128.54421,36.99257],[128.5457,36.99434],[128.5473,36.99381],[128.54785,36.99454],[128.55473,36.99829],[128.55471,36.9989],[128.55561,37.00008],[128.55575,37.00283],[128.55508,37.00357],[128.5556,37.00414],[128.55594,37.0057],[128.55756,37.00578],[128.5615,37.00772],[128.56292,37.00789],[128.56346,37.01013],[128.56741,37.01151],[128.56817,37.01242],[128.56914,37.01277],[128.57034,37.014],[128.57154,37.01679],[128.57141,37.01813],[128.57194,37.01855],[128.57206,37.01948],[128.57291,37.0208],[128.57261,37.02197],[128.57142,37.02287],[128.56913,37.02373],[128.56882,37.02457],[128.56693,37.026],[128.56662,37.02794],[128.56687,37.02937],[128.56618,37.03034],[128.56541,37.03072],[128.56564,37.03153],[128.56786,37.03387],[128.56929,37.03488],[128.56995,37.03479],[128.57158,37.03565],[128.57297,37.03594],[128.57433,37.03543],[128.57574,37.03571],[128.57773,37.03557],[128.57773,37.03655],[128.57886,37.03837],[128.58056,37.0392],[128.58213,37.04264],[128.58353,37.04373],[128.58603,37.04295],[128.58666,37.04357],[128.58746,37.04313],[128.59074,37.0431],[128.59248,37.04189],[128.59412,37.04205],[128.59683,37.04177],[128.59796,37.04224],[128.59806,37.04311],[128.60164,37.0441],[128.60424,37.04381],[128.60516,37.04333],[128.60679,37.0434],[128.60713,37.04436],[128.6067,37.04495],[128.60666,37.04617],[128.60792,37.04741],[128.6071,37.04975],[128.60817,37.05168],[128.60844,37.05281],[128.60976,37.05203],[128.61774,37.05066],[128.62171,37.04908],[128.62208,37.04791],[128.62174,37.04668],[128.62283,37.04534],[128.62467,37.04547],[128.62608,37.04381],[128.62827,37.04214],[128.63292,37.0405],[128.63281,37.04171],[128.63331,37.04208],[128.63408,37.04567],[128.63453,37.04655],[128.63583,37.04771],[128.63659,37.04922],[128.63648,37.04984],[128.63775,37.05103],[128.63786,37.05155],[128.63717,37.0518],[128.63674,37.05243],[128.63758,37.05304],[128.63904,37.0525],[128.63935,37.054],[128.64174,37.05528],[128.64267,37.05685],[128.64436,37.05872],[128.64469,37.05965],[128.64613,37.06109],[128.64955,37.06277],[128.65043,37.06254],[128.65187,37.06349],[128.65154,37.06435],[128.6521,37.06544],[128.6506,37.06583],[128.64822,37.06768],[128.64696,37.06809],[128.64593,37.0691],[128.64467,37.06905],[128.64267,37.07076],[128.64046,37.07104],[128.6391,37.07066],[128.6374,37.07226],[128.63631,37.07196],[128.63436,37.0707],[128.63352,37.07232],[128.62821,37.07516],[128.62822,37.07652],[128.6273,37.07747],[128.62765,37.07839],[128.62775,37.08049],[128.62828,37.08133],[128.62456,37.08443],[128.62395,37.0858],[128.62264,37.0874],[128.62065,37.08583],[128.61766,37.08514],[128.61754,37.08423],[128.61503,37.08188],[128.61402,37.08124],[128.61202,37.08068],[128.6113,37.07982],[128.6105,37.08008],[128.60992,37.07991],[128.60797,37.07751],[128.6064,37.07667],[128.60594,37.0768],[128.60568,37.07741],[128.60493,37.07797],[128.60513,37.07918],[128.60488,37.07936],[128.60298,37.07838],[128.60164,37.07845],[128.60101,37.07887],[128.60069,37.07955],[128.60086,37.08082],[128.60201,37.0822],[128.60162,37.08306],[128.59913,37.08307],[128.59959,37.08258],[128.59922,37.08209],[128.59827,37.08247],[128.5969,37.08242],[128.59504,37.08154],[128.59398,37.08086],[128.59403,37.0797],[128.59356,37.07884],[128.5931,37.07839],[128.59185,37.07816],[128.59083,37.07837],[128.59016,37.07915],[128.58868,37.07998],[128.58709,37.07997],[128.5832,37.08075],[128.58173,37.08167],[128.57441,37.08132],[128.57419,37.08212],[128.57334,37.08296],[128.57223,37.08383],[128.57037,37.08447],[128.57091,37.08622],[128.56918,37.08671],[128.56741,37.08824],[128.56483,37.08866],[128.56331,37.08965],[128.5617,37.09024],[128.55864,37.08867],[128.55668,37.08723],[128.55385,37.08659],[128.55046,37.08655],[128.54975,37.08619],[128.5471,37.08728],[128.54532,37.0877],[128.54447,37.08759],[128.54156,37.08903],[128.53813,37.08963],[128.53775,37.09],[128.53683,37.09014],[128.53557,37.09187],[128.53517,37.09302],[128.5354,37.09383],[128.53416,37.09708],[128.53414,37.09811],[128.53117,37.10001],[128.52771,37.10153],[128.52494,37.10146],[128.52184,37.10309],[128.52073,37.10224],[128.51933,37.10228],[128.51843,37.10189],[128.51552,37.10325],[128.51447,37.10135],[128.51365,37.10603],[128.5122,37.10943],[128.51119,37.11087],[128.51076,37.11395],[128.51013,37.11396],[128.50667,37.11544],[128.50607,37.11629],[128.50342,37.11849],[128.50298,37.11967],[128.49833,37.12374],[128.49749,37.1248]]]}},{"type":"Feature","properties":{"zoneId":"Z000103620","zoneName":"원남초통학구역","zoneType":"elementary","level":"초등학교","kind":"dedicated","oneWay":false,"sggCode":"770","eduCode":"8101000","eduName":"충청북도음성교육지원청","updatedAt":"2016-08-12"},"geometry":{"type":"Polygon","coordinates":[[[127.62156,36.905],[127.6211,36.90523],[127.62044,36.90491],[127.61865,36.90502],[127.61656,36.90424],[127.61534,36.90492],[127.61505,36.90467],[127.61332,36.90479],[127.61059,36.9028],[127.60978,36.90292],[127.60894,36.90263],[127.60827,36.90183],[127.60603,36.90188],[127.60594,36.9014],[127.60348,36.90029],[127.60344,36.89984],[127.60275,36.89959],[127.6022,36.89862],[127.6014,36.89815],[127.60035,36.89834],[127.59952,36.89794],[127.59932,36.89896],[127.5987,36.89919],[127.59803,36.89875],[127.59561,36.89871],[127.59286,36.89937],[127.59196,36.89885],[127.59119,36.89782],[127.59107,36.89629],[127.59003,36.89536],[127.59028,36.89427],[127.59097,36.89366],[127.59095,36.89306],[127.58924,36.89087],[127.58893,36.88959],[127.58912,36.88852],[127.58863,36.88653],[127.58788,36.8862],[127.58724,36.88529],[127.58619,36.88523],[127.58574,36.88481],[127.58545,36.88308],[127.58575,36.88253],[127.58503,36.8812],[127.58434,36.88077],[127.58358,36.87849],[127.58154,36.8772],[127.58295,36.87626],[127.58345,36.87624],[127.5842,36.87517],[127.58504,36.87459],[127.58468,36.87355],[127.58511,36.87018],[127.58348,36.86896],[127.58272,36.86822],[127.58254,36.8675],[127.58129,36.86662],[127.57791,36.86654],[127.57764,36.86555],[127.57663,36.86466],[127.5779,36.86324],[127.57782,36.86252],[127.57666,36.86071],[127.57597,36.85874],[127.57554,36.85839],[127.57562,36.85775],[127.57828,36.85335],[127.57775,36.85546],[127.57848,36.85773],[127.58148,36.85958],[127.58356,36.86008],[127.58535,36.85972],[127.58597,36.85943],[127.5864,36.85878],[127.58637,36.85761],[127.58704,36.85725],[127.58875,36.85772],[127.58958,36.8573],[127.59053,36.85729],[127.59122,36.85782],[127.59263,36.85691],[127.59329,36.85558],[127.59396,36.85543],[127.59653,36.85159],[127.6004,36.85269],[127.60321,36.85188],[127.60441,36.8528],[127.60439,36.85355],[127.60587,36.85361],[127.60672,36.85322],[127.60746,36.85415],[127.61041,36.85599],[127.61099,36.85582],[127.61135,36.85663],[127.61373,36.85839],[127.61452,36.85817],[127.6166,36.85866],[127.61748,36.85771],[127.61594,36.85362],[127.61545,36.85293],[127.61445,36.85325],[127.6138,36.85169],[127.61311,36.85139],[127.61237,36.84913],[127.6115,36.84778],[127.61174,36.84742],[127.61158,36.8467],[127.61223,36.84636],[127.61197,36.84514],[127.61253,36.84497],[127.61276,36.84411],[127.61327,36.84377],[127.61309,36.84228],[127.61342,36.84183],[127.61349,36.84038],[127.61317,36.83931],[127.61384,36.83886],[127.61357,36.83861],[127.61374,36.8374],[127.6134,36.83646],[127.61368,36.8357],[127.61532,36.83528],[127.61519,36.83435],[127.61555,36.8339],[127.61676,36.83399],[127.61826,36.83618],[127.61999,36.8369],[127.62049,36.83698],[127.62376,36.8356],[127.6242,36.83722],[127.62495,36.8377],[127.62559,36.83924],[127.62639,36.84253],[127.62763,36.84288],[127.62802,36.84358],[127.62928,36.84341],[127.63003,36.84365],[127.631,36.84517],[127.63347,36.84584],[127.63522,36.84719],[127.63585,36.84736],[127.63754,36.84695],[127.63812,36.84974],[127.63909,36.85044],[127.64025,36.85317],[127.64111,36.85383],[127.64202,36.85575],[127.64342,36.85683],[127.64443,36.857],[127.64444,36.85796],[127.64781,36.85931],[127.64853,36.85997],[127.64907,36.85972],[127.65075,36.85985],[127.6524,36.86087],[127.65349,36.86093],[127.65441,36.86042],[127.6554,36.8608],[127.65645,36.86072],[127.65721,36.86062],[127.65756,36.86025],[127.65875,36.86033],[127.66139,36.85979],[127.66319,36.858],[127.66408,36.85779],[127.66564,36.85807],[127.6671,36.85771],[127.66736,36.85718],[127.66849,36.85668],[127.66921,36.85495],[127.67132,36.85474],[127.67244,36.85346],[127.67476,36.85313],[127.67603,36.85195],[127.67606,36.8509],[127.67784,36.85095],[127.67777,36.85157],[127.67873,36.85261],[127.67979,36.85311],[127.68034,36.85303],[127.68206,36.85498],[127.68359,36.85617],[127.6833,36.85672],[127.68409,36.85902],[127.68611,36.85936],[127.68652,36.85987],[127.6868,36.86118],[127.68711,36.86134],[127.68716,36.86249],[127.68624,36.86339],[127.68596,36.86472],[127.68616,36.86515],[127.68565,36.8657],[127.68588,36.86849],[127.68621,36.86893],[127.68689,36.86911],[127.68771,36.87058],[127.68977,36.87155],[127.69025,36.87234],[127.69021,36.87334],[127.69086,36.87397],[127.69184,36.87667],[127.69165,36.87731],[127.69215,36.87787],[127.69176,36.87867],[127.69003,36.87861],[127.68943,36.87817],[127.68857,36.87832],[127.68837,36.87887],[127.68505,36.87978],[127.68431,36.87968],[127.68378,36.88025],[127.68296,36.88002],[127.68172,36.88108],[127.68121,36.88107],[127.68016,36.88176],[127.67938,36.88185],[127.6784,36.88247],[127.67771,36.88225],[127.67691,36.88253],[127.67705,36.88314],[127.67656,36.88442],[127.67501,36.88407],[127.67392,36.88442],[127.67397,36.88509],[127.67336,36.88571],[127.67358,36.88618],[127.6728,36.88792],[127.67199,36.88845],[127.67099,36.88845],[127.67093,36.88869],[127.66954,36.88903],[127.66854,36.89048],[127.66644,36.89006],[127.66484,36.89086],[127.66374,36.89094],[127.66202,36.89327],[127.66089,36.89345],[127.66058,36.89464],[127.65958,36.895],[127.65796,36.89494],[127.65592,36.89579],[127.65572,36.89649],[127.65475,36.89709],[127.65152,36.90051],[127.65154,36.90111],[127.65068,36.90195],[127.64795,36.90134],[127.6465,36.90151],[127.64398,36.89983],[127.6424,36.90054],[127.64088,36.90002],[127.63825,36.90201],[127.63709,36.90169],[127.63537,36.90277],[127.63346,36.90219],[127.6325,36.90252],[127.6317,36.90289],[127.63155,36.90395],[127.63001,36.90326],[127.62953,36.90365],[127.62867,36.90365],[127.62816,36.90415],[127.62665,36.90402],[127.62526,36.90441],[127.62474,36.90488],[127.62356,36.90453],[127.62156,36.905]]]}},{"type":"Feature","properties":{"zoneId":"Z000103616","zoneName":"쌍봉초통학구역","zoneType":"elementary","level":"초등학교","kind":"dedicated","oneWay":false,"sggCode":"770","eduCode":"8101000","eduName":"충청북도음성교육지원청","updatedAt":"2016-08-12"},"geometry":{"type":"Polygon","coordinates":[[[127.54073,37.03029],[127.54073,37.03029],[127.53949,37.03074],[127.53924,37.02957],[127.53843,37.02822],[127.53683,37.02678],[127.53657,37.02458],[127.53564,37.02273],[127.53586,37.02224],[127.53477,37.02173],[127.5341,37.02074],[127.53121,37.01846],[127.53,37.01666],[127.53033,37.01513],[127.53003,37.01478],[127.52891,37.01415],[127.52849,37.01427],[127.52715,37.01349],[127.5266,37.0128],[127.52509,37.01401],[127.52472,37.01494],[127.52346,37.01536],[127.52164,37.01491],[127.52062,37.01394],[127.51955,37.01415],[127.51908,37.01295],[127.51968,37.0111],[127.51931,37.00962],[127.51956,37.00931],[127.5194,37.00709],[127.51892,37.00616],[127.51932,37.00448],[127.5192,37.00363],[127.51835,37.00221],[127.51712,37.00157],[127.51657,37.00071],[127.51457,37.00068],[127.51414,37.00027],[127.51455,37.00014],[127.51646,36.99771],[127.5197,36.99567],[127.51816,36.99385],[127.51692,36.99338],[127.51689,36.99262],[127.51752,36.99181],[127.5175,36.99068],[127.51404,36.98963],[127.51223,36.98823],[127.51337,36.98812],[127.51425,36.98854],[127.51525,36.98856],[127.51635,36.98776],[127.51741,36.98759],[127.51732,36.98696],[127.51823,36.9864],[127.51962,36.98606],[127.51909,36.9843],[127.52014,36.98384],[127.51989,36.98287],[127.52035,36.98179],[127.52147,36.98157],[127.52129,36.98055],[127.52152,36.98021],[127.52104,36.97978],[127.52241,36.97901],[127.52388,36.97832],[127.52511,36.9785],[127.52775,36.97816],[127.5317,36.97866],[127.53379,36.97713],[127.53599,36.97666],[127.53725,36.97732],[127.53644,36.97773],[127.53656,36.97844],[127.53703,36.97859],[127.53757,36.97961],[127.53691,36.97999],[127.537,36.98073],[127.53651,36.98105],[127.53689,36.98324],[127.53733,36.98383],[127.53795,36.98398],[127.53784,36.98474],[127.5383,36.98543],[127.53878,36.98574],[127.54092,36.98548],[127.54339,36.9858],[127.5437,36.98627],[127.5452,36.98696],[127.54665,36.98889],[127.54806,36.98887],[127.54917,36.98952],[127.54962,36.98941],[127.54975,36.99072],[127.55047,36.99108],[127.55043,36.9919],[127.55251,36.99217],[127.55293,36.99162],[127.55418,36.99136],[127.55582,36.99036],[127.55779,36.9903],[127.55938,36.98932],[127.5608,36.98921],[127.56081,36.98951],[127.56177,36.99014],[127.56345,36.99023],[127.56419,36.98956],[127.56472,36.99328],[127.56525,36.99462],[127.56659,36.99631],[127.56946,36.99798],[127.56859,36.99875],[127.56601,36.99846],[127.56487,36.99949],[127.56554,37.00053],[127.56535,37.00157],[127.56456,37.00259],[127.56346,37.00311],[127.56458,37.00414],[127.56389,37.00518],[127.5619,37.00569],[127.56331,37.00608],[127.56232,37.00671],[127.562,37.00817],[127.56107,37.00905],[127.56194,37.01131],[127.56289,37.01235],[127.56264,37.01323],[127.56279,37.01569],[127.56243,37.01715],[127.5619,37.01784],[127.56085,37.01802],[127.56097,37.019],[127.56034,37.01923],[127.5601,37.01976],[127.56039,37.02125],[127.55985,37.02197],[127.56083,37.02265],[127.56009,37.0232],[127.56005,37.02442],[127.55966,37.02476],[127.5598,37.02564],[127.55943,37.02623],[127.55783,37.02635],[127.55743,37.0267],[127.55636,37.02672],[127.55604,37.02623],[127.55417,37.02595],[127.55337,37.0269],[127.55325,37.0275],[127.55206,37.02809],[127.55216,37.02849],[127.55157,37.02906],[127.55158,37.02991],[127.55004,37.02957],[127.54727,37.0278],[127.54655,37.02815],[127.54611,37.02795],[127.54467,37.02932],[127.54345,37.02964],[127.54284,37.03034],[127.54166,37.0297],[127.54073,37.03029]]]}},{"type":"Feature","properties":{"zoneId":"Z000150425","zoneName":"부윤초한천초공동통학구역","zoneType":"elementary","level":"초등학교","kind":"shared","oneWay":false,"sggCode":"770","eduCode":"8101000","eduName":"충청북도음성교육지원청","updatedAt":"2016-08-12"},"geometry":{"type":"Polygon","coordinates":[[[127.52125,36.92848],[127.52116,36.92875],[127.52107,36.92967],[127.52174,36.93104],[127.5193,36.93362],[127.5185,36.93413],[127.51656,36.93444],[127.51143,36.93063],[127.51163,36.92917],[127.51269,36.92812],[127.51382,36.92757],[127.51372,36.92639],[127.51324,36.92581],[127.51621,36.92457],[127.51727,36.92355],[127.51762,36.92266],[127.5204,36.92304],[127.52106,36.92427],[127.52266,36.92404],[127.52164,36.92581],[127.52125,36.92848]]]}},{"type":"Feature","properties":{"zoneId":"Z000150737","zoneName":"청주내곡초서촌초공동통학구역","zoneType":"elementary","level":"초등학교","kind":"shared","oneWay":false,"sggCode":"113","eduCode":"8011000","eduName":"충청북도청주교육지원청","updatedAt":"2019-02-28"},"geometry":{"type":"Polygon","coordinates":[[[127.42002,36.6806],[127.41991,36.68065],[127.41642,36.681],[127.41133,36.68097],[127.40844,36.68083],[127.40346,36.68003],[127.40257,36.67957],[127.40199,36.67867],[127.3986,36.67596],[127.39538,36.67264],[127.39517,36.66983],[127.39626,36.67113],[127.39687,36.66479],[127.40205,36.66719],[127.40323,36.66371],[127.40554,36.66421],[127.40701,36.65983],[127.40609,36.65936],[127.40668,36.65749],[127.40775,36.65614],[127.40973,36.65519],[127.41136,36.65264],[127.41254,36.65157],[127.41676,36.65166],[127.41806,36.65049],[127.41946,36.65],[127.42016,36.65001],[127.41997,36.65032],[127.42029,36.65068],[127.42262,36.65117],[127.42181,36.65226],[127.4219,36.65285],[127.42319,36.65453],[127.42263,36.65515],[127.42163,36.65536],[127.41917,36.65735],[127.41945,36.65777],[127.41931,36.65853],[127.42032,36.65886],[127.42064,36.66035],[127.4191,36.66083],[127.41734,36.6608],[127.41636,36.66204],[127.41542,36.66194],[127.41542,36.66243],[127.41363,36.66207],[127.41107,36.66945],[127.41818,36.67102],[127.41706,36.67431],[127.41826,36.67457],[127.41791,36.67605],[127.41827,36.67635],[127.41978,36.67639],[127.42246,36.67817],[127.42293,36.67803],[127.42269,36.67843],[127.42303,36.6806],[127.42002,36.6806]]]}},{"type":"Feature","properties":{"zoneId":"Z000103631","zoneName":"단천초통학구역","zoneType":"elementary","level":"초등학교","kind":"dedicated","oneWay":false,"sggCode":"800","eduCode":"8111000","eduName":"충청북도단양교육지원청","updatedAt":"2019-04-30"},"geometry":{"type":"Polygon","coordinates":[[[128.3411,36.9517],[128.34016,36.95222],[128.33841,36.95302],[128.33692,36.95435],[128.33559,36.95479],[128.33511,36.95712],[128.33396,36.95793],[128.33108,36.9557],[128.325,36.95399],[128.32263,36.9524],[128.31989,36.95],[128.31476,36.94499],[128.31287,36.94256],[128.31091,36.94107],[128.30667,36.94016],[128.30378,36.93855],[128.29759,36.93345],[128.29444,36.92918],[128.29241,36.92731],[128.29032,36.92583],[128.28919,36.92539],[128.28778,36.92528],[128.28565,36.92625],[128.2854,36.92689],[128.28598,36.92884],[128.28577,36.93031],[128.2848,36.93119],[128.27886,36.93336],[128.275,36.93359],[128.26721,36.93322],[128.25786,36.93338],[128.25287,36.93441],[128.25025,36.93632],[128.25102,36.93956],[128.25154,36.93962],[128.25144,36.9408],[128.25095,36.9419],[128.25112,36.94244],[128.24844,36.9444],[128.24737,36.94464],[128.24737,36.94381],[128.24626,36.94244],[128.24483,36.94186],[128.24542,36.94064],[128.24732,36.93924],[128.24702,36.93788],[128.24551,36.93749],[128.24447,36.93677],[128.24282,36.93694],[128.24214,36.93762],[128.24147,36.93756],[128.24026,36.93559],[128.23969,36.93581],[128.23871,36.9356],[128.23877,36.93478],[128.23668,36.934],[128.23635,36.93362],[128.23653,36.9325],[128.23613,36.93186],[128.23621,36.9307],[128.23557,36.93069],[128.2361,36.9306],[128.23654,36.92788],[128.23661,36.92711],[128.23605,36.92533],[128.23658,36.92491],[128.23651,36.92325],[128.23726,36.92238],[128.23731,36.9216],[128.23681,36.92051],[128.23709,36.91876],[128.23672,36.91661],[128.23798,36.91376],[128.24002,36.91341],[128.24041,36.91285],[128.2423,36.91162],[128.24229,36.91094],[128.24321,36.90849],[128.24383,36.9076],[128.24575,36.90691],[128.2462,36.90497],[128.24626,36.90432],[128.24568,36.90281],[128.24584,36.90238],[128.24507,36.90037],[128.24515,36.89855],[128.24451,36.89797],[128.24378,36.89628],[128.24426,36.89533],[128.24352,36.8926],[128.2438,36.89097],[128.24653,36.88855],[128.24728,36.88847],[128.24832,36.88748],[128.24872,36.88657],[128.25092,36.88472],[128.24756,36.8831],[128.24711,36.88202],[128.24651,36.88151],[128.24572,36.88096],[128.24481,36.88092],[128.24388,36.88003],[128.24251,36.87802],[128.24283,36.87345],[128.24174,36.8722],[128.24088,36.87211],[128.24037,36.87131],[128.24102,36.87021],[128.23967,36.86775],[128.2395,36.8651],[128.2372,36.86438],[128.23604,36.86332],[128.23466,36.86283],[128.23535,36.86095],[128.23523,36.85938],[128.23546,36.8589],[128.23524,36.85825],[128.23454,36.85764],[128.23465,36.85629],[128.23423,36.85599],[128.2344,36.85468],[128.23623,36.85184],[128.23871,36.85018],[128.23794,36.8487],[128.23684,36.8476],[128.23702,36.84535],[128.23013,36.84537],[128.22378,36.84671],[128.22211,36.84726],[128.22039,36.84832],[128.21666,36.84929],[128.21254,36.84973],[128.21275,36.84918],[128.21125,36.8469],[128.21076,36.84549],[128.21071,36.84243],[128.21112,36.84117],[128.21301,36.83913],[128.2136,36.838],[128.21451,36.83485],[128.21422,36.83361],[128.21472,36.83235],[128.21434,36.83081],[128.21545,36.82925],[128.21584,36.82787],[128.21589,36.82433],[128.21639,36.82251],[128.21639,36.82073],[128.21942,36.82043],[128.22266,36.82167],[128.23138,36.82282],[128.23295,36.82349],[128.23516,36.82385],[128.2372,36.82372],[128.23794,36.82307],[128.24376,36.82128],[128.24701,36.82231],[128.24958,36.82275],[128.25079,36.82664],[128.24994,36.82875],[128.25143,36.82997],[128.25265,36.83195],[128.25458,36.83184],[128.25621,36.83377],[128.25832,36.83428],[128.25917,36.83513],[128.26012,36.83555],[128.26139,36.83851],[128.26212,36.83895],[128.26342,36.83716],[128.26881,36.83714],[128.26951,36.83633],[128.26996,36.83412],[128.27095,36.83352],[128.27278,36.83151],[128.27198,36.83073],[128.272,36.82914],[128.27107,36.82819],[128.27052,36.82667],[128.26962,36.82563],[128.26939,36.82443],[128.26781,36.82276],[128.26601,36.82259],[128.26564,36.82081],[128.26876,36.81936],[128.27067,36.8191],[128.27309,36.81755],[128.27669,36.81719],[128.27664,36.81491],[128.27736,36.81428],[128.27818,36.8126],[128.27744,36.8117],[128.27737,36.81072],[128.27791,36.8095],[128.27718,36.80896],[128.27715,36.80842],[128.27785,36.80804],[128.27862,36.80687],[128.27947,36.80672],[128.281,36.80554],[128.28204,36.80515],[128.28608,36.80507],[128.29065,36.80337],[128.2923,36.80392],[128.29414,36.80399],[128.29702,36.80502],[128.29819,36.80486],[128.29915,36.80377],[128.30161,36.8035],[128.3031,36.80284],[128.30339,36.80235],[128.30512,36.80127],[128.30533,36.80078],[128.30763,36.80175],[128.31304,36.79929],[128.31509,36.80069],[128.31715,36.80093],[128.31795,36.80168],[128.3195,36.80235],[128.31999,36.80298],[128.32051,36.80223],[128.32056,36.80377],[128.32095,36.80367],[128.32115,36.80413],[128.32059,36.80442],[128.32086,36.80458],[128.3193,36.80744],[128.31949,36.80879],[128.31914,36.81138],[128.31968,36.81216],[128.31818,36.81394],[128.31744,36.81391],[128.31742,36.81423],[128.31817,36.8146],[128.31746,36.8153],[128.31655,36.81562],[128.31698,36.81594],[128.31652,36.81616],[128.31698,36.81685],[128.31908,36.81664],[128.32085,36.81564],[128.32418,36.81596],[128.32725,36.8168],[128.32965,36.81617],[128.33279,36.81698],[128.33446,36.81696],[128.33726,36.81562],[128.341,36.81457],[128.34824,36.81302],[128.35123,36.81294],[128.35318,36.81245],[128.35418,36.81121],[128.35593,36.81072],[128.35519,36.81165],[128.35538,36.8128],[128.35506,36.81357],[128.35299,36.81479],[128.35175,36.81728],[128.35075,36.81818],[128.35026,36.81937],[128.3488,36.81986],[128.34813,36.82087],[128.34613,36.82099],[128.34466,36.82151],[128.34403,36.82211],[128.34115,36.82288],[128.34065,36.82331],[128.34015,36.82449],[128.33842,36.82595],[128.33362,36.82767],[128.3328,36.82842],[128.33239,36.82905],[128.33231,36.83009],[128.33334,36.83317],[128.33304,36.83742],[128.33089,36.84119],[128.33038,36.843],[128.33054,36.84409],[128.32891,36.84504],[128.32774,36.84659],[128.32421,36.84835],[128.32254,36.84963],[128.32128,36.8495],[128.32032,36.84986],[128.31939,36.84907],[128.31784,36.84847],[128.31607,36.85026],[128.31318,36.85462],[128.31136,36.8564],[128.30884,36.85967],[128.31219,36.86289],[128.31231,36.86427],[128.31388,36.86461],[128.31741,36.8669],[128.31924,36.86764],[128.31974,36.86852],[128.32089,36.86897],[128.32395,36.86829],[128.32585,36.86852],[128.32789,36.87228],[128.32667,36.87462],[128.32693,36.87557],[128.32612,36.87603],[128.32536,36.8787],[128.32681,36.88065],[128.32698,36.88271],[128.32659,36.88342],[128.32552,36.88422],[128.32559,36.88537],[128.32502,36.88758],[128.32386,36.88779],[128.323,36.89042],[128.32306,36.89205],[128.3221,36.89441],[128.32216,36.89516],[128.3241,36.89656],[128.32413,36.89687],[128.32526,36.89723],[128.32705,36.89837],[128.32743,36.89934],[128.33045,36.90147],[128.33117,36.90292],[128.33303,36.90466],[128.33327,36.90539],[128.33457,36.90589],[128.33502,36.90735],[128.33523,36.91018],[128.33648,36.91152],[128.33795,36.91431],[128.34201,36.91661],[128.34409,36.91732],[128.3449,36.91941],[128.34629,36.92045],[128.34785,36.92225],[128.34276,36.92472],[128.34306,36.92665],[128.34858,36.93144],[128.3502,36.93103],[128.3503,36.93045],[128.35205,36.93005],[128.35744,36.9301],[128.35902,36.93024],[128.3594,36.93068],[128.36088,36.93075],[128.36223,36.93131],[128.36659,36.93154],[128.36872,36.93264],[128.36887,36.93345],[128.36847,36.93442],[128.36699,36.93625],[128.36689,36.93744],[128.36637,36.93837],[128.36539,36.93877],[128.36487,36.94005],[128.36366,36.94041],[128.36281,36.94123],[128.36225,36.94246],[128.36074,36.94282],[128.36086,36.94359],[128.36178,36.94417],[128.36235,36.94512],[128.36206,36.94722],[128.36255,36.94849],[128.35941,36.95102],[128.35912,36.95204],[128.35831,36.95204],[128.35679,36.9508],[128.35605,36.95087],[128.35525,36.95041],[128.35364,36.95094],[128.35247,36.95055],[128.35036,36.95055],[128.34907,36.94948],[128.34751,36.94885],[128.34636,36.94891],[128.34583,36.94939],[128.34561,36.95054],[128.34415,36.95177],[128.34274,36.95195],[128.34172,36.95249],[128.34144,36.95165],[128.3411,36.9517]]]}},{"type":"Feature","properties":{"zoneId":"Z000103484","zoneName":"연수초통학구역","zoneType":"elementary","level":"초등학교","kind":"dedicated","oneWay":false,"sggCode":"130","eduCode":"8021000","eduName":"충청북도충주교육지원청","updatedAt":"2021-12-27"},"geometry":{"type":"Polygon","coordinates":[[[127.97565,36.99582],[127.97513,36.9967],[127.974,37.00089],[127.97264,37.00275],[127.9713,37.00374],[127.97338,37.00757],[127.97401,37.00818],[127.9747,37.01002],[127.9747,37.01051],[127.97352,37.01174],[127.9761,37.01392],[127.96688,37.01976],[127.96359,37.02226],[127.96306,37.01916],[127.96359,37.01746],[127.96281,37.01389],[127.96175,37.01235],[127.9595,37.0109],[127.95362,37.00571],[127.94211,36.99751],[127.94152,36.99681],[127.93917,36.99662],[127.93973,36.99467],[127.93884,36.99362],[127.93877,36.99139],[127.93407,36.99139],[127.93354,36.98446],[127.93678,36.98442],[127.93679,36.985],[127.93797,36.98498],[127.93795,36.9844],[127.94197,36.98435],[127.94199,36.9855],[127.94347,36.98548],[127.94348,36.98651],[127.94572,36.9865],[127.9457,36.98256],[127.94585,36.98079],[127.94607,36.9808],[127.94893,36.98247],[127.94926,36.9832],[127.95169,36.98496],[127.95203,36.98562],[127.9549,36.98674],[127.95741,36.98678],[127.96144,36.99526],[127.96322,36.99494],[127.96595,36.99293],[127.96568,36.99219],[127.96619,36.99176],[127.96835,36.99195],[127.96987,36.99146],[127.97032,36.99085],[127.9741,36.98988],[127.97617,36.99046],[127.9779,36.993],[127.97684,36.99528],[127.97565,36.99582]]]}},{"type":"Feature","properties":{"zoneId":"Z000103408","zoneName":"사천초통학구역","zoneType":"elementary","level":"초등학교","kind":"dedicated","oneWay":false,"sggCode":"114","eduCode":"8011000","eduName":"충청북도청주교육지원청","updatedAt":"2016-08-12"},"geometry":{"type":"Polygon","coordinates":[[[127.48182,36.6791],[127.48179,36.67915],[127.48123,36.67972],[127.47973,36.68012],[127.47758,36.68152],[127.47706,36.68071],[127.47471,36.67941],[127.47416,36.67847],[127.47169,36.67749],[127.47451,36.67569],[127.47483,36.67489],[127.47389,36.67385],[127.47417,36.67292],[127.47498,36.67145],[127.47551,36.67114],[127.47613,36.66968],[127.47783,36.66868],[127.47631,36.66803],[127.47676,36.66737],[127.47663,36.66658],[127.4778,36.66699],[127.47841,36.6668],[127.48119,36.66838],[127.48451,36.66953],[127.48319,36.67184],[127.4835,36.67777],[127.48313,36.67954],[127.48233,36.67903],[127.48182,36.6791]]]}},{"type":"Feature","properties":{"zoneId":"Z000103535","zoneName":"종곡초통학구역","zoneType":"elementary","level":"초등학교","kind":"dedicated","oneWay":false,"sggCode":"720","eduCode":"8051000","eduName":"충청북도보은교육지원청","updatedAt":"2022-04-12"},"geometry":{"type":"Polygon","coordinates":[[[127.74382,36.48645],[127.74409,36.48618],[127.74513,36.48317],[127.74619,36.48237],[127.74711,36.48061],[127.74791,36.4771],[127.74925,36.47468],[127.75015,36.47367],[127.7516,36.47414],[127.75287,36.47295],[127.7537,36.47344],[127.75454,36.47187],[127.75706,36.47035],[127.75814,36.46788],[127.75926,36.46781],[127.76005,36.46652],[127.76306,36.46701],[127.76423,36.46583],[127.76664,36.46611],[127.76819,36.46756],[127.77049,36.47239],[127.76725,36.47348],[127.76538,36.47511],[127.76263,36.47905],[127.76126,36.47995],[127.75865,36.48084],[127.75876,36.48326],[127.75907,36.48403],[127.75823,36.48665],[127.75856,36.48698],[127.75868,36.48795],[127.75753,36.49053],[127.75959,36.49059],[127.7663,36.49301],[127.76885,36.49264],[127.76995,36.49535],[127.76967,36.49618],[127.77017,36.49737],[127.76959,36.49809],[127.76996,36.49864],[127.76988,36.49913],[127.76914,36.4995],[127.76907,36.5007],[127.77024,36.50137],[127.77088,36.50219],[127.77087,36.50376],[127.76942,36.50456],[127.76943,36.50539],[127.77033,36.50592],[127.77088,36.50763],[127.77607,36.50697],[127.77606,36.50993],[127.77441,36.51168],[127.77456,36.51271],[127.77486,36.51286],[127.77371,36.51432],[127.77338,36.51532],[127.77469,36.51604],[127.77321,36.51829],[127.77245,36.52013],[127.77173,36.52088],[127.77168,36.52407],[127.77042,36.52581],[127.77077,36.52742],[127.76834,36.53034],[127.76759,36.53018],[127.7668,36.53056],[127.76769,36.53156],[127.76759,36.53242],[127.76712,36.53302],[127.76774,36.53382],[127.76683,36.53528],[127.76712,36.53571],[127.76631,36.5363],[127.76511,36.53661],[127.76125,36.53958],[127.75868,36.53954],[127.75519,36.53775],[127.75374,36.53738],[127.75265,36.53752],[127.74959,36.53659],[127.74565,36.53451],[127.74353,36.53296],[127.74367,36.53231],[127.74513,36.53131],[127.74491,36.52964],[127.73892,36.52596],[127.73745,36.52321],[127.73727,36.52023],[127.73833,36.51781],[127.73814,36.51514],[127.73842,36.51256],[127.7376,36.5121],[127.7372,36.5112],[127.73735,36.51025],[127.73817,36.51011],[127.73838,36.50696],[127.73937,36.50496],[127.73893,36.50395],[127.73694,36.5032],[127.73476,36.503],[127.73335,36.50194],[127.73277,36.5001],[127.73391,36.49878],[127.73739,36.49616],[127.73745,36.49479],[127.73946,36.49228],[127.74009,36.48965],[127.74382,36.48645]]]}},{"type":"Feature","properties":{"zoneId":"Z000103491","zoneName":"충주남산초통학구역","zoneType":"elementary","level":"초등학교","kind":"dedicated","oneWay":false,"sggCode":"130","eduCode":"8021000","eduName":"충청북도충주교육지원청","updatedAt":"2022-02-15"},"geometry":{"type":"Polygon","coordinates":[[[127.93072,36.96673],[127.92992,36.96672],[127.92948,36.96546],[127.92634,36.96096],[127.92672,36.96028],[127.9285,36.95809],[127.92957,36.95754],[127.93633,36.95766],[127.93633,36.95634],[127.93702,36.95424],[127.93786,36.95357],[127.93931,36.9532],[127.93927,36.95285],[127.92493,36.95244],[127.92011,36.95444],[127.91916,36.95322],[127.91729,36.95238],[127.91557,36.95115],[127.91642,36.95081],[127.91838,36.9488],[127.91953,36.94836],[127.91928,36.9479],[127.92003,36.94685],[127.92167,36.94583],[127.921,36.94516],[127.92157,36.94435],[127.92315,36.94315],[127.9241,36.94312],[127.92435,36.94259],[127.92487,36.94251],[127.92617,36.94125],[127.92781,36.94079],[127.92829,36.93964],[127.93016,36.93932],[127.93175,36.93985],[127.93403,36.93942],[127.93571,36.93727],[127.93728,36.93774],[127.93988,36.93754],[127.94169,36.93796],[127.94276,36.93776],[127.94397,36.93693],[127.94523,36.93705],[127.94588,36.93636],[127.9456,36.93578],[127.94594,36.93522],[127.94554,36.93413],[127.94842,36.93324],[127.94961,36.9336],[127.95097,36.93335],[127.95177,36.93359],[127.95352,36.9351],[127.95509,36.93518],[127.95722,36.93472],[127.9595,36.93514],[127.96167,36.93493],[127.96547,36.93545],[127.96696,36.93461],[127.96727,36.93337],[127.96802,36.93206],[127.96867,36.93172],[127.96912,36.93048],[127.9708,36.9307],[127.97167,36.93037],[127.9734,36.92901],[127.97387,36.92814],[127.97548,36.92881],[127.97852,36.92908],[127.98082,36.93029],[127.98272,36.93034],[127.9829,36.93091],[127.98251,36.93312],[127.98111,36.93486],[127.98071,36.93585],[127.98075,36.93814],[127.98191,36.93986],[127.98304,36.94075],[127.98599,36.9416],[127.98292,36.9452],[127.98204,36.94598],[127.98042,36.94661],[127.97898,36.94786],[127.97776,36.95107],[127.97757,36.95268],[127.97794,36.95353],[127.977,36.9552],[127.97554,36.95593],[127.97495,36.9567],[127.97147,36.95634],[127.97056,36.95572],[127.96898,36.95698],[127.96628,36.95654],[127.96591,36.95681],[127.96371,36.95575],[127.96115,36.95584],[127.95643,36.95465],[127.953,36.95471],[127.95043,36.9558],[127.94988,36.9562],[127.94948,36.9571],[127.94716,36.95786],[127.94532,36.95817],[127.9451,36.95798],[127.9443,36.95843],[127.94418,36.95895],[127.94031,36.95884],[127.93929,36.96401],[127.93474,36.96368],[127.93377,36.96556],[127.93084,36.96522],[127.93072,36.96673]]]}},{"type":"Feature","properties":{"zoneId":"Z000103496","zoneName":"충주용산초통학구역","zoneType":"elementary","level":"초등학교","kind":"dedicated","oneWay":false,"sggCode":"130","eduCode":"8021000","eduName":"충청북도충주교육지원청","updatedAt":"2022-02-15"},"geometry":{"type":"Polygon","coordinates":[[[127.94489,36.95812],[127.94494,36.9581],[127.94716,36.95786],[127.94948,36.9571],[127.94988,36.9562],[127.95043,36.9558],[127.953,36.95471],[127.95643,36.95465],[127.96092,36.95578],[127.96082,36.9573],[127.95924,36.95883],[127.95824,36.9591],[127.9549,36.96158],[127.95357,36.96317],[127.95185,36.96374],[127.95034,36.96486],[127.94917,36.96513],[127.94703,36.96501],[127.94696,36.96599],[127.94476,36.96591],[127.9448,36.96479],[127.94133,36.96461],[127.94139,36.96417],[127.94103,36.96404],[127.9393,36.96393],[127.94031,36.95884],[127.94418,36.95895],[127.9443,36.95843],[127.94489,36.95812]]]}},{"type":"Feature","properties":{"zoneId":"Z000103438","zoneName":"운천초통학구역","zoneType":"elementary","level":"초등학교","kind":"dedicated","oneWay":false,"sggCode":"113","eduCode":"8011000","eduName":"충청북도청주교육지원청","updatedAt":"2022-03-29"},"geometry":{"type":"MultiPolygon","coordinates":[[[[127.47147,36.6595],[127.47096,36.66005],[127.46452,36.66696],[127.45405,36.66022],[127.45411,36.65852],[127.46271,36.65876],[127.46441,36.65951],[127.46559,36.65707],[127.46392,36.65672],[127.46394,36.65614],[127.46208,36.65581],[127.46356,36.65508],[127.464,36.65278],[127.46505,36.65274],[127.46588,36.6503],[127.46795,36.65108],[127.46932,36.64967],[127.47009,36.65021],[127.47095,36.65165],[127.47162,36.65191],[127.47207,36.65116],[127.47175,36.65103],[127.47173,36.65058],[127.47246,36.64969],[127.47329,36.64972],[127.47431,36.65029],[127.4763,36.64795],[127.47956,36.64974],[127.47147,36.6595]]],[[[127.45821,36.67102],[127.45732,36.67184],[127.4552,36.67218],[127.45376,36.67126],[127.45546,36.66942],[127.45821,36.67102]]]]}},{"type":"Feature","properties":{"zoneId":"Z000151207","zoneName":"대소초만승초공동통학구역","zoneType":"elementary","level":"초등학교","kind":"shared","oneWay":false,"sggCode":"770","eduCode":"8101000","eduName":"충청북도음성교육지원청","updatedAt":"2022-01-18"},"geometry":{"type":"Polygon","coordinates":[[[127.45003,36.99398],[127.45,36.99397],[127.44872,36.99391],[127.44869,36.99265],[127.45018,36.99256],[127.45069,36.99211],[127.45032,36.99109],[127.45042,36.99048],[127.4496,36.99003],[127.44928,36.99024],[127.44939,36.99103],[127.44861,36.99105],[127.44866,36.98988],[127.44782,36.98984],[127.4479,36.98786],[127.44714,36.98674],[127.44848,36.9865],[127.44967,36.98272],[127.45032,36.98191],[127.45017,36.9811],[127.44872,36.98022],[127.4493,36.9789],[127.4494,36.97665],[127.45094,36.97497],[127.45166,36.97473],[127.45245,36.97534],[127.45343,36.97474],[127.45399,36.97395],[127.45371,36.97283],[127.45437,36.97122],[127.45397,36.97022],[127.45654,36.96821],[127.45655,36.96754],[127.45585,36.96616],[127.45707,36.96564],[127.45727,36.96383],[127.45548,36.96292],[127.45522,36.96181],[127.4553,36.96147],[127.45718,36.96084],[127.45896,36.96288],[127.45984,36.96294],[127.46044,36.96359],[127.46465,36.96435],[127.46542,36.96398],[127.46658,36.9645],[127.46657,36.96496],[127.46825,36.9665],[127.46836,36.96735],[127.46764,36.96745],[127.4687,36.97224],[127.46798,36.97263],[127.46782,36.97435],[127.46651,36.9749],[127.46718,36.97699],[127.46701,36.97877],[127.46456,36.97973],[127.46414,36.98094],[127.46265,36.98314],[127.46141,36.98366],[127.46064,36.9844],[127.46034,36.98594],[127.46001,36.98616],[127.45781,36.98525],[127.4581,36.98607],[127.45737,36.98678],[127.45756,36.9873],[127.45508,36.98905],[127.45498,36.99049],[127.45407,36.99059],[127.45381,36.99126],[127.45301,36.99174],[127.45317,36.99217],[127.45301,36.99202],[127.45003,36.99398]]]}},{"type":"Feature","properties":{"zoneId":"Z000150421","zoneName":"대소초만승초청룡초공동통학구역","zoneType":"elementary","level":"초등학교","kind":"shared","oneWay":false,"sggCode":"770","eduCode":"8101000","eduName":"충청북도음성교육지원청","updatedAt":"2022-01-18"},"geometry":{"type":"MultiPolygon","coordinates":[[[[127.44981,36.99015],[127.45042,36.99048],[127.45032,36.99109],[127.45069,36.99211],[127.45018,36.99256],[127.44869,36.99265],[127.44861,36.99105],[127.44939,36.99103],[127.44928,36.99024],[127.44981,36.99015]]],[[[127.45811,36.98529],[127.45841,36.98534],[127.46028,36.98641],[127.45756,36.9873],[127.45737,36.98678],[127.45799,36.9863],[127.45781,36.98525],[127.45811,36.98529]]]]}},{"type":"Feature","properties":{"zoneId":"Z000150404","zoneName":"만승초청룡초공동통학구역","zoneType":"elementary","level":"초등학교","kind":"shared","oneWay":false,"sggCode":"770","eduCode":"8081000","eduName":"충청북도진천교육지원청","updatedAt":"2022-01-18"},"geometry":{"type":"Polygon","coordinates":[[[127.45649,36.99169],[127.45648,36.99196],[127.45448,36.99348],[127.45301,36.99174],[127.45381,36.99126],[127.45429,36.99048],[127.45498,36.99049],[127.45649,36.99169]]]}},{"type":"Feature","properties":{"zoneId":"Z000151242","zoneName":"강서초강내초한국교원대부설월곡초공동통학구역","zoneType":"elementary","level":"초등학교","kind":"shared","oneWay":false,"sggCode":"113","eduCode":"8011000","eduName":"충청북도청주교육지원청","updatedAt":"2022-03-29"},"geometry":{"type":"Polygon","coordinates":[[[127.39697,36.62658],[127.39618,36.6267],[127.39429,36.62594],[127.39325,36.62645],[127.3898,36.62471],[127.38794,36.62448],[127.38805,36.62378],[127.38706,36.62224],[127.38655,36.62195],[127.38647,36.62107],[127.38784,36.6208],[127.38807,36.61999],[127.3863,36.61895],[127.38471,36.61861],[127.38451,36.61805],[127.38393,36.61773],[127.38356,36.61525],[127.38207,36.61429],[127.38053,36.61392],[127.37934,36.61425],[127.37796,36.61378],[127.37683,36.61409],[127.37654,36.61197],[127.3761,36.61177],[127.37652,36.61105],[127.37604,36.61035],[127.37729,36.60951],[127.37733,36.60856],[127.37843,36.60684],[127.37718,36.60568],[127.37785,36.60489],[127.37765,36.60465],[127.37891,36.60408],[127.37906,36.60321],[127.38134,36.60382],[127.3821,36.60453],[127.38339,36.60427],[127.38372,36.60365],[127.38821,36.60147],[127.38921,36.60131],[127.39066,36.60281],[127.39103,36.60376],[127.39325,36.60477],[127.39344,36.60654],[127.39466,36.60695],[127.39623,36.60857],[127.39797,36.60918],[127.39807,36.61056],[127.39771,36.61144],[127.39816,36.61218],[127.39795,36.61233],[127.39851,36.61238],[127.39926,36.61309],[127.40018,36.61434],[127.40031,36.61505],[127.40132,36.61558],[127.40064,36.61753],[127.39956,36.61877],[127.39876,36.61907],[127.39946,36.61962],[127.40006,36.62104],[127.39976,36.62177],[127.4003,36.62253],[127.40008,36.62327],[127.40149,36.62475],[127.40127,36.62547],[127.40151,36.62632],[127.40006,36.62652],[127.39769,36.62609],[127.39697,36.62658]]]}},{"type":"Feature","properties":{"zoneId":"Z000151244","zoneName":"덕성초새터초공동통학구역","zoneType":"elementary","level":"초등학교","kind":"shared","oneWay":false,"sggCode":"114","eduCode":"8011000","eduName":"충청북도청주교육지원청","updatedAt":"2022-03-29"},"geometry":{"type":"Polygon","coordinates":[[[127.47945,36.66689],[127.47912,36.6667],[127.47841,36.6668],[127.47846,36.66648],[127.47797,36.66619],[127.47834,36.66572],[127.47799,36.66551],[127.47852,36.66491],[127.47918,36.66503],[127.47952,36.66524],[127.47911,36.66581],[127.48003,36.66626],[127.47945,36.66689]]]}},{"type":"Feature","properties":{"zoneId":"Z000151243","zoneName":"우암초주성초공동통학구역","zoneType":"elementary","level":"초등학교","kind":"shared","oneWay":false,"sggCode":"111","eduCode":"8011000","eduName":"충청북도청주교육지원청","updatedAt":"2022-03-29"},"geometry":{"type":"Polygon","coordinates":[[[127.48883,36.64492],[127.48821,36.645],[127.48832,36.64377],[127.48963,36.64385],[127.48958,36.64438],[127.48872,36.64436],[127.48883,36.64492]]]}},{"type":"Feature","properties":{"zoneId":"Z000103490","zoneName":"충주금릉초통학구역","zoneType":"elementary","level":"초등학교","kind":"dedicated","oneWay":false,"sggCode":"130","eduCode":"8021000","eduName":"충청북도충주교육지원청","updatedAt":"2021-12-27"},"geometry":{"type":"Polygon","coordinates":[[[127.93973,36.99467],[127.93962,36.99507],[127.93917,36.99662],[127.92826,36.99573],[127.92348,36.99582],[127.92203,36.99558],[127.92205,36.99366],[127.92396,36.99365],[127.92664,36.99161],[127.92911,36.99147],[127.92911,36.98975],[127.93055,36.98904],[127.93167,36.98796],[127.93189,36.98942],[127.93249,36.98976],[127.93398,36.98975],[127.93407,36.99139],[127.93877,36.99139],[127.93884,36.99362],[127.93973,36.99467]]]}},{"type":"Feature","properties":{"zoneId":"Z000103636","zoneName":"영춘초별방분교장통학구역","zoneType":"elementary","level":"초등학교","kind":"dedicated","oneWay":false,"sggCode":"800","eduCode":"8111000","eduName":"충청북도단양교육지원청","updatedAt":"2022-01-18"},"geometry":{"type":"Polygon","coordinates":[[[128.3841,37.15798],[128.3841,37.15798],[128.3837,37.15821],[128.38332,37.1566],[128.38222,37.15594],[128.38185,37.15522],[128.38147,37.15599],[128.38125,37.15547],[128.38051,37.15499],[128.37875,37.15469],[128.37877,37.15384],[128.37809,37.15308],[128.37816,37.15174],[128.37708,37.15167],[128.37672,37.1517],[128.37583,37.15331],[128.37413,37.15349],[128.36931,37.15512],[128.36839,37.15444],[128.36789,37.15443],[128.36535,37.15764],[128.36442,37.15763],[128.36446,37.15624],[128.36258,37.15394],[128.36217,37.1527],[128.35972,37.15022],[128.35964,37.14886],[128.36029,37.14838],[128.35996,37.14752],[128.36008,37.14691],[128.36055,37.14551],[128.36192,37.14328],[128.3612,37.14186],[128.36175,37.14067],[128.36389,37.14058],[128.36542,37.13987],[128.36604,37.13923],[128.3666,37.13925],[128.36767,37.13815],[128.36953,37.13774],[128.3706,37.13655],[128.37089,37.13562],[128.37314,37.1351],[128.37087,37.13194],[128.37204,37.13008],[128.37266,37.12835],[128.36917,37.12625],[128.36899,37.12441],[128.36936,37.12395],[128.36975,37.12167],[128.37099,37.12088],[128.37123,37.11995],[128.37153,37.11724],[128.37122,37.11492],[128.37136,37.11271],[128.37084,37.11121],[128.37409,37.11045],[128.37551,37.10953],[128.37673,37.10927],[128.37787,37.10804],[128.37898,37.10773],[128.37769,37.10505],[128.37901,37.10323],[128.37929,37.10164],[128.379,37.10027],[128.37985,37.09873],[128.38088,37.09821],[128.37993,37.09663],[128.38083,37.09512],[128.38058,37.09376],[128.38172,37.09224],[128.3835,37.09112],[128.38394,37.09015],[128.38297,37.08861],[128.38317,37.08798],[128.3843,37.08672],[128.38572,37.08671],[128.38681,37.08594],[128.38705,37.08507],[128.38673,37.08442],[128.38749,37.08279],[128.38838,37.08214],[128.39007,37.08211],[128.39187,37.08054],[128.39326,37.08041],[128.39466,37.08073],[128.399,37.07565],[128.39993,37.07532],[128.40234,37.07229],[128.40339,37.07061],[128.40332,37.06819],[128.40425,37.06579],[128.40396,37.06475],[128.40439,37.06348],[128.40495,37.06287],[128.40619,37.06009],[128.40606,37.05969],[128.40822,37.05686],[128.40696,37.05475],[128.40823,37.05361],[128.40993,37.05312],[128.41156,37.05187],[128.41485,37.05219],[128.41395,37.05464],[128.41405,37.05646],[128.41562,37.05927],[128.41713,37.06061],[128.42584,37.06404],[128.43983,37.06772],[128.4404,37.07023],[128.44175,37.07118],[128.43243,37.07401],[128.43012,37.07789],[128.43301,37.08121],[128.43409,37.08427],[128.43414,37.08614],[128.4347,37.08674],[128.43551,37.08714],[128.43716,37.08609],[128.4379,37.08604],[128.4395,37.08804],[128.44068,37.08865],[128.44159,37.08962],[128.44217,37.09345],[128.44283,37.09382],[128.44436,37.09311],[128.44591,37.09323],[128.44619,37.09395],[128.44548,37.09562],[128.44704,37.09627],[128.44785,37.09958],[128.44743,37.10099],[128.44576,37.10229],[128.44584,37.10356],[128.44706,37.10531],[128.45863,37.10527],[128.46108,37.10296],[128.46752,37.10229],[128.46832,37.1033],[128.46954,37.10378],[128.47106,37.10541],[128.47728,37.10919],[128.47781,37.11015],[128.47322,37.11016],[128.4723,37.10984],[128.46817,37.11021],[128.46618,37.10992],[128.46632,37.10972],[128.46235,37.11046],[128.46167,37.11016],[128.4612,37.11047],[128.45805,37.11028],[128.45673,37.11068],[128.45531,37.11185],[128.45252,37.11172],[128.45084,37.11236],[128.45029,37.11222],[128.44836,37.11014],[128.44666,37.10902],[128.44645,37.10829],[128.44532,37.10747],[128.4448,37.10627],[128.44269,37.10924],[128.43982,37.10996],[128.43614,37.11199],[128.43514,37.11148],[128.43555,37.10951],[128.43058,37.10675],[128.43007,37.10531],[128.43012,37.10367],[128.42504,37.10248],[128.42306,37.10325],[128.423,37.10412],[128.42259,37.10473],[128.42262,37.10689],[128.42216,37.10779],[128.42257,37.10939],[128.42216,37.11016],[128.42356,37.11224],[128.42105,37.1137],[128.42075,37.11494],[128.41989,37.1163],[128.41974,37.11722],[128.42002,37.118],[128.41847,37.11981],[128.41615,37.12082],[128.41514,37.12025],[128.41311,37.12101],[128.41195,37.12198],[128.41104,37.12213],[128.40729,37.12638],[128.40575,37.12699],[128.396,37.12859],[128.39683,37.12937],[128.39703,37.13007],[128.3979,37.13062],[128.39809,37.13165],[128.40079,37.13333],[128.40088,37.13409],[128.40179,37.13481],[128.40132,37.13543],[128.40187,37.13678],[128.40147,37.1376],[128.40182,37.13852],[128.40338,37.13914],[128.40366,37.13962],[128.40241,37.14155],[128.40204,37.14329],[128.40104,37.14553],[128.40087,37.14688],[128.39934,37.14774],[128.39848,37.14773],[128.39637,37.14857],[128.39608,37.14935],[128.39563,37.14944],[128.39533,37.14999],[128.39537,37.15054],[128.39419,37.15147],[128.39353,37.15139],[128.39318,37.15173],[128.39321,37.15253],[128.39253,37.15339],[128.3928,37.1548],[128.39107,37.15512],[128.38876,37.15462],[128.38834,37.15525],[128.38613,37.15648],[128.38608,37.15688],[128.38448,37.15805],[128.3841,37.15798]]]}},{"type":"Feature","properties":{"zoneId":"Z000150704","zoneName":"충주예성초충주삼원초공동통학구역","zoneType":"elementary","level":"초등학교","kind":"shared","oneWay":false,"sggCode":"130","eduCode":"8021000","eduName":"충청북도충주교육지원청","updatedAt":"2018-07-26"},"geometry":{"type":"Polygon","coordinates":[[[127.92781,36.97818],[127.92817,36.97839],[127.92817,36.97956],[127.92728,36.97956],[127.92387,36.98084],[127.92428,36.97927],[127.92781,36.97818]]]}},{"type":"Feature","properties":{"zoneId":"Z000103563","zoneName":"용화초통학구역","zoneType":"elementary","level":"초등학교","kind":"dedicated","oneWay":false,"sggCode":"740","eduCode":"8071000","eduName":"충청북도영동교육지원청","updatedAt":"2016-08-12"},"geometry":{"type":"Polygon","coordinates":[[[127.77013,36.08171],[127.76875,36.08132],[127.76796,36.08112],[127.7664,36.08173],[127.76438,36.08088],[127.76301,36.07935],[127.76293,36.07815],[127.76143,36.07477],[127.76033,36.07303],[127.75865,36.07144],[127.75764,36.07087],[127.75623,36.06946],[127.75463,36.06893],[127.75384,36.06769],[127.75188,36.06628],[127.75004,36.06516],[127.74844,36.06507],[127.74761,36.0634],[127.74692,36.06264],[127.74648,36.0627],[127.74626,36.06201],[127.74512,36.06197],[127.74447,36.06101],[127.7411,36.05901],[127.7366,36.05767],[127.73563,36.05784],[127.7347,36.05775],[127.73435,36.05733],[127.73165,36.05739],[127.73134,36.05626],[127.72635,36.05601],[127.72533,36.05479],[127.7213,36.05388],[127.72025,36.04948],[127.723,36.04751],[127.72325,36.04664],[127.72252,36.04433],[127.72302,36.0442],[127.72383,36.04297],[127.7238,36.04257],[127.72616,36.03983],[127.7289,36.03842],[127.73015,36.03813],[127.73001,36.03742],[127.72872,36.0359],[127.7276,36.03524],[127.72757,36.0346],[127.72526,36.03333],[127.72505,36.03241],[127.72798,36.03091],[127.72753,36.0297],[127.72858,36.03092],[127.73083,36.03231],[127.73483,36.03232],[127.73732,36.02982],[127.7391,36.02688],[127.73945,36.02573],[127.74149,36.0248],[127.74223,36.02503],[127.743,36.02609],[127.74356,36.02736],[127.74359,36.02847],[127.74415,36.02887],[127.74548,36.02889],[127.7473,36.0297],[127.74883,36.02887],[127.75162,36.02568],[127.75422,36.02455],[127.75386,36.02406],[127.75431,36.024],[127.7545,36.02445],[127.7552,36.0242],[127.75622,36.02444],[127.75976,36.0256],[127.7616,36.02518],[127.76225,36.02411],[127.76264,36.02157],[127.76066,36.01761],[127.75929,36.01592],[127.75928,36.01521],[127.75993,36.01438],[127.76156,36.01332],[127.76427,36.01243],[127.76618,36.01221],[127.76883,36.01255],[127.77432,36.01493],[127.77521,36.01506],[127.77527,36.01538],[127.78153,36.01651],[127.78362,36.01642],[127.78762,36.0145],[127.7895,36.01639],[127.79081,36.0188],[127.7923,36.01994],[127.79363,36.01997],[127.79364,36.02079],[127.79419,36.02138],[127.79682,36.02288],[127.79737,36.02448],[127.79727,36.02501],[127.79865,36.02546],[127.79944,36.02607],[127.80108,36.02659],[127.80157,36.02608],[127.80312,36.02666],[127.8035,36.02631],[127.8055,36.02596],[127.80765,36.02731],[127.80842,36.02742],[127.80923,36.02694],[127.81109,36.02737],[127.81154,36.02781],[127.81357,36.02815],[127.81461,36.02901],[127.81627,36.02809],[127.81759,36.02789],[127.8185,36.02813],[127.81912,36.02927],[127.81979,36.0298],[127.82183,36.03031],[127.82259,36.03113],[127.82523,36.03214],[127.82576,36.03294],[127.82603,36.0328],[127.82957,36.03401],[127.8304,36.03523],[127.83704,36.0362],[127.8385,36.03629],[127.83909,36.03588],[127.84196,36.03688],[127.8432,36.03801],[127.84589,36.03912],[127.84854,36.03972],[127.84916,36.04068],[127.8491,36.04306],[127.85021,36.04439],[127.85019,36.04626],[127.84951,36.04788],[127.84976,36.04917],[127.85054,36.05036],[127.84983,36.05224],[127.85014,36.05393],[127.8463,36.05908],[127.8465,36.06174],[127.84596,36.06303],[127.8452,36.06302],[127.84165,36.06452],[127.84039,36.06621],[127.83723,36.06825],[127.83584,36.06807],[127.83183,36.07155],[127.83,36.07236],[127.82923,36.07308],[127.82836,36.07324],[127.82714,36.07294],[127.82591,36.07349],[127.82382,36.07323],[127.82215,36.07386],[127.82133,36.07345],[127.82083,36.07203],[127.81981,36.07066],[127.81809,36.06984],[127.81559,36.06951],[127.81351,36.06863],[127.81159,36.06715],[127.81098,36.06572],[127.81004,36.06563],[127.80962,36.06512],[127.80667,36.06562],[127.80516,36.06528],[127.80325,36.06545],[127.80128,36.06503],[127.80053,36.0653],[127.79975,36.06516],[127.79874,36.06446],[127.79767,36.06442],[127.7958,36.06369],[127.79507,36.0649],[127.79409,36.06559],[127.79406,36.06631],[127.79348,36.06665],[127.79238,36.06844],[127.79235,36.06929],[127.79129,36.07027],[127.78815,36.07102],[127.78815,36.07264],[127.78758,36.07498],[127.78558,36.07564],[127.78408,36.07685],[127.7799,36.07831],[127.77882,36.07906],[127.77882,36.08006],[127.77717,36.0809],[127.77405,36.08157],[127.77207,36.08098],[127.77068,36.08123],[127.77013,36.08171]]]}},{"type":"Feature","properties":{"zoneId":"Z000151165","zoneName":"홍광초송학초공동(일방)통학구역","zoneType":"elementary","level":"초등학교","kind":"shared","oneWay":true,"sggCode":"150","eduCode":"8031000","eduName":"충청북도제천교육지원청","updatedAt":"2021-12-27"},"geometry":{"type":"Polygon","coordinates":[[[128.20467,37.20537],[128.20467,37.20537],[128.20339,37.20543],[128.20191,37.20609],[128.19881,37.20669],[128.19688,37.20583],[128.19633,37.20396],[128.19564,37.20329],[128.19448,37.20322],[128.19402,37.20285],[128.18786,37.20185],[128.18743,37.20238],[128.18576,37.20319],[128.18348,37.20372],[128.18104,37.20248],[128.17981,37.20236],[128.17963,37.20203],[128.18043,37.20083],[128.17975,37.20038],[128.17906,37.19799],[128.17636,37.19536],[128.1766,37.19069],[128.17351,37.18802],[128.17543,37.187],[128.17652,37.18665],[128.17742,37.18678],[128.17978,37.18555],[128.18131,37.18515],[128.18367,37.18506],[128.18466,37.18537],[128.1865,37.18664],[128.18732,37.18623],[128.19063,37.18632],[128.19271,37.18749],[128.19382,37.18769],[128.19673,37.18707],[128.1975,37.18644],[128.19821,37.18435],[128.19941,37.18315],[128.19991,37.18176],[128.20109,37.18095],[128.1998,37.18087],[128.2001,37.1806],[128.20004,37.17952],[128.20077,37.17913],[128.20171,37.17914],[128.20231,37.17735],[128.20204,37.17666],[128.20289,37.17648],[128.20314,37.17573],[128.20362,37.17566],[128.20374,37.17502],[128.20511,37.17449],[128.20593,37.17326],[128.20554,37.17275],[128.20597,37.17188],[128.20565,37.17088],[128.206,37.17017],[128.20547,37.1679],[128.20494,37.16767],[128.20463,37.16691],[128.20382,37.16697],[128.20215,37.15522],[128.21148,37.15982],[128.21151,37.15837],[128.21267,37.15579],[128.21763,37.15665],[128.21817,37.15644],[128.21826,37.15547],[128.2188,37.15555],[128.21968,37.15397],[128.2206,37.15395],[128.22106,37.1544],[128.22077,37.15507],[128.22121,37.15544],[128.22143,37.15666],[128.22186,37.15708],[128.22191,37.15745],[128.22115,37.15788],[128.2214,37.15876],[128.22209,37.15834],[128.22224,37.15768],[128.22302,37.15747],[128.22336,37.15823],[128.22299,37.15832],[128.22228,37.15951],[128.22171,37.15968],[128.22132,37.16035],[128.2215,37.16066],[128.22403,37.16121],[128.22791,37.1629],[128.22912,37.16293],[128.22907,37.16098],[128.22797,37.15864],[128.23137,37.15705],[128.23134,37.15631],[128.23217,37.1554],[128.23274,37.15553],[128.23282,37.15521],[128.23233,37.15381],[128.23124,37.15258],[128.23051,37.15235],[128.23095,37.15203],[128.23218,37.152],[128.23248,37.15156],[128.23545,37.15132],[128.23577,37.15182],[128.23652,37.15162],[128.23763,37.151],[128.23745,37.14989],[128.23964,37.1488],[128.24099,37.15146],[128.24298,37.15188],[128.24342,37.15271],[128.24427,37.15321],[128.24465,37.15592],[128.24537,37.15729],[128.245,37.15827],[128.24541,37.15952],[128.24635,37.15951],[128.2472,37.16001],[128.24851,37.15925],[128.24894,37.15935],[128.24941,37.15981],[128.25017,37.15992],[128.25034,37.16065],[128.25167,37.16116],[128.25156,37.16222],[128.25081,37.16342],[128.25054,37.16465],[128.25001,37.1649],[128.24844,37.16748],[128.24812,37.16874],[128.24878,37.16953],[128.24832,37.17196],[128.24639,37.17145],[128.24583,37.17225],[128.24522,37.17215],[128.24444,37.17266],[128.24363,37.17264],[128.24299,37.1734],[128.24347,37.17503],[128.24306,37.17586],[128.24141,37.17641],[128.24099,37.17736],[128.24068,37.17732],[128.24238,37.17771],[128.2438,37.17852],[128.24814,37.17835],[128.25121,37.17911],[128.25564,37.17905],[128.25698,37.17967],[128.25772,37.18089],[128.26026,37.18154],[128.26062,37.18284],[128.26026,37.18272],[128.2593,37.18339],[128.25839,37.1859],[128.25609,37.18636],[128.25604,37.18685],[128.25482,37.18805],[128.25278,37.18794],[128.25205,37.18731],[128.25005,37.18853],[128.24727,37.18899],[128.24361,37.19131],[128.24224,37.19045],[128.24021,37.18992],[128.23973,37.19028],[128.23914,37.18997],[128.23654,37.19061],[128.23077,37.18947],[128.22947,37.18972],[128.22517,37.18945],[128.22213,37.18989],[128.22014,37.19188],[128.21961,37.19292],[128.21947,37.19418],[128.21775,37.19488],[128.21689,37.19604],[128.21576,37.19883],[128.21508,37.19928],[128.21388,37.20198],[128.21317,37.20197],[128.21074,37.203],[128.20944,37.20375],[128.20877,37.20469],[128.20558,37.20497],[128.20467,37.20537]]]}},{"type":"Feature","properties":{"zoneId":"Z000150381","zoneName":"서경초죽림초공동통학구역","zoneType":"elementary","level":"초등학교","kind":"shared","oneWay":false,"sggCode":"113","eduCode":"8011000","eduName":"충청북도청주교육지원청","updatedAt":"2016-08-12"},"geometry":{"type":"Polygon","coordinates":[[[127.44224,36.6143],[127.44057,36.61614],[127.43853,36.6151],[127.44057,36.61258],[127.44224,36.6143]]]}},{"type":"Feature","properties":{"zoneId":"Z000103420","zoneName":"석성초통학구역","zoneType":"elementary","level":"초등학교","kind":"dedicated","oneWay":false,"sggCode":"114","eduCode":"8011000","eduName":"충청북도청주교육지원청","updatedAt":"2019-08-20"},"geometry":{"type":"Polygon","coordinates":[[[127.515,36.75632],[127.51455,36.75655],[127.51449,36.75794],[127.51507,36.75876],[127.51263,36.75923],[127.50646,36.76171],[127.5023,36.76264],[127.5,36.75921],[127.49724,36.75627],[127.49369,36.75337],[127.48723,36.74577],[127.48632,36.74395],[127.48489,36.73882],[127.48315,36.73674],[127.48221,36.73475],[127.48157,36.7343],[127.48021,36.73224],[127.47976,36.73092],[127.47973,36.72955],[127.47902,36.72771],[127.47827,36.72773],[127.47872,36.72595],[127.47868,36.72221],[127.48438,36.72162],[127.48572,36.7219],[127.49007,36.72816],[127.49149,36.72942],[127.49341,36.73022],[127.50019,36.73126],[127.503,36.73297],[127.51146,36.73313],[127.51427,36.73196],[127.51924,36.73114],[127.52089,36.73156],[127.52626,36.73414],[127.52891,36.73455],[127.53722,36.73233],[127.54039,36.73091],[127.5418,36.72957],[127.54288,36.73043],[127.5436,36.73147],[127.54548,36.73765],[127.54687,36.74087],[127.54433,36.74165],[127.54406,36.74114],[127.5418,36.74104],[127.54102,36.74172],[127.54008,36.74187],[127.53824,36.74134],[127.53624,36.73967],[127.53436,36.74004],[127.53395,36.74036],[127.53371,36.74125],[127.53235,36.74207],[127.5326,36.74248],[127.53169,36.743],[127.53046,36.74452],[127.53038,36.74567],[127.52949,36.74678],[127.52981,36.74931],[127.52947,36.74973],[127.52612,36.74984],[127.52414,36.75053],[127.52324,36.75138],[127.52276,36.75382],[127.5218,36.75493],[127.52082,36.75738],[127.51876,36.75847],[127.51779,36.75848],[127.51696,36.7582],[127.51658,36.75768],[127.51645,36.75614],[127.515,36.75632]]]}},{"type":"Feature","properties":{"zoneId":"Z000103412","zoneName":"상봉초통학구역","zoneType":"elementary","level":"초등학교","kind":"dedicated","oneWay":false,"sggCode":"113","eduCode":"8011000","eduName":"충청북도청주교육지원청","updatedAt":"2016-08-12"},"geometry":{"type":"Polygon","coordinates":[[[127.30148,36.66013],[127.30129,36.66097],[127.30101,36.66205],[127.29975,36.66219],[127.29675,36.66078],[127.29593,36.65957],[127.29294,36.65984],[127.29209,36.65945],[127.28916,36.65932],[127.28869,36.6589],[127.28909,36.65814],[127.2888,36.65788],[127.28904,36.65741],[127.2889,36.65675],[127.28813,36.65626],[127.28681,36.6542],[127.28615,36.65167],[127.28649,36.65105],[127.28579,36.65007],[127.2844,36.64999],[127.2841,36.64874],[127.28367,36.6487],[127.28363,36.64736],[127.28285,36.64696],[127.28162,36.64514],[127.28278,36.64229],[127.27952,36.6407],[127.27701,36.64187],[127.27565,36.6398],[127.27716,36.63682],[127.2788,36.6352],[127.27893,36.63403],[127.2794,36.63352],[127.28083,36.63439],[127.28228,36.6346],[127.28493,36.63419],[127.28502,36.63377],[127.28528,36.6338],[127.2859,36.63418],[127.28601,36.63471],[127.28723,36.63613],[127.28948,36.63693],[127.29118,36.63662],[127.29203,36.63583],[127.29226,36.63519],[127.2907,36.63107],[127.29141,36.62657],[127.29201,36.62504],[127.29251,36.62467],[127.29394,36.62439],[127.29583,36.62457],[127.2963,36.62424],[127.2962,36.62201],[127.29576,36.62054],[127.29611,36.61936],[127.29641,36.61898],[127.29888,36.61866],[127.30006,36.61719],[127.30023,36.61605],[127.3024,36.61765],[127.30451,36.61848],[127.30559,36.62209],[127.30453,36.62348],[127.30403,36.62497],[127.30409,36.62581],[127.30819,36.62952],[127.30793,36.63016],[127.3069,36.63064],[127.30609,36.63195],[127.3061,36.63276],[127.30555,36.63389],[127.30424,36.63512],[127.30235,36.63623],[127.30212,36.63715],[127.30281,36.63768],[127.30244,36.63911],[127.30154,36.63955],[127.30079,36.64167],[127.29992,36.64236],[127.30001,36.64318],[127.30099,36.64388],[127.30232,36.64621],[127.30192,36.64747],[127.30212,36.64857],[127.30054,36.65039],[127.30076,36.65229],[127.30171,36.65407],[127.30193,36.65643],[127.30104,36.65754],[127.30148,36.66013]]]}},{"type":"Feature","properties":{"zoneId":"Z000103531","zoneName":"판동초송죽분교장통학구역","zoneType":"elementary","level":"초등학교","kind":"dedicated","oneWay":false,"sggCode":"720","eduCode":"8051000","eduName":"충청북도보은교육지원청","updatedAt":"2022-01-18"},"geometry":{"type":"Polygon","coordinates":[[[127.73705,36.45478],[127.73702,36.4554],[127.73652,36.4573],[127.7267,36.45646],[127.72584,36.45496],[127.72619,36.45472],[127.72603,36.45435],[127.72652,36.45361],[127.7263,36.45303],[127.72436,36.45197],[127.72379,36.45176],[127.72332,36.45236],[127.72081,36.45259],[127.71969,36.45236],[127.71928,36.45173],[127.7163,36.45155],[127.7147,36.45212],[127.7132,36.45121],[127.71103,36.45066],[127.71124,36.44938],[127.71037,36.44719],[127.70962,36.44675],[127.70769,36.44643],[127.70788,36.44575],[127.70736,36.44466],[127.70772,36.44403],[127.70709,36.44079],[127.70754,36.44005],[127.70753,36.43922],[127.70591,36.4339],[127.70603,36.43302],[127.70706,36.432],[127.70714,36.43076],[127.70564,36.42948],[127.70502,36.42819],[127.70545,36.42787],[127.70525,36.42751],[127.70578,36.42691],[127.70586,36.42592],[127.70545,36.4256],[127.70565,36.42405],[127.70526,36.42293],[127.70559,36.4217],[127.70615,36.42134],[127.70598,36.42081],[127.70623,36.41953],[127.70536,36.41644],[127.70415,36.41484],[127.70543,36.41353],[127.71007,36.41378],[127.71064,36.41325],[127.71152,36.4135],[127.71265,36.4147],[127.71335,36.41495],[127.71358,36.4161],[127.71444,36.41622],[127.71529,36.41753],[127.71733,36.41771],[127.71842,36.41834],[127.71936,36.41928],[127.71947,36.42031],[127.72068,36.42147],[127.72403,36.42105],[127.72574,36.42035],[127.7261,36.41973],[127.7282,36.41985],[127.72831,36.41956],[127.73164,36.42026],[127.73174,36.42054],[127.73373,36.42113],[127.73548,36.4213],[127.73668,36.42193],[127.73723,36.42265],[127.74097,36.42419],[127.74258,36.42642],[127.74601,36.42794],[127.75057,36.43119],[127.74501,36.43777],[127.7433,36.44129],[127.73747,36.44556],[127.73574,36.44717],[127.73533,36.44812],[127.73531,36.45],[127.73658,36.4526],[127.73705,36.45478]]]}},{"type":"Feature","properties":{"zoneId":"Z000103429","zoneName":"청주소로초통학구역","zoneType":"elementary","level":"초등학교","kind":"dedicated","oneWay":false,"sggCode":"113","eduCode":"8011000","eduName":"충청북도청주교육지원청","updatedAt":"2019-02-27"},"geometry":{"type":"Polygon","coordinates":[[[127.40444,36.7108],[127.40431,36.71089],[127.40338,36.71118],[127.40236,36.71077],[127.4017,36.70926],[127.40121,36.70894],[127.39969,36.70935],[127.39775,36.71051],[127.39582,36.71074],[127.39385,36.7097],[127.39019,36.70862],[127.38959,36.70803],[127.38888,36.7079],[127.38877,36.70727],[127.38812,36.70727],[127.38665,36.70516],[127.38627,36.70404],[127.38673,36.70348],[127.38596,36.70238],[127.38376,36.70138],[127.38216,36.70111],[127.38221,36.70043],[127.38144,36.70037],[127.3797,36.69935],[127.37745,36.6976],[127.37645,36.69721],[127.37606,36.6965],[127.37488,36.69568],[127.37378,36.69534],[127.37315,36.69388],[127.37223,36.69315],[127.36312,36.69037],[127.36235,36.6909],[127.36001,36.69124],[127.3599,36.69093],[127.36074,36.68978],[127.36069,36.68851],[127.36009,36.68783],[127.35997,36.68716],[127.35776,36.68636],[127.35691,36.68657],[127.35547,36.68494],[127.35786,36.68368],[127.35864,36.68233],[127.35995,36.68196],[127.36144,36.68214],[127.36237,36.68073],[127.3639,36.6801],[127.3649,36.68026],[127.36563,36.67968],[127.36675,36.67985],[127.36932,36.67766],[127.38375,36.66726],[127.37992,36.66609],[127.37925,36.66471],[127.37734,36.66358],[127.37683,36.66293],[127.38238,36.65943],[127.38438,36.65948],[127.39565,36.67293],[127.3986,36.67596],[127.40199,36.67867],[127.40257,36.67957],[127.40346,36.68003],[127.40844,36.68083],[127.41133,36.68097],[127.41762,36.68095],[127.42148,36.68046],[127.43676,36.68257],[127.43526,36.68323],[127.43494,36.68409],[127.43314,36.68484],[127.43165,36.68463],[127.43146,36.68933],[127.42551,36.68918],[127.4256,36.69071],[127.42532,36.6907],[127.42537,36.69117],[127.42449,36.69201],[127.42437,36.69277],[127.42376,36.69325],[127.42375,36.69388],[127.4232,36.69442],[127.42074,36.69553],[127.42036,36.69585],[127.42089,36.6963],[127.40878,36.70543],[127.40855,36.70656],[127.4106,36.70865],[127.4106,36.71003],[127.41001,36.71025],[127.40864,36.71004],[127.40762,36.70882],[127.40683,36.70861],[127.40538,36.7091],[127.4062,36.71012],[127.40594,36.71045],[127.40444,36.7108]]]}},{"type":"Feature","properties":{"zoneId":"Z000103483","zoneName":"엄정초통학구역","zoneType":"elementary","level":"초등학교","kind":"dedicated","oneWay":false,"sggCode":"130","eduCode":"8021000","eduName":"충청북도충주교육지원청","updatedAt":"2023-01-17"},"geometry":{"type":"Polygon","coordinates":[[[127.91504,37.16888],[127.91377,37.16845],[127.91141,37.16753],[127.90863,37.16712],[127.90835,37.16633],[127.90715,37.16523],[127.90711,37.16428],[127.90618,37.16173],[127.90346,37.16005],[127.90403,37.15874],[127.90387,37.15696],[127.90191,37.1532],[127.90189,37.1522],[127.89822,37.14898],[127.89666,37.14825],[127.8952,37.148],[127.89528,37.14759],[127.87688,37.14831],[127.87645,37.148],[127.87545,37.14595],[127.87414,37.14535],[127.87415,37.14471],[127.87347,37.14407],[127.87353,37.14162],[127.87312,37.14124],[127.87047,37.14044],[127.86937,37.13903],[127.8695,37.13783],[127.86827,37.1374],[127.86744,37.13646],[127.86639,37.13589],[127.86675,37.13408],[127.86491,37.13249],[127.86422,37.13227],[127.86461,37.13169],[127.86391,37.13004],[127.86338,37.12985],[127.86348,37.12875],[127.86247,37.12549],[127.8629,37.12522],[127.8628,37.12462],[127.86375,37.12324],[127.86209,37.11862],[127.861,37.11817],[127.8603,37.11676],[127.86102,37.11615],[127.86116,37.11502],[127.86209,37.11451],[127.86236,37.11303],[127.86384,37.11107],[127.86525,37.11025],[127.86585,37.10952],[127.8675,37.10875],[127.86747,37.10812],[127.86785,37.10783],[127.86652,37.10683],[127.86617,37.10588],[127.86485,37.10501],[127.86429,37.10309],[127.86452,37.10246],[127.86374,37.10063],[127.86108,37.09867],[127.86076,37.09792],[127.85953,37.09691],[127.8596,37.09526],[127.85922,37.09402],[127.85943,37.09292],[127.85841,37.09209],[127.85804,37.09074],[127.85688,37.09027],[127.85626,37.08908],[127.85698,37.08714],[127.85659,37.08535],[127.85765,37.08417],[127.85813,37.08404],[127.85875,37.08288],[127.86004,37.08235],[127.85991,37.08004],[127.86666,37.08105],[127.86626,37.08199],[127.8663,37.08289],[127.86894,37.0844],[127.87064,37.08439],[127.87363,37.08369],[127.87455,37.08269],[127.87576,37.08051],[127.87594,37.07906],[127.87662,37.07822],[127.88325,37.075],[127.88486,37.07308],[127.88661,37.06991],[127.88888,37.06268],[127.88897,37.06116],[127.89029,37.06253],[127.89159,37.06529],[127.89252,37.06519],[127.89302,37.06638],[127.89389,37.06663],[127.89489,37.06758],[127.89861,37.06811],[127.90007,37.06881],[127.90073,37.06967],[127.90454,37.06957],[127.90499,37.06902],[127.90642,37.06833],[127.90901,37.06859],[127.90973,37.06839],[127.91162,37.06878],[127.91309,37.06632],[127.91512,37.06607],[127.91602,37.06555],[127.9186,37.0656],[127.9185,37.06436],[127.91732,37.0632],[127.91739,37.06224],[127.91876,37.06211],[127.91904,37.0614],[127.92051,37.06068],[127.92016,37.0599],[127.92054,37.05949],[127.92167,37.05932],[127.92246,37.05751],[127.92231,37.05624],[127.92366,37.05545],[127.92513,37.05517],[127.92566,37.05609],[127.92611,37.05848],[127.92693,37.05933],[127.92646,37.06008],[127.92685,37.06077],[127.92652,37.06178],[127.92692,37.06292],[127.92711,37.06629],[127.9277,37.06712],[127.92766,37.06781],[127.92709,37.06852],[127.92746,37.06979],[127.92686,37.07115],[127.927,37.07228],[127.92538,37.07278],[127.92587,37.07312],[127.92341,37.07283],[127.92414,37.07491],[127.92222,37.07469],[127.92182,37.07643],[127.92303,37.07664],[127.92262,37.07863],[127.92304,37.07894],[127.9234,37.08021],[127.92299,37.08097],[127.9253,37.0816],[127.9258,37.08144],[127.92604,37.08173],[127.927,37.08164],[127.92715,37.08196],[127.92767,37.08187],[127.92868,37.08242],[127.93079,37.08198],[127.93255,37.08264],[127.93293,37.08305],[127.9354,37.08342],[127.93902,37.0857],[127.94046,37.08795],[127.94361,37.08947],[127.94568,37.08795],[127.94703,37.0893],[127.9486,37.08965],[127.94872,37.09099],[127.94977,37.09049],[127.95027,37.09109],[127.95132,37.09153],[127.953,37.09092],[127.95353,37.09043],[127.95441,37.09035],[127.95454,37.09111],[127.95541,37.09157],[127.95518,37.09307],[127.95557,37.09365],[127.95684,37.0943],[127.95696,37.09559],[127.95769,37.09619],[127.95796,37.09787],[127.9575,37.09818],[127.95719,37.0995],[127.95457,37.09921],[127.95379,37.10002],[127.95378,37.10057],[127.95473,37.10175],[127.95459,37.10208],[127.95568,37.10344],[127.95502,37.10395],[127.95516,37.10464],[127.95439,37.1055],[127.95418,37.10623],[127.95516,37.10715],[127.95589,37.11037],[127.95387,37.11263],[127.9532,37.11272],[127.95184,37.11393],[127.95353,37.11531],[127.95356,37.11563],[127.95461,37.11607],[127.9552,37.11759],[127.95476,37.12063],[127.95425,37.12115],[127.954,37.12217],[127.95278,37.12292],[127.9535,37.12439],[127.95298,37.12504],[127.95524,37.12813],[127.95695,37.12788],[127.95986,37.12822],[127.96165,37.12897],[127.96224,37.13001],[127.9618,37.13038],[127.96282,37.13181],[127.96735,37.13483],[127.96761,37.13592],[127.96824,37.13602],[127.97046,37.1375],[127.96971,37.1388],[127.96985,37.13987],[127.97097,37.14178],[127.97038,37.14316],[127.97163,37.14603],[127.97143,37.14753],[127.97177,37.14809],[127.97108,37.14922],[127.97141,37.14966],[127.97115,37.15068],[127.96981,37.15154],[127.96897,37.15321],[127.96901,37.15388],[127.96821,37.15489],[127.96832,37.1562],[127.96554,37.15752],[127.96537,37.15797],[127.96358,37.15769],[127.96037,37.15897],[127.95963,37.15966],[127.95958,37.16066],[127.95691,37.16096],[127.95505,37.16145],[127.95439,37.16213],[127.95315,37.16222],[127.95222,37.16224],[127.95016,37.16155],[127.94742,37.16262],[127.94645,37.1623],[127.94543,37.16256],[127.94384,37.16195],[127.94265,37.16188],[127.9393,37.16391],[127.93734,37.16399],[127.93403,37.16333],[127.93312,37.16412],[127.93168,37.16367],[127.92961,37.16443],[127.92776,37.16421],[127.92633,37.16553],[127.92464,37.16453],[127.92384,37.16363],[127.92153,37.16504],[127.9208,37.16587],[127.91504,37.16888]]]}},{"type":"Feature","properties":{"zoneId":"Z000103376","zoneName":"경덕초통학구역","zoneType":"elementary","level":"초등학교","kind":"dedicated","oneWay":false,"sggCode":"113","eduCode":"8011000","eduName":"충청북도청주교육지원청","updatedAt":"2024-02-27"},"geometry":{"type":"Polygon","coordinates":[[[127.43555,36.62714],[127.43415,36.62664],[127.43065,36.62542],[127.43568,36.61855],[127.44171,36.62058],[127.44407,36.62144],[127.44287,36.62337],[127.44055,36.62258],[127.43926,36.62432],[127.43733,36.62384],[127.43699,36.62454],[127.43757,36.62472],[127.43709,36.62549],[127.4366,36.62534],[127.43618,36.62608],[127.43713,36.62644],[127.43597,36.62646],[127.43555,36.62714]]]}},{"type":"Feature","properties":{"zoneId":"Z000151438","zoneName":"주중초북일초공동(일방)통학구역","zoneType":"elementary","level":"초등학교","kind":"shared","oneWay":true,"sggCode":"114","eduCode":"8011000","eduName":"충청북도청주교육지원청","updatedAt":"2024-03-19"},"geometry":{"type":"Polygon","coordinates":[[[127.49602,36.6716],[127.49617,36.67259],[127.49645,36.67553],[127.48326,36.67434],[127.48319,36.67184],[127.48411,36.67017],[127.48628,36.67099],[127.49174,36.67053],[127.49519,36.66966],[127.49578,36.67053],[127.49602,36.6716]]]}},{"type":"Feature","properties":{"zoneId":"Z000151445","zoneName":"생명초북일초공동(일방)통학구역","zoneType":"elementary","level":"초등학교","kind":"shared","oneWay":true,"sggCode":"114","eduCode":"8011000","eduName":"충청북도청주교육지원청","updatedAt":"2024-03-19"},"geometry":{"type":"Polygon","coordinates":[[[127.43948,36.71207],[127.43879,36.71242],[127.43786,36.71157],[127.4366,36.71232],[127.43349,36.70951],[127.43522,36.70824],[127.43668,36.70762],[127.43949,36.71061],[127.43865,36.71111],[127.43948,36.71207]]]}},{"type":"Feature","properties":{"zoneId":"Z000151434","zoneName":"진천삼수초성암초백곡초공동(일방)통학구역","zoneType":"elementary","level":"초등학교","kind":"shared","oneWay":true,"sggCode":"750","eduCode":"8081000","eduName":"충청북도진천교육지원청","updatedAt":"2024-03-12"},"geometry":{"type":"Polygon","coordinates":[[[127.43752,36.8632],[127.43728,36.8632],[127.43607,36.86296],[127.43258,36.86317],[127.43224,36.86185],[127.42788,36.86287],[127.42753,36.86193],[127.42576,36.86219],[127.42544,36.86129],[127.4241,36.86161],[127.42377,36.86069],[127.42204,36.86112],[127.42167,36.86069],[127.42171,36.85964],[127.42046,36.85895],[127.42009,36.85799],[127.42143,36.8568],[127.4214,36.85419],[127.42067,36.85237],[127.42156,36.85201],[127.42335,36.85231],[127.42425,36.85283],[127.42578,36.85266],[127.42968,36.85431],[127.43018,36.85458],[127.4307,36.85594],[127.43167,36.85679],[127.43269,36.85662],[127.43326,36.85568],[127.4357,36.85602],[127.4372,36.85681],[127.43876,36.85696],[127.43879,36.85798],[127.43911,36.85827],[127.43874,36.85913],[127.4398,36.8603],[127.43971,36.86119],[127.43902,36.86304],[127.43752,36.8632]]]}},{"type":"Feature","properties":{"zoneId":"Z000150798","zoneName":"충주대림초충주성남초공동통학구역","zoneType":"elementary","level":"초등학교","kind":"shared","oneWay":false,"sggCode":"130","eduCode":"8021000","eduName":"충청북도충주교육지원청","updatedAt":"2021-02-23"},"geometry":{"type":"Polygon","coordinates":[[[127.93127,36.9694],[127.93117,36.96949],[127.93063,36.97022],[127.92863,36.96948],[127.92747,36.96947],[127.92757,36.96762],[127.9285,36.96761],[127.92846,36.96616],[127.92939,36.96533],[127.92992,36.96672],[127.93061,36.96689],[127.93014,36.96742],[127.93041,36.96901],[127.93127,36.9694]]]}},{"type":"Feature","properties":{"zoneId":"Z000103592","zoneName":"삼보초통학구역","zoneType":"elementary","level":"초등학교","kind":"dedicated","oneWay":false,"sggCode":"745","eduCode":"8092000","eduName":"충청북도괴산증평교육지원청","updatedAt":"2023-01-17"},"geometry":{"type":"Polygon","coordinates":[[[127.55609,36.81282],[127.55512,36.81348],[127.55366,36.81499],[127.55318,36.815],[127.55148,36.81421],[127.55003,36.81286],[127.54919,36.81271],[127.54483,36.81351],[127.54198,36.81201],[127.54147,36.81078],[127.54099,36.81044],[127.53733,36.80859],[127.5402,36.80549],[127.54066,36.80452],[127.54309,36.80237],[127.5431,36.80187],[127.54497,36.8011],[127.54814,36.79835],[127.5498,36.79803],[127.55089,36.79888],[127.55186,36.79873],[127.55227,36.7992],[127.55339,36.79927],[127.55419,36.79971],[127.55402,36.79985],[127.556,36.79915],[127.55631,36.79868],[127.55589,36.79767],[127.55659,36.79708],[127.55922,36.7909],[127.56026,36.78938],[127.56044,36.78846],[127.56129,36.7877],[127.56121,36.78602],[127.56081,36.78482],[127.56468,36.78267],[127.56486,36.77959],[127.56599,36.77874],[127.56659,36.77742],[127.56762,36.77441],[127.56737,36.77324],[127.56909,36.77153],[127.57113,36.77166],[127.57164,36.77064],[127.57381,36.76885],[127.57505,36.76738],[127.57681,36.76689],[127.57706,36.76636],[127.57808,36.7669],[127.57907,36.76699],[127.5796,36.76624],[127.58201,36.76505],[127.58315,36.7627],[127.58364,36.76248],[127.58364,36.76192],[127.58577,36.76189],[127.58794,36.76037],[127.58842,36.76078],[127.58887,36.76227],[127.58832,36.76263],[127.58887,36.76499],[127.5893,36.76474],[127.59037,36.76491],[127.59065,36.76446],[127.59302,36.76466],[127.59411,36.76438],[127.59576,36.76471],[127.59734,36.76532],[127.59906,36.76682],[127.60032,36.76741],[127.60156,36.76737],[127.60286,36.76815],[127.60063,36.77165],[127.60015,36.77033],[127.59713,36.77332],[127.59578,36.77421],[127.59507,36.77325],[127.59455,36.77334],[127.59345,36.77226],[127.59198,36.77206],[127.59157,36.77245],[127.59349,36.77595],[127.59295,36.77611],[127.59272,36.7766],[127.59362,36.77738],[127.59407,36.77701],[127.59497,36.77722],[127.59493,36.7776],[127.5913,36.77738],[127.58991,36.77702],[127.58945,36.77649],[127.58877,36.77749],[127.58815,36.77739],[127.58864,36.77926],[127.58841,36.77951],[127.58797,36.77936],[127.58696,36.78043],[127.58535,36.78007],[127.58219,36.78232],[127.58253,36.7826],[127.58112,36.78396],[127.58265,36.78524],[127.58154,36.78606],[127.58067,36.78573],[127.58104,36.78537],[127.58025,36.7845],[127.57913,36.78488],[127.57839,36.78573],[127.58117,36.78657],[127.5808,36.78715],[127.575,36.78537],[127.57241,36.78416],[127.5688,36.7883],[127.56971,36.7887],[127.56885,36.78983],[127.56835,36.79155],[127.56777,36.79234],[127.56778,36.79371],[127.56719,36.79461],[127.56719,36.7979],[127.56615,36.80005],[127.56351,36.8031],[127.56356,36.80402],[127.56294,36.80474],[127.5629,36.80547],[127.56092,36.80766],[127.55989,36.80949],[127.55609,36.81282]]]}},{"type":"Feature","properties":{"zoneId":"Z000103598","zoneName":"증평초통학구역","zoneType":"elementary","level":"초등학교","kind":"dedicated","oneWay":false,"sggCode":"745","eduCode":"8092000","eduName":"충청북도괴산증평교육지원청","updatedAt":"2023-01-17"},"geometry":{"type":"Polygon","coordinates":[[[127.59459,36.78929],[127.59411,36.78962],[127.59017,36.78575],[127.58902,36.78327],[127.58665,36.78389],[127.58697,36.78446],[127.58342,36.78722],[127.58105,36.78653],[127.58265,36.78524],[127.58112,36.78396],[127.58253,36.7826],[127.58219,36.78232],[127.58382,36.78126],[127.58423,36.78067],[127.58535,36.78007],[127.58696,36.78043],[127.58797,36.77936],[127.58841,36.77951],[127.58864,36.77926],[127.58815,36.77739],[127.58877,36.77749],[127.58945,36.77649],[127.58991,36.77702],[127.5913,36.77738],[127.59493,36.7776],[127.59497,36.77722],[127.59382,36.77634],[127.59269,36.77478],[127.59157,36.77245],[127.59198,36.77206],[127.59345,36.77226],[127.59455,36.77334],[127.59507,36.77325],[127.59578,36.77421],[127.59713,36.77332],[127.60015,36.77033],[127.60085,36.77244],[127.60142,36.77236],[127.6053,36.7687],[127.60284,36.76814],[127.60156,36.76737],[127.60028,36.76739],[127.59876,36.76666],[127.59734,36.76532],[127.59576,36.76471],[127.59411,36.76438],[127.59257,36.76455],[127.59357,36.76258],[127.5969,36.76073],[127.59858,36.75883],[127.59818,36.76039],[127.59918,36.76422],[127.60128,36.76652],[127.60323,36.76699],[127.60534,36.76862],[127.60595,36.76886],[127.60789,36.76737],[127.61265,36.76632],[127.61324,36.76592],[127.61368,36.76493],[127.61428,36.76501],[127.61487,36.76564],[127.61631,36.76502],[127.61985,36.76565],[127.62351,36.76503],[127.62551,36.76579],[127.62703,36.76724],[127.62704,36.76814],[127.62824,36.77019],[127.62834,36.77164],[127.62931,36.77346],[127.62805,36.77358],[127.62774,36.77521],[127.62286,36.77185],[127.62099,36.77117],[127.6174,36.77179],[127.61552,36.77159],[127.61165,36.77185],[127.60932,36.77359],[127.59943,36.77794],[127.5978,36.7783],[127.59676,36.78039],[127.5964,36.78222],[127.59713,36.78648],[127.59664,36.78878],[127.59573,36.78858],[127.59459,36.78929]]]}},{"type":"Feature","properties":{"zoneId":"Z000151448","zoneName":"산성초낭성초공동(일방)통학구역","zoneType":"elementary","level":"초등학교","kind":"shared","oneWay":true,"sggCode":"111","eduCode":"8011000","eduName":"충청북도청주교육지원청","updatedAt":"2024-03-19"},"geometry":{"type":"Polygon","coordinates":[[[127.51749,36.63274],[127.51745,36.63277],[127.51728,36.63288],[127.5183,36.63365],[127.5188,36.63465],[127.51873,36.63515],[127.52028,36.63686],[127.52189,36.63816],[127.52293,36.6384],[127.52427,36.6409],[127.52265,36.64319],[127.5194,36.64058],[127.51813,36.64079],[127.5149,36.64049],[127.51462,36.63964],[127.51384,36.63901],[127.50655,36.63545],[127.50457,36.63315],[127.50724,36.6319],[127.50821,36.63261],[127.51021,36.63308],[127.51078,36.63043],[127.51466,36.63058],[127.51642,36.63122],[127.51749,36.63274]]]}},{"type":"Feature","properties":{"zoneId":"Z000151439","zoneName":"동주초낭성초공동(일방)통학구역","zoneType":"elementary","level":"초등학교","kind":"shared","oneWay":true,"sggCode":"111","eduCode":"8011000","eduName":"충청북도청주교육지원청","updatedAt":"2024-03-19"},"geometry":{"type":"Polygon","coordinates":[[[127.51021,36.63308],[127.51021,36.63308],[127.50821,36.63261],[127.50724,36.6319],[127.50457,36.63315],[127.50293,36.63054],[127.50773,36.62871],[127.51009,36.62592],[127.51053,36.62615],[127.51105,36.62797],[127.51159,36.62825],[127.51266,36.62807],[127.51372,36.62849],[127.51188,36.62919],[127.51098,36.62994],[127.51021,36.63308]]]}},{"type":"Feature","properties":{"zoneId":"Z000103473","zoneName":"용원초동락분교장통학구역","zoneType":"elementary","level":"초등학교","kind":"dedicated","oneWay":false,"sggCode":"130","eduCode":"8021000","eduName":"충청북도충주교육지원청","updatedAt":"2023-12-11"},"geometry":{"type":"Polygon","coordinates":[[[127.67333,37.03502],[127.67272,37.03503],[127.67185,37.03449],[127.67024,37.03436],[127.66865,37.03328],[127.66745,37.0332],[127.66659,37.03264],[127.66648,37.03205],[127.66429,37.03057],[127.66483,37.02664],[127.66483,37.02593],[127.66429,37.02508],[127.66472,37.024],[127.66462,37.02319],[127.66274,37.02259],[127.66095,37.02149],[127.65937,37.0194],[127.65844,37.01871],[127.65785,37.01872],[127.65736,37.01818],[127.65699,37.01652],[127.65629,37.01591],[127.65647,37.01514],[127.65724,37.01415],[127.6561,37.0132],[127.65671,37.0129],[127.65714,37.01215],[127.65707,37.01122],[127.65951,37.01021],[127.65935,37.00964],[127.65986,37.00811],[127.66255,37.00508],[127.66308,37.00432],[127.66304,37.00386],[127.66291,37.00311],[127.66047,37.00354],[127.6577,37.00312],[127.657,37.00216],[127.65505,37.00139],[127.65562,37.00051],[127.65536,36.99966],[127.65323,36.99749],[127.6539,36.99524],[127.65446,36.99455],[127.65256,36.99169],[127.6529,36.9899],[127.65255,36.98923],[127.65267,36.98824],[127.6537,36.98708],[127.65369,36.98656],[127.65194,36.98514],[127.65085,36.98343],[127.6514,36.98259],[127.65269,36.98264],[127.6532,36.98232],[127.65321,36.98204],[127.65559,36.98049],[127.65588,36.97983],[127.65891,36.97851],[127.65948,36.97795],[127.66117,36.97784],[127.66178,36.97738],[127.66707,36.97866],[127.66908,36.98342],[127.66888,36.98783],[127.67031,36.9878],[127.67093,36.98681],[127.67214,36.98586],[127.67363,36.9861],[127.675,36.98574],[127.67626,36.98645],[127.67781,36.9864],[127.67915,36.98584],[127.68207,36.98538],[127.68236,36.98579],[127.68405,36.98576],[127.68453,36.98607],[127.68632,36.98589],[127.68735,36.98449],[127.68737,36.98289],[127.68662,36.98147],[127.6908,36.97959],[127.69313,36.97912],[127.69437,36.98109],[127.69428,36.98244],[127.69562,36.98509],[127.69743,36.98688],[127.69945,36.98827],[127.70087,36.99071],[127.70086,36.9914],[127.70157,36.99289],[127.70231,36.99349],[127.70252,36.99408],[127.70429,36.99537],[127.70557,36.99684],[127.70752,36.99561],[127.70863,36.9955],[127.70992,36.99649],[127.70996,36.99784],[127.71087,37.0006],[127.71112,37.00309],[127.71235,37.00479],[127.71368,37.00481],[127.71803,37.00385],[127.71782,37.00769],[127.71694,37.00865],[127.71644,37.01094],[127.71565,37.01182],[127.71335,37.01308],[127.7104,37.01638],[127.7098,37.01753],[127.70975,37.01944],[127.71029,37.01982],[127.71093,37.01978],[127.71129,37.02083],[127.71221,37.02105],[127.71256,37.02176],[127.71202,37.02313],[127.71386,37.02403],[127.71389,37.02499],[127.71445,37.02578],[127.71374,37.02789],[127.71391,37.02902],[127.71309,37.02987],[127.71299,37.03057],[127.71366,37.0312],[127.71339,37.03165],[127.71165,37.03235],[127.70834,37.03175],[127.70715,37.03196],[127.70632,37.03256],[127.70406,37.03333],[127.70291,37.03292],[127.70247,37.03325],[127.70169,37.03285],[127.70163,37.03357],[127.69764,37.03409],[127.69668,37.03375],[127.69489,37.03408],[127.69383,37.03359],[127.69365,37.03294],[127.69206,37.03236],[127.69114,37.03149],[127.69044,37.03013],[127.68704,37.03214],[127.68436,37.0322],[127.68213,37.03299],[127.68185,37.03366],[127.67875,37.03403],[127.67736,37.0344],[127.67718,37.03472],[127.67333,37.03502]]]}},{"type":"Feature","properties":{"zoneId":"Z000103380","zoneName":"남성초통학구역","zoneType":"elementary","level":"초등학교","kind":"dedicated","oneWay":false,"sggCode":"112","eduCode":"8011000","eduName":"충청북도청주교육지원청","updatedAt":"2024-02-27"},"geometry":{"type":"Polygon","coordinates":[[[127.4811,36.61423],[127.48107,36.61423],[127.47934,36.61413],[127.47858,36.61375],[127.47761,36.6139],[127.47736,36.6133],[127.47571,36.61344],[127.47511,36.61394],[127.47377,36.61269],[127.47859,36.60935],[127.47643,36.60869],[127.47709,36.60786],[127.47879,36.60748],[127.47843,36.60579],[127.4775,36.60399],[127.47544,36.60395],[127.47449,36.60425],[127.47444,36.60559],[127.47409,36.60603],[127.47305,36.60539],[127.47226,36.60546],[127.47169,36.60601],[127.47097,36.60521],[127.47116,36.60359],[127.46911,36.60079],[127.46923,36.60052],[127.46838,36.59958],[127.46706,36.59981],[127.46617,36.59857],[127.46654,36.5984],[127.46783,36.59934],[127.46844,36.59945],[127.47126,36.59856],[127.47102,36.59751],[127.4698,36.59694],[127.47505,36.59467],[127.47722,36.59411],[127.48186,36.59394],[127.49802,36.5963],[127.49805,36.606],[127.49123,36.60619],[127.49137,36.60846],[127.48528,36.60865],[127.48661,36.61253],[127.48512,36.61274],[127.48289,36.61347],[127.48173,36.61424],[127.4811,36.61423]]]}},{"type":"Feature","properties":{"zoneId":"Z000151397","zoneName":"남성초샛별초공동통학구역","zoneType":"elementary","level":"초등학교","kind":"shared","oneWay":false,"sggCode":"112","eduCode":"8011000","eduName":"충청북도청주교육지원청","updatedAt":"2024-02-27"},"geometry":{"type":"Polygon","coordinates":[[[127.46654,36.5984],[127.4698,36.59694],[127.47102,36.59751],[127.47126,36.59856],[127.46844,36.59945],[127.46783,36.59934],[127.46654,36.5984]]]}},{"type":"Feature","properties":{"zoneId":"Z000103579","zoneName":"진천삼수초통학구역","zoneType":"elementary","level":"초등학교","kind":"dedicated","oneWay":false,"sggCode":"750","eduCode":"8081000","eduName":"충청북도진천교육지원청","updatedAt":"2024-03-12"},"geometry":{"type":"MultiPolygon","coordinates":[[[[127.4878,36.90708],[127.48758,36.90764],[127.48762,36.90903],[127.48667,36.90699],[127.48516,36.90484],[127.48366,36.90484],[127.48366,36.90425],[127.48102,36.90208],[127.4784,36.90073],[127.47829,36.89997],[127.47701,36.8981],[127.47603,36.898],[127.47547,36.8975],[127.47553,36.89649],[127.47663,36.89552],[127.47702,36.89481],[127.47674,36.89448],[127.47688,36.89394],[127.47739,36.89329],[127.47656,36.8919],[127.47703,36.89131],[127.47712,36.88989],[127.4759,36.88827],[127.47395,36.88694],[127.47409,36.88558],[127.47333,36.88235],[127.4721,36.88231],[127.47003,36.88725],[127.46712,36.89],[127.46599,36.8922],[127.46297,36.89106],[127.46142,36.88873],[127.45997,36.88765],[127.45962,36.88659],[127.4571,36.88528],[127.45596,36.88389],[127.45502,36.88186],[127.45461,36.88206],[127.45458,36.88249],[127.45337,36.88277],[127.45287,36.88328],[127.4512,36.88352],[127.45032,36.88505],[127.44906,36.88588],[127.44872,36.88694],[127.44827,36.88726],[127.4459,36.88847],[127.44483,36.88848],[127.44435,36.88887],[127.44356,36.88837],[127.4435,36.88767],[127.44268,36.88756],[127.44285,36.88402],[127.44187,36.8816],[127.4416,36.87926],[127.44095,36.87727],[127.44151,36.87554],[127.44158,36.8731],[127.44098,36.87401],[127.43967,36.87472],[127.44046,36.8742],[127.44044,36.87339],[127.44149,36.87283],[127.44203,36.87296],[127.44328,36.87073],[127.44476,36.87084],[127.4451,36.87185],[127.44572,36.8723],[127.44643,36.87184],[127.44758,36.87196],[127.44767,36.87361],[127.44952,36.87358],[127.45015,36.87311],[127.45147,36.8733],[127.45221,36.87229],[127.45415,36.87179],[127.45446,36.87084],[127.45552,36.86979],[127.45639,36.87017],[127.45757,36.86974],[127.45789,36.86924],[127.46004,36.86808],[127.46214,36.86859],[127.46489,36.86796],[127.46533,36.86683],[127.46433,36.86667],[127.46374,36.86594],[127.46378,36.86504],[127.4623,36.86255],[127.46269,36.8619],[127.45987,36.85845],[127.4659,36.85546],[127.46555,36.85549],[127.46505,36.85365],[127.46482,36.85387],[127.46438,36.85298],[127.46416,36.85312],[127.46677,36.85074],[127.46879,36.84969],[127.47797,36.84817],[127.48005,36.84724],[127.48295,36.84727],[127.48273,36.84777],[127.48331,36.85127],[127.48484,36.85137],[127.48459,36.85331],[127.4946,36.86602],[127.49694,36.86479],[127.49738,36.86373],[127.4974,36.86297],[127.49634,36.86113],[127.49933,36.85964],[127.5001,36.86045],[127.50197,36.86109],[127.50605,36.8647],[127.50634,36.86543],[127.50582,36.86849],[127.50393,36.86969],[127.50354,36.87064],[127.5049,36.87345],[127.50693,36.8744],[127.50782,36.87566],[127.50828,36.87797],[127.50827,36.87971],[127.5068,36.88181],[127.50708,36.88451],[127.50651,36.88676],[127.50514,36.8892],[127.50333,36.89006],[127.50209,36.89496],[127.50057,36.89446],[127.49909,36.89455],[127.49656,36.89598],[127.49579,36.89693],[127.49281,36.898],[127.49123,36.89799],[127.49042,36.89741],[127.4906,36.89789],[127.49026,36.89835],[127.4877,36.9009],[127.48785,36.90283],[127.48718,36.90601],[127.4878,36.90708]]],[[[127.40689,36.88494],[127.40608,36.88501],[127.4051,36.88641],[127.40333,36.88691],[127.40301,36.88774],[127.40197,36.88793],[127.40128,36.88778],[127.40139,36.88707],[127.39933,36.88692],[127.39853,36.88576],[127.39745,36.88496],[127.39617,36.88465],[127.39507,36.88491],[127.39427,36.88421],[127.39327,36.8843],[127.39275,36.88005],[127.39221,36.87887],[127.39287,36.87767],[127.39263,36.8769],[127.39345,36.87647],[127.39321,36.87602],[127.39337,36.87424],[127.39147,36.87232],[127.39099,36.87078],[127.39015,36.87],[127.39026,36.8692],[127.38995,36.86908],[127.39003,36.86772],[127.38971,36.86651],[127.389,36.86585],[127.38812,36.86563],[127.38955,36.8628],[127.38798,36.86196],[127.38828,36.86122],[127.38616,36.85942],[127.38594,36.85772],[127.38478,36.85657],[127.38484,36.85548],[127.3853,36.85521],[127.38758,36.85545],[127.38906,36.85502],[127.39082,36.85441],[127.39096,36.85362],[127.39294,36.85373],[127.39335,36.85327],[127.39404,36.85312],[127.39445,36.85225],[127.39809,36.85225],[127.40069,36.85154],[127.40143,36.8515],[127.40274,36.85246],[127.40328,36.85251],[127.40354,36.85298],[127.40448,36.85316],[127.40518,36.85368],[127.40575,36.85524],[127.40641,36.85566],[127.4061,36.85753],[127.40686,36.86],[127.40697,36.86165],[127.40825,36.86289],[127.40849,36.86435],[127.4094,36.8645],[127.40951,36.86621],[127.41018,36.86674],[127.40974,36.86698],[127.40981,36.86727],[127.4113,36.86889],[127.41,36.86936],[127.40911,36.87128],[127.40945,36.87272],[127.40906,36.87289],[127.40895,36.87434],[127.40794,36.87648],[127.40753,36.87833],[127.40884,36.87771],[127.41135,36.87733],[127.41471,36.8779],[127.41576,36.87774],[127.4161,36.87715],[127.41749,36.877],[127.41867,36.87761],[127.41929,36.87745],[127.41918,36.87711],[127.41974,36.87661],[127.42085,36.87672],[127.42065,36.87731],[127.42121,36.87837],[127.42226,36.87857],[127.42269,36.87811],[127.42433,36.87835],[127.42521,36.87938],[127.42582,36.87926],[127.4265,36.87976],[127.42878,36.87865],[127.43005,36.88106],[127.42816,36.88276],[127.42755,36.88256],[127.42689,36.88052],[127.42527,36.88048],[127.42347,36.8812],[127.41878,36.87965],[127.41706,36.8797],[127.41562,36.88022],[127.41414,36.88147],[127.41312,36.88154],[127.40991,36.88112],[127.40822,36.88053],[127.40721,36.87978],[127.40652,36.88087],[127.40701,36.88221],[127.40682,36.88281],[127.40716,36.88388],[127.40689,36.88494]]],[[[127.43869,36.87549],[127.43852,36.87558],[127.43694,36.87598],[127.43499,36.87727],[127.43477,36.87672],[127.43571,36.87611],[127.43596,36.87537],[127.43758,36.87462],[127.43848,36.87464],[127.43912,36.87476],[127.43869,36.87549]]],[[[127.43938,36.87478],[127.43916,36.87476],[127.43919,36.87476],[127.4394,36.87475],[127.43951,36.87475],[127.43938,36.87478]]],[[[127.44084,36.85694],[127.44084,36.85695],[127.44015,36.85692],[127.43984,36.85574],[127.44071,36.8558],[127.44103,36.85533],[127.44183,36.85578],[127.44166,36.85633],[127.44124,36.85651],[127.44141,36.85672],[127.44084,36.85694]]]]}},{"type":"Feature","properties":{"zoneId":"Z000151446","zoneName":"용아초미원초공동(일방)통학구역","zoneType":"elementary","level":"초등학교","kind":"shared","oneWay":true,"sggCode":"111","eduCode":"8011000","eduName":"충청북도청주교육지원청","updatedAt":"2024-03-19"},"geometry":{"type":"Polygon","coordinates":[[[127.53712,36.6206],[127.5374,36.6208],[127.53991,36.62244],[127.54024,36.62328],[127.54115,36.62424],[127.54201,36.6244],[127.54304,36.62564],[127.5431,36.62692],[127.54267,36.62822],[127.5414,36.62916],[127.54152,36.63014],[127.54088,36.632],[127.53637,36.62964],[127.53477,36.62816],[127.53068,36.62535],[127.52276,36.62123],[127.52188,36.62043],[127.52012,36.62288],[127.51878,36.62337],[127.51651,36.61932],[127.51312,36.61601],[127.5135,36.61554],[127.51417,36.61586],[127.51611,36.61327],[127.51991,36.61496],[127.52072,36.61272],[127.52194,36.61338],[127.52278,36.61465],[127.52353,36.61519],[127.52529,36.61535],[127.52583,36.6143],[127.52899,36.61482],[127.5298,36.61515],[127.53095,36.6172],[127.5309,36.61895],[127.53226,36.61911],[127.53438,36.62019],[127.53653,36.61986],[127.53712,36.6206]]]}},{"type":"Feature","properties":{"zoneId":"Z000103606","zoneName":"대소초통학구역","zoneType":"elementary","level":"초등학교","kind":"dedicated","oneWay":false,"sggCode":"770","eduCode":"8101000","eduName":"충청북도음성교육지원청","updatedAt":"2022-01-18"},"geometry":{"type":"Polygon","coordinates":[[[127.47382,36.99143],[127.47363,36.99147],[127.47188,36.99148],[127.4654,36.99001],[127.465,36.98948],[127.46369,36.98926],[127.46144,36.98817],[127.45781,36.98735],[127.46022,36.98648],[127.46001,36.98616],[127.46061,36.98549],[127.46058,36.98449],[127.46141,36.98366],[127.46265,36.98314],[127.46414,36.98094],[127.46456,36.97973],[127.46701,36.97877],[127.46718,36.97699],[127.46651,36.9749],[127.46782,36.97435],[127.46798,36.97263],[127.46874,36.97196],[127.46764,36.96745],[127.46836,36.96735],[127.46825,36.9665],[127.46657,36.96496],[127.46658,36.9645],[127.46542,36.96398],[127.46465,36.96435],[127.46044,36.96359],[127.45984,36.96294],[127.45896,36.96288],[127.45718,36.96084],[127.4553,36.96147],[127.45493,36.96067],[127.45328,36.96055],[127.45296,36.96158],[127.45211,36.96181],[127.45161,36.96159],[127.45088,36.95808],[127.45053,36.95379],[127.4513,36.94808],[127.45244,36.94815],[127.45762,36.94709],[127.45951,36.9481],[127.46208,36.94762],[127.46349,36.94842],[127.46404,36.94681],[127.46375,36.94539],[127.46437,36.94483],[127.46513,36.94208],[127.4664,36.9403],[127.46658,36.93912],[127.46742,36.93844],[127.46813,36.93833],[127.47064,36.93603],[127.47292,36.93582],[127.47655,36.93636],[127.47823,36.93593],[127.48123,36.93371],[127.48266,36.93478],[127.48267,36.93648],[127.48322,36.93707],[127.4849,36.9376],[127.48614,36.93868],[127.48949,36.93852],[127.48965,36.93894],[127.49059,36.93898],[127.49222,36.93856],[127.49365,36.93934],[127.49405,36.93974],[127.49414,36.94125],[127.49485,36.94249],[127.49564,36.94228],[127.4959,36.94291],[127.4974,36.94367],[127.49763,36.94439],[127.4971,36.94591],[127.49856,36.94699],[127.49845,36.94736],[127.49904,36.94779],[127.49949,36.94872],[127.50084,36.94897],[127.50234,36.95006],[127.50292,36.94983],[127.50411,36.95114],[127.50529,36.95164],[127.50602,36.95239],[127.50629,36.95204],[127.50722,36.95213],[127.50678,36.95434],[127.50601,36.9546],[127.50479,36.95575],[127.50354,36.95785],[127.50339,36.95862],[127.50477,36.95902],[127.50617,36.95988],[127.50604,36.96021],[127.50453,36.96044],[127.50473,36.96116],[127.50407,36.96177],[127.50467,36.96347],[127.50393,36.96389],[127.50295,36.96698],[127.50316,36.96735],[127.50683,36.96862],[127.51128,36.97169],[127.51408,36.9727],[127.51204,36.97365],[127.5106,36.97503],[127.50891,36.97434],[127.50754,36.97508],[127.50574,36.97717],[127.50591,36.9784],[127.50648,36.97931],[127.50269,36.98128],[127.50156,36.98218],[127.49948,36.97963],[127.49717,36.97867],[127.49632,36.97882],[127.49581,36.97854],[127.49508,36.97891],[127.49485,36.98],[127.4935,36.98014],[127.49197,36.98427],[127.49161,36.98449],[127.49191,36.98494],[127.49008,36.98702],[127.48804,36.98708],[127.48674,36.98677],[127.48643,36.98794],[127.48526,36.9894],[127.48056,36.99003],[127.47841,36.98988],[127.47687,36.99031],[127.47631,36.9901],[127.4752,36.9911],[127.47382,36.99143]]]}},{"type":"Feature","properties":{"zoneId":"Z000151248","zoneName":"진천삼수초백곡초성암초학성초공동통학구역","zoneType":"elementary","level":"초등학교","kind":"shared","oneWay":false,"sggCode":"750","eduCode":"8081000","eduName":"충청북도진천교육지원청","updatedAt":"2022-06-28"},"geometry":{"type":"Polygon","coordinates":[[[127.4331,36.87883],[127.43298,36.87901],[127.4324,36.87919],[127.431,36.88076],[127.43005,36.88106],[127.42878,36.87865],[127.4265,36.87976],[127.42582,36.87926],[127.42521,36.87938],[127.42433,36.87835],[127.42269,36.87811],[127.42226,36.87857],[127.42121,36.87837],[127.42065,36.87731],[127.42085,36.87672],[127.41974,36.87661],[127.41918,36.87711],[127.41929,36.87745],[127.41867,36.87761],[127.41749,36.877],[127.4161,36.87715],[127.41576,36.87774],[127.41471,36.8779],[127.41135,36.87733],[127.40884,36.87771],[127.40753,36.87833],[127.40794,36.87648],[127.40895,36.87434],[127.40906,36.87289],[127.40945,36.87272],[127.40911,36.87128],[127.41,36.86936],[127.41396,36.86791],[127.41808,36.86843],[127.41994,36.86787],[127.4217,36.86792],[127.42342,36.86717],[127.42459,36.86616],[127.43072,36.86463],[127.43224,36.86375],[127.43244,36.86306],[127.43821,36.86317],[127.43902,36.86304],[127.43928,36.86257],[127.44089,36.86238],[127.44066,36.86261],[127.44232,36.86438],[127.44224,36.86572],[127.44117,36.86926],[127.4416,36.87185],[127.44141,36.87286],[127.44044,36.87339],[127.44046,36.8742],[127.43961,36.87476],[127.43758,36.87462],[127.43596,36.87537],[127.43571,36.87611],[127.43477,36.87672],[127.43513,36.87754],[127.43417,36.87756],[127.43392,36.87825],[127.4331,36.87883]]]}},{"type":"Feature","properties":{"zoneId":"Z000103387","zoneName":"대길초통학구역","zoneType":"elementary","level":"초등학교","kind":"dedicated","oneWay":false,"sggCode":"114","eduCode":"8011000","eduName":"충청북도청주교육지원청","updatedAt":"2019-08-20"},"geometry":{"type":"Polygon","coordinates":[[[127.58348,36.74917],[127.58274,36.74909],[127.57937,36.74747],[127.5788,36.74609],[127.57889,36.74547],[127.57762,36.7442],[127.57696,36.74284],[127.57714,36.74178],[127.5755,36.7402],[127.57499,36.74014],[127.57402,36.74089],[127.57307,36.74027],[127.57228,36.74045],[127.57146,36.7402],[127.56923,36.74095],[127.5685,36.74052],[127.5684,36.74107],[127.56723,36.74155],[127.56729,36.74219],[127.56644,36.74196],[127.56576,36.74228],[127.56522,36.742],[127.56094,36.74164],[127.55852,36.74295],[127.55026,36.74156],[127.54659,36.74007],[127.54548,36.73765],[127.5436,36.73147],[127.5418,36.72957],[127.54259,36.72894],[127.54585,36.72754],[127.54694,36.72598],[127.54737,36.72413],[127.54785,36.72359],[127.55306,36.72193],[127.5549,36.722],[127.55669,36.72145],[127.55865,36.72051],[127.56637,36.7147],[127.56743,36.7146],[127.57354,36.71655],[127.57497,36.71652],[127.57891,36.71741],[127.57977,36.71805],[127.58076,36.7195],[127.582,36.72025],[127.57979,36.71934],[127.58016,36.72025],[127.58203,36.72179],[127.59103,36.72395],[127.59442,36.72433],[127.59488,36.72394],[127.59584,36.72398],[127.59809,36.7248],[127.60005,36.72447],[127.60213,36.72515],[127.60264,36.72486],[127.60483,36.72716],[127.60611,36.72736],[127.60703,36.72811],[127.60827,36.72855],[127.60925,36.73006],[127.6097,36.73158],[127.61034,36.73226],[127.61004,36.73347],[127.61045,36.73387],[127.61023,36.73422],[127.61056,36.73526],[127.60974,36.73563],[127.60952,36.7361],[127.6087,36.73632],[127.6083,36.73703],[127.60869,36.73791],[127.60785,36.73892],[127.60815,36.73975],[127.60646,36.74022],[127.60665,36.74205],[127.60607,36.74343],[127.60486,36.74405],[127.60403,36.74566],[127.60315,36.74596],[127.60289,36.74561],[127.60047,36.74576],[127.5983,36.74422],[127.59758,36.74459],[127.59599,36.74465],[127.59536,36.74536],[127.59394,36.74572],[127.59343,36.74637],[127.59256,36.74644],[127.59193,36.74713],[127.59082,36.7476],[127.5902,36.74858],[127.58763,36.74849],[127.58348,36.74917]]]}},{"type":"Feature","properties":{"zoneId":"Z000103444","zoneName":"죽림초통학구역","zoneType":"elementary","level":"초등학교","kind":"dedicated","oneWay":false,"sggCode":"113","eduCode":"8011000","eduName":"충청북도청주교육지원청","updatedAt":"2020-08-31"},"geometry":{"type":"Polygon","coordinates":[[[127.45217,36.60977],[127.45227,36.60997],[127.45362,36.61204],[127.45354,36.61277],[127.45112,36.61284],[127.45113,36.6145],[127.44904,36.61495],[127.44812,36.6155],[127.44683,36.6173],[127.44356,36.61554],[127.44057,36.61258],[127.4381,36.61155],[127.43474,36.6107],[127.43302,36.60983],[127.43177,36.60969],[127.42789,36.61037],[127.42347,36.60965],[127.42042,36.60799],[127.41562,36.60704],[127.41601,36.60669],[127.41542,36.60607],[127.41542,36.60486],[127.41675,36.60455],[127.41633,36.60361],[127.41654,36.60329],[127.4187,36.60237],[127.4184,36.60118],[127.41887,36.60079],[127.41893,36.59998],[127.41958,36.59922],[127.41909,36.59723],[127.41948,36.5966],[127.42077,36.59677],[127.42161,36.59649],[127.42231,36.59747],[127.42377,36.59754],[127.4243,36.59771],[127.42466,36.59838],[127.42631,36.59873],[127.42651,36.60023],[127.42676,36.60039],[127.42765,36.59955],[127.43186,36.5992],[127.43384,36.59865],[127.4344,36.59996],[127.43423,36.60153],[127.43585,36.60253],[127.43811,36.60233],[127.43863,36.60196],[127.43929,36.60236],[127.43916,36.60321],[127.44319,36.60174],[127.44366,36.60024],[127.44334,36.5992],[127.4448,36.59729],[127.4473,36.5959],[127.44841,36.59428],[127.45184,36.59627],[127.45225,36.59757],[127.45404,36.59853],[127.45532,36.59875],[127.45493,36.59884],[127.45433,36.59991],[127.45453,36.60146],[127.45362,36.60277],[127.45449,36.60398],[127.44985,36.60613],[127.45182,36.60885],[127.45217,36.60977]]]}},{"type":"Feature","properties":{"zoneId":"Z000103615","zoneName":"수봉초통학구역","zoneType":"elementary","level":"초등학교","kind":"dedicated","oneWay":false,"sggCode":"770","eduCode":"8101000","eduName":"충청북도음성교육지원청","updatedAt":"2021-02-23"},"geometry":{"type":"Polygon","coordinates":[[[127.66901,36.98778],[127.66893,36.98783],[127.66908,36.98342],[127.66707,36.97866],[127.66562,36.97811],[127.66345,36.97796],[127.66177,36.97738],[127.6616,36.97707],[127.66182,36.97526],[127.6623,36.97467],[127.66136,36.97246],[127.66466,36.96984],[127.66362,36.96831],[127.66171,36.96712],[127.66159,36.96644],[127.66091,36.96553],[127.65939,36.96581],[127.65929,36.96514],[127.65974,36.96448],[127.65928,36.96375],[127.6585,36.96352],[127.6576,36.96253],[127.65703,36.9626],[127.65615,36.96192],[127.65781,36.95974],[127.65701,36.95772],[127.65688,36.95609],[127.65837,36.95602],[127.6602,36.95543],[127.66116,36.95428],[127.66214,36.95416],[127.66314,36.95347],[127.66465,36.95305],[127.66478,36.95234],[127.66534,36.95199],[127.66539,36.95089],[127.66452,36.94888],[127.66484,36.94702],[127.66307,36.94531],[127.66377,36.94379],[127.66521,36.94367],[127.6657,36.94215],[127.66641,36.94131],[127.67228,36.93904],[127.67299,36.93822],[127.67351,36.93818],[127.67623,36.93656],[127.67911,36.93425],[127.68238,36.93221],[127.68415,36.93413],[127.68513,36.93478],[127.68651,36.93487],[127.68911,36.93408],[127.69181,36.93473],[127.69206,36.93267],[127.69447,36.92807],[127.69406,36.92954],[127.69471,36.93008],[127.69455,36.93152],[127.69547,36.93218],[127.69636,36.9336],[127.69673,36.93337],[127.69851,36.93496],[127.70002,36.93577],[127.70411,36.93581],[127.70473,36.93647],[127.70595,36.93671],[127.70609,36.9373],[127.70711,36.93781],[127.70746,36.93706],[127.70946,36.93628],[127.71014,36.93544],[127.71078,36.93521],[127.71634,36.93615],[127.71843,36.93563],[127.71946,36.93596],[127.71986,36.93693],[127.72052,36.93757],[127.72014,36.93832],[127.72008,36.9414],[127.7204,36.94163],[127.72032,36.94317],[127.7208,36.94446],[127.72048,36.94564],[127.71968,36.94627],[127.71795,36.94653],[127.71587,36.95058],[127.71585,36.95203],[127.71651,36.95368],[127.71664,36.95532],[127.71622,36.9563],[127.7163,36.95841],[127.71452,36.96111],[127.71107,36.96215],[127.7106,36.96256],[127.71012,36.96444],[127.70917,36.96484],[127.70726,36.9648],[127.70585,36.96579],[127.70528,36.96741],[127.70402,36.9691],[127.70336,36.97135],[127.70378,36.97201],[127.70051,36.97381],[127.69932,36.97411],[127.69754,36.97395],[127.69659,36.97462],[127.69449,36.97497],[127.69441,36.97554],[127.69492,36.97651],[127.69455,36.97684],[127.69462,36.97811],[127.69413,36.97857],[127.69291,36.97924],[127.6908,36.97959],[127.68662,36.98147],[127.68737,36.98289],[127.68735,36.98449],[127.68632,36.98589],[127.68453,36.98607],[127.68405,36.98576],[127.68236,36.98579],[127.68207,36.98538],[127.67915,36.98584],[127.67781,36.9864],[127.67626,36.98645],[127.675,36.98574],[127.67363,36.9861],[127.67214,36.98586],[127.67093,36.98681],[127.67031,36.9878],[127.66901,36.98778]]]}},{"type":"Feature","properties":{"zoneId":"Z000103610","zoneName":"무극초통학구역","zoneType":"elementary","level":"초등학교","kind":"dedicated","oneWay":false,"sggCode":"770","eduCode":"8101000","eduName":"충청북도음성교육지원청","updatedAt":"2021-02-23"},"geometry":{"type":"Polygon","coordinates":[[[127.60171,36.97723],[127.60116,36.97707],[127.59956,36.97661],[127.59947,36.97536],[127.59784,36.97387],[127.59774,36.97214],[127.59692,36.96924],[127.59737,36.96852],[127.59659,36.96768],[127.59612,36.9663],[127.59534,36.96569],[127.59465,36.96559],[127.59391,36.96367],[127.59315,36.963],[127.59273,36.96193],[127.59408,36.96083],[127.59402,36.9592],[127.5934,36.9581],[127.59239,36.95744],[127.59159,36.95595],[127.58925,36.95371],[127.58868,36.95112],[127.58731,36.94957],[127.58721,36.94802],[127.58664,36.94718],[127.58564,36.94696],[127.58587,36.94605],[127.58518,36.94455],[127.58526,36.94356],[127.58794,36.94319],[127.58904,36.94247],[127.59135,36.94232],[127.59173,36.94289],[127.59295,36.9428],[127.59428,36.94179],[127.59426,36.94089],[127.59529,36.94056],[127.59592,36.93991],[127.59576,36.93928],[127.59645,36.93877],[127.60018,36.9385],[127.60076,36.93819],[127.60194,36.93845],[127.60238,36.93896],[127.60104,36.94073],[127.6023,36.94235],[127.60207,36.94407],[127.6029,36.94503],[127.60306,36.94594],[127.60417,36.94681],[127.60386,36.9481],[127.60438,36.94886],[127.60585,36.94936],[127.60633,36.95016],[127.60847,36.95204],[127.61252,36.95098],[127.6132,36.9515],[127.61518,36.952],[127.61684,36.95378],[127.61773,36.95364],[127.61838,36.95398],[127.61923,36.95572],[127.61917,36.95729],[127.62,36.9574],[127.62127,36.95815],[127.62125,36.95885],[127.62254,36.95833],[127.62449,36.95925],[127.6265,36.95917],[127.62672,36.96232],[127.62731,36.96264],[127.62779,36.96396],[127.62741,36.96447],[127.62759,36.96499],[127.6267,36.96573],[127.62756,36.96647],[127.6277,36.96792],[127.62834,36.96889],[127.62868,36.96861],[127.62996,36.96868],[127.63087,36.9703],[127.63153,36.97067],[127.63191,36.9706],[127.63256,36.96959],[127.63608,36.96804],[127.63712,36.96723],[127.63787,36.96751],[127.63845,36.96679],[127.64083,36.96548],[127.64137,36.96465],[127.64327,36.96427],[127.64661,36.96269],[127.64767,36.96316],[127.64993,36.96229],[127.65162,36.96275],[127.65278,36.96233],[127.65394,36.9627],[127.65546,36.96186],[127.65615,36.96192],[127.65703,36.9626],[127.6576,36.96253],[127.6585,36.96352],[127.65928,36.96375],[127.65974,36.96448],[127.65929,36.96514],[127.65939,36.96581],[127.66091,36.96553],[127.66159,36.96644],[127.66171,36.96712],[127.66362,36.96831],[127.66466,36.96984],[127.66136,36.97246],[127.6623,36.97467],[127.66182,36.97526],[127.66177,36.97738],[127.66117,36.97784],[127.65948,36.97795],[127.65891,36.97851],[127.65588,36.97983],[127.65559,36.98049],[127.65269,36.98264],[127.6514,36.98259],[127.65,36.98521],[127.64875,36.98652],[127.64767,36.98714],[127.64713,36.98804],[127.64475,36.98883],[127.64356,36.98994],[127.64323,36.99137],[127.64153,36.99502],[127.64164,36.99744],[127.64242,36.99779],[127.643,36.9987],[127.64224,36.99936],[127.64206,36.99994],[127.64231,37.00147],[127.64287,37.00253],[127.64242,37.00315],[127.6417,37.00322],[127.6387,37.0057],[127.63638,37.00573],[127.6345,37.00649],[127.63451,37.00685],[127.63314,37.00727],[127.63141,37.00908],[127.62993,37.00947],[127.63,37.01072],[127.62763,37.01187],[127.62654,37.01318],[127.62531,37.01297],[127.62529,37.0125],[127.62338,37.01128],[127.62352,37.01064],[127.62241,37.01014],[127.6191,37.00942],[127.6183,37.01052],[127.61583,37.00939],[127.61338,37.01036],[127.608,37.01045],[127.60683,37.01089],[127.60303,37.01415],[127.60141,37.01614],[127.5982,37.01736],[127.59395,37.01742],[127.5939,37.01553],[127.5917,37.01557],[127.59168,37.01455],[127.59009,37.01453],[127.58896,37.01279],[127.58726,37.01312],[127.58641,37.01285],[127.58562,37.01315],[127.58474,37.01232],[127.58396,37.01232],[127.58343,37.01172],[127.58277,37.01166],[127.58181,37.01202],[127.58023,37.01324],[127.57957,37.01508],[127.57716,37.01421],[127.57676,37.01511],[127.57615,37.01499],[127.57424,37.01347],[127.57356,37.01331],[127.57116,37.01417],[127.56959,37.01358],[127.56806,37.01361],[127.56723,37.01442],[127.56702,37.01564],[127.56638,37.01565],[127.56584,37.01503],[127.56394,37.01632],[127.56265,37.01676],[127.56264,37.01323],[127.56289,37.01235],[127.56194,37.01131],[127.56107,37.00905],[127.562,37.00817],[127.56232,37.00671],[127.56331,37.00612],[127.5619,37.00569],[127.56389,37.00518],[127.56458,37.00414],[127.56346,37.00311],[127.56456,37.00259],[127.56535,37.00157],[127.56554,37.00053],[127.56483,36.99953],[127.56601,36.99846],[127.56859,36.99875],[127.56998,36.99731],[127.57066,36.9972],[127.5717,36.99759],[127.57363,36.99739],[127.575,36.99764],[127.57628,36.9972],[127.57738,36.99808],[127.57808,36.99815],[127.57888,36.99708],[127.5799,36.9974],[127.5803,36.99572],[127.58127,36.99463],[127.58198,36.99469],[127.58268,36.99369],[127.58359,36.99363],[127.5859,36.99554],[127.58645,36.9966],[127.58573,36.99757],[127.586,36.99858],[127.5872,36.99881],[127.58712,36.99937],[127.58763,37.00055],[127.58889,37.00097],[127.58858,37.00169],[127.58986,37.0025],[127.59012,37.00299],[127.59033,37.00314],[127.59113,37.00263],[127.59142,37.00354],[127.59297,37.00351],[127.59294,37.00264],[127.59516,37.00258],[127.59523,36.99822],[127.59458,36.9945],[127.59579,36.99075],[127.59733,36.98782],[127.59856,36.98589],[127.59978,36.98501],[127.60179,36.98186],[127.60312,36.98107],[127.60403,36.98121],[127.60443,36.98042],[127.60508,36.9803],[127.60549,36.97948],[127.60736,36.97916],[127.60781,36.9784],[127.60935,36.97726],[127.6093,36.97676],[127.60628,36.97623],[127.60553,36.9767],[127.60489,36.97654],[127.60171,36.97723]]]}},{"type":"Feature","properties":{"zoneId":"Z000151274","zoneName":"충주성남초동량초공동통학구역","zoneType":"elementary","level":"초등학교","kind":"shared","oneWay":false,"sggCode":"130","eduCode":"8021000","eduName":"충청북도충주교육지원청","updatedAt":"2023-01-17"},"geometry":{"type":"Polygon","coordinates":[[[127.99996,36.99592],[127.99996,36.99592],[127.99733,37.00026],[127.99481,37.00238],[127.99203,37.00646],[127.9878,37.01015],[127.98419,37.01148],[127.97941,37.01242],[127.9761,37.01392],[127.97352,37.01174],[127.9747,37.01051],[127.9747,37.01002],[127.97401,37.00818],[127.97338,37.00757],[127.9713,37.00374],[127.97264,37.00275],[127.974,37.00089],[127.97513,36.9967],[127.97565,36.99582],[127.97684,36.99528],[127.9779,36.993],[127.99163,36.99422],[127.9928,36.99522],[127.99447,36.99445],[127.99685,36.99525],[127.99865,36.9953],[127.99851,36.99557],[127.99897,36.9956],[127.99895,36.99585],[127.99921,36.99562],[127.99996,36.99592]]]}},{"type":"Feature","properties":{"zoneId":"Z000150385","zoneName":"수성초수성초구성분교공동통학구역","zoneType":"elementary","level":"초등학교","kind":"shared","oneWay":false,"sggCode":"114","eduCode":"8011000","eduName":"충청북도청주교육지원청","updatedAt":"2022-03-29"},"geometry":{"type":"Polygon","coordinates":[[[127.52963,36.71601],[127.5291,36.71605],[127.52219,36.71461],[127.52076,36.71514],[127.51922,36.7138],[127.51918,36.7119],[127.51872,36.71062],[127.51707,36.70938],[127.51283,36.70852],[127.51048,36.704],[127.51092,36.7036],[127.51176,36.70356],[127.51185,36.70228],[127.51408,36.70072],[127.51383,36.6999],[127.51496,36.69719],[127.51639,36.69639],[127.51783,36.6963],[127.51735,36.69397],[127.51678,36.69327],[127.51711,36.69145],[127.51812,36.68943],[127.51817,36.68821],[127.5187,36.68673],[127.51841,36.68502],[127.51793,36.68488],[127.51861,36.68451],[127.51973,36.68472],[127.52063,36.6845],[127.52079,36.68518],[127.52279,36.68511],[127.52351,36.68479],[127.52473,36.68335],[127.5263,36.68259],[127.5286,36.6827],[127.52883,36.68196],[127.52952,36.68165],[127.53045,36.68052],[127.53084,36.6794],[127.53299,36.67855],[127.53401,36.67781],[127.536,36.67349],[127.53675,36.67277],[127.53882,36.67882],[127.54038,36.68021],[127.54053,36.68139],[127.54172,36.68206],[127.5422,36.68285],[127.54169,36.68343],[127.54071,36.68348],[127.53989,36.68488],[127.53876,36.68521],[127.53831,36.68587],[127.5381,36.68849],[127.53651,36.69172],[127.53645,36.69278],[127.53589,36.69335],[127.53478,36.69358],[127.53432,36.69401],[127.53258,36.69353],[127.53203,36.69406],[127.53196,36.69551],[127.53003,36.69524],[127.52925,36.6955],[127.52784,36.69639],[127.52792,36.69719],[127.52709,36.69748],[127.52701,36.69797],[127.52591,36.6981],[127.52431,36.69901],[127.52276,36.69935],[127.52221,36.70053],[127.52284,36.70272],[127.52452,36.70491],[127.52476,36.70631],[127.52615,36.7063],[127.52672,36.70721],[127.52811,36.7082],[127.53256,36.71056],[127.53138,36.71269],[127.53224,36.71367],[127.53242,36.71442],[127.53292,36.71474],[127.53253,36.71555],[127.53121,36.71601],[127.53027,36.71579],[127.52963,36.71601]]]}},{"type":"Feature","properties":{"zoneId":"Z000103424","zoneName":"수성초구성분교장통학구역","zoneType":"elementary","level":"초등학교","kind":"dedicated","oneWay":false,"sggCode":"114","eduCode":"8011000","eduName":"충청북도청주교육지원청","updatedAt":"2022-03-29"},"geometry":{"type":"MultiPolygon","coordinates":[[[[127.51042,36.70401],[127.51041,36.70401],[127.50784,36.70089],[127.50864,36.69948],[127.50843,36.69797],[127.50628,36.69608],[127.50423,36.6952],[127.50393,36.69295],[127.50327,36.69159],[127.50124,36.69049],[127.49998,36.68915],[127.49972,36.68748],[127.4991,36.68646],[127.49867,36.68454],[127.49971,36.68453],[127.50214,36.68332],[127.50373,36.68306],[127.50605,36.68025],[127.50576,36.67984],[127.50593,36.67947],[127.50709,36.67899],[127.50749,36.67825],[127.50822,36.67823],[127.50922,36.67749],[127.51035,36.67721],[127.51104,36.67549],[127.51181,36.6747],[127.51235,36.67423],[127.51273,36.67455],[127.51431,36.67417],[127.51562,36.67292],[127.51549,36.67234],[127.51625,36.67188],[127.51754,36.67141],[127.51963,36.67151],[127.5203,36.67075],[127.52072,36.67085],[127.52239,36.66954],[127.52443,36.6691],[127.52471,36.66855],[127.52634,36.66812],[127.52719,36.66729],[127.52859,36.66746],[127.52965,36.66614],[127.53209,36.66641],[127.53291,36.66558],[127.53271,36.66593],[127.53321,36.66656],[127.53377,36.66666],[127.53383,36.66719],[127.53506,36.66774],[127.53598,36.66915],[127.53703,36.66948],[127.53718,36.67034],[127.53666,36.67152],[127.53675,36.67277],[127.536,36.67349],[127.53401,36.67781],[127.53299,36.67855],[127.53084,36.6794],[127.53045,36.68052],[127.52952,36.68165],[127.52883,36.68196],[127.5286,36.6827],[127.5263,36.68259],[127.52473,36.68335],[127.52351,36.68479],[127.52279,36.68511],[127.52079,36.68518],[127.52063,36.6845],[127.51973,36.68472],[127.51861,36.68451],[127.51793,36.68488],[127.51841,36.68502],[127.5187,36.68673],[127.51817,36.68821],[127.51812,36.68943],[127.51711,36.69145],[127.51678,36.69327],[127.51735,36.69397],[127.51783,36.6963],[127.51639,36.69639],[127.51496,36.69719],[127.51383,36.6999],[127.51408,36.70072],[127.51185,36.70228],[127.51176,36.70356],[127.51092,36.7036],[127.51042,36.70401]]],[[[127.53409,36.70636],[127.53407,36.7066],[127.53386,36.70685],[127.53418,36.70757],[127.5336,36.70906],[127.53364,36.70976],[127.53256,36.71056],[127.52811,36.7082],[127.52672,36.70721],[127.52615,36.7063],[127.52476,36.70631],[127.52452,36.70491],[127.52284,36.70272],[127.52221,36.70053],[127.52276,36.69935],[127.52431,36.69901],[127.52591,36.6981],[127.52701,36.69797],[127.52709,36.69748],[127.52792,36.69719],[127.52784,36.69639],[127.52925,36.6955],[127.53003,36.69524],[127.53196,36.69551],[127.53203,36.69406],[127.53258,36.69353],[127.53432,36.69401],[127.53541,36.69342],[127.53567,36.69451],[127.53483,36.69552],[127.53526,36.69737],[127.53475,36.69916],[127.53498,36.70108],[127.53561,36.70163],[127.53528,36.7027],[127.5345,36.70369],[127.53439,36.70459],[127.53502,36.70517],[127.53464,36.70552],[127.53468,36.70604],[127.53409,36.70636]]]]}},{"type":"Feature","properties":{"zoneId":"Z000103442","zoneName":"주성초통학구역","zoneType":"elementary","level":"초등학교","kind":"dedicated","oneWay":false,"sggCode":"111","eduCode":"8011000","eduName":"충청북도청주교육지원청","updatedAt":"2022-03-29"},"geometry":{"type":"Polygon","coordinates":[[[127.48872,36.64436],[127.48886,36.64437],[127.48958,36.64438],[127.48963,36.64385],[127.48832,36.64377],[127.48821,36.645],[127.48678,36.64507],[127.48658,36.64715],[127.48524,36.64867],[127.48389,36.64935],[127.48383,36.6501],[127.48312,36.65126],[127.47956,36.64974],[127.4822,36.64558],[127.48338,36.64221],[127.48379,36.63648],[127.48161,36.63196],[127.48269,36.63178],[127.48754,36.63201],[127.48759,36.63437],[127.49062,36.63447],[127.49026,36.63712],[127.49075,36.63726],[127.49041,36.64485],[127.48883,36.64492],[127.48872,36.64436]]]}},{"type":"Feature","properties":{"zoneId":"Z000103612","zoneName":"삼성초통학구역","zoneType":"elementary","level":"초등학교","kind":"dedicated","oneWay":false,"sggCode":"770","eduCode":"8101000","eduName":"충청북도음성교육지원청","updatedAt":"2023-01-17"},"geometry":{"type":"Polygon","coordinates":[[[127.51835,37.05814],[127.51834,37.05817],[127.5182,37.0584],[127.51649,37.05802],[127.51605,37.05832],[127.51556,37.05806],[127.51543,37.05745],[127.51251,37.05635],[127.51158,37.05556],[127.51152,37.05434],[127.51068,37.05383],[127.51002,37.05288],[127.51018,37.05147],[127.50908,37.0501],[127.50889,37.04942],[127.50454,37.048],[127.50349,37.04852],[127.49908,37.04758],[127.49665,37.04812],[127.49333,37.05054],[127.49037,37.05196],[127.49023,37.0528],[127.4892,37.05272],[127.48622,37.05486],[127.48512,37.05467],[127.48437,37.05385],[127.48342,37.05361],[127.48185,37.05402],[127.48135,37.05361],[127.47926,37.0534],[127.47718,37.05364],[127.47511,37.05291],[127.47235,37.05319],[127.4719,37.0538],[127.47024,37.0536],[127.46966,37.05385],[127.46821,37.05349],[127.46746,37.05249],[127.46783,37.05222],[127.46838,37.05035],[127.46352,37.04817],[127.46359,37.04881],[127.46342,37.04817],[127.4625,37.04762],[127.46193,37.04685],[127.4612,37.04685],[127.46033,37.04616],[127.45899,37.04411],[127.45758,37.04363],[127.45741,37.0425],[127.45686,37.04221],[127.45719,37.04022],[127.45771,37.04026],[127.45886,37.03946],[127.4597,37.03813],[127.45933,37.03716],[127.45964,37.03564],[127.45847,37.0345],[127.45834,37.03346],[127.4579,37.03321],[127.45813,37.03304],[127.45635,37.03114],[127.45625,37.03032],[127.45798,37.02998],[127.45805,37.02901],[127.45912,37.02745],[127.45974,37.02506],[127.45925,37.02442],[127.45951,37.02387],[127.45904,37.02308],[127.45927,37.0227],[127.45838,37.02116],[127.45836,37.02047],[127.4601,37.02048],[127.46067,37.01942],[127.46223,37.01907],[127.46372,37.01829],[127.46575,37.0163],[127.46607,37.01558],[127.46817,37.01544],[127.46897,37.0159],[127.47032,37.01495],[127.4707,37.01415],[127.47226,37.01302],[127.47258,37.01173],[127.4761,37.00903],[127.47689,37.00777],[127.47785,37.00713],[127.47862,37.00581],[127.48032,37.00525],[127.48131,37.00539],[127.48118,37.00644],[127.48738,37.00583],[127.48861,37.00502],[127.48998,37.00525],[127.49227,37.00355],[127.49272,37.00242],[127.49276,36.9997],[127.49173,36.99897],[127.49169,36.99637],[127.49016,36.99623],[127.48951,36.9955],[127.48871,36.99528],[127.48827,36.99487],[127.48769,36.9932],[127.48695,36.99292],[127.48767,36.99161],[127.48769,36.99111],[127.48709,36.99033],[127.48711,36.98975],[127.4875,36.98946],[127.48708,36.98858],[127.48626,36.98824],[127.48674,36.98677],[127.48994,36.98707],[127.49066,36.9866],[127.49191,36.98494],[127.49161,36.98449],[127.49197,36.98427],[127.4935,36.98014],[127.49485,36.98],[127.49508,36.97891],[127.49581,36.97854],[127.49632,36.97882],[127.49717,36.97867],[127.49923,36.9795],[127.50057,36.98066],[127.50156,36.98218],[127.50269,36.98128],[127.50648,36.97931],[127.50587,36.97818],[127.50574,36.97717],[127.506,36.9766],[127.50754,36.97508],[127.50891,36.97434],[127.5106,36.97503],[127.51204,36.97365],[127.51408,36.9727],[127.51824,36.97403],[127.52092,36.97527],[127.52282,36.97764],[127.52388,36.97832],[127.52104,36.97978],[127.52152,36.98021],[127.52129,36.98055],[127.52147,36.98157],[127.52035,36.98179],[127.51989,36.98287],[127.52014,36.98384],[127.51909,36.9843],[127.51962,36.98606],[127.51823,36.9864],[127.51732,36.98696],[127.51741,36.98759],[127.51635,36.98776],[127.51525,36.98856],[127.51425,36.98854],[127.51337,36.98812],[127.51223,36.98823],[127.51404,36.98963],[127.5175,36.99068],[127.51752,36.99181],[127.51689,36.99262],[127.51692,36.99338],[127.51816,36.99385],[127.5197,36.99567],[127.51646,36.99771],[127.51455,37.00014],[127.51414,37.00027],[127.51457,37.00068],[127.51657,37.00071],[127.51712,37.00157],[127.51835,37.00221],[127.5192,37.00363],[127.51932,37.00448],[127.51891,37.00606],[127.51949,37.00812],[127.51956,37.00931],[127.51931,37.00962],[127.51968,37.0111],[127.51908,37.01286],[127.51941,37.01394],[127.51955,37.01415],[127.52062,37.01394],[127.52164,37.01491],[127.52346,37.01536],[127.52472,37.01494],[127.52509,37.01401],[127.5266,37.0128],[127.52715,37.01349],[127.52849,37.01427],[127.52891,37.01415],[127.53003,37.01478],[127.53033,37.01513],[127.53,37.01666],[127.53121,37.01846],[127.5341,37.02074],[127.53477,37.02173],[127.53586,37.02224],[127.53564,37.02273],[127.53657,37.02458],[127.53683,37.02678],[127.53843,37.02822],[127.53924,37.02957],[127.53949,37.03074],[127.54166,37.0297],[127.54284,37.03034],[127.54345,37.02964],[127.54467,37.02932],[127.54611,37.02795],[127.54655,37.02815],[127.54727,37.0278],[127.55004,37.02957],[127.55182,37.02995],[127.55469,37.03249],[127.55514,37.03245],[127.55562,37.03292],[127.55755,37.03277],[127.55915,37.03348],[127.56001,37.03585],[127.55913,37.03633],[127.55907,37.03674],[127.56056,37.03734],[127.56034,37.0386],[127.56092,37.03991],[127.56222,37.04039],[127.56346,37.04024],[127.56567,37.04213],[127.56648,37.04245],[127.56703,37.04444],[127.56674,37.04549],[127.56711,37.04677],[127.56706,37.0475],[127.56564,37.0464],[127.56245,37.0448],[127.56191,37.04386],[127.55829,37.04232],[127.55683,37.04125],[127.55461,37.04186],[127.55472,37.0428],[127.55562,37.04329],[127.55485,37.04382],[127.555,37.04402],[127.55384,37.04441],[127.55315,37.04504],[127.55215,37.04521],[127.55107,37.04494],[127.54865,37.04643],[127.54777,37.04664],[127.54646,37.04767],[127.54309,37.04907],[127.54222,37.05006],[127.54096,37.05074],[127.53811,37.05106],[127.53468,37.052],[127.5331,37.05359],[127.5328,37.0552],[127.53199,37.05564],[127.53041,37.05579],[127.52792,37.05512],[127.52621,37.05548],[127.52299,37.05546],[127.51971,37.0568],[127.51858,37.05756],[127.51835,37.05814]]]}},{"type":"Feature","properties":{"zoneId":"Z000151048","zoneName":"동광초종곡초수정초내북초공동(일방)통학구역","zoneType":"elementary","level":"초등학교","kind":"shared","oneWay":true,"sggCode":"720","eduCode":"8051000","eduName":"충청북도보은교육지원청","updatedAt":"2023-01-17"},"geometry":{"type":"Polygon","coordinates":[[[127.71916,36.53731],[127.7187,36.53739],[127.71809,36.53735],[127.71673,36.53543],[127.71752,36.53494],[127.71725,36.53373],[127.71571,36.53186],[127.71629,36.52973],[127.71591,36.52883],[127.71479,36.52815],[127.71191,36.52792],[127.71144,36.52826],[127.71062,36.52779],[127.70981,36.528],[127.7078,36.52675],[127.70749,36.52586],[127.70425,36.52505],[127.70337,36.52447],[127.7029,36.52335],[127.70181,36.52339],[127.70083,36.52285],[127.69934,36.52146],[127.69848,36.51897],[127.69765,36.5185],[127.69752,36.51752],[127.69666,36.51661],[127.69692,36.51579],[127.69657,36.5154],[127.69791,36.51404],[127.69828,36.51324],[127.69802,36.51143],[127.69904,36.51128],[127.69938,36.51061],[127.70219,36.51065],[127.70253,36.51002],[127.7041,36.50976],[127.70456,36.50825],[127.70642,36.50819],[127.70711,36.50708],[127.70783,36.50677],[127.70729,36.50617],[127.70803,36.50482],[127.70751,36.50424],[127.70749,36.50331],[127.70667,36.50275],[127.70666,36.50175],[127.70798,36.49711],[127.70799,36.49312],[127.70866,36.49015],[127.7097,36.48975],[127.70919,36.488],[127.7088,36.4876],[127.7103,36.48679],[127.71153,36.48536],[127.71217,36.48605],[127.71233,36.4868],[127.71195,36.48747],[127.71223,36.48895],[127.71197,36.49044],[127.71331,36.49107],[127.71433,36.49091],[127.71453,36.49118],[127.71489,36.49082],[127.72276,36.49114],[127.72282,36.49061],[127.725,36.49206],[127.72761,36.49298],[127.7309,36.4896],[127.73145,36.48793],[127.73108,36.48624],[127.73178,36.48625],[127.73112,36.48484],[127.7315,36.48411],[127.73286,36.48312],[127.7322,36.48219],[127.73113,36.48186],[127.7306,36.48135],[127.73039,36.48067],[127.7306,36.4792],[127.72877,36.47898],[127.7273,36.47834],[127.72954,36.475],[127.73012,36.4736],[127.73013,36.4685],[127.73041,36.46653],[127.73599,36.45967],[127.73705,36.45478],[127.73893,36.45498],[127.73901,36.454],[127.73941,36.45437],[127.73937,36.45494],[127.74132,36.4539],[127.742,36.45498],[127.7428,36.45547],[127.74356,36.4557],[127.74426,36.45496],[127.74494,36.45516],[127.7452,36.45594],[127.74509,36.45721],[127.74638,36.45736],[127.74728,36.45816],[127.74988,36.45863],[127.74956,36.45955],[127.74981,36.46074],[127.75105,36.4618],[127.7516,36.4632],[127.75096,36.46436],[127.75087,36.46528],[127.7502,36.46595],[127.74988,36.46724],[127.74979,36.46832],[127.7507,36.47151],[127.75024,36.47229],[127.75034,36.4732],[127.74791,36.4771],[127.74791,36.47789],[127.74679,36.48131],[127.74619,36.48237],[127.74513,36.48317],[127.74409,36.48618],[127.74009,36.48965],[127.73946,36.49228],[127.73745,36.49479],[127.73739,36.49616],[127.73391,36.49878],[127.73277,36.5001],[127.73335,36.50194],[127.73476,36.503],[127.73694,36.5032],[127.73893,36.50395],[127.73937,36.50496],[127.73838,36.50696],[127.73817,36.51011],[127.73735,36.51025],[127.7372,36.5112],[127.7376,36.5121],[127.73842,36.51256],[127.73814,36.51514],[127.73833,36.51781],[127.73727,36.52023],[127.73745,36.52321],[127.73892,36.52596],[127.74491,36.52964],[127.74513,36.53131],[127.74367,36.53231],[127.74353,36.53296],[127.74249,36.5329],[127.74151,36.53198],[127.74018,36.5317],[127.73708,36.53171],[127.73375,36.53364],[127.73056,36.53353],[127.72927,36.53444],[127.7273,36.53525],[127.72723,36.53632],[127.72542,36.53642],[127.72353,36.53534],[127.72129,36.53615],[127.72072,36.53682],[127.72001,36.5367],[127.71916,36.53731]]]}},{"type":"Feature","properties":{"zoneId":"Z000103533","zoneName":"수정초통학구역","zoneType":"elementary","level":"초등학교","kind":"dedicated","oneWay":false,"sggCode":"720","eduCode":"8051000","eduName":"충청북도보은교육지원청","updatedAt":"2023-01-17"},"geometry":{"type":"Polygon","coordinates":[[[127.83605,36.57114],[127.83541,36.5722],[127.83421,36.57312],[127.83016,36.57428],[127.82912,36.57326],[127.8277,36.57079],[127.82736,36.57152],[127.82447,36.57091],[127.8239,36.57037],[127.8236,36.56937],[127.82354,36.56731],[127.82274,36.56658],[127.82191,36.56511],[127.82186,36.56441],[127.81972,36.56273],[127.81776,36.56256],[127.81389,36.56298],[127.81264,36.56392],[127.81142,36.56319],[127.81001,36.56442],[127.8094,36.56575],[127.8063,36.56645],[127.8056,36.56727],[127.8025,36.56591],[127.80074,36.5659],[127.79856,36.56637],[127.79415,36.5664],[127.79105,36.56539],[127.78719,36.56529],[127.78581,36.56589],[127.784,36.5654],[127.78151,36.56525],[127.7805,36.56501],[127.7787,36.56345],[127.77861,36.56267],[127.77691,36.56201],[127.77703,36.5612],[127.77442,36.56074],[127.77331,36.55918],[127.77302,36.55793],[127.77331,36.55731],[127.77209,36.55543],[127.77049,36.55455],[127.7695,36.55194],[127.76885,36.55119],[127.76941,36.54993],[127.76822,36.54939],[127.76812,36.54897],[127.76675,36.54934],[127.76649,36.54913],[127.76573,36.54645],[127.76497,36.5461],[127.76447,36.545],[127.76481,36.54345],[127.76279,36.54265],[127.76264,36.5416],[127.76178,36.54126],[127.76125,36.53958],[127.76511,36.53661],[127.76631,36.5363],[127.76712,36.53571],[127.76683,36.53528],[127.76774,36.53382],[127.76712,36.53302],[127.76759,36.53242],[127.76769,36.53156],[127.7668,36.53056],[127.76759,36.53018],[127.76834,36.53034],[127.77077,36.52742],[127.77042,36.52581],[127.77168,36.52407],[127.77173,36.52088],[127.77245,36.52013],[127.77321,36.51829],[127.77469,36.51604],[127.77338,36.51532],[127.77371,36.51432],[127.77486,36.51286],[127.77456,36.51271],[127.77441,36.51168],[127.77606,36.50993],[127.77607,36.50697],[127.77692,36.50707],[127.77747,36.50657],[127.7791,36.50605],[127.77972,36.50522],[127.78189,36.504],[127.78361,36.50403],[127.7852,36.50365],[127.78606,36.50403],[127.78763,36.50278],[127.78884,36.50245],[127.78903,36.50089],[127.79021,36.49896],[127.78972,36.49733],[127.78982,36.49623],[127.79107,36.49477],[127.79107,36.49392],[127.79012,36.49325],[127.7904,36.49217],[127.79012,36.49089],[127.79114,36.48948],[127.79225,36.48914],[127.79336,36.48963],[127.79513,36.48931],[127.79718,36.48987],[127.80255,36.49279],[127.80386,36.49215],[127.80459,36.49243],[127.80616,36.49204],[127.80801,36.49227],[127.80931,36.49198],[127.81079,36.49233],[127.81289,36.4921],[127.81559,36.49104],[127.81849,36.49104],[127.82068,36.48944],[127.82198,36.49053],[127.82467,36.49157],[127.82645,36.49086],[127.828,36.49102],[127.82937,36.49078],[127.83225,36.49006],[127.83384,36.48877],[127.83543,36.48883],[127.83676,36.48619],[127.83761,36.48572],[127.8405,36.48529],[127.84177,36.48456],[127.84635,36.48622],[127.84758,36.48577],[127.84856,36.48485],[127.84911,36.48269],[127.8536,36.47981],[127.85445,36.47849],[127.85457,36.47697],[127.85578,36.47558],[127.85752,36.47251],[127.85884,36.47149],[127.85893,36.47111],[127.86038,36.47065],[127.86085,36.46996],[127.86112,36.47016],[127.86179,36.46955],[127.86332,36.4699],[127.86601,36.46869],[127.86895,36.46832],[127.87073,36.4691],[127.87195,36.46829],[127.87428,36.4675],[127.87807,36.46697],[127.88535,36.46847],[127.88261,36.46862],[127.88078,36.46914],[127.88022,36.47123],[127.88096,36.4723],[127.88032,36.474],[127.88238,36.47587],[127.88194,36.47776],[127.88131,36.47839],[127.88062,36.48063],[127.87868,36.48127],[127.87738,36.48243],[127.87528,36.48317],[127.87609,36.48837],[127.88036,36.48997],[127.87975,36.49129],[127.88047,36.49327],[127.88201,36.49316],[127.88524,36.49364],[127.8862,36.493],[127.88734,36.49327],[127.88802,36.49295],[127.88871,36.49314],[127.89024,36.49486],[127.89285,36.49601],[127.89388,36.49733],[127.89475,36.49791],[127.89486,36.49836],[127.89761,36.49848],[127.89867,36.49928],[127.90082,36.50002],[127.90088,36.50117],[127.90132,36.5019],[127.90463,36.50402],[127.90511,36.50518],[127.90611,36.50614],[127.90634,36.50694],[127.90614,36.50802],[127.90533,36.50845],[127.905,36.50937],[127.90401,36.50985],[127.90318,36.51101],[127.90239,36.51307],[127.90305,36.51488],[127.90339,36.51727],[127.90209,36.5185],[127.90137,36.51871],[127.90107,36.51946],[127.90216,36.52071],[127.90113,36.52299],[127.90127,36.52418],[127.90091,36.52501],[127.90145,36.5264],[127.9026,36.52745],[127.90246,36.52807],[127.89959,36.52936],[127.89896,36.53028],[127.89635,36.5312],[127.89452,36.53028],[127.89297,36.53052],[127.8905,36.5325],[127.88917,36.53308],[127.88872,36.53369],[127.88768,36.53349],[127.88334,36.5349],[127.87901,36.53471],[127.87675,36.53647],[127.87596,36.53672],[127.87609,36.53702],[127.87545,36.5379],[127.87512,36.54001],[127.87441,36.54086],[127.87291,36.54184],[127.87048,36.54282],[127.87094,36.54399],[127.87098,36.54554],[127.87237,36.54873],[127.87299,36.55133],[127.87281,36.55298],[127.87199,36.55431],[127.87032,36.55915],[127.86908,36.55981],[127.86647,36.56042],[127.86602,36.56181],[127.86456,36.56401],[127.86022,36.56592],[127.86042,36.56795],[127.85744,36.56955],[127.85236,36.57115],[127.84889,36.57091],[127.84483,36.56911],[127.84326,36.56898],[127.84262,36.57054],[127.84015,36.57014],[127.83868,36.57043],[127.83707,36.5701],[127.83611,36.57052],[127.83605,36.57114]]]}},{"type":"Feature","properties":{"zoneId":"Z000151287","zoneName":"수정초화령초공동통학구역","zoneType":"elementary","level":"초등학교","kind":"shared","oneWay":false,"sggCode":"720","eduCode":"8051000","eduName":"충청북도보은교육지원청","updatedAt":"2023-01-17"},"geometry":{"type":"Polygon","coordinates":[[[127.90753,36.50463],[127.90624,36.50726],[127.90611,36.50614],[127.90511,36.50518],[127.90463,36.50402],[127.90132,36.5019],[127.90088,36.50117],[127.90082,36.50002],[127.89867,36.49928],[127.89761,36.49848],[127.89486,36.49836],[127.89475,36.49791],[127.89388,36.49733],[127.89285,36.49601],[127.89024,36.49486],[127.88871,36.49314],[127.88802,36.49295],[127.88734,36.49327],[127.8862,36.493],[127.88524,36.49364],[127.88201,36.49316],[127.88047,36.49327],[127.87975,36.49129],[127.88036,36.48997],[127.87609,36.48837],[127.87528,36.48317],[127.87738,36.48243],[127.87868,36.48127],[127.88062,36.48063],[127.88131,36.47839],[127.88194,36.47776],[127.88238,36.47587],[127.88032,36.474],[127.88096,36.4723],[127.88022,36.47123],[127.88078,36.46914],[127.88261,36.46862],[127.88535,36.46847],[127.88791,36.46898],[127.89429,36.47173],[127.89714,36.47546],[127.8979,36.47725],[127.89869,36.48165],[127.90057,36.48492],[127.90161,36.48574],[127.90354,36.48638],[127.90479,36.48637],[127.90822,36.48927],[127.90914,36.49856],[127.90753,36.50463]]]}},{"type":"Feature","properties":{"zoneId":"Z000151052","zoneName":"용천초쌍봉초오선초공동(일방)통학구역","zoneType":"elementary","level":"초등학교","kind":"shared","oneWay":true,"sggCode":"770","eduCode":"8101000","eduName":"충청북도음성교육지원청","updatedAt":"2021-02-23"},"geometry":{"type":"Polygon","coordinates":[[[127.59361,36.98444],[127.59209,36.98446],[127.59066,36.98363],[127.58655,36.98358],[127.58326,36.98298],[127.58246,36.98159],[127.5801,36.98203],[127.57736,36.98126],[127.57718,36.98019],[127.57743,36.97986],[127.57668,36.97873],[127.57697,36.97801],[127.57645,36.97684],[127.5766,36.97523],[127.57701,36.97473],[127.57713,36.97496],[127.57731,36.97362],[127.57916,36.97319],[127.58184,36.97196],[127.58143,36.97098],[127.58208,36.96919],[127.58173,36.96832],[127.58186,36.96775],[127.58217,36.96753],[127.58381,36.96771],[127.58454,36.96716],[127.58537,36.9672],[127.58645,36.96531],[127.58646,36.96476],[127.5872,36.96393],[127.59111,36.96251],[127.59228,36.96157],[127.59315,36.963],[127.59367,36.96324],[127.59465,36.96559],[127.59534,36.96569],[127.59612,36.9663],[127.59659,36.96768],[127.59737,36.96852],[127.59692,36.96924],[127.59774,36.97214],[127.5976,36.97303],[127.59827,36.97443],[127.59887,36.97464],[127.59947,36.97536],[127.59956,36.97661],[127.60171,36.97723],[127.60489,36.97654],[127.60553,36.9767],[127.60628,36.97623],[127.6093,36.97676],[127.60935,36.97726],[127.60781,36.9784],[127.60736,36.97916],[127.60549,36.97948],[127.60508,36.9803],[127.60443,36.98042],[127.60403,36.98121],[127.60312,36.98107],[127.60179,36.98186],[127.60112,36.98288],[127.60048,36.98118],[127.59954,36.98134],[127.59895,36.98209],[127.597,36.98249],[127.59361,36.98444]]]}},{"type":"Feature","properties":{"zoneId":"Z000150814","zoneName":"용천초쌍봉초공동(일방)통학구역","zoneType":"elementary","level":"초등학교","kind":"shared","oneWay":true,"sggCode":"770","eduCode":"8101000","eduName":"충청북도음성교육지원청","updatedAt":"2021-02-23"},"geometry":{"type":"Polygon","coordinates":[[[127.60112,36.98288],[127.60086,36.98318],[127.59978,36.98501],[127.59856,36.98589],[127.59734,36.9878],[127.59444,36.98715],[127.59406,36.98826],[127.59687,36.98898],[127.59579,36.99075],[127.59458,36.9945],[127.59523,36.99822],[127.59516,37.00258],[127.59294,37.00264],[127.59297,37.00351],[127.59142,37.00354],[127.59113,37.00263],[127.59033,37.00314],[127.58858,37.00169],[127.58889,37.00097],[127.58763,37.00055],[127.58712,36.99937],[127.5872,36.99881],[127.586,36.99858],[127.58569,36.99794],[127.58645,36.9966],[127.5859,36.99554],[127.58359,36.99363],[127.58268,36.99369],[127.58198,36.99469],[127.58127,36.99463],[127.5803,36.99572],[127.5799,36.9974],[127.57888,36.99708],[127.57808,36.99815],[127.57738,36.99808],[127.57628,36.9972],[127.575,36.99764],[127.57363,36.99739],[127.5717,36.99759],[127.57066,36.9972],[127.56998,36.99731],[127.56946,36.99798],[127.56795,36.9973],[127.56659,36.99631],[127.56525,36.99462],[127.56472,36.99328],[127.56419,36.98956],[127.56518,36.99017],[127.56609,36.98854],[127.56698,36.9887],[127.56753,36.98802],[127.56748,36.98599],[127.56967,36.98525],[127.57034,36.98421],[127.57388,36.98289],[127.57505,36.98319],[127.5757,36.98205],[127.57754,36.98174],[127.57772,36.98135],[127.5801,36.98203],[127.58246,36.98159],[127.58326,36.98298],[127.58655,36.98358],[127.59066,36.98363],[127.59209,36.98446],[127.59361,36.98444],[127.597,36.98249],[127.59895,36.98209],[127.59954,36.98134],[127.60048,36.98118],[127.60112,36.98288]]]}},{"type":"Feature","properties":{"zoneId":"Z000150652","zoneName":"동성초맹동초공동통학구역","zoneType":"elementary","level":"초등학교","kind":"shared","oneWay":false,"sggCode":"770","eduCode":"8101000","eduName":"충청북도음성교육지원청","updatedAt":"2019-04-02"},"geometry":{"type":"Polygon","coordinates":[[[127.56198,36.91833],[127.56159,36.9185],[127.55874,36.91946],[127.5586,36.92028],[127.55135,36.9212],[127.54501,36.92032],[127.54247,36.91904],[127.54117,36.91905],[127.54027,36.91838],[127.5398,36.9185],[127.54007,36.9191],[127.53977,36.91924],[127.53894,36.91875],[127.53814,36.91875],[127.53633,36.91578],[127.53417,36.91402],[127.52922,36.91123],[127.53136,36.91169],[127.53196,36.91215],[127.53487,36.91187],[127.53535,36.91131],[127.53563,36.90996],[127.53894,36.90827],[127.54112,36.90604],[127.54404,36.90522],[127.54378,36.90454],[127.54609,36.90348],[127.54587,36.90294],[127.54663,36.90257],[127.546,36.90191],[127.5463,36.90097],[127.54599,36.90091],[127.54704,36.90075],[127.54754,36.90012],[127.54741,36.89991],[127.54846,36.9005],[127.54913,36.9003],[127.54926,36.89979],[127.55027,36.89918],[127.55189,36.89921],[127.55198,36.89892],[127.55371,36.89872],[127.55481,36.8994],[127.55579,36.89908],[127.55521,36.89853],[127.55541,36.89796],[127.55484,36.89749],[127.5548,36.89653],[127.55369,36.89602],[127.55185,36.89392],[127.55258,36.89303],[127.55265,36.89248],[127.55521,36.89132],[127.55563,36.89046],[127.55484,36.88868],[127.55519,36.88842],[127.55565,36.88616],[127.55653,36.88634],[127.55751,36.88572],[127.55827,36.88633],[127.55976,36.88659],[127.56034,36.88625],[127.56078,36.88567],[127.56058,36.88491],[127.56142,36.88281],[127.56266,36.88223],[127.56231,36.88068],[127.56301,36.87825],[127.57084,36.86939],[127.57249,36.86814],[127.57367,36.86775],[127.57663,36.86466],[127.57764,36.86555],[127.57791,36.86654],[127.58129,36.86662],[127.58254,36.8675],[127.58272,36.86822],[127.58348,36.86896],[127.58511,36.87018],[127.58468,36.87355],[127.58504,36.87459],[127.5842,36.87517],[127.58345,36.87624],[127.58295,36.87626],[127.58154,36.8772],[127.58358,36.87849],[127.58434,36.88077],[127.58503,36.8812],[127.58575,36.88253],[127.58545,36.88308],[127.58574,36.88481],[127.58619,36.88523],[127.58724,36.88529],[127.58788,36.8862],[127.58863,36.88653],[127.58912,36.88852],[127.58893,36.88959],[127.58924,36.89087],[127.59095,36.89306],[127.59097,36.89366],[127.59028,36.89427],[127.59003,36.89536],[127.59107,36.89629],[127.59119,36.89782],[127.5931,36.8997],[127.59198,36.90161],[127.59223,36.90246],[127.59313,36.90329],[127.5916,36.90585],[127.5899,36.90671],[127.58891,36.90649],[127.58727,36.90673],[127.58562,36.90565],[127.58447,36.90411],[127.58418,36.90308],[127.58154,36.90327],[127.57564,36.90472],[127.57457,36.90473],[127.57392,36.90387],[127.56894,36.90418],[127.56416,36.90364],[127.56332,36.90576],[127.56153,36.90818],[127.56194,36.90906],[127.56263,36.90935],[127.56295,36.91006],[127.5634,36.91024],[127.56353,36.91133],[127.56435,36.91185],[127.56449,36.91266],[127.56597,36.91268],[127.56854,36.91394],[127.56909,36.91476],[127.56939,36.91622],[127.56771,36.91687],[127.56741,36.9174],[127.5656,36.91833],[127.56488,36.91838],[127.56443,36.91732],[127.56198,36.91833]]]}},{"type":"Feature","properties":{"zoneId":"Z000151273","zoneName":"엄정초소태초공동통학구역","zoneType":"elementary","level":"초등학교","kind":"shared","oneWay":false,"sggCode":"130","eduCode":"8021000","eduName":"충청북도충주교육지원청","updatedAt":"2023-01-17"},"geometry":{"type":"Polygon","coordinates":[[[127.87332,37.16393],[127.87327,37.16395],[127.87205,37.16434],[127.87054,37.16412],[127.86921,37.16365],[127.86749,37.16238],[127.86419,37.16238],[127.86204,37.1611],[127.86137,37.15922],[127.86182,37.15594],[127.8613,37.15535],[127.85923,37.15634],[127.85588,37.15648],[127.85529,37.15793],[127.85529,37.15995],[127.8543,37.16039],[127.85301,37.16024],[127.85209,37.15978],[127.85127,37.15846],[127.85053,37.15508],[127.8496,37.1538],[127.84688,37.15281],[127.84463,37.15284],[127.8408,37.15213],[127.83859,37.15214],[127.83697,37.1516],[127.83701,37.15108],[127.83654,37.15028],[127.83819,37.14847],[127.84269,37.1457],[127.84359,37.14447],[127.84407,37.14285],[127.84651,37.14091],[127.84683,37.14115],[127.84718,37.14084],[127.847,37.1398],[127.84749,37.13961],[127.84825,37.13842],[127.84824,37.13734],[127.84883,37.13606],[127.8496,37.13578],[127.85032,37.1349],[127.85021,37.13426],[127.85135,37.13363],[127.85156,37.133],[127.852,37.13276],[127.85298,37.13005],[127.85417,37.12975],[127.8574,37.12777],[127.86181,37.12641],[127.86228,37.12543],[127.86298,37.12669],[127.86348,37.12875],[127.86338,37.12985],[127.86391,37.13004],[127.86461,37.13169],[127.86422,37.13227],[127.86491,37.13249],[127.86675,37.13408],[127.86639,37.13589],[127.86744,37.13646],[127.86827,37.1374],[127.8695,37.13783],[127.86937,37.13903],[127.87047,37.14044],[127.87312,37.14124],[127.87353,37.14162],[127.87347,37.14407],[127.87415,37.14471],[127.87414,37.14535],[127.87545,37.14595],[127.87645,37.148],[127.87797,37.14843],[127.87609,37.14861],[127.8798,37.16215],[127.87905,37.16179],[127.87585,37.1631],[127.87506,37.16376],[127.87332,37.16393]]]}},{"type":"Feature","properties":{"zoneId":"Z000103389","zoneName":"덕성초통학구역","zoneType":"elementary","level":"초등학교","kind":"dedicated","oneWay":false,"sggCode":"114","eduCode":"8011000","eduName":"충청북도청주교육지원청","updatedAt":"2022-03-29"},"geometry":{"type":"Polygon","coordinates":[[[127.48594,36.66699],[127.48588,36.6671],[127.48451,36.66953],[127.48119,36.66838],[127.47841,36.6668],[127.47945,36.66689],[127.48042,36.66578],[127.48073,36.66488],[127.48003,36.66487],[127.48006,36.66315],[127.48097,36.66299],[127.48162,36.66323],[127.48174,36.66301],[127.4811,36.6628],[127.48184,36.66202],[127.4829,36.66264],[127.48338,36.66214],[127.48402,36.66254],[127.48568,36.66256],[127.4859,36.66102],[127.48725,36.66117],[127.48684,36.66407],[127.48456,36.66287],[127.48393,36.66357],[127.4867,36.66488],[127.48594,36.66699]]]}},{"type":"Feature","properties":{"zoneId":"Z000103570","zoneName":"금구초통학구역","zoneType":"elementary","level":"초등학교","kind":"dedicated","oneWay":false,"sggCode":"750","eduCode":"8081000","eduName":"충청북도진천교육지원청","updatedAt":"2018-02-23"},"geometry":{"type":"Polygon","coordinates":[[[127.41086,36.9646],[127.41034,36.96478],[127.40798,36.96533],[127.40657,36.96618],[127.40623,36.96708],[127.40433,36.96834],[127.40117,36.96798],[127.40153,36.96768],[127.39803,36.96486],[127.39632,36.96447],[127.39683,36.96295],[127.39644,36.96191],[127.39629,36.95906],[127.39695,36.95759],[127.39821,36.9569],[127.39845,36.95594],[127.40126,36.95495],[127.40157,36.95439],[127.4038,36.95349],[127.40521,36.95206],[127.40802,36.95216],[127.40859,36.95272],[127.41138,36.95272],[127.41135,36.95241],[127.41272,36.95161],[127.41318,36.95032],[127.41511,36.95002],[127.41549,36.94939],[127.4177,36.94861],[127.41748,36.94771],[127.41788,36.94681],[127.41723,36.94552],[127.41727,36.9444],[127.41782,36.94413],[127.41846,36.94438],[127.41941,36.94383],[127.42022,36.94418],[127.42164,36.94386],[127.42343,36.94407],[127.42423,36.94361],[127.42461,36.94282],[127.42583,36.94252],[127.42586,36.94228],[127.42686,36.94236],[127.42669,36.94141],[127.42929,36.93922],[127.43054,36.93918],[127.43161,36.93954],[127.43222,36.9375],[127.43196,36.93638],[127.44468,36.93303],[127.4463,36.93294],[127.44645,36.93318],[127.44575,36.93491],[127.44362,36.9362],[127.44337,36.93695],[127.44392,36.93885],[127.44367,36.94093],[127.44215,36.94322],[127.442,36.94594],[127.44304,36.94574],[127.44414,36.94455],[127.44535,36.94395],[127.44739,36.94489],[127.44844,36.94705],[127.44939,36.94798],[127.45041,36.94827],[127.4513,36.94808],[127.45053,36.95379],[127.45088,36.95808],[127.45161,36.96159],[127.45111,36.96287],[127.44834,36.96287],[127.4481,36.96188],[127.4469,36.96174],[127.4464,36.96136],[127.44678,36.96045],[127.44583,36.96006],[127.44535,36.95876],[127.44587,36.95808],[127.44569,36.95698],[127.44625,36.95582],[127.44677,36.95143],[127.44726,36.94967],[127.44645,36.94895],[127.44633,36.94864],[127.44681,36.94833],[127.44587,36.94746],[127.44586,36.94702],[127.44526,36.9471],[127.44409,36.94629],[127.44208,36.94652],[127.44166,36.94808],[127.44007,36.94975],[127.43999,36.95099],[127.43931,36.95178],[127.43914,36.95261],[127.4347,36.95278],[127.43426,36.95305],[127.4347,36.95465],[127.43408,36.95622],[127.43375,36.95617],[127.43327,36.95703],[127.43368,36.95716],[127.43319,36.95775],[127.42701,36.95876],[127.42545,36.96007],[127.42364,36.96401],[127.42252,36.9645],[127.41644,36.96509],[127.41504,36.96411],[127.41277,36.96459],[127.41244,36.96433],[127.41086,36.9646]]]}},{"type":"Feature","properties":{"zoneId":"Z000150384","zoneName":"수성초구성분교중앙초공동통학구역","zoneType":"elementary","level":"초등학교","kind":"shared","oneWay":false,"sggCode":"114","eduCode":"8011000","eduName":"충청북도청주교육지원청","updatedAt":"2020-08-31"},"geometry":{"type":"Polygon","coordinates":[[[127.50208,36.68336],[127.50208,36.68336],[127.49971,36.68453],[127.49867,36.68454],[127.49847,36.68326],[127.49895,36.67947],[127.49706,36.67697],[127.49645,36.67553],[127.49933,36.67426],[127.49867,36.67207],[127.49617,36.67259],[127.49578,36.67053],[127.49383,36.6677],[127.49301,36.66373],[127.49359,36.66333],[127.49669,36.66299],[127.4971,36.66321],[127.49717,36.66385],[127.49895,36.66365],[127.50019,36.66341],[127.50176,36.66254],[127.50151,36.65972],[127.50111,36.65934],[127.50192,36.65796],[127.50379,36.65635],[127.50437,36.65327],[127.50494,36.65281],[127.50488,36.65195],[127.50545,36.65148],[127.5051,36.65012],[127.50608,36.65003],[127.50842,36.65254],[127.50901,36.65264],[127.50956,36.65324],[127.51293,36.65295],[127.5134,36.65341],[127.51433,36.65325],[127.51571,36.65452],[127.51844,36.65487],[127.51989,36.65589],[127.52168,36.65644],[127.52221,36.65704],[127.52439,36.65801],[127.52498,36.66019],[127.5256,36.66059],[127.52648,36.66055],[127.5283,36.66262],[127.53158,36.66329],[127.53377,36.66462],[127.53209,36.66641],[127.52965,36.66614],[127.52859,36.66746],[127.52719,36.66729],[127.52634,36.66812],[127.52471,36.66855],[127.52443,36.6691],[127.52239,36.66954],[127.52072,36.67085],[127.5203,36.67075],[127.51963,36.67151],[127.51754,36.67141],[127.51625,36.67188],[127.51549,36.67234],[127.51562,36.67292],[127.51431,36.67417],[127.51273,36.67455],[127.51235,36.67423],[127.51181,36.6747],[127.51104,36.67549],[127.51035,36.67721],[127.50922,36.67749],[127.50822,36.67823],[127.50749,36.67825],[127.50709,36.67899],[127.50593,36.67947],[127.50576,36.67984],[127.50605,36.68025],[127.50373,36.68306],[127.50208,36.68336]]]}},{"type":"Feature","properties":{"zoneId":"Z000103494","zoneName":"충주성남초통학구역","zoneType":"elementary","level":"초등학교","kind":"dedicated","oneWay":false,"sggCode":"130","eduCode":"8021000","eduName":"충청북도충주교육지원청","updatedAt":"2023-01-17"},"geometry":{"type":"MultiPolygon","coordinates":[[[[128.00005,36.99579],[127.99996,36.99592],[127.99921,36.99562],[127.99895,36.99585],[127.99897,36.9956],[127.99851,36.99557],[127.99865,36.9953],[127.99685,36.99525],[127.99447,36.99445],[127.9928,36.99522],[127.99163,36.99422],[127.9779,36.993],[127.97617,36.99046],[127.9741,36.98988],[127.97101,36.99063],[127.96439,36.98369],[127.96319,36.98147],[127.96111,36.98065],[127.96139,36.98056],[127.96122,36.97992],[127.96201,36.98031],[127.96323,36.97964],[127.96268,36.97915],[127.96315,36.97905],[127.96326,36.97833],[127.96283,36.97761],[127.96157,36.97693],[127.96203,36.97611],[127.96123,36.97566],[127.96065,36.97482],[127.95976,36.97454],[127.95946,36.97478],[127.95908,36.97437],[127.95808,36.9746],[127.95835,36.97523],[127.95721,36.97531],[127.95693,36.97564],[127.95619,36.97538],[127.95558,36.97561],[127.9541,36.9743],[127.95284,36.97389],[127.94833,36.97305],[127.9464,36.97318],[127.94666,36.96996],[127.94557,36.96971],[127.94305,36.97031],[127.94246,36.96955],[127.94137,36.96951],[127.9385,36.97098],[127.93814,36.96927],[127.93076,36.96933],[127.93041,36.96901],[127.93014,36.96742],[127.93062,36.96704],[127.9302,36.96672],[127.93072,36.96673],[127.93084,36.96522],[127.93377,36.96556],[127.93474,36.96368],[127.94103,36.96404],[127.94139,36.96417],[127.94133,36.96461],[127.9448,36.96479],[127.94476,36.96591],[127.94696,36.96599],[127.94703,36.96501],[127.94978,36.9651],[127.95185,36.96374],[127.95357,36.96317],[127.9549,36.96158],[127.95824,36.9591],[127.95924,36.95883],[127.96082,36.9573],[127.96092,36.95578],[127.96371,36.95575],[127.96591,36.95681],[127.96628,36.95654],[127.96898,36.95698],[127.97056,36.95572],[127.97147,36.95634],[127.97439,36.95679],[127.97495,36.9567],[127.97554,36.95593],[127.977,36.9552],[127.97794,36.95353],[127.98135,36.95412],[127.98294,36.95319],[127.98694,36.95281],[127.98765,36.95215],[127.9893,36.95267],[127.99055,36.95412],[127.99433,36.95579],[127.99705,36.95591],[127.99813,36.95441],[127.99956,36.95396],[128.00164,36.95164],[128.0038,36.95039],[128.00427,36.95054],[128.00536,36.95111],[128.00668,36.95311],[128.0074,36.95333],[128.00821,36.95419],[128.00977,36.9551],[128.01064,36.95533],[128.01276,36.95818],[128.01391,36.95862],[128.01459,36.95841],[128.01524,36.95896],[128.01579,36.95893],[128.01748,36.9597],[128.01861,36.95958],[128.01904,36.96075],[128.01882,36.96136],[128.01988,36.96159],[128.02017,36.96222],[128.02149,36.96223],[128.02187,36.96295],[128.02258,36.96306],[128.0243,36.96453],[128.02829,36.96542],[128.02688,36.9672],[128.02705,36.96761],[128.02485,36.96912],[128.02271,36.97007],[128.01903,36.97063],[128.01472,36.97045],[128.00926,36.97248],[128.00707,36.97856],[128.00384,36.98231],[128.0022,36.98513],[128.00234,36.9858],[128.00134,36.98841],[128.00095,36.99113],[128.00153,36.99296],[128.00005,36.99579]]],[[[127.96273,36.98896],[127.96323,36.98907],[127.96382,36.98921],[127.96619,36.99176],[127.96568,36.99219],[127.96595,36.99293],[127.96322,36.99494],[127.96144,36.99526],[127.95741,36.98678],[127.95953,36.98823],[127.96014,36.98817],[127.96194,36.98894],[127.96273,36.98896]]]]}},{"type":"Feature","properties":{"zoneId":"Z000103378","zoneName":"교동초통학구역","zoneType":"elementary","level":"초등학교","kind":"dedicated","oneWay":false,"sggCode":"111","eduCode":"8011000","eduName":"충청북도청주교육지원청","updatedAt":"2021-02-23"},"geometry":{"type":"Polygon","coordinates":[[[127.51371,36.6099],[127.51373,36.60996],[127.51406,36.61069],[127.51185,36.61221],[127.51336,36.61379],[127.5119,36.61481],[127.5073,36.61031],[127.50879,36.60932],[127.50933,36.60985],[127.51059,36.60919],[127.51127,36.60982],[127.51257,36.60893],[127.51316,36.60952],[127.51346,36.60936],[127.51371,36.6099]]]}},{"type":"Feature","properties":{"zoneId":"Z000150383","zoneName":"수성초구성분교주중초중앙초공동통학구역","zoneType":"elementary","level":"초등학교","kind":"shared","oneWay":false,"sggCode":"114","eduCode":"8011000","eduName":"충청북도청주교육지원청","updatedAt":"2017-08-14"},"geometry":{"type":"Polygon","coordinates":[[[127.49874,36.67258],[127.49933,36.67426],[127.49645,36.67553],[127.49617,36.67259],[127.49867,36.67207],[127.49874,36.67258]]]}},{"type":"Feature","properties":{"zoneId":"Z000103400","zoneName":"봉명초통학구역","zoneType":"elementary","level":"초등학교","kind":"dedicated","oneWay":false,"sggCode":"113","eduCode":"8011000","eduName":"충청북도청주교육지원청","updatedAt":"2024-06-04"},"geometry":{"type":"Polygon","coordinates":[[[127.45414,36.64336],[127.4541,36.64336],[127.45001,36.64378],[127.43525,36.64422],[127.43528,36.64221],[127.43693,36.64198],[127.43907,36.64009],[127.44108,36.64002],[127.44091,36.63872],[127.44174,36.63812],[127.44751,36.638],[127.44742,36.63414],[127.45635,36.63468],[127.4562,36.63323],[127.45784,36.63363],[127.4592,36.63518],[127.45945,36.63553],[127.45918,36.63551],[127.45889,36.63659],[127.45942,36.63768],[127.45983,36.63587],[127.46045,36.63649],[127.4609,36.63622],[127.46186,36.63682],[127.46117,36.63729],[127.46258,36.63882],[127.46174,36.63936],[127.4605,36.63808],[127.46066,36.63752],[127.46025,36.63782],[127.45942,36.63771],[127.45982,36.63929],[127.46208,36.64254],[127.46294,36.64251],[127.46293,36.63985],[127.46438,36.63984],[127.46439,36.64183],[127.46355,36.64207],[127.46396,36.64301],[127.45414,36.64336]],[[127.45452,36.64282],[127.45755,36.6427],[127.45779,36.64075],[127.45435,36.63995],[127.45452,36.64282]]]}},{"type":"Feature","properties":{"zoneId":"Z000151398","zoneName":"봉명초봉정초공동통학구역","zoneType":"elementary","level":"초등학교","kind":"shared","oneWay":false,"sggCode":"113","eduCode":"8011000","eduName":"충청북도청주교육지원청","updatedAt":"2024-06-04"},"geometry":{"type":"Polygon","coordinates":[[[127.45452,36.64282],[127.45443,36.64141],[127.45435,36.63995],[127.45779,36.64075],[127.45755,36.6427],[127.45452,36.64282]]]}},{"type":"Feature","properties":{"zoneId":"Z000151100","zoneName":"운동초교동초공동통학구역","zoneType":"elementary","level":"초등학교","kind":"shared","oneWay":false,"sggCode":"111","eduCode":"8011000","eduName":"충청북도청주교육지원청","updatedAt":"2024-08-29"},"geometry":{"type":"Polygon","coordinates":[[[127.50754,36.61015],[127.5073,36.61031],[127.50354,36.60668],[127.50095,36.60589],[127.5033,36.6021],[127.50689,36.60287],[127.50774,36.60416],[127.50869,36.60449],[127.50831,36.60537],[127.51083,36.60605],[127.51018,36.6065],[127.51257,36.60893],[127.51127,36.60982],[127.51059,36.60919],[127.50933,36.60985],[127.50879,36.60932],[127.50754,36.61015]]]}},{"type":"Feature","properties":{"zoneId":"Z000151399","zoneName":"운동초상당초공동통학구역","zoneType":"elementary","level":"초등학교","kind":"shared","oneWay":false,"sggCode":"111","eduCode":"8011000","eduName":"충청북도청주교육지원청","updatedAt":"2024-08-29"},"geometry":{"type":"Polygon","coordinates":[[[127.51888,36.60377],[127.51889,36.60378],[127.51805,36.60483],[127.51604,36.60379],[127.51687,36.60271],[127.51888,36.60377]]]}},{"type":"Feature","properties":{"zoneId":"Z000106215","zoneName":"양청초통학구역","zoneType":"elementary","level":"초등학교","kind":"dedicated","oneWay":false,"sggCode":"114","eduCode":"8011000","eduName":"충청북도청주교육지원청","updatedAt":"2024-07-09"},"geometry":{"type":"Polygon","coordinates":[[[127.43546,36.73695],[127.43509,36.73707],[127.43453,36.73741],[127.43102,36.73682],[127.43004,36.73706],[127.42829,36.73617],[127.42682,36.73588],[127.42616,36.73434],[127.42479,36.73396],[127.42376,36.73313],[127.42346,36.73202],[127.42514,36.73076],[127.42157,36.72774],[127.42049,36.72521],[127.41989,36.72462],[127.41867,36.7242],[127.41847,36.72361],[127.41754,36.72297],[127.41597,36.72244],[127.41489,36.72284],[127.4145,36.72366],[127.41302,36.72373],[127.41189,36.72305],[127.41044,36.7239],[127.40947,36.72362],[127.40956,36.72306],[127.40914,36.72293],[127.41511,36.71674],[127.41657,36.7134],[127.42115,36.71069],[127.42998,36.71085],[127.43169,36.71061],[127.43203,36.71197],[127.43346,36.71207],[127.43349,36.71148],[127.43249,36.71023],[127.43349,36.70951],[127.4366,36.71232],[127.43786,36.71157],[127.4386,36.71252],[127.43948,36.71207],[127.43865,36.71111],[127.43949,36.71061],[127.44132,36.71243],[127.44162,36.71326],[127.44343,36.71563],[127.4433,36.71632],[127.44127,36.71393],[127.44024,36.71446],[127.44054,36.71483],[127.43757,36.71635],[127.43924,36.71872],[127.43935,36.71962],[127.43879,36.72039],[127.43604,36.72195],[127.43744,36.723],[127.43997,36.7234],[127.43948,36.72567],[127.43848,36.72615],[127.43733,36.72593],[127.43661,36.72637],[127.43609,36.72633],[127.43589,36.72719],[127.43461,36.72802],[127.43454,36.72862],[127.43386,36.72917],[127.43392,36.73012],[127.43357,36.72998],[127.43373,36.73168],[127.43428,36.73231],[127.43431,36.73289],[127.43493,36.7333],[127.43477,36.73445],[127.43614,36.73529],[127.43578,36.73674],[127.43546,36.73695]]]}},{"type":"Feature","properties":{"zoneId":"Z000150400","zoneName":"동광초보은삼산초공동통학구역, 동광초수정초공동(일방)통학구역","zoneType":"elementary","level":"초등학교","kind":"shared","oneWay":true,"sggCode":"720","eduCode":"8051000","eduName":"충청북도보은교육지원청","updatedAt":"2024-04-23"},"geometry":{"type":"Polygon","coordinates":[[[127.7299,36.49058],[127.72975,36.49071],[127.72761,36.49298],[127.725,36.49206],[127.72282,36.49061],[127.72276,36.49114],[127.71489,36.49082],[127.71453,36.49118],[127.71433,36.49091],[127.71331,36.49107],[127.71197,36.49044],[127.71223,36.48895],[127.71195,36.48747],[127.71233,36.4868],[127.71217,36.48605],[127.71153,36.48536],[127.71191,36.48498],[127.71392,36.4843],[127.71784,36.48575],[127.71788,36.48341],[127.72049,36.4846],[127.72008,36.48607],[127.72216,36.48643],[127.72228,36.48542],[127.72371,36.4829],[127.7253,36.48106],[127.72478,36.48091],[127.7273,36.47834],[127.72877,36.47898],[127.73024,36.47902],[127.7306,36.4792],[127.73039,36.48067],[127.7306,36.48135],[127.73113,36.48186],[127.7322,36.48219],[127.73286,36.48312],[127.7315,36.48411],[127.73112,36.48484],[127.73178,36.48625],[127.73108,36.48624],[127.73142,36.48728],[127.73138,36.48857],[127.7309,36.4896],[127.7299,36.49058]]]}},{"type":"Feature","properties":{"zoneId":"Z000151310","zoneName":"강서초증안초공동통학구역","zoneType":"elementary","level":"초등학교","kind":"shared","oneWay":false,"sggCode":"113","eduCode":"8011000","eduName":"충청북도청주교육지원청","updatedAt":"2023-02-14"},"geometry":{"type":"Polygon","coordinates":[[[127.42253,36.63579],[127.42251,36.63579],[127.41902,36.63599],[127.41994,36.63217],[127.4223,36.63246],[127.42223,36.63462],[127.42309,36.63491],[127.42253,36.63579]]]}},{"type":"Feature","properties":{"zoneId":"Z000103447","zoneName":"직지초통학구역","zoneType":"elementary","level":"초등학교","kind":"dedicated","oneWay":false,"sggCode":"113","eduCode":"8011000","eduName":"충청북도청주교육지원청","updatedAt":"2023-02-14"},"geometry":{"type":"MultiPolygon","coordinates":[[[[127.43818,36.64088],[127.43703,36.6419],[127.43563,36.64221],[127.43332,36.6421],[127.43344,36.64067],[127.43059,36.64125],[127.42991,36.63817],[127.4329,36.63778],[127.43647,36.63784],[127.43653,36.63741],[127.43781,36.63697],[127.43781,36.63655],[127.43899,36.63657],[127.439,36.63613],[127.43926,36.63613],[127.43973,36.63698],[127.44018,36.63696],[127.44018,36.63787],[127.43874,36.63787],[127.43867,36.64044],[127.43818,36.64088]]],[[[127.43698,36.64595],[127.43544,36.64595],[127.43563,36.64517],[127.43697,36.64505],[127.43698,36.64595]]]]}},{"type":"Feature","properties":{"zoneId":"Z000103401","zoneName":"봉정초통학구역","zoneType":"elementary","level":"초등학교","kind":"dedicated","oneWay":false,"sggCode":"113","eduCode":"8011000","eduName":"충청북도청주교육지원청","updatedAt":"2023-02-14"},"geometry":{"type":"Polygon","coordinates":[[[127.45403,36.65212],[127.45403,36.65287],[127.44788,36.65285],[127.44782,36.64934],[127.43534,36.64939],[127.43533,36.64766],[127.43184,36.6477],[127.43185,36.6444],[127.46245,36.64307],[127.4665,36.6488],[127.46872,36.65028],[127.46795,36.65108],[127.46588,36.6503],[127.46641,36.64927],[127.45402,36.64932],[127.45403,36.65212]],[[127.43653,36.64505],[127.43653,36.64516],[127.43543,36.64529],[127.43544,36.64595],[127.43698,36.64595],[127.43697,36.64505],[127.43653,36.64505]]]}},{"type":"Feature","properties":{"zoneId":"Z000151311","zoneName":"만수초상봉초공동통학구역","zoneType":"elementary","level":"초등학교","kind":"shared","oneWay":false,"sggCode":"113","eduCode":"8011000","eduName":"충청북도청주교육지원청","updatedAt":"2023-02-14"},"geometry":{"type":"Polygon","coordinates":[[[127.32447,36.66576],[127.32445,36.66581],[127.3234,36.66785],[127.32268,36.66837],[127.32092,36.66797],[127.31946,36.66684],[127.31926,36.66591],[127.31794,36.66559],[127.31701,36.66578],[127.31496,36.66508],[127.31433,36.66439],[127.31197,36.66536],[127.31152,36.66662],[127.31001,36.66673],[127.30928,36.66631],[127.3084,36.66656],[127.30687,36.66633],[127.30586,36.66743],[127.30509,36.66757],[127.30389,36.66706],[127.30232,36.66575],[127.30122,36.66408],[127.30101,36.66205],[127.30148,36.66013],[127.30104,36.65754],[127.30193,36.65643],[127.30171,36.65407],[127.30076,36.65229],[127.30054,36.65039],[127.30212,36.64857],[127.30192,36.64747],[127.30232,36.64621],[127.30099,36.64388],[127.30001,36.64318],[127.29992,36.64236],[127.30079,36.64167],[127.30154,36.63955],[127.30244,36.63911],[127.30281,36.63768],[127.30212,36.63715],[127.30235,36.63623],[127.30424,36.63512],[127.30555,36.63389],[127.3061,36.63276],[127.30609,36.63195],[127.3069,36.63064],[127.30793,36.63016],[127.30819,36.62952],[127.30874,36.631],[127.30944,36.63153],[127.31198,36.62917],[127.31786,36.62779],[127.31926,36.62713],[127.32631,36.62102],[127.33025,36.62368],[127.33518,36.63281],[127.3363,36.63399],[127.34686,36.63978],[127.35037,36.64118],[127.35047,36.64223],[127.34903,36.64299],[127.35004,36.64659],[127.35146,36.65],[127.35246,36.65454],[127.35174,36.65769],[127.35051,36.65967],[127.34943,36.66009],[127.34823,36.65991],[127.34678,36.65934],[127.34361,36.657],[127.33736,36.65697],[127.3369,36.65755],[127.3361,36.6577],[127.33465,36.65746],[127.33423,36.65703],[127.3331,36.65879],[127.33318,36.6596],[127.33271,36.65975],[127.33215,36.66137],[127.33156,36.66206],[127.33106,36.66207],[127.32993,36.66343],[127.32894,36.66349],[127.3282,36.66399],[127.32556,36.66369],[127.32452,36.66424],[127.32447,36.66576]]]}},{"type":"Feature","properties":{"zoneId":"Z000103557","zoneName":"부용초통학구역","zoneType":"elementary","level":"초등학교","kind":"dedicated","oneWay":false,"sggCode":"740","eduCode":"8071000","eduName":"충청북도영동교육지원청","updatedAt":"2016-08-12"},"geometry":{"type":"Polygon","coordinates":[[[127.75868,36.19437],[127.75863,36.19429],[127.75827,36.19264],[127.75569,36.19077],[127.75418,36.19147],[127.75273,36.19091],[127.75156,36.19126],[127.74967,36.19071],[127.74862,36.19083],[127.74788,36.19042],[127.74859,36.18938],[127.74853,36.18896],[127.74777,36.18831],[127.748,36.18649],[127.74755,36.18621],[127.74773,36.18502],[127.74716,36.18313],[127.74122,36.18303],[127.73678,36.18217],[127.73673,36.18093],[127.73551,36.17973],[127.73537,36.17705],[127.73457,36.17636],[127.73418,36.17507],[127.7328,36.17407],[127.73309,36.17279],[127.73372,36.17229],[127.73444,36.17081],[127.73513,36.16821],[127.73774,36.16624],[127.74109,36.16597],[127.74211,36.1651],[127.74364,36.16456],[127.7453,36.16493],[127.74676,36.16462],[127.74742,36.16413],[127.74929,36.16454],[127.75016,36.1641],[127.75165,36.16481],[127.75568,36.16144],[127.75481,36.16053],[127.75515,36.16049],[127.75455,36.15931],[127.75339,36.15855],[127.75486,36.15749],[127.75518,36.15779],[127.75568,36.1571],[127.75777,36.15641],[127.75937,36.15541],[127.75926,36.15502],[127.76055,36.1549],[127.76046,36.15436],[127.76224,36.1533],[127.7619,36.15282],[127.76382,36.14965],[127.7644,36.14925],[127.76425,36.14865],[127.76499,36.14721],[127.76407,36.14438],[127.76573,36.14182],[127.76571,36.13974],[127.76518,36.1379],[127.76642,36.13785],[127.7668,36.13566],[127.76738,36.13518],[127.76869,36.13489],[127.76972,36.13377],[127.76943,36.13213],[127.77231,36.13006],[127.77338,36.12969],[127.7744,36.12976],[127.77588,36.12801],[127.77709,36.12795],[127.77855,36.1274],[127.77898,36.12707],[127.77893,36.12666],[127.78023,36.12641],[127.78076,36.12534],[127.78217,36.12416],[127.78281,36.12315],[127.78467,36.12234],[127.78631,36.12264],[127.78748,36.12339],[127.78798,36.12392],[127.7884,36.12523],[127.79173,36.12426],[127.79314,36.12495],[127.79465,36.12451],[127.79575,36.12466],[127.79672,36.1255],[127.79749,36.12552],[127.79755,36.12414],[127.79899,36.12263],[127.79871,36.12225],[127.79957,36.11981],[127.8008,36.11832],[127.80112,36.11746],[127.80132,36.11551],[127.80098,36.11386],[127.80246,36.11267],[127.80356,36.11257],[127.8042,36.1116],[127.80459,36.10802],[127.80631,36.10526],[127.80626,36.10334],[127.80595,36.1029],[127.80651,36.10212],[127.80648,36.10164],[127.80846,36.09908],[127.80851,36.09856],[127.81005,36.09841],[127.81149,36.09763],[127.81298,36.09629],[127.81328,36.09553],[127.81456,36.0949],[127.81561,36.09375],[127.81627,36.09217],[127.81749,36.0913],[127.81838,36.09099],[127.82015,36.092],[127.82141,36.09315],[127.82324,36.0969],[127.82293,36.0981],[127.82256,36.09831],[127.82309,36.09975],[127.82326,36.10171],[127.8227,36.10276],[127.82318,36.1039],[127.82268,36.10479],[127.8226,36.1063],[127.8221,36.10664],[127.82153,36.10793],[127.82183,36.10903],[127.82131,36.10975],[127.82169,36.1107],[127.82142,36.11119],[127.82185,36.11209],[127.82122,36.11299],[127.82125,36.11431],[127.82,36.11516],[127.81849,36.11705],[127.8164,36.11832],[127.81587,36.12002],[127.81528,36.12113],[127.81482,36.12139],[127.81492,36.12289],[127.81568,36.12399],[127.81523,36.12514],[127.81563,36.12741],[127.8161,36.12818],[127.81575,36.12882],[127.81641,36.12918],[127.8164,36.13118],[127.81592,36.13168],[127.81575,36.13271],[127.81369,36.13418],[127.81258,36.13413],[127.81148,36.13615],[127.81007,36.13666],[127.80949,36.13723],[127.80749,36.13743],[127.80543,36.13716],[127.80445,36.13751],[127.80285,36.1387],[127.80163,36.13861],[127.80091,36.13901],[127.8002,36.14108],[127.79861,36.14237],[127.79801,36.14221],[127.79583,36.1428],[127.79343,36.14426],[127.79212,36.14605],[127.7896,36.14655],[127.78792,36.14727],[127.78591,36.14968],[127.783,36.15003],[127.78223,36.14827],[127.78158,36.14804],[127.78082,36.1513],[127.77852,36.15364],[127.77861,36.15434],[127.77729,36.15749],[127.77714,36.1587],[127.77685,36.15914],[127.77584,36.15914],[127.77482,36.16083],[127.77516,36.16135],[127.77459,36.16252],[127.77297,36.16302],[127.77183,36.16417],[127.76988,36.16392],[127.7683,36.16429],[127.76818,36.16466],[127.76814,36.16514],[127.76905,36.16544],[127.77293,36.16816],[127.77383,36.16916],[127.77488,36.17119],[127.77514,36.17261],[127.7745,36.17365],[127.77269,36.17896],[127.7719,36.17981],[127.76891,36.17995],[127.76716,36.18081],[127.76661,36.18145],[127.766,36.18377],[127.76543,36.18377],[127.76485,36.18281],[127.76359,36.18302],[127.76308,36.18597],[127.7622,36.18823],[127.76086,36.18984],[127.76037,36.19204],[127.75868,36.19437]]]}},{"type":"Feature","properties":{"zoneId":"Z000103537","zoneName":"판동초통학구역","zoneType":"elementary","level":"초등학교","kind":"dedicated","oneWay":false,"sggCode":"720","eduCode":"8051000","eduName":"충청북도보은교육지원청","updatedAt":"2016-08-12"},"geometry":{"type":"Polygon","coordinates":[[[127.76136,36.42381],[127.76093,36.42413],[127.75579,36.42523],[127.75453,36.42588],[127.75057,36.43119],[127.74601,36.42794],[127.74258,36.42642],[127.74097,36.42419],[127.73723,36.42265],[127.73668,36.42193],[127.73548,36.4213],[127.73373,36.42113],[127.73174,36.42054],[127.73164,36.42026],[127.72831,36.41956],[127.7282,36.41985],[127.7261,36.41973],[127.72574,36.42035],[127.72403,36.42105],[127.72068,36.42147],[127.71947,36.42031],[127.71936,36.41928],[127.71842,36.41834],[127.71733,36.41771],[127.71529,36.41753],[127.71444,36.41622],[127.71358,36.4161],[127.71322,36.41482],[127.71265,36.4147],[127.71152,36.4135],[127.71064,36.41325],[127.71043,36.41346],[127.71007,36.41292],[127.71012,36.41204],[127.70831,36.40918],[127.70844,36.40855],[127.70799,36.40724],[127.70821,36.40653],[127.71051,36.40467],[127.711,36.40356],[127.71396,36.40234],[127.71447,36.4017],[127.7144,36.40065],[127.71673,36.39938],[127.71687,36.39837],[127.71842,36.39629],[127.72202,36.39396],[127.72468,36.39347],[127.72573,36.39384],[127.72604,36.39331],[127.72712,36.393],[127.72699,36.39189],[127.72729,36.39199],[127.72791,36.39076],[127.73026,36.38988],[127.73145,36.39023],[127.73223,36.39122],[127.73299,36.39354],[127.73372,36.39435],[127.73481,36.39251],[127.73582,36.39185],[127.73672,36.39187],[127.73836,36.3906],[127.73925,36.38942],[127.74011,36.38928],[127.74068,36.38867],[127.74262,36.38766],[127.74303,36.38685],[127.74598,36.38634],[127.7467,36.38583],[127.74777,36.38598],[127.75011,36.38471],[127.75417,36.38378],[127.7591,36.3835],[127.76018,36.38296],[127.76021,36.38368],[127.76049,36.38372],[127.76303,36.38235],[127.76799,36.38319],[127.7692,36.38522],[127.76868,36.38568],[127.76894,36.38765],[127.76851,36.38889],[127.76563,36.38997],[127.76502,36.39122],[127.76396,36.39174],[127.7624,36.39347],[127.76252,36.39434],[127.76278,36.39497],[127.7644,36.39662],[127.76619,36.39766],[127.76645,36.39846],[127.76906,36.39976],[127.76925,36.40027],[127.77051,36.40056],[127.77113,36.40219],[127.77328,36.40158],[127.77241,36.40306],[127.77184,36.40491],[127.77138,36.40495],[127.77096,36.40579],[127.77056,36.40597],[127.76987,36.40806],[127.76702,36.40916],[127.76674,36.41112],[127.76625,36.41153],[127.76795,36.41415],[127.76756,36.41428],[127.76815,36.41539],[127.76982,36.41684],[127.76673,36.41785],[127.76566,36.41854],[127.76634,36.41911],[127.7635,36.42064],[127.76136,36.42381]]]}},{"type":"Feature","properties":{"zoneId":"Z000151259","zoneName":"동인초목도초감물초소수초공동(일방)통학구역","zoneType":"elementary","level":"초등학교","kind":"shared","oneWay":true,"sggCode":"760","eduCode":"8092000","eduName":"충청북도괴산증평교육지원청","updatedAt":"2024-03-26"},"geometry":{"type":"Polygon","coordinates":[[[127.79789,36.829],[127.79743,36.82869],[127.79613,36.8285],[127.79547,36.82742],[127.7954,36.82635],[127.79464,36.8261],[127.79415,36.82519],[127.79392,36.82333],[127.79292,36.82204],[127.79154,36.81867],[127.79137,36.81667],[127.7906,36.8155],[127.79145,36.81482],[127.79035,36.8136],[127.79066,36.81357],[127.79074,36.81304],[127.79369,36.81292],[127.79264,36.81063],[127.79149,36.80932],[127.79106,36.80774],[127.78958,36.80824],[127.78925,36.80773],[127.78439,36.80908],[127.782,36.81007],[127.78056,36.80924],[127.77988,36.80939],[127.78005,36.80919],[127.77979,36.80928],[127.779,36.80853],[127.77891,36.80683],[127.77847,36.80597],[127.77933,36.80516],[127.78247,36.80485],[127.78304,36.80424],[127.78298,36.80385],[127.78407,36.80283],[127.785,36.80312],[127.78799,36.80251],[127.78892,36.80124],[127.7887,36.80108],[127.79127,36.79887],[127.79108,36.79833],[127.79144,36.79812],[127.79188,36.79877],[127.79394,36.79855],[127.79583,36.79681],[127.79678,36.7972],[127.79853,36.79987],[127.80063,36.7997],[127.80197,36.79903],[127.80408,36.79868],[127.8052,36.79896],[127.80578,36.79797],[127.80976,36.79677],[127.81054,36.79784],[127.81183,36.79841],[127.81247,36.7998],[127.812,36.80118],[127.81224,36.80189],[127.81069,36.80355],[127.81171,36.80642],[127.81164,36.80786],[127.81294,36.80889],[127.81045,36.80955],[127.80812,36.80967],[127.80739,36.81092],[127.80531,36.8115],[127.805,36.81217],[127.80362,36.81291],[127.80459,36.81516],[127.80575,36.81573],[127.8054,36.81752],[127.8059,36.81888],[127.8049,36.81998],[127.80423,36.81997],[127.80252,36.82098],[127.80086,36.82313],[127.79725,36.82419],[127.79816,36.82532],[127.79861,36.82699],[127.79836,36.82832],[127.79789,36.829]]]}},{"type":"Feature","properties":{"zoneId":"Z000151275","zoneName":"가곡초가곡초대곡분교장공동통학구역","zoneType":"elementary","level":"초등학교","kind":"shared","oneWay":false,"sggCode":"800","eduCode":"8111000","eduName":"충청북도단양교육지원청","updatedAt":"2023-01-17"},"geometry":{"type":"Polygon","coordinates":[[[128.42707,37.02078],[128.42649,37.02016],[128.42497,37.01877],[128.42526,37.01784],[128.425,37.01591],[128.42557,37.01452],[128.42541,37.01394],[128.42473,37.01369],[128.4243,37.01303],[128.42437,37.01178],[128.42171,37.01012],[128.41897,37.01086],[128.41529,37.01051],[128.41332,37.01072],[128.4074,37.0096],[128.40606,37.01079],[128.4045,37.0101],[128.40425,37.00949],[128.40352,37.0095],[128.40128,37.00344],[128.40128,37.0016],[128.40064,37.00016],[128.40124,36.99732],[128.4003,36.99486],[128.4008,36.99269],[128.40411,36.99362],[128.40611,36.99324],[128.40898,36.99137],[128.41044,36.991],[128.41093,36.99123],[128.41312,36.99028],[128.41565,36.98733],[128.41672,36.98701],[128.42043,36.9872],[128.42052,36.98516],[128.42021,36.98485],[128.42007,36.98335],[128.4218,36.98127],[128.42498,36.9812],[128.42583,36.98089],[128.42674,36.97927],[128.42703,36.97763],[128.42855,36.97683],[128.42943,36.97575],[128.42983,36.97447],[128.4304,36.97399],[128.43233,36.97331],[128.43451,36.97201],[128.43647,36.97184],[128.44022,36.96943],[128.44153,36.96743],[128.44483,36.96512],[128.44583,36.96533],[128.44778,36.96507],[128.4491,36.9655],[128.45064,36.96437],[128.45592,36.96323],[128.45912,36.96156],[128.46235,36.96178],[128.46339,36.96233],[128.46811,36.96164],[128.46878,36.96099],[128.47467,36.96058],[128.47604,36.95988],[128.47657,36.95807],[128.4771,36.95744],[128.48144,36.9579],[128.4849,36.95747],[128.48598,36.96096],[128.48602,36.96193],[128.48956,36.96373],[128.49087,36.96369],[128.49385,36.96442],[128.49628,36.96572],[128.49921,36.96675],[128.50007,36.96752],[128.50226,36.96789],[128.50279,36.96837],[128.50513,36.96921],[128.50673,36.97008],[128.50642,36.97319],[128.50974,36.97462],[128.51461,36.97758],[128.51387,36.9804],[128.51462,36.98252],[128.51562,36.98358],[128.51547,36.9868],[128.51488,36.98779],[128.51067,36.98998],[128.50957,36.99096],[128.50926,36.99278],[128.50429,36.99441],[128.50386,36.9953],[128.5018,36.99565],[128.49972,36.99771],[128.49696,36.99937],[128.49675,37.00028],[128.49566,37.00172],[128.49202,37.00375],[128.49097,37.00318],[128.48827,37.00378],[128.47929,37.00224],[128.47721,37.00105],[128.47394,36.9999],[128.47126,37.0008],[128.47071,37.00193],[128.46994,37.00237],[128.4677,37.00478],[128.46392,37.00702],[128.4618,37.00869],[128.45468,37.008],[128.45313,37.00908],[128.45289,37.00959],[128.45043,37.00883],[128.44911,37.00898],[128.4471,37.01026],[128.44605,37.01002],[128.44243,37.01175],[128.4411,37.01186],[128.44146,37.01273],[128.44086,37.01336],[128.4405,37.0149],[128.43746,37.01571],[128.43738,37.01688],[128.43329,37.01808],[128.43136,37.02067],[128.4284,37.02039],[128.42707,37.02078]]]}},{"type":"Feature","properties":{"zoneId":"Z000103559","zoneName":"심천초통학구역","zoneType":"elementary","level":"초등학교","kind":"dedicated","oneWay":false,"sggCode":"740","eduCode":"8071000","eduName":"충청북도영동교육지원청","updatedAt":"2016-08-12"},"geometry":{"type":"Polygon","coordinates":[[[127.73066,36.27624],[127.73066,36.27624],[127.72916,36.27625],[127.72733,36.27479],[127.72689,36.27476],[127.72549,36.27301],[127.72306,36.27149],[127.723,36.27044],[127.72223,36.27015],[127.72168,36.26947],[127.72018,36.26946],[127.71899,36.27011],[127.71771,36.26921],[127.71381,36.26848],[127.71387,36.26805],[127.71303,36.26758],[127.71286,36.26692],[127.71282,36.26737],[127.71279,36.26602],[127.71206,36.26599],[127.71347,36.26476],[127.71467,36.26313],[127.70981,36.26325],[127.70658,36.26267],[127.70371,36.26023],[127.70497,36.2599],[127.70786,36.25826],[127.70953,36.25633],[127.70969,36.25404],[127.71037,36.25258],[127.71031,36.25063],[127.71058,36.25019],[127.71025,36.24837],[127.71055,36.2474],[127.70865,36.2457],[127.70858,36.2453],[127.70957,36.2434],[127.70724,36.24312],[127.70722,36.24129],[127.70356,36.24169],[127.70177,36.24133],[127.69945,36.24009],[127.69923,36.23826],[127.7007,36.23444],[127.70097,36.23228],[127.70094,36.23146],[127.69927,36.2277],[127.707,36.22661],[127.70836,36.22898],[127.71163,36.23184],[127.71228,36.2336],[127.7138,36.23184],[127.71683,36.23046],[127.725,36.2307],[127.73482,36.22755],[127.73722,36.22739],[127.73863,36.22789],[127.73911,36.22879],[127.73963,36.23311],[127.73996,36.23343],[127.74124,36.23355],[127.74245,36.2319],[127.74234,36.23022],[127.74274,36.22824],[127.74236,36.22703],[127.74329,36.22627],[127.74687,36.22605],[127.74769,36.22568],[127.74773,36.22467],[127.74953,36.22434],[127.75114,36.2231],[127.75527,36.22442],[127.7556,36.22481],[127.758,36.22359],[127.76,36.22148],[127.76187,36.22164],[127.76165,36.22262],[127.76259,36.22319],[127.76307,36.22462],[127.76384,36.22514],[127.76357,36.22591],[127.76387,36.22705],[127.76356,36.22742],[127.76418,36.22933],[127.76363,36.23022],[127.76432,36.23106],[127.76467,36.23299],[127.76455,36.23445],[127.76081,36.23735],[127.76014,36.23709],[127.75952,36.23749],[127.75981,36.23844],[127.75935,36.24043],[127.75957,36.24101],[127.76036,36.24139],[127.76085,36.24257],[127.76144,36.24252],[127.76165,36.24286],[127.76157,36.24363],[127.76224,36.24408],[127.76253,36.24477],[127.76174,36.24608],[127.76284,36.24698],[127.76242,36.24759],[127.76294,36.24864],[127.76309,36.25005],[127.76228,36.2507],[127.76189,36.25189],[127.76238,36.2535],[127.76164,36.25597],[127.76123,36.25653],[127.75865,36.2574],[127.75769,36.25876],[127.7572,36.25956],[127.75732,36.26041],[127.75694,36.26118],[127.75713,36.26305],[127.7564,36.2639],[127.75177,36.26528],[127.74974,36.26519],[127.74729,36.26557],[127.74339,36.26532],[127.73637,36.26391],[127.73431,36.26255],[127.73312,36.26296],[127.73267,36.26368],[127.73338,36.26786],[127.73269,36.26893],[127.73137,36.26962],[127.7313,36.27026],[127.73192,36.27096],[127.73045,36.27206],[127.7311,36.27292],[127.73134,36.27452],[127.73084,36.27512],[127.73066,36.27624]]]}},{"type":"Feature","properties":{"zoneId":"Z000150745","zoneName":"진천삼수초성암초공동(일방)통학구역","zoneType":"elementary","level":"초등학교","kind":"shared","oneWay":true,"sggCode":"750","eduCode":"8081000","eduName":"충청북도진천교육지원청","updatedAt":"2024-03-12"},"geometry":{"type":"MultiPolygon","coordinates":[[[[127.41318,36.86817],[127.41305,36.86821],[127.4113,36.86889],[127.40981,36.86727],[127.40974,36.86698],[127.41018,36.86674],[127.40951,36.86621],[127.4094,36.8645],[127.40849,36.86435],[127.40825,36.86289],[127.40697,36.86165],[127.40686,36.86],[127.4061,36.85753],[127.40641,36.85566],[127.40575,36.85524],[127.40518,36.85368],[127.40448,36.85316],[127.40354,36.85298],[127.40328,36.85251],[127.40274,36.85246],[127.40143,36.8515],[127.40069,36.85154],[127.40014,36.8507],[127.40008,36.84933],[127.40055,36.84875],[127.40021,36.84842],[127.40056,36.84782],[127.39945,36.84518],[127.40006,36.84457],[127.40128,36.84437],[127.4018,36.84385],[127.40159,36.84335],[127.40245,36.84235],[127.40304,36.84235],[127.40373,36.84173],[127.40553,36.84136],[127.40587,36.84038],[127.40657,36.8402],[127.40997,36.84062],[127.41557,36.83974],[127.42118,36.83793],[127.42138,36.83834],[127.42055,36.83976],[127.42075,36.84029],[127.41926,36.84142],[127.41869,36.84417],[127.419,36.84579],[127.41864,36.84708],[127.41878,36.84756],[127.41939,36.8481],[127.41996,36.85],[127.42102,36.85076],[127.42155,36.85175],[127.42156,36.85201],[127.42067,36.85237],[127.4214,36.85419],[127.42151,36.8559],[127.42143,36.8568],[127.42016,36.85773],[127.42046,36.85895],[127.42171,36.85964],[127.42167,36.86069],[127.42204,36.86112],[127.42377,36.86069],[127.4241,36.86161],[127.42544,36.86129],[127.42576,36.86219],[127.42753,36.86193],[127.42788,36.86287],[127.43224,36.86185],[127.43261,36.8628],[127.43224,36.86375],[127.43072,36.86463],[127.42459,36.86616],[127.42342,36.86717],[127.4217,36.86792],[127.41994,36.86787],[127.41808,36.86843],[127.41608,36.86838],[127.41469,36.86794],[127.41318,36.86817]]],[[[127.44519,36.86231],[127.44503,36.86235],[127.44377,36.86273],[127.44282,36.86231],[127.43928,36.86257],[127.43984,36.86044],[127.43874,36.85913],[127.43911,36.85827],[127.43879,36.85798],[127.43876,36.85696],[127.43962,36.85811],[127.4399,36.85803],[127.44011,36.85698],[127.44174,36.8569],[127.44138,36.85652],[127.44183,36.85578],[127.44302,36.85567],[127.44321,36.85606],[127.44496,36.85585],[127.44493,36.85672],[127.44639,36.85659],[127.44761,36.85855],[127.44819,36.85849],[127.44652,36.86159],[127.44519,36.86231]]]]}},{"type":"Feature","properties":{"zoneId":"Z000103456","zoneName":"한벌초통학구역","zoneType":"elementary","level":"초등학교","kind":"dedicated","oneWay":false,"sggCode":"112","eduCode":"8011000","eduName":"충청북도청주교육지원청","updatedAt":"2023-04-24"},"geometry":{"type":"Polygon","coordinates":[[[127.47548,36.64308],[127.47531,36.64367],[127.47261,36.64271],[127.46396,36.64301],[127.46355,36.64207],[127.46439,36.64183],[127.46438,36.63984],[127.46293,36.63985],[127.46294,36.64251],[127.46208,36.64254],[127.45982,36.63929],[127.45942,36.63771],[127.46025,36.63782],[127.46066,36.63752],[127.4605,36.63808],[127.46174,36.63936],[127.46258,36.63882],[127.46117,36.63729],[127.46186,36.63682],[127.4609,36.63622],[127.46045,36.63649],[127.45983,36.63587],[127.45942,36.63768],[127.45889,36.63644],[127.45918,36.63551],[127.45945,36.63553],[127.45772,36.63324],[127.46017,36.63118],[127.46154,36.63085],[127.46017,36.63492],[127.46939,36.63547],[127.47511,36.63546],[127.48379,36.63646],[127.48359,36.64089],[127.47598,36.64129],[127.47548,36.64308]]]}},{"type":"Feature","properties":{"zoneId":"Z000103551","zoneName":"증약초통학구역","zoneType":"elementary","level":"초등학교","kind":"dedicated","oneWay":false,"sggCode":"730","eduCode":"8061000","eduName":"충청북도옥천교육지원청","updatedAt":"2025-02-11"},"geometry":{"type":"Polygon","coordinates":[[[127.53983,36.39775],[127.53922,36.3979],[127.53916,36.39719],[127.53743,36.39495],[127.53529,36.39454],[127.53343,36.39355],[127.53317,36.39326],[127.53367,36.39294],[127.53342,36.39175],[127.53177,36.39092],[127.53077,36.3913],[127.53015,36.39119],[127.52906,36.3901],[127.5294,36.38936],[127.52831,36.38903],[127.5268,36.38766],[127.52567,36.38732],[127.52493,36.38751],[127.52458,36.38646],[127.52557,36.38522],[127.5248,36.3838],[127.52498,36.38143],[127.52539,36.38046],[127.52532,36.37971],[127.52589,36.37896],[127.52561,36.37865],[127.52576,36.37754],[127.52488,36.37646],[127.52483,36.37525],[127.52585,36.37398],[127.5259,36.37124],[127.52658,36.37007],[127.52598,36.36801],[127.52497,36.36741],[127.52482,36.3665],[127.52444,36.36645],[127.52409,36.36591],[127.52442,36.3656],[127.52485,36.36363],[127.52437,36.36305],[127.52446,36.36149],[127.52358,36.3604],[127.52368,36.36005],[127.52302,36.35952],[127.52289,36.35863],[127.522,36.35788],[127.52309,36.35635],[127.5224,36.35432],[127.52161,36.35375],[127.52044,36.35143],[127.51937,36.35035],[127.51721,36.34934],[127.51762,36.34815],[127.51728,36.34801],[127.51578,36.34868],[127.51489,36.34778],[127.513,36.34746],[127.51197,36.34612],[127.50915,36.34678],[127.50744,36.34629],[127.50742,36.34539],[127.50803,36.34453],[127.50807,36.34324],[127.50604,36.34231],[127.50454,36.34207],[127.50488,36.34099],[127.50134,36.34007],[127.50056,36.33929],[127.50054,36.33777],[127.50157,36.33623],[127.50108,36.33484],[127.50129,36.33406],[127.50092,36.33293],[127.50172,36.33182],[127.50142,36.33073],[127.5017,36.33018],[127.50164,36.32898],[127.50296,36.32562],[127.50219,36.32387],[127.50153,36.32283],[127.50094,36.32258],[127.49997,36.32077],[127.49598,36.31988],[127.49687,36.31945],[127.497,36.31795],[127.49783,36.31641],[127.49768,36.31568],[127.4958,36.31296],[127.4944,36.31258],[127.4941,36.3121],[127.49509,36.31169],[127.49617,36.31063],[127.49709,36.3085],[127.49819,36.30792],[127.49824,36.30718],[127.49877,36.30676],[127.49885,36.30548],[127.50104,36.30585],[127.50451,36.30826],[127.50532,36.30831],[127.50978,36.312],[127.5122,36.31247],[127.51289,36.31321],[127.51863,36.31478],[127.52362,36.31735],[127.52515,36.31736],[127.52736,36.31617],[127.5301,36.31656],[127.53094,36.31584],[127.53213,36.31641],[127.53286,36.31747],[127.53562,36.31706],[127.53852,36.31778],[127.54194,36.31708],[127.54249,36.31838],[127.54536,36.31963],[127.54503,36.32086],[127.54521,36.32117],[127.55216,36.32472],[127.55328,36.32585],[127.55527,36.32895],[127.55694,36.32961],[127.55773,36.3312],[127.55721,36.33209],[127.55618,36.33271],[127.55682,36.33276],[127.55599,36.33349],[127.55601,36.33446],[127.55735,36.3348],[127.56561,36.33198],[127.56746,36.33164],[127.56834,36.33196],[127.56868,36.33417],[127.56765,36.33593],[127.56574,36.3379],[127.56503,36.3403],[127.56473,36.34421],[127.57033,36.34372],[127.57238,36.3454],[127.57374,36.3454],[127.57703,36.34408],[127.57878,36.34282],[127.58012,36.34281],[127.58147,36.34343],[127.58144,36.34414],[127.58037,36.34592],[127.58003,36.3471],[127.57938,36.34709],[127.57898,36.34751],[127.57768,36.34785],[127.57687,36.34895],[127.575,36.34971],[127.57345,36.35088],[127.57274,36.351],[127.57268,36.35208],[127.57176,36.35273],[127.57069,36.35455],[127.56954,36.35495],[127.56902,36.35457],[127.56947,36.355],[127.56629,36.35579],[127.56349,36.3571],[127.5596,36.35703],[127.55807,36.3561],[127.5563,36.35594],[127.55437,36.35758],[127.54297,36.35796],[127.54177,36.35946],[127.54216,36.36278],[127.54278,36.36412],[127.54268,36.36675],[127.54424,36.37006],[127.5447,36.3701],[127.54518,36.37155],[127.54809,36.37412],[127.54824,36.37474],[127.55125,36.37708],[127.55114,36.37802],[127.55231,36.37943],[127.55337,36.37972],[127.55493,36.38077],[127.55542,36.38173],[127.55609,36.38095],[127.55941,36.37992],[127.56446,36.38332],[127.56663,36.38389],[127.5684,36.38374],[127.57004,36.38328],[127.56989,36.38286],[127.57088,36.38283],[127.57164,36.38428],[127.57174,36.38515],[127.57128,36.38671],[127.56738,36.38952],[127.56089,36.38935],[127.55722,36.38987],[127.55652,36.39039],[127.55587,36.39185],[127.5548,36.39211],[127.5541,36.39269],[127.55373,36.3947],[127.55496,36.39515],[127.55402,36.39487],[127.55264,36.39524],[127.55135,36.39502],[127.55003,36.39687],[127.54857,36.39703],[127.54687,36.39643],[127.54361,36.3961],[127.54311,36.39701],[127.5402,36.39712],[127.53983,36.39775]]]}},{"type":"Feature","properties":{"zoneId":"Z000150786","zoneName":"장야초안내초동이초동이초우산분교군서초군남초안남초공동(일방)통학구역","zoneType":"elementary","level":"초등학교","kind":"shared","oneWay":true,"sggCode":"730","eduCode":"8061000","eduName":"충청북도옥천교육지원청","updatedAt":"2025-02-04"},"geometry":{"type":"Polygon","coordinates":[[[127.59648,36.31171],[127.59605,36.31189],[127.59518,36.31185],[127.59504,36.31032],[127.59413,36.3092],[127.59088,36.30737],[127.58981,36.30763],[127.5898,36.30678],[127.5888,36.30603],[127.58881,36.30544],[127.58815,36.30455],[127.58669,36.30332],[127.58653,36.30416],[127.58538,36.30427],[127.58345,36.30344],[127.58263,36.30203],[127.57903,36.30423],[127.57681,36.30522],[127.57616,36.30395],[127.57608,36.29965],[127.57565,36.29893],[127.57471,36.2988],[127.57425,36.29841],[127.57503,36.29778],[127.57421,36.29712],[127.57443,36.29664],[127.57365,36.29466],[127.57233,36.29394],[127.57254,36.29335],[127.5714,36.29261],[127.5719,36.29265],[127.57189,36.29191],[127.57296,36.29019],[127.57433,36.28913],[127.57491,36.28906],[127.57588,36.2876],[127.57662,36.28725],[127.57722,36.2878],[127.57827,36.28978],[127.57892,36.29011],[127.58046,36.29006],[127.58134,36.29047],[127.58237,36.29034],[127.58448,36.28919],[127.5852,36.28985],[127.58662,36.28919],[127.58749,36.28959],[127.58931,36.28917],[127.59089,36.28978],[127.59136,36.29098],[127.5913,36.29203],[127.59199,36.29336],[127.59379,36.29443],[127.59677,36.29428],[127.59843,36.29479],[127.5996,36.2961],[127.60189,36.2952],[127.60347,36.29613],[127.60412,36.29697],[127.60376,36.29806],[127.60152,36.30117],[127.60096,36.30159],[127.60012,36.30167],[127.59989,36.30416],[127.59918,36.30497],[127.59948,36.30864],[127.60045,36.30946],[127.59983,36.31018],[127.59871,36.31044],[127.59828,36.31169],[127.59648,36.31171]]]}},{"type":"Feature","properties":{"zoneId":"Z000150787","zoneName":"삼양초이원초안내초동이초동이초우산분교군서초군남초증약초안남초공동(일방)통학구역","zoneType":"elementary","level":"초등학교","kind":"shared","oneWay":true,"sggCode":"730","eduCode":"8061000","eduName":"충청북도옥천교육지원청","updatedAt":"2025-02-04"},"geometry":{"type":"Polygon","coordinates":[[[127.55911,36.33118],[127.55904,36.33152],[127.55709,36.33325],[127.55643,36.33328],[127.55682,36.33276],[127.55618,36.33271],[127.55721,36.33209],[127.55773,36.3312],[127.55694,36.32961],[127.55527,36.32895],[127.55328,36.32585],[127.55216,36.32472],[127.54521,36.32117],[127.54503,36.32086],[127.54536,36.31963],[127.54249,36.31838],[127.54194,36.31708],[127.53852,36.31778],[127.53562,36.31706],[127.53286,36.31747],[127.53213,36.31641],[127.53094,36.31584],[127.53205,36.31396],[127.53217,36.31083],[127.53297,36.30987],[127.53223,36.3078],[127.53285,36.3068],[127.53274,36.30635],[127.53403,36.30508],[127.53418,36.30419],[127.53603,36.30327],[127.53757,36.30309],[127.53902,36.30381],[127.53985,36.30242],[127.54729,36.30491],[127.54893,36.30614],[127.5494,36.30579],[127.54945,36.30538],[127.54867,36.30478],[127.54741,36.30227],[127.54648,36.30162],[127.54325,36.30077],[127.54224,36.29941],[127.54251,36.2993],[127.5427,36.29757],[127.5414,36.29494],[127.54103,36.29469],[127.54026,36.29252],[127.54047,36.29169],[127.54128,36.29055],[127.54188,36.2903],[127.54213,36.28948],[127.54105,36.28783],[127.5397,36.28697],[127.53985,36.28515],[127.5402,36.28454],[127.54145,36.28446],[127.54243,36.28319],[127.54176,36.28198],[127.54195,36.2816],[127.54312,36.28145],[127.54399,36.28074],[127.54574,36.28009],[127.54694,36.27898],[127.54723,36.27783],[127.54897,36.27558],[127.55086,36.27467],[127.5506,36.27346],[127.55216,36.26953],[127.55409,36.26947],[127.55514,36.26855],[127.5567,36.2691],[127.56004,36.27087],[127.56067,36.27241],[127.56091,36.27256],[127.56121,36.27212],[127.56216,36.27299],[127.5649,36.27448],[127.56582,36.27588],[127.56637,36.27588],[127.56898,36.2772],[127.57024,36.27707],[127.57171,36.27746],[127.57179,36.27872],[127.5731,36.28082],[127.57307,36.28251],[127.57261,36.2833],[127.57302,36.28462],[127.57579,36.28188],[127.57619,36.28216],[127.57543,36.28294],[127.57542,36.28332],[127.57671,36.28485],[127.57637,36.28636],[127.57661,36.28726],[127.57588,36.2876],[127.57491,36.28906],[127.57433,36.28913],[127.57296,36.29019],[127.57189,36.29191],[127.5719,36.29265],[127.5714,36.29261],[127.57254,36.29335],[127.57233,36.29394],[127.57365,36.29466],[127.57443,36.29664],[127.57421,36.29712],[127.57503,36.29778],[127.57425,36.29841],[127.5758,36.29908],[127.57611,36.30132],[127.5728,36.30127],[127.5727,36.30193],[127.57111,36.30304],[127.57092,36.30394],[127.57308,36.30702],[127.57207,36.3074],[127.57061,36.30905],[127.56721,36.31004],[127.56606,36.31148],[127.56725,36.31148],[127.566,36.31285],[127.56596,36.31361],[127.56717,36.31496],[127.56584,36.31752],[127.56469,36.32187],[127.56406,36.32255],[127.56395,36.32296],[127.56438,36.32379],[127.56395,36.32511],[127.56233,36.32659],[127.56207,36.32725],[127.5605,36.32807],[127.56055,36.32991],[127.55911,36.33118]]]}},{"type":"Feature","properties":{"zoneId":"Z000150393","zoneName":"덕신초주덕초공동통학구역","zoneType":"elementary","level":"초등학교","kind":"shared","oneWay":false,"sggCode":"130","eduCode":"8021000","eduName":"충청북도충주교육지원청","updatedAt":"2024-11-26"},"geometry":{"type":"Polygon","coordinates":[[[127.79082,36.98913],[127.79243,36.98873],[127.79349,36.98824],[127.79441,36.98723],[127.79756,36.9863],[127.79775,36.98649],[127.79783,36.98785],[127.79582,36.98913],[127.79408,36.98865],[127.79367,36.98882],[127.79425,36.98936],[127.79365,36.99015],[127.79279,36.98916],[127.79082,36.98913]]]}},{"type":"Feature","properties":{"zoneId":"Z000151168","zoneName":"이수초양강초심천초공동(일방)통학구역","zoneType":"elementary","level":"초등학교","kind":"shared","oneWay":true,"sggCode":"740","eduCode":"8071000","eduName":"충청북도영동교육지원청","updatedAt":"2025-02-04"},"geometry":{"type":"Polygon","coordinates":[[[127.76528,36.24947],[127.76528,36.24947],[127.76437,36.24962],[127.76384,36.25015],[127.76309,36.25005],[127.76294,36.24864],[127.76242,36.24759],[127.76284,36.24698],[127.76174,36.24608],[127.76247,36.2452],[127.76249,36.24464],[127.76157,36.24363],[127.76144,36.24252],[127.76085,36.24257],[127.76036,36.24139],[127.75957,36.24101],[127.75935,36.24043],[127.75981,36.23844],[127.75952,36.23749],[127.76014,36.23709],[127.76081,36.23735],[127.76455,36.23445],[127.76463,36.23198],[127.76397,36.23041],[127.76363,36.23022],[127.76418,36.22933],[127.76356,36.22742],[127.76387,36.22705],[127.76357,36.22591],[127.76384,36.22514],[127.76307,36.22462],[127.76259,36.22319],[127.76165,36.22262],[127.76187,36.22164],[127.76,36.22148],[127.758,36.22359],[127.7556,36.22481],[127.75527,36.22442],[127.75264,36.22376],[127.75232,36.2233],[127.75238,36.22157],[127.75279,36.21988],[127.75231,36.2182],[127.75271,36.21713],[127.75484,36.21616],[127.75557,36.21502],[127.75523,36.21354],[127.75364,36.21238],[127.75412,36.21066],[127.75203,36.20934],[127.7498,36.20698],[127.74752,36.2073],[127.74634,36.20624],[127.74637,36.20483],[127.74111,36.20461],[127.73919,36.20388],[127.74034,36.20216],[127.74123,36.19949],[127.74078,36.19917],[127.73925,36.19915],[127.739,36.19853],[127.73801,36.19857],[127.73671,36.19766],[127.73754,36.19504],[127.73845,36.19439],[127.73848,36.19369],[127.73829,36.19257],[127.73782,36.19175],[127.73682,36.19101],[127.737,36.19009],[127.73618,36.18961],[127.73553,36.18773],[127.7361,36.18619],[127.73678,36.18217],[127.74122,36.18303],[127.74716,36.18313],[127.74773,36.18502],[127.74755,36.18621],[127.748,36.18649],[127.74777,36.18831],[127.74853,36.18896],[127.74859,36.18938],[127.74788,36.19042],[127.74862,36.19083],[127.74967,36.19071],[127.75156,36.19126],[127.75273,36.19091],[127.75418,36.19147],[127.75569,36.19077],[127.75827,36.19264],[127.75868,36.19437],[127.76037,36.19204],[127.76086,36.18984],[127.7622,36.18823],[127.76308,36.18597],[127.76359,36.18302],[127.76485,36.18281],[127.76543,36.18377],[127.766,36.18377],[127.76661,36.18145],[127.76739,36.18066],[127.76891,36.17995],[127.77111,36.17994],[127.77223,36.17964],[127.77293,36.17844],[127.77445,36.1738],[127.77984,36.1765],[127.78189,36.17457],[127.78312,36.17654],[127.78293,36.17812],[127.78344,36.17905],[127.78355,36.18092],[127.78472,36.1823],[127.78619,36.18285],[127.78881,36.18311],[127.79064,36.18256],[127.79155,36.18118],[127.7938,36.1805],[127.79588,36.18138],[127.79619,36.18086],[127.79725,36.18073],[127.79854,36.181],[127.79919,36.18063],[127.80055,36.18082],[127.80215,36.18027],[127.80264,36.17974],[127.80317,36.17975],[127.80411,36.18076],[127.80487,36.18106],[127.8052,36.18052],[127.80627,36.17996],[127.80682,36.17888],[127.80906,36.17927],[127.81204,36.17873],[127.81472,36.17928],[127.81423,36.17977],[127.81457,36.18044],[127.81441,36.18101],[127.81652,36.18145],[127.81864,36.1839],[127.8206,36.1847],[127.82394,36.18433],[127.82658,36.18175],[127.82915,36.18276],[127.83158,36.18476],[127.83161,36.18511],[127.83331,36.18621],[127.83378,36.18733],[127.83344,36.18889],[127.83386,36.18974],[127.83399,36.1915],[127.83481,36.19213],[127.83701,36.19254],[127.84026,36.19195],[127.84186,36.19273],[127.84275,36.19274],[127.84478,36.19446],[127.84793,36.19565],[127.84898,36.19637],[127.85236,36.19952],[127.85099,36.2009],[127.85152,36.20226],[127.85087,36.20548],[127.85096,36.20761],[127.84926,36.20989],[127.84936,36.21119],[127.84887,36.21206],[127.84938,36.21291],[127.84924,36.21369],[127.84666,36.21636],[127.84762,36.21783],[127.84694,36.21976],[127.8434,36.22308],[127.8423,36.22584],[127.8398,36.22553],[127.8389,36.22579],[127.83468,36.22587],[127.83346,36.22723],[127.8325,36.22734],[127.83174,36.22643],[127.83007,36.22558],[127.82916,36.22693],[127.82786,36.22734],[127.82707,36.2283],[127.82564,36.22867],[127.82507,36.23052],[127.82411,36.23103],[127.82254,36.23328],[127.82086,36.2343],[127.81589,36.23639],[127.81344,36.23816],[127.81375,36.23709],[127.81317,36.23658],[127.81317,36.23512],[127.8126,36.23387],[127.81134,36.23328],[127.81103,36.2315],[127.81152,36.23047],[127.81104,36.22967],[127.81334,36.22723],[127.81218,36.22694],[127.81129,36.22587],[127.81053,36.22425],[127.80902,36.22372],[127.80875,36.22246],[127.80803,36.22168],[127.80811,36.22056],[127.8091,36.21958],[127.80954,36.21964],[127.81024,36.21837],[127.81011,36.21635],[127.80953,36.21636],[127.80923,36.21529],[127.80872,36.21488],[127.80666,36.21477],[127.8048,36.21257],[127.80461,36.21176],[127.80287,36.21001],[127.80269,36.20916],[127.80145,36.2087],[127.80111,36.20766],[127.80142,36.2056],[127.80092,36.20465],[127.7963,36.20419],[127.79559,36.20564],[127.79368,36.20661],[127.7941,36.20773],[127.79528,36.2091],[127.79451,36.21107],[127.79584,36.21273],[127.79599,36.21348],[127.79656,36.21385],[127.79629,36.21425],[127.79645,36.21523],[127.79692,36.2158],[127.79658,36.21603],[127.79655,36.21752],[127.79579,36.21842],[127.79593,36.22008],[127.79514,36.22089],[127.79635,36.22213],[127.79698,36.22336],[127.79768,36.22388],[127.79687,36.22455],[127.79566,36.2268],[127.7961,36.22924],[127.79552,36.22984],[127.79664,36.23099],[127.79672,36.23155],[127.79528,36.23391],[127.79669,36.2342],[127.79853,36.23591],[127.79873,36.2366],[127.79772,36.23948],[127.79867,36.24112],[127.79694,36.24167],[127.79656,36.24111],[127.79512,36.24031],[127.79205,36.23995],[127.7907,36.23884],[127.79238,36.23767],[127.79167,36.23767],[127.79032,36.2387],[127.78701,36.242],[127.78609,36.24129],[127.78378,36.24071],[127.78224,36.23918],[127.78204,36.2382],[127.78152,36.23784],[127.78041,36.23782],[127.77985,36.23815],[127.77913,36.23908],[127.77925,36.23969],[127.77518,36.23901],[127.77454,36.23992],[127.77473,36.24139],[127.7743,36.24233],[127.77478,36.24255],[127.77346,36.244],[127.77319,36.24506],[127.77213,36.2452],[127.77089,36.2448],[127.7697,36.24693],[127.76844,36.24806],[127.76845,36.24863],[127.76752,36.24864],[127.76768,36.24897],[127.76746,36.24907],[127.76528,36.24947]]]}},{"type":"Feature","properties":{"zoneId":"Z000103421","zoneName":"성화초통학구역","zoneType":"elementary","level":"초등학교","kind":"dedicated","oneWay":false,"sggCode":"112","eduCode":"8011000","eduName":"충청북도청주교육지원청","updatedAt":"2025-03-06"},"geometry":{"type":"Polygon","coordinates":[[[127.46002,36.61783],[127.4605,36.61839],[127.46001,36.62017],[127.4595,36.62067],[127.46001,36.62101],[127.45991,36.62137],[127.45913,36.62298],[127.45876,36.62298],[127.45703,36.62236],[127.45788,36.62007],[127.45166,36.61903],[127.44683,36.6173],[127.44812,36.6155],[127.44904,36.61495],[127.45113,36.6145],[127.45112,36.61284],[127.45354,36.61277],[127.45362,36.61204],[127.45463,36.61283],[127.45584,36.61471],[127.46013,36.61496],[127.46188,36.6169],[127.46136,36.61735],[127.46043,36.6168],[127.46002,36.61783]]]}},{"type":"Feature","properties":{"zoneId":"Z000103375","zoneName":"개신초통학구역","zoneType":"elementary","level":"초등학교","kind":"dedicated","oneWay":false,"sggCode":"112","eduCode":"8011000","eduName":"충청북도청주교육지원청","updatedAt":"2025-03-08"},"geometry":{"type":"Polygon","coordinates":[[[127.45684,36.62267],[127.45686,36.62263],[127.45628,36.62259],[127.45527,36.62324],[127.45359,36.62312],[127.45246,36.62432],[127.45064,36.62429],[127.4499,36.62462],[127.44976,36.62367],[127.44647,36.6237],[127.44633,36.62227],[127.44393,36.62166],[127.44471,36.61968],[127.44466,36.61617],[127.44763,36.61766],[127.45166,36.61903],[127.45788,36.62007],[127.45684,36.62267]]]}},{"type":"Feature","properties":{"zoneId":"Z000151571","zoneName":"증안초솔밭초공동통학구역","zoneType":"elementary","level":"초등학교","kind":"shared","oneWay":false,"sggCode":"113","eduCode":"8011000","eduName":"충청북도청주교육지원청","updatedAt":"2025-02-24"},"geometry":{"type":"Polygon","coordinates":[[[127.4287,36.64511],[127.42736,36.64564],[127.42736,36.64457],[127.42806,36.64457],[127.42805,36.64399],[127.42868,36.64398],[127.4287,36.64511]]]}},{"type":"Feature","properties":{"zoneId":"Z000103446","zoneName":"증안초통학구역","zoneType":"elementary","level":"초등학교","kind":"dedicated","oneWay":false,"sggCode":"113","eduCode":"8011000","eduName":"충청북도청주교육지원청","updatedAt":"2025-02-24"},"geometry":{"type":"Polygon","coordinates":[[[127.42463,36.63861],[127.42266,36.63868],[127.42356,36.63542],[127.42841,36.62855],[127.43256,36.63285],[127.43192,36.63336],[127.43201,36.63418],[127.43066,36.63406],[127.43049,36.63544],[127.43013,36.63545],[127.42981,36.63593],[127.42991,36.63649],[127.42961,36.63652],[127.42991,36.63817],[127.42463,36.63861]]]}},{"type":"Feature","properties":{"zoneId":"Z000103452","zoneName":"청원초통학구역","zoneType":"elementary","level":"초등학교","kind":"dedicated","oneWay":false,"sggCode":"114","eduCode":"8011000","eduName":"충청북도청주교육지원청","updatedAt":"2025-02-24"},"geometry":{"type":"MultiPolygon","coordinates":[[[[127.45535,36.71674],[127.45532,36.71675],[127.4543,36.71748],[127.45397,36.71678],[127.45274,36.71566],[127.45159,36.71538],[127.45131,36.71565],[127.45012,36.71544],[127.44963,36.71569],[127.44923,36.7147],[127.44772,36.7144],[127.44505,36.71544],[127.44343,36.71563],[127.44035,36.71142],[127.43901,36.70722],[127.43809,36.70595],[127.43818,36.7048],[127.43931,36.70244],[127.44114,36.70126],[127.44102,36.7],[127.44032,36.69873],[127.44316,36.69805],[127.44394,36.69805],[127.4446,36.69852],[127.44825,36.70271],[127.44951,36.70312],[127.45027,36.7049],[127.45306,36.70445],[127.44942,36.69814],[127.44983,36.69814],[127.4498,36.69779],[127.44924,36.69693],[127.44887,36.6945],[127.44971,36.69228],[127.45154,36.69305],[127.4532,36.69473],[127.45881,36.69519],[127.46223,36.69588],[127.46202,36.69613],[127.46383,36.69717],[127.4644,36.69845],[127.46434,36.69973],[127.46382,36.70077],[127.46446,36.70415],[127.46523,36.70437],[127.46532,36.70508],[127.4648,36.70696],[127.46168,36.7065],[127.46265,36.70839],[127.45477,36.70743],[127.45792,36.71284],[127.45877,36.71306],[127.45942,36.71429],[127.45771,36.71531],[127.45785,36.71629],[127.45535,36.71674]]],[[[127.43555,36.70641],[127.43668,36.70762],[127.43522,36.70824],[127.43172,36.7106],[127.42998,36.71085],[127.42684,36.71072],[127.4269,36.70946],[127.42662,36.70874],[127.42966,36.70645],[127.43216,36.70519],[127.43385,36.70449],[127.43555,36.70641]]],[[[127.43808,36.70675],[127.43821,36.70699],[127.4375,36.70719],[127.43719,36.70683],[127.43808,36.70675]]]]}},{"type":"Feature","properties":{"zoneId":"Z000151573","zoneName":"각리초청원초공동통학구역","zoneType":"elementary","level":"초등학교","kind":"shared","oneWay":false,"sggCode":"114","eduCode":"8011000","eduName":"충청북도청주교육지원청","updatedAt":"2025-02-24"},"geometry":{"type":"Polygon","coordinates":[[[127.42662,36.70874],[127.4268,36.70907],[127.42684,36.71072],[127.42255,36.71052],[127.42259,36.70825],[127.42382,36.70815],[127.42433,36.70758],[127.42662,36.70874]]]}},{"type":"Feature","properties":{"zoneId":"Z000106218","zoneName":"청주내곡초통학구역","zoneType":"elementary","level":"초등학교","kind":"dedicated","oneWay":false,"sggCode":"113","eduCode":"8011000","eduName":"충청북도청주교육지원청","updatedAt":"2025-02-24"},"geometry":{"type":"Polygon","coordinates":[[[127.44144,36.68457],[127.44144,36.68457],[127.43702,36.68347],[127.43507,36.68376],[127.43526,36.68323],[127.43676,36.68257],[127.42303,36.6806],[127.42269,36.67843],[127.42293,36.67803],[127.42246,36.67817],[127.41994,36.67646],[127.41827,36.67635],[127.41787,36.67598],[127.41826,36.67457],[127.41706,36.67431],[127.41818,36.67102],[127.41107,36.66945],[127.41363,36.66207],[127.41542,36.66243],[127.41542,36.66194],[127.41636,36.66204],[127.41734,36.6608],[127.4191,36.66083],[127.42064,36.66035],[127.42032,36.65886],[127.41931,36.65853],[127.41945,36.65777],[127.41917,36.65735],[127.42163,36.65536],[127.42263,36.65515],[127.42319,36.65453],[127.4219,36.65285],[127.42181,36.65226],[127.42262,36.65117],[127.42029,36.65068],[127.41997,36.65032],[127.42016,36.65001],[127.41946,36.65],[127.42022,36.64961],[127.42279,36.647],[127.4233,36.65038],[127.42493,36.65146],[127.4279,36.65261],[127.43031,36.65293],[127.43229,36.65364],[127.44165,36.65386],[127.44476,36.65596],[127.44913,36.65709],[127.46452,36.66696],[127.46073,36.67121],[127.45741,36.67374],[127.45409,36.67535],[127.44941,36.67667],[127.44799,36.67755],[127.44692,36.67861],[127.44562,36.68114],[127.44144,36.68457]],[[127.45376,36.67126],[127.45385,36.67132],[127.4552,36.67218],[127.45732,36.67184],[127.45821,36.67102],[127.45546,36.66942],[127.45376,36.67126]],[[127.44497,36.66472],[127.44413,36.66568],[127.44603,36.6668],[127.44774,36.66488],[127.44585,36.66372],[127.44497,36.66472]]]}},{"type":"Feature","properties":{"zoneId":"Z000103393","zoneName":"모충초통학구역","zoneType":"elementary","level":"초등학교","kind":"dedicated","oneWay":false,"sggCode":"112","eduCode":"8011000","eduName":"충청북도청주교육지원청","updatedAt":"2025-02-24"},"geometry":{"type":"Polygon","coordinates":[[[127.48872,36.6248],[127.4892,36.62548],[127.48389,36.62844],[127.48283,36.62942],[127.47544,36.62854],[127.46935,36.62614],[127.47024,36.6256],[127.47026,36.62479],[127.47103,36.62388],[127.47142,36.62397],[127.47169,36.62342],[127.47294,36.62313],[127.47386,36.62355],[127.47585,36.62279],[127.47621,36.62337],[127.47605,36.62383],[127.47691,36.62469],[127.47878,36.62315],[127.47934,36.62192],[127.47914,36.62112],[127.48191,36.62097],[127.48315,36.62113],[127.48355,36.62162],[127.48485,36.62096],[127.48749,36.62048],[127.48872,36.6248]]]}},{"type":"Feature","properties":{"zoneId":"Z000103457","zoneName":"한솔초통학구역","zoneType":"elementary","level":"초등학교","kind":"dedicated","oneWay":false,"sggCode":"112","eduCode":"8011000","eduName":"충청북도청주교육지원청","updatedAt":"2025-02-24"},"geometry":{"type":"Polygon","coordinates":[[[127.47585,36.62279],[127.47561,36.62295],[127.47519,36.62323],[127.47441,36.62314],[127.47386,36.62355],[127.47294,36.62313],[127.4728,36.62248],[127.47191,36.62137],[127.47228,36.62064],[127.47296,36.62031],[127.47331,36.61818],[127.47606,36.61644],[127.47783,36.61586],[127.47819,36.61521],[127.47761,36.6139],[127.47858,36.61375],[127.48046,36.61435],[127.48173,36.61424],[127.48289,36.61347],[127.4853,36.6127],[127.48749,36.62048],[127.48485,36.62096],[127.48355,36.62162],[127.48315,36.62113],[127.48191,36.62097],[127.47914,36.62112],[127.47884,36.62034],[127.47723,36.62011],[127.47653,36.62136],[127.47586,36.6216],[127.47478,36.62144],[127.4748,36.62209],[127.47585,36.62279]]]}},{"type":"Feature","properties":{"zoneId":"Z000151574","zoneName":"성화초수곡초공동통학구역","zoneType":"elementary","level":"초등학교","kind":"shared","oneWay":false,"sggCode":"112","eduCode":"8011000","eduName":"충청북도청주교육지원청","updatedAt":"2025-02-24"},"geometry":{"type":"Polygon","coordinates":[[[127.4668,36.62257],[127.46698,36.62278],[127.46508,36.62363],[127.46351,36.62284],[127.46347,36.62254],[127.46307,36.62257],[127.46223,36.62117],[127.46425,36.62105],[127.46602,36.62149],[127.4668,36.62257]]]}},{"type":"Feature","properties":{"zoneId":"Z000106402","zoneName":"남일초통학구역","zoneType":"elementary","level":"초등학교","kind":"dedicated","oneWay":false,"sggCode":"111","eduCode":"8011000","eduName":"충청북도청주교육지원청","updatedAt":"2025-02-24"},"geometry":{"type":"MultiPolygon","coordinates":[[[[127.53392,36.60166],[127.53339,36.60183],[127.52397,36.6016],[127.52382,36.60115],[127.52285,36.60083],[127.52235,36.6],[127.52202,36.59859],[127.52109,36.59697],[127.52099,36.59576],[127.51979,36.5949],[127.51965,36.59392],[127.51446,36.59271],[127.51397,36.59307],[127.51273,36.59306],[127.51246,36.59225],[127.51122,36.5917],[127.51036,36.59165],[127.51022,36.59191],[127.50965,36.59139],[127.5088,36.59145],[127.50695,36.59016],[127.50341,36.58987],[127.50385,36.58709],[127.50334,36.58697],[127.50139,36.58776],[127.50087,36.58749],[127.50063,36.58713],[127.50192,36.58473],[127.50449,36.57597],[127.5077,36.57398],[127.50869,36.57411],[127.50959,36.57031],[127.50953,36.56995],[127.50586,36.56661],[127.50536,36.56284],[127.50467,36.56255],[127.50301,36.56512],[127.5029,36.56582],[127.50083,36.56918],[127.50075,36.57016],[127.4985,36.57382],[127.49789,36.57346],[127.49701,36.57352],[127.49717,36.57209],[127.49783,36.5717],[127.49717,36.57153],[127.49602,36.57047],[127.49585,36.56921],[127.49269,36.56751],[127.49158,36.56753],[127.49188,36.56642],[127.48952,36.56584],[127.48878,36.56535],[127.48835,36.56484],[127.48832,36.56421],[127.4855,36.56233],[127.48517,36.56151],[127.48657,36.56123],[127.48767,36.5604],[127.48948,36.56016],[127.49043,36.55942],[127.49232,36.55927],[127.49327,36.5585],[127.49537,36.55801],[127.49577,36.5576],[127.49742,36.55831],[127.49962,36.56008],[127.5003,36.56012],[127.50511,36.55747],[127.50527,36.55695],[127.50624,36.55624],[127.50433,36.55395],[127.50408,36.55283],[127.50426,36.55084],[127.50452,36.55102],[127.50544,36.54898],[127.5072,36.54691],[127.50902,36.54613],[127.51145,36.54405],[127.51386,36.54432],[127.51411,36.54474],[127.51407,36.54825],[127.51525,36.55044],[127.52197,36.55848],[127.52326,36.55868],[127.52728,36.55711],[127.53056,36.55647],[127.53188,36.55387],[127.53416,36.55342],[127.54041,36.5544],[127.54563,36.5556],[127.54696,36.55611],[127.54792,36.5575],[127.54792,36.55867],[127.54689,36.56168],[127.54234,36.56611],[127.5414,36.56598],[127.54141,36.5681],[127.54374,36.57398],[127.54398,36.57609],[127.54355,36.57843],[127.54423,36.57996],[127.54534,36.58023],[127.54613,36.58108],[127.54632,36.58395],[127.54439,36.58788],[127.5457,36.59183],[127.54349,36.59454],[127.54295,36.59625],[127.54173,36.59806],[127.542,36.59942],[127.54114,36.59972],[127.54028,36.59946],[127.53798,36.59976],[127.53469,36.601],[127.53392,36.60166]]],[[[127.50375,36.59095],[127.50374,36.59101],[127.50358,36.59183],[127.50248,36.59172],[127.50261,36.59087],[127.50375,36.59095]]],[[[127.50331,36.59367],[127.50331,36.59371],[127.50302,36.59519],[127.50194,36.5951],[127.50219,36.59353],[127.50331,36.59367]]]]}},{"type":"Feature","properties":{"zoneId":"Z000151576","zoneName":"강서초서촌초공동(일방)통학구역","zoneType":"elementary","level":"초등학교","kind":"shared","oneWay":true,"sggCode":"113","eduCode":"8011000","eduName":"충청북도청주교육지원청","updatedAt":"2025-02-24"},"geometry":{"type":"Polygon","coordinates":[[[127.41974,36.63643],[127.41968,36.63641],[127.41665,36.63603],[127.41623,36.6332],[127.4151,36.63252],[127.41041,36.6324],[127.40932,36.63312],[127.40805,36.63333],[127.40704,36.63263],[127.40734,36.63036],[127.40643,36.62902],[127.40548,36.62854],[127.40352,36.62838],[127.40271,36.62709],[127.40151,36.62632],[127.40127,36.62547],[127.40149,36.62475],[127.40008,36.62327],[127.4003,36.62253],[127.39976,36.62177],[127.40006,36.62104],[127.39946,36.61962],[127.39876,36.61907],[127.39956,36.61877],[127.40064,36.61753],[127.40132,36.61558],[127.40031,36.61505],[127.40018,36.61434],[127.39926,36.61309],[127.39851,36.61238],[127.39795,36.61233],[127.39816,36.61218],[127.39771,36.61144],[127.39807,36.61056],[127.39797,36.60918],[127.39623,36.60857],[127.39466,36.60695],[127.39344,36.60654],[127.39325,36.60477],[127.39103,36.60376],[127.39066,36.60281],[127.38921,36.60131],[127.38821,36.60147],[127.38372,36.60365],[127.38339,36.60427],[127.3821,36.60453],[127.38134,36.60382],[127.37906,36.60321],[127.37891,36.60408],[127.37765,36.60465],[127.37785,36.60489],[127.37718,36.60568],[127.37549,36.60637],[127.37498,36.60741],[127.3737,36.60763],[127.37289,36.60858],[127.37028,36.6083],[127.36885,36.60758],[127.36856,36.60432],[127.36923,36.60232],[127.36914,36.60154],[127.36859,36.60075],[127.36764,36.60055],[127.3677,36.59931],[127.36595,36.59686],[127.36561,36.59549],[127.36606,36.59425],[127.36579,36.59362],[127.36782,36.59334],[127.37089,36.59177],[127.3715,36.59022],[127.37132,36.59005],[127.37179,36.58939],[127.37281,36.58807],[127.37423,36.5871],[127.37552,36.58721],[127.37691,36.58678],[127.37722,36.58797],[127.37893,36.58816],[127.38081,36.58753],[127.38127,36.58671],[127.3831,36.58864],[127.38387,36.58892],[127.38385,36.5881],[127.38454,36.58744],[127.38463,36.5869],[127.38514,36.5865],[127.38743,36.58619],[127.38753,36.58541],[127.39023,36.58534],[127.39202,36.58584],[127.39494,36.58851],[127.39824,36.59072],[127.40053,36.59404],[127.40102,36.59604],[127.40245,36.59696],[127.40627,36.59833],[127.40724,36.59991],[127.40725,36.60102],[127.41122,36.60385],[127.41161,36.60491],[127.41464,36.6067],[127.41598,36.60669],[127.41562,36.60704],[127.4165,36.60722],[127.41707,36.60778],[127.41649,36.60984],[127.41697,36.61335],[127.41607,36.61442],[127.41542,36.61463],[127.41388,36.61684],[127.41295,36.61698],[127.41334,36.61811],[127.41249,36.61904],[127.41277,36.61976],[127.41238,36.62059],[127.41205,36.62066],[127.41262,36.62202],[127.41205,36.62319],[127.41404,36.62313],[127.41474,36.62172],[127.42041,36.62242],[127.42189,36.62318],[127.42396,36.62249],[127.42568,36.62256],[127.42649,36.62418],[127.43065,36.62542],[127.42341,36.63579],[127.42253,36.63579],[127.42309,36.63491],[127.42223,36.63462],[127.4223,36.63246],[127.41994,36.63217],[127.41902,36.63599],[127.42083,36.63596],[127.41974,36.63643]]]}},{"type":"Feature","properties":{"zoneId":"Z000106444","zoneName":"율량초통학구역","zoneType":"elementary","level":"초등학교","kind":"dedicated","oneWay":false,"sggCode":"114","eduCode":"8011000","eduName":"충청북도청주교육지원청","updatedAt":"2025-02-24"},"geometry":{"type":"Polygon","coordinates":[[[127.49159,36.66195],[127.49174,36.66214],[127.49305,36.6638],[127.49383,36.6677],[127.49519,36.66966],[127.49174,36.67053],[127.48628,36.67099],[127.48411,36.67017],[127.48649,36.666],[127.48714,36.66189],[127.49093,36.66121],[127.49159,36.66195]]]}},{"type":"Feature","properties":{"zoneId":"Z000106265","zoneName":"충주대소원초통학구역","zoneType":"elementary","level":"초등학교","kind":"dedicated","oneWay":false,"sggCode":"130","eduCode":"8021000","eduName":"충청북도충주교육지원청","updatedAt":"2024-11-26"},"geometry":{"type":"Polygon","coordinates":[[[127.83289,37.00289],[127.82879,37.00432],[127.82757,37.00553],[127.82843,37.00579],[127.82879,37.00698],[127.82785,37.00677],[127.82391,37.00184],[127.81567,37.00371],[127.81452,37.00035],[127.81362,37.00023],[127.81348,36.99936],[127.81206,36.99817],[127.81224,36.9976],[127.81158,36.99715],[127.81164,36.99675],[127.80949,36.99371],[127.8098,36.99318],[127.81306,36.9917],[127.81243,36.99091],[127.81088,36.99052],[127.8101,36.98975],[127.80846,36.98904],[127.80833,36.98837],[127.80663,36.98668],[127.8068,36.98625],[127.80548,36.98625],[127.80499,36.98528],[127.80448,36.98509],[127.80445,36.98113],[127.80396,36.98094],[127.80353,36.97973],[127.80466,36.97949],[127.80397,36.97752],[127.80513,36.97737],[127.80525,36.97589],[127.80635,36.97473],[127.81333,36.97401],[127.81409,36.97349],[127.81409,36.97268],[127.81326,36.97185],[127.81358,36.96947],[127.81301,36.96954],[127.81306,36.9685],[127.81263,36.9678],[127.81228,36.96788],[127.8123,36.96819],[127.81155,36.96818],[127.81167,36.96699],[127.8112,36.96498],[127.81159,36.96437],[127.81147,36.96331],[127.81068,36.9629],[127.81165,36.96232],[127.81231,36.96234],[127.81183,36.96095],[127.8097,36.96037],[127.80923,36.95922],[127.80761,36.9578],[127.80562,36.95693],[127.80437,36.95564],[127.80339,36.9554],[127.80353,36.95464],[127.80279,36.95441],[127.80287,36.95401],[127.80218,36.95373],[127.80117,36.95126],[127.80006,36.95046],[127.80034,36.94966],[127.80025,36.94858],[127.80067,36.94755],[127.80278,36.94667],[127.8066,36.94595],[127.80731,36.94424],[127.80716,36.94159],[127.80771,36.9411],[127.80829,36.94106],[127.80944,36.93958],[127.81194,36.94074],[127.81498,36.94055],[127.816,36.94127],[127.81938,36.94107],[127.82022,36.94145],[127.82031,36.94245],[127.82106,36.94259],[127.82157,36.94344],[127.82406,36.9428],[127.82466,36.94196],[127.82581,36.94217],[127.82619,36.94042],[127.82942,36.94047],[127.83043,36.93983],[127.8316,36.94018],[127.83294,36.93985],[127.83426,36.94032],[127.83725,36.94273],[127.83883,36.94267],[127.8414,36.94353],[127.84216,36.9443],[127.84165,36.94532],[127.842,36.94575],[127.84358,36.94576],[127.84554,36.94694],[127.84536,36.94629],[127.8458,36.94574],[127.84899,36.94466],[127.84826,36.94641],[127.84762,36.94964],[127.84753,36.95293],[127.84777,36.95468],[127.84841,36.95614],[127.84977,36.95724],[127.85403,36.95915],[127.85437,36.96025],[127.85786,36.96393],[127.85804,36.96692],[127.86019,36.9675],[127.85719,36.97457],[127.85771,36.9754],[127.85856,36.97595],[127.85869,36.97664],[127.85916,36.97702],[127.85921,36.97795],[127.86111,36.97869],[127.86356,36.97817],[127.86644,36.98134],[127.86845,36.98184],[127.86821,36.98346],[127.86724,36.98427],[127.86617,36.98399],[127.86563,36.98424],[127.86533,36.98499],[127.86429,36.98541],[127.86333,36.9854],[127.85912,36.98665],[127.85819,36.98913],[127.85813,36.99128],[127.8563,36.99171],[127.85589,36.99218],[127.85392,36.99299],[127.85405,36.99459],[127.8535,36.99485],[127.85363,36.9953],[127.85258,36.99808],[127.85159,36.99891],[127.85144,36.99945],[127.85212,37.00145],[127.85174,37.00222],[127.85046,37.00199],[127.84922,37.0024],[127.84812,37.00222],[127.84679,37.00243],[127.84624,37.00303],[127.84404,37.00194],[127.84228,37.00189],[127.84125,37.00247],[127.84041,37.00193],[127.83987,37.00201],[127.83968,37.00165],[127.83841,37.00282],[127.83787,37.00382],[127.83641,37.00364],[127.83582,37.00315],[127.83482,37.00299],[127.83465,37.00248],[127.834,37.00229],[127.83316,37.00248],[127.83289,37.00289]]]}},{"type":"Feature","properties":{"zoneId":"Z000103527","zoneName":"보은삼산초통학구역","zoneType":"elementary","level":"초등학교","kind":"dedicated","oneWay":false,"sggCode":"720","eduCode":"8051000","eduName":"충청북도보은교육지원청","updatedAt":"2025-03-04"},"geometry":{"type":"Polygon","coordinates":[[[127.68664,36.53061],[127.68597,36.53038],[127.68483,36.53016],[127.68336,36.53054],[127.68116,36.5303],[127.68044,36.53053],[127.68021,36.52913],[127.67915,36.5279],[127.67682,36.52772],[127.67498,36.52717],[127.67455,36.52625],[127.67265,36.52615],[127.67199,36.52566],[127.67155,36.52657],[127.6697,36.52738],[127.66934,36.52704],[127.66756,36.5269],[127.66564,36.52608],[127.6647,36.52647],[127.66266,36.52466],[127.66231,36.5238],[127.66177,36.52367],[127.66137,36.52303],[127.66111,36.52149],[127.6608,36.52123],[127.66126,36.52079],[127.6615,36.51953],[127.66126,36.51875],[127.66064,36.51828],[127.66156,36.51776],[127.66158,36.51719],[127.66052,36.51605],[127.65926,36.51589],[127.65972,36.51443],[127.65936,36.51318],[127.65974,36.51248],[127.65944,36.51054],[127.66022,36.50762],[127.6616,36.50633],[127.66245,36.50602],[127.66295,36.50467],[127.66269,36.50387],[127.66346,36.50352],[127.66347,36.50281],[127.66457,36.50244],[127.66621,36.49809],[127.66675,36.49756],[127.66675,36.49701],[127.66744,36.4962],[127.6686,36.49565],[127.66927,36.49461],[127.66921,36.49376],[127.66954,36.49321],[127.67046,36.49229],[127.67215,36.49158],[127.67262,36.49046],[127.67199,36.48939],[127.67331,36.4882],[127.6736,36.48657],[127.67416,36.48593],[127.67403,36.48508],[127.67314,36.48363],[127.67265,36.48391],[127.67189,36.4836],[127.67078,36.48402],[127.66983,36.48383],[127.66924,36.48291],[127.67005,36.47982],[127.66801,36.47932],[127.66674,36.47826],[127.66689,36.47567],[127.66866,36.47363],[127.66984,36.47339],[127.67026,36.47301],[127.67035,36.47166],[127.67086,36.47112],[127.67205,36.4707],[127.67286,36.46925],[127.66984,36.46626],[127.66976,36.46491],[127.67106,36.46374],[127.67098,36.46164],[127.67134,36.46119],[127.67133,36.46032],[127.67197,36.46022],[127.67397,36.4602],[127.67484,36.46099],[127.6769,36.46091],[127.67747,36.46202],[127.67787,36.46222],[127.67877,36.46224],[127.67954,36.46185],[127.68458,36.46282],[127.68506,36.46368],[127.68613,36.46434],[127.68617,36.46469],[127.68662,36.46474],[127.68713,36.46603],[127.68773,36.46604],[127.68871,36.46666],[127.68907,36.46716],[127.6888,36.46812],[127.68902,36.46882],[127.6895,36.46906],[127.6897,36.46968],[127.6906,36.47006],[127.68999,36.4722],[127.69038,36.47318],[127.69006,36.4739],[127.69127,36.47613],[127.69231,36.47667],[127.69356,36.47621],[127.69563,36.47633],[127.69721,36.47585],[127.69859,36.47574],[127.69905,36.4761],[127.69983,36.47602],[127.70303,36.47806],[127.70344,36.4796],[127.70412,36.47956],[127.70425,36.48018],[127.70825,36.47966],[127.7094,36.47994],[127.70822,36.48141],[127.70855,36.48149],[127.71036,36.47947],[127.70899,36.47884],[127.70895,36.47796],[127.7105,36.47757],[127.71159,36.47661],[127.71144,36.47375],[127.71166,36.47258],[127.71205,36.47249],[127.71212,36.47213],[127.71145,36.47119],[127.71175,36.47066],[127.71235,36.47044],[127.7131,36.47094],[127.71409,36.4704],[127.71492,36.47041],[127.71503,36.46952],[127.71464,36.46922],[127.71446,36.46829],[127.71532,36.46823],[127.71504,36.46729],[127.71564,36.46627],[127.71545,36.46549],[127.71466,36.46519],[127.71399,36.46439],[127.71359,36.46306],[127.71371,36.46236],[127.71334,36.46169],[127.71072,36.46288],[127.71058,36.46406],[127.70929,36.46463],[127.70868,36.46457],[127.70857,36.46371],[127.70833,36.46366],[127.70692,36.46451],[127.70597,36.46434],[127.70558,36.46392],[127.70541,36.46233],[127.70581,36.45893],[127.70539,36.45704],[127.70655,36.45226],[127.70704,36.45196],[127.70744,36.4504],[127.7066,36.45035],[127.70642,36.44996],[127.70621,36.44707],[127.7066,36.44668],[127.70769,36.44643],[127.70962,36.44675],[127.71077,36.44784],[127.71124,36.44938],[127.71103,36.45066],[127.7132,36.45121],[127.7147,36.45212],[127.7163,36.45155],[127.71928,36.45173],[127.71969,36.45236],[127.72089,36.45259],[127.72332,36.45236],[127.72379,36.45176],[127.7263,36.45303],[127.72652,36.45361],[127.72603,36.45435],[127.72619,36.45472],[127.72584,36.45496],[127.7267,36.45646],[127.73652,36.4573],[127.73599,36.45967],[127.73041,36.46653],[127.72996,36.47415],[127.72693,36.47885],[127.72478,36.48091],[127.7253,36.48106],[127.72371,36.4829],[127.72228,36.48542],[127.72216,36.48643],[127.72008,36.48607],[127.72049,36.4846],[127.71788,36.48341],[127.71784,36.48575],[127.71392,36.4843],[127.71191,36.48498],[127.7103,36.48679],[127.7088,36.4876],[127.70919,36.488],[127.7097,36.48975],[127.70866,36.49015],[127.70799,36.49312],[127.70798,36.49711],[127.70666,36.50175],[127.70667,36.50275],[127.70749,36.50331],[127.70751,36.50424],[127.70803,36.50482],[127.70729,36.50617],[127.70783,36.50677],[127.70711,36.50708],[127.70642,36.50819],[127.70456,36.50825],[127.7041,36.50976],[127.70253,36.51002],[127.70219,36.51065],[127.69938,36.51061],[127.69904,36.51128],[127.69802,36.51143],[127.69828,36.51324],[127.69791,36.51404],[127.69657,36.5154],[127.69692,36.51579],[127.69637,36.518],[127.69581,36.51842],[127.6952,36.51968],[127.69231,36.52039],[127.69213,36.52136],[127.6883,36.52848],[127.68843,36.52931],[127.68664,36.53061]]]}},{"type":"Feature","properties":{"zoneId":"Z000151368","zoneName":"충주남한강초세성초수회초수안보초달천초매현분교장달천초단월초공동(일방)통학구역","zoneType":"elementary","level":"초등학교","kind":"shared","oneWay":true,"sggCode":"130","eduCode":"8021000","eduName":"충청북도충주교육지원청","updatedAt":"2025-03-04"},"geometry":{"type":"Polygon","coordinates":[[[127.92672,36.96028],[127.92672,36.96028],[127.92314,36.95826],[127.92011,36.95444],[127.92493,36.95244],[127.93926,36.95284],[127.93931,36.9532],[127.93786,36.95357],[127.93702,36.95424],[127.93633,36.95634],[127.93633,36.95766],[127.92957,36.95754],[127.9285,36.95809],[127.92672,36.96028]]]}},{"type":"Feature","properties":{"zoneId":"Z000150819","zoneName":"국원초연수초공동통학구역 및 대미초엄정초산척초공동(일방)통학구역","zoneType":"elementary","level":"초등학교","kind":"shared","oneWay":true,"sggCode":"130","eduCode":"8021000","eduName":"충청북도충주교육지원청","updatedAt":"2025-03-04"},"geometry":{"type":"Polygon","coordinates":[[[127.94573,36.98587],[127.94572,36.9865],[127.94348,36.98651],[127.94347,36.98548],[127.94199,36.9855],[127.94197,36.98435],[127.93795,36.9844],[127.93766,36.98111],[127.93936,36.98107],[127.93981,36.98057],[127.94325,36.98053],[127.94325,36.97955],[127.94595,36.97949],[127.94573,36.98587]]]}},{"type":"Feature","properties":{"zoneId":"Z000150396","zoneName":"탄금초충주삼원초공동통학구역","zoneType":"elementary","level":"초등학교","kind":"shared","oneWay":false,"sggCode":"130","eduCode":"8021000","eduName":"충청북도충주교육지원청","updatedAt":"2025-03-04"},"geometry":{"type":"Polygon","coordinates":[[[127.90967,36.99178],[127.90904,36.99337],[127.90651,36.99671],[127.90522,36.99587],[127.90399,36.9938],[127.90341,36.99173],[127.90425,36.99048],[127.90479,36.98783],[127.9037,36.98605],[127.9042,36.9858],[127.90138,36.98287],[127.89961,36.98259],[127.89853,36.98171],[127.91037,36.97894],[127.91129,36.97843],[127.9126,36.97684],[127.91457,36.9802],[127.91285,36.9811],[127.91728,36.98698],[127.91729,36.99045],[127.91115,36.98989],[127.90967,36.99178]]]}},{"type":"Feature","properties":{"zoneId":"Z000106424","zoneName":"탄금초통학구역","zoneType":"elementary","level":"초등학교","kind":"dedicated","oneWay":false,"sggCode":"130","eduCode":"8021000","eduName":"충청북도충주교육지원청","updatedAt":"2025-03-04"},"geometry":{"type":"MultiPolygon","coordinates":[[[[127.88039,36.998],[127.88035,36.99805],[127.88008,36.99836],[127.87649,36.99722],[127.87588,36.99769],[127.87501,36.99762],[127.87425,36.99663],[127.87229,36.99558],[127.87154,36.99634],[127.86931,36.99683],[127.86748,36.99482],[127.86621,36.99491],[127.86548,36.99431],[127.86462,36.99247],[127.86417,36.99217],[127.86402,36.99109],[127.86677,36.98923],[127.86665,36.98734],[127.8662,36.98711],[127.86533,36.98499],[127.86563,36.98424],[127.86617,36.98399],[127.86724,36.98427],[127.86821,36.98346],[127.86845,36.98185],[127.86943,36.98191],[127.87053,36.98277],[127.87192,36.98301],[127.8753,36.98044],[127.87647,36.98017],[127.87733,36.98095],[127.87869,36.97967],[127.88062,36.97999],[127.88087,36.97731],[127.88141,36.97627],[127.8827,36.97509],[127.883,36.97419],[127.88677,36.97424],[127.89018,36.97477],[127.89305,36.96764],[127.89316,36.96535],[127.89623,36.96913],[127.89677,36.96876],[127.89696,36.96896],[127.8979,36.97053],[127.89865,36.97002],[127.89946,36.97031],[127.8996,36.97122],[127.89988,36.97124],[127.89882,36.98162],[127.89853,36.98171],[127.89882,36.98193],[127.89367,36.98376],[127.89329,36.9852],[127.8909,36.98819],[127.89045,36.99088],[127.8865,36.99282],[127.88255,36.99581],[127.88039,36.998]]],[[[127.92182,36.98483],[127.92182,36.98491],[127.92189,36.98738],[127.91743,36.98746],[127.91285,36.9811],[127.91457,36.9802],[127.9151,36.98093],[127.91846,36.97916],[127.91897,36.97953],[127.92027,36.97968],[127.92025,36.98476],[127.92182,36.98483]]]]}},{"type":"Feature","properties":{"zoneId":"Z000151312","zoneName":"오송초상봉초공동통학구역","zoneType":"elementary","level":"초등학교","kind":"shared","oneWay":false,"sggCode":"113","eduCode":"8011000","eduName":"충청북도청주교육지원청","updatedAt":"2025-04-01"},"geometry":{"type":"Polygon","coordinates":[[[127.35541,36.64217],[127.35538,36.64218],[127.3538,36.64254],[127.35232,36.64214],[127.35047,36.64223],[127.35037,36.64118],[127.34686,36.63978],[127.3363,36.63399],[127.33518,36.63281],[127.33025,36.62368],[127.31731,36.61437],[127.31025,36.61343],[127.30452,36.61478],[127.30016,36.61534],[127.30014,36.6139],[127.30071,36.61291],[127.30181,36.61281],[127.302,36.61144],[127.30188,36.61104],[127.30118,36.6117],[127.30159,36.6093],[127.30121,36.6092],[127.30129,36.60861],[127.30062,36.60841],[127.30013,36.60773],[127.30117,36.60766],[127.30495,36.60437],[127.30618,36.60256],[127.3066,36.60094],[127.30648,36.59964],[127.3047,36.59581],[127.30484,36.59139],[127.30376,36.59005],[127.30353,36.58983],[127.30334,36.59003],[127.30217,36.58879],[127.29986,36.5877],[127.29945,36.58688],[127.29982,36.58595],[127.30183,36.58532],[127.30249,36.58431],[127.30387,36.5834],[127.30577,36.583],[127.31274,36.58285],[127.31904,36.58373],[127.32144,36.58378],[127.32658,36.58672],[127.3355,36.59588],[127.34287,36.60125],[127.34408,36.60302],[127.3447,36.60559],[127.34459,36.60914],[127.34517,36.61103],[127.35164,36.62531],[127.35061,36.6269],[127.35043,36.62916],[127.35188,36.63352],[127.3552,36.6357],[127.35677,36.63625],[127.35692,36.63688],[127.35924,36.63751],[127.35738,36.64053],[127.35541,36.64217]]]}},{"type":"Feature","properties":{"zoneId":"Z000151575","zoneName":"오송솔미초상봉초공동통학구역","zoneType":"elementary","level":"초등학교","kind":"shared","oneWay":false,"sggCode":"113","eduCode":"8011000","eduName":"충청북도청주교육지원청","updatedAt":"2025-08-28"},"geometry":{"type":"Polygon","coordinates":[[[127.32117,36.62547],[127.31926,36.62713],[127.31786,36.62779],[127.31198,36.62917],[127.30944,36.63153],[127.30874,36.631],[127.30806,36.62927],[127.30739,36.62853],[127.30613,36.62781],[127.30409,36.62581],[127.30403,36.62497],[127.30453,36.62348],[127.30559,36.62209],[127.30509,36.62089],[127.31273,36.61897],[127.31374,36.61909],[127.31484,36.61981],[127.31935,36.61571],[127.32631,36.62102],[127.32117,36.62547]]]}},{"type":"Feature","properties":{"zoneId":"Z000103430","zoneName":"옥산초통학구역","zoneType":"elementary","level":"초등학교","kind":"dedicated","oneWay":false,"sggCode":"113","eduCode":"8011000","eduName":"충청북도청주교육지원청","updatedAt":"2025-04-01"},"geometry":{"type":"MultiPolygon","coordinates":[[[[127.32355,36.72382],[127.32318,36.72393],[127.32207,36.7243],[127.32129,36.72505],[127.32105,36.72501],[127.32093,36.7238],[127.32017,36.72369],[127.31857,36.72433],[127.31801,36.72492],[127.31685,36.72438],[127.31242,36.72378],[127.30944,36.72458],[127.30925,36.7241],[127.31109,36.72385],[127.31091,36.72319],[127.31009,36.7227],[127.30873,36.72078],[127.30881,36.72019],[127.30799,36.71813],[127.30843,36.71682],[127.308,36.71644],[127.3079,36.71565],[127.3089,36.71408],[127.30814,36.71389],[127.3077,36.71338],[127.30789,36.71307],[127.30695,36.71158],[127.30721,36.71102],[127.3061,36.70827],[127.30711,36.7079],[127.30702,36.70759],[127.30765,36.70662],[127.30742,36.70589],[127.30811,36.70531],[127.30804,36.7049],[127.3084,36.70481],[127.30712,36.7037],[127.30558,36.70306],[127.30503,36.70245],[127.30446,36.70244],[127.30349,36.70129],[127.30132,36.69998],[127.29748,36.69914],[127.29735,36.69854],[127.29655,36.69765],[127.29574,36.69773],[127.29461,36.69718],[127.29331,36.69702],[127.29201,36.6973],[127.28949,36.69541],[127.28874,36.69428],[127.28793,36.6938],[127.28706,36.69272],[127.28567,36.69199],[127.28529,36.69067],[127.28695,36.69042],[127.28802,36.68955],[127.2886,36.68964],[127.28954,36.68819],[127.29214,36.68709],[127.29555,36.68662],[127.29666,36.68577],[127.29957,36.68593],[127.30082,36.68524],[127.30183,36.68574],[127.30442,36.68504],[127.30456,36.68414],[127.30599,36.68287],[127.30676,36.6827],[127.30763,36.68202],[127.30724,36.67952],[127.30753,36.67832],[127.30623,36.67547],[127.30521,36.67424],[127.30556,36.67354],[127.30549,36.67284],[127.30609,36.67225],[127.30585,36.67057],[127.30485,36.66809],[127.30516,36.6674],[127.30586,36.66743],[127.30687,36.66633],[127.3084,36.66656],[127.30928,36.66631],[127.31001,36.66673],[127.31152,36.66662],[127.31197,36.66536],[127.31433,36.66439],[127.31496,36.66508],[127.31701,36.66578],[127.31794,36.66559],[127.31926,36.66591],[127.31946,36.66684],[127.32092,36.66797],[127.32268,36.66837],[127.3234,36.66785],[127.32452,36.6659],[127.32452,36.66424],[127.32556,36.66369],[127.3282,36.66399],[127.32894,36.66349],[127.32993,36.66343],[127.33106,36.66207],[127.33156,36.66206],[127.33215,36.66137],[127.33271,36.65975],[127.33318,36.6596],[127.3331,36.65879],[127.33423,36.65703],[127.33465,36.65746],[127.3361,36.6577],[127.3369,36.65755],[127.33736,36.65697],[127.34361,36.657],[127.34678,36.65934],[127.34823,36.65991],[127.34943,36.66009],[127.35051,36.65967],[127.35174,36.65769],[127.35246,36.65454],[127.35146,36.65],[127.35004,36.64659],[127.34903,36.64299],[127.35,36.64235],[127.35114,36.64211],[127.3538,36.64254],[127.35541,36.64217],[127.35738,36.64053],[127.35924,36.63751],[127.36291,36.63724],[127.36662,36.63875],[127.36736,36.63935],[127.36841,36.64101],[127.36984,36.6421],[127.37319,36.64401],[127.37629,36.64511],[127.3736,36.65253],[127.37673,36.65471],[127.37541,36.65612],[127.37466,36.6564],[127.37429,36.65812],[127.37481,36.65881],[127.38,36.66087],[127.37683,36.66293],[127.37734,36.66358],[127.37925,36.66471],[127.37992,36.66609],[127.38375,36.66726],[127.36932,36.67766],[127.36675,36.67985],[127.36563,36.67968],[127.3649,36.68026],[127.3639,36.6801],[127.36237,36.68073],[127.36144,36.68214],[127.35995,36.68196],[127.35864,36.68233],[127.35786,36.68368],[127.35547,36.68494],[127.35691,36.68657],[127.35776,36.68636],[127.35997,36.68716],[127.36009,36.68783],[127.36069,36.68851],[127.36074,36.68978],[127.3599,36.69093],[127.36001,36.69124],[127.36235,36.6909],[127.36312,36.69037],[127.37223,36.69315],[127.37315,36.69388],[127.37378,36.69534],[127.37488,36.69568],[127.37606,36.6965],[127.37645,36.69721],[127.37745,36.6976],[127.3797,36.69935],[127.38144,36.70037],[127.38221,36.70043],[127.38216,36.70111],[127.38376,36.70138],[127.38596,36.70238],[127.38673,36.70348],[127.38627,36.70404],[127.38642,36.70482],[127.38812,36.70727],[127.38877,36.70727],[127.38888,36.7079],[127.388,36.70766],[127.38762,36.70788],[127.3861,36.70953],[127.383,36.70932],[127.38136,36.71033],[127.38082,36.71124],[127.37472,36.71016],[127.3745,36.71065],[127.37238,36.71153],[127.37229,36.7119],[127.36966,36.7122],[127.36884,36.71289],[127.36741,36.71275],[127.36686,36.71315],[127.36663,36.71389],[127.36566,36.71436],[127.3655,36.71512],[127.36203,36.7178],[127.3588,36.71783],[127.35874,36.71738],[127.35501,36.71741],[127.35293,36.71788],[127.35235,36.71773],[127.35157,36.71884],[127.35,36.71912],[127.34148,36.71873],[127.3329,36.72075],[127.32946,36.72189],[127.3278,36.72286],[127.32642,36.72434],[127.32506,36.72382],[127.32355,36.72382]]],[[[127.39519,36.66995],[127.39524,36.6702],[127.39538,36.67264],[127.38438,36.65948],[127.38902,36.6596],[127.39253,36.66092],[127.3951,36.65838],[127.39512,36.65865],[127.40091,36.65452],[127.40008,36.65146],[127.40178,36.651],[127.40168,36.65318],[127.40744,36.65652],[127.40631,36.65804],[127.40609,36.65936],[127.40701,36.65983],[127.40554,36.66421],[127.40323,36.66371],[127.40205,36.66719],[127.39687,36.66479],[127.39626,36.67113],[127.39519,36.66995]]]]}},{"type":"Feature","properties":{"zoneId":"Z000103406","zoneName":"비상초통학구역","zoneType":"elementary","level":"초등학교","kind":"dedicated","oneWay":false,"sggCode":"114","eduCode":"8011000","eduName":"충청북도청주교육지원청","updatedAt":"2019-08-20"},"geometry":{"type":"Polygon","coordinates":[[[127.61224,36.72705],[127.61182,36.72732],[127.61125,36.7275],[127.61087,36.72813],[127.6114,36.72922],[127.60938,36.73038],[127.60827,36.72855],[127.60703,36.72811],[127.60611,36.72736],[127.60483,36.72716],[127.60264,36.72486],[127.60213,36.72515],[127.60005,36.72447],[127.59809,36.7248],[127.59584,36.72398],[127.59488,36.72394],[127.59442,36.72433],[127.59103,36.72395],[127.58203,36.72179],[127.58016,36.72025],[127.57979,36.71934],[127.582,36.72025],[127.58076,36.7195],[127.57977,36.71805],[127.57891,36.71741],[127.57497,36.71652],[127.57354,36.71655],[127.56743,36.7146],[127.56637,36.7147],[127.55865,36.72051],[127.55669,36.72145],[127.55747,36.72018],[127.55801,36.71833],[127.55769,36.71846],[127.55636,36.71566],[127.55658,36.71523],[127.55742,36.71474],[127.56022,36.71507],[127.56093,36.7145],[127.55956,36.71248],[127.55837,36.70953],[127.55574,36.70506],[127.55548,36.70397],[127.5564,36.704],[127.55654,36.70375],[127.55629,36.70304],[127.55535,36.70249],[127.55612,36.70206],[127.5567,36.70297],[127.55678,36.70371],[127.55699,36.70392],[127.55761,36.7036],[127.55818,36.70097],[127.55766,36.69659],[127.55886,36.69607],[127.5589,36.69532],[127.55826,36.69461],[127.55786,36.69248],[127.55754,36.69234],[127.55828,36.69136],[127.55987,36.69063],[127.56057,36.6882],[127.56128,36.68769],[127.56175,36.68511],[127.56074,36.68292],[127.56124,36.68177],[127.5611,36.68106],[127.56146,36.67943],[127.56247,36.67912],[127.56248,36.67808],[127.56352,36.67562],[127.56423,36.67477],[127.56508,36.67439],[127.56554,36.67458],[127.5658,36.67426],[127.56699,36.67436],[127.56837,36.67573],[127.56865,36.67673],[127.56951,36.67735],[127.57079,36.67769],[127.57254,36.6776],[127.57276,36.67822],[127.57354,36.67887],[127.57373,36.6798],[127.57575,36.68125],[127.57675,36.68144],[127.57735,36.68199],[127.57764,36.68305],[127.57865,36.68346],[127.5792,36.6842],[127.58074,36.68424],[127.5816,36.68463],[127.58218,36.68427],[127.5827,36.68463],[127.58588,36.68344],[127.58686,36.68534],[127.58831,36.6859],[127.58949,36.68727],[127.5911,36.68745],[127.59166,36.68809],[127.59126,36.6895],[127.59065,36.69035],[127.5907,36.69162],[127.59458,36.69317],[127.59599,36.69487],[127.59596,36.69545],[127.59631,36.69587],[127.59747,36.6962],[127.59761,36.69731],[127.5984,36.69738],[127.59935,36.6981],[127.60056,36.69846],[127.602,36.69795],[127.60367,36.69803],[127.60546,36.69895],[127.61201,36.69965],[127.61297,36.70065],[127.61342,36.70065],[127.61471,36.70308],[127.61478,36.70482],[127.61661,36.70617],[127.61732,36.70724],[127.61807,36.70738],[127.61795,36.70791],[127.61839,36.70931],[127.618,36.71156],[127.61871,36.71316],[127.61885,36.71633],[127.618,36.71735],[127.61599,36.71814],[127.61542,36.71868],[127.61562,36.72048],[127.61532,36.7217],[127.61484,36.72216],[127.61521,36.7232],[127.61463,36.7239],[127.61381,36.72648],[127.61224,36.72705]]]}},{"type":"Feature","properties":{"zoneId":"Z000150648","zoneName":"초평초구정초공동통학구역","zoneType":"elementary","level":"초등학교","kind":"shared","oneWay":false,"sggCode":"750","eduCode":"8081000","eduName":"충청북도진천교육지원청","updatedAt":"2017-03-30"},"geometry":{"type":"Polygon","coordinates":[[[127.51049,36.82297],[127.51026,36.82383],[127.50835,36.83066],[127.50729,36.83243],[127.5034,36.83602],[127.49869,36.83851],[127.49766,36.83519],[127.49596,36.83291],[127.49409,36.82865],[127.49375,36.82674],[127.49206,36.82411],[127.49197,36.82329],[127.49279,36.81896],[127.49218,36.81508],[127.48983,36.81324],[127.4893,36.81221],[127.48957,36.81082],[127.494,36.80557],[127.49445,36.80446],[127.49436,36.80329],[127.49312,36.8025],[127.48782,36.80197],[127.48723,36.80149],[127.48718,36.80031],[127.49362,36.80002],[127.49409,36.79937],[127.49576,36.79925],[127.49967,36.80135],[127.50056,36.80231],[127.50272,36.80377],[127.50448,36.80411],[127.50543,36.80571],[127.50749,36.80711],[127.50797,36.80704],[127.50817,36.80658],[127.51014,36.80623],[127.51145,36.80518],[127.51264,36.80582],[127.51687,36.80515],[127.51762,36.80445],[127.51933,36.80459],[127.52287,36.80722],[127.52666,36.80692],[127.52873,36.80632],[127.53258,36.80714],[127.53358,36.80708],[127.53733,36.80859],[127.53375,36.80935],[127.53034,36.8096],[127.52346,36.81172],[127.51755,36.81437],[127.51584,36.81551],[127.51591,36.81746],[127.51505,36.82243],[127.51316,36.82267],[127.51244,36.82201],[127.51131,36.82197],[127.51049,36.82297]]]}},{"type":"Feature","properties":{"zoneId":"Z000106459","zoneName":"동광초통학구역","zoneType":"elementary","level":"초등학교","kind":"dedicated","oneWay":false,"sggCode":"720","eduCode":"8051000","eduName":"충청북도보은교육지원청","updatedAt":"2026-03-01"},"geometry":{"type":"Polygon","coordinates":[[[127.79315,36.60856],[127.79315,36.60856],[127.79181,36.61033],[127.79073,36.61073],[127.7889,36.61237],[127.78673,36.61326],[127.78626,36.61377],[127.78457,36.61269],[127.7839,36.61093],[127.78249,36.61027],[127.78143,36.60875],[127.77669,36.60805],[127.77646,36.60713],[127.77393,36.60601],[127.77324,36.60633],[127.77237,36.60624],[127.77218,36.6058],[127.77126,36.60552],[127.76875,36.60338],[127.76978,36.60117],[127.76943,36.59936],[127.76952,36.59802],[127.7689,36.59759],[127.76928,36.59647],[127.76872,36.59566],[127.76877,36.59403],[127.76919,36.59382],[127.76645,36.59349],[127.7655,36.59189],[127.76472,36.59195],[127.76355,36.59099],[127.76304,36.59127],[127.76224,36.59114],[127.76132,36.59049],[127.7552,36.59008],[127.75438,36.58936],[127.75204,36.58845],[127.74974,36.58659],[127.74586,36.58525],[127.74369,36.58722],[127.74289,36.58744],[127.74205,36.58818],[127.74155,36.58911],[127.74192,36.5895],[127.74192,36.59024],[127.74129,36.59064],[127.74102,36.59126],[127.73734,36.59262],[127.73675,36.59481],[127.73596,36.59571],[127.73183,36.59399],[127.7316,36.59354],[127.73039,36.59284],[127.73041,36.59235],[127.73002,36.59206],[127.72813,36.59198],[127.72803,36.5909],[127.72782,36.59107],[127.72686,36.59071],[127.7253,36.59111],[127.7239,36.5901],[127.72251,36.59081],[127.72079,36.5924],[127.71996,36.59185],[127.71963,36.59091],[127.71986,36.59066],[127.71901,36.58903],[127.71872,36.58739],[127.71713,36.58705],[127.71673,36.5866],[127.71511,36.58657],[127.71467,36.5862],[127.7146,36.58558],[127.71354,36.58474],[127.71322,36.58365],[127.71188,36.58293],[127.71162,36.58227],[127.71063,36.58269],[127.70874,36.57984],[127.70816,36.57988],[127.7083,36.57662],[127.70892,36.57311],[127.70743,36.57237],[127.70861,36.57117],[127.70925,36.56902],[127.70839,36.56836],[127.70691,36.56841],[127.70586,36.56788],[127.70262,36.56771],[127.7012,36.5673],[127.69968,36.56586],[127.69966,36.56345],[127.70019,36.56154],[127.69947,36.56099],[127.69908,36.56007],[127.69913,36.55871],[127.69945,36.55861],[127.69875,36.55727],[127.6991,36.55633],[127.69999,36.55533],[127.70168,36.55552],[127.70344,36.55499],[127.70438,36.5553],[127.70715,36.55201],[127.70845,36.5511],[127.70835,36.55061],[127.70751,36.54979],[127.70742,36.5489],[127.70573,36.54713],[127.70469,36.54509],[127.7052,36.54264],[127.70494,36.54168],[127.70635,36.54031],[127.70856,36.53961],[127.70898,36.53891],[127.70917,36.53742],[127.70978,36.53695],[127.71031,36.53728],[127.71157,36.53701],[127.71341,36.53598],[127.71573,36.53606],[127.71673,36.53543],[127.71809,36.53735],[127.71916,36.53731],[127.72001,36.5367],[127.72072,36.53682],[127.72129,36.53615],[127.72353,36.53534],[127.72542,36.53642],[127.72723,36.53632],[127.7273,36.53525],[127.72927,36.53444],[127.73056,36.53353],[127.73375,36.53364],[127.73708,36.53171],[127.74018,36.5317],[127.74151,36.53198],[127.74249,36.5329],[127.74353,36.53296],[127.74565,36.53451],[127.74959,36.53659],[127.75265,36.53752],[127.75374,36.53738],[127.75519,36.53775],[127.75868,36.53954],[127.76125,36.53958],[127.76178,36.54126],[127.76264,36.5416],[127.76279,36.54265],[127.76481,36.54345],[127.76447,36.545],[127.76497,36.5461],[127.76573,36.54645],[127.76649,36.54913],[127.76675,36.54934],[127.76812,36.54897],[127.76822,36.54939],[127.76941,36.54993],[127.76885,36.55119],[127.7695,36.55194],[127.77049,36.55455],[127.77209,36.55543],[127.77331,36.55731],[127.77302,36.55793],[127.77331,36.55918],[127.77442,36.56074],[127.77703,36.5612],[127.77691,36.56201],[127.77861,36.56267],[127.7787,36.56345],[127.7805,36.56501],[127.78581,36.56589],[127.78719,36.56529],[127.79105,36.56539],[127.79415,36.5664],[127.79856,36.56637],[127.80074,36.5659],[127.8025,36.56591],[127.8056,36.56727],[127.8063,36.56645],[127.8094,36.56575],[127.81001,36.56442],[127.81142,36.56319],[127.81264,36.56392],[127.81389,36.56298],[127.81776,36.56256],[127.81972,36.56273],[127.82084,36.56335],[127.82186,36.56441],[127.82191,36.56511],[127.82274,36.56658],[127.82354,36.56731],[127.8236,36.56937],[127.8239,36.57037],[127.82447,36.57091],[127.82362,36.57177],[127.8219,36.57254],[127.82155,36.5731],[127.81818,36.57468],[127.81741,36.57591],[127.81681,36.5759],[127.81675,36.5773],[127.8162,36.57808],[127.81535,36.57768],[127.81297,36.57951],[127.81134,36.57945],[127.81033,36.57996],[127.80924,36.5799],[127.80902,36.58039],[127.80809,36.58015],[127.80589,36.58148],[127.8049,36.58139],[127.80414,36.58347],[127.80346,36.5836],[127.80298,36.58429],[127.8016,36.58449],[127.80061,36.58532],[127.80048,36.58615],[127.79848,36.58644],[127.79848,36.58727],[127.79958,36.58855],[127.79943,36.58953],[127.79855,36.5908],[127.79763,36.59128],[127.79759,36.5919],[127.79659,36.59266],[127.79615,36.59526],[127.79723,36.59705],[127.79694,36.59785],[127.79724,36.59956],[127.7985,36.60208],[127.79725,36.60437],[127.79428,36.60666],[127.79315,36.60856]]]}},{"type":"Feature","properties":{"zoneId":"Z000151414","zoneName":"충주중앙탑초노은초덕신초가흥초오석초용원초앙성초주덕초소태초공동(일방)통학구역","zoneType":"elementary","level":"초등학교","kind":"shared","oneWay":true,"sggCode":"130","eduCode":"8021000","eduName":"충청북도충주교육지원청","updatedAt":"2026-03-01"},"geometry":{"type":"Polygon","coordinates":[[[127.84778,37.05292],[127.84742,37.05306],[127.84672,37.05262],[127.84502,37.05262],[127.84456,37.05303],[127.84373,37.053],[127.84325,37.05212],[127.84329,37.05011],[127.84056,37.04876],[127.839,37.04835],[127.8385,37.04848],[127.83751,37.04792],[127.83674,37.04835],[127.83106,37.04745],[127.82685,37.0486],[127.82566,37.04847],[127.82394,37.04904],[127.82078,37.04883],[127.81939,37.04903],[127.81575,37.04744],[127.81333,37.0474],[127.81424,37.04579],[127.81461,37.04439],[127.81188,37.0433],[127.81024,37.04149],[127.81022,37.04051],[127.81115,37.03918],[127.81138,37.03669],[127.81032,37.03573],[127.81006,37.03479],[127.8104,37.03404],[127.80856,37.03278],[127.8092,37.03061],[127.81107,37.02931],[127.81303,37.02989],[127.81521,37.02963],[127.81588,37.02944],[127.81645,37.02884],[127.81731,37.02887],[127.81807,37.02623],[127.81775,37.02575],[127.81781,37.02407],[127.81904,37.02356],[127.82081,37.02214],[127.82047,37.01885],[127.82135,37.01841],[127.82189,37.01771],[127.82038,37.01658],[127.82785,37.00677],[127.82879,37.00698],[127.82843,37.00579],[127.82757,37.00553],[127.82879,37.00432],[127.83289,37.00289],[127.83316,37.00248],[127.83465,37.00248],[127.83482,37.00299],[127.83727,37.00384],[127.83787,37.00382],[127.83841,37.00282],[127.83968,37.00165],[127.83987,37.00201],[127.84041,37.00193],[127.84125,37.00247],[127.84228,37.00189],[127.84404,37.00194],[127.84624,37.00303],[127.84679,37.00243],[127.84813,37.00222],[127.8483,37.00321],[127.85288,37.00415],[127.85453,37.00488],[127.85662,37.00744],[127.86165,37.01049],[127.86323,37.01088],[127.86352,37.0114],[127.86488,37.01084],[127.86827,37.00824],[127.87109,37.00854],[127.87374,37.00753],[127.8715,37.0115],[127.86735,37.02105],[127.86493,37.025],[127.86047,37.02979],[127.85946,37.03148],[127.85881,37.03331],[127.859,37.03568],[127.85996,37.03785],[127.86143,37.03977],[127.856,37.04088],[127.85578,37.04296],[127.85515,37.04389],[127.85548,37.04501],[127.85508,37.04559],[127.85585,37.04626],[127.85507,37.04815],[127.85552,37.04913],[127.85467,37.04997],[127.85365,37.04973],[127.85258,37.05003],[127.85166,37.04939],[127.84904,37.0508],[127.84864,37.05162],[127.84795,37.05212],[127.84778,37.05292]]]}},{"type":"Feature","properties":{"zoneId":"Z000150395","zoneName":"충주중앙탑초탄금초공동통학구역 및 노은초덕신초가흥초오석초용원초앙성초주덕초소태초공동(일방)통학구역","zoneType":"elementary","level":"초등학교","kind":"shared","oneWay":true,"sggCode":"130","eduCode":"8021000","eduName":"충청북도충주교육지원청","updatedAt":"2026-03-01"},"geometry":{"type":"Polygon","coordinates":[[[127.86798,37.00845],[127.86733,37.00911],[127.86488,37.01084],[127.86352,37.0114],[127.86323,37.01088],[127.86165,37.01049],[127.85662,37.00744],[127.85453,37.00488],[127.85288,37.00415],[127.8483,37.00321],[127.84813,37.00222],[127.84922,37.0024],[127.85046,37.00199],[127.85174,37.00222],[127.85212,37.00145],[127.85144,36.99945],[127.85159,36.99891],[127.85258,36.99808],[127.85363,36.9953],[127.8535,36.99485],[127.85405,36.99459],[127.85392,36.99299],[127.85589,36.99218],[127.8563,36.99171],[127.85813,36.99128],[127.85819,36.98913],[127.85912,36.98665],[127.86533,36.98499],[127.8662,36.98711],[127.86665,36.98734],[127.86677,36.98923],[127.86402,36.99129],[127.86417,36.99217],[127.86462,36.99247],[127.86548,36.99431],[127.86621,36.99491],[127.86748,36.99482],[127.86931,36.99683],[127.87154,36.99634],[127.87229,36.99558],[127.87425,36.99663],[127.87501,36.99762],[127.87588,36.99769],[127.87649,36.99722],[127.88008,36.99836],[127.8765,37.00275],[127.87374,37.00753],[127.87109,37.00854],[127.86827,37.00824],[127.86798,37.00845]]]}},{"type":"Feature","properties":{"zoneId":"Z000151167","zoneName":"영동초양강초매곡초상촌초초강초공동(일방)통학구역","zoneType":"elementary","level":"초등학교","kind":"shared","oneWay":true,"sggCode":"740","eduCode":"8071000","eduName":"충청북도영동교육지원청","updatedAt":"2026-03-01"},"geometry":{"type":"Polygon","coordinates":[[[127.85761,36.19358],[127.85759,36.19361],[127.85693,36.19441],[127.85748,36.19554],[127.85649,36.19728],[127.85647,36.19869],[127.85719,36.2004],[127.85549,36.20167],[127.85272,36.2021],[127.85149,36.20167],[127.85099,36.2009],[127.85236,36.19952],[127.84793,36.19565],[127.84478,36.19446],[127.84275,36.19274],[127.84186,36.19273],[127.84026,36.19195],[127.83701,36.19254],[127.83481,36.19213],[127.83399,36.1915],[127.83386,36.18974],[127.83344,36.18889],[127.83378,36.18733],[127.83331,36.18621],[127.83161,36.18511],[127.83158,36.18476],[127.82915,36.18276],[127.82732,36.1819],[127.8261,36.18194],[127.82394,36.18433],[127.8206,36.1847],[127.81864,36.1839],[127.81652,36.18145],[127.81441,36.18101],[127.81457,36.18044],[127.81423,36.17977],[127.81472,36.17928],[127.81204,36.17873],[127.80906,36.17927],[127.80682,36.17888],[127.80627,36.17996],[127.8052,36.18052],[127.80487,36.18106],[127.80411,36.18076],[127.80371,36.18004],[127.80264,36.17974],[127.80215,36.18027],[127.80055,36.18082],[127.79919,36.18063],[127.79854,36.181],[127.79725,36.18073],[127.79619,36.18086],[127.79588,36.18138],[127.7938,36.1805],[127.79155,36.18118],[127.79094,36.18238],[127.78881,36.18311],[127.78534,36.18261],[127.78438,36.18199],[127.78355,36.18092],[127.78344,36.17905],[127.78293,36.17812],[127.78312,36.17654],[127.78189,36.17457],[127.77984,36.1765],[127.77445,36.1738],[127.77514,36.17261],[127.77507,36.17187],[127.77374,36.16903],[127.77193,36.1674],[127.76905,36.16544],[127.76814,36.16514],[127.7683,36.16429],[127.76988,36.16392],[127.77183,36.16417],[127.77297,36.16302],[127.77459,36.16252],[127.77516,36.16135],[127.77482,36.16083],[127.77584,36.15914],[127.77685,36.15914],[127.77714,36.1587],[127.77729,36.15749],[127.77861,36.15434],[127.77852,36.15364],[127.78082,36.1513],[127.78158,36.14804],[127.78223,36.14827],[127.783,36.15003],[127.78591,36.14968],[127.78792,36.14727],[127.7896,36.14655],[127.79212,36.14605],[127.79343,36.14426],[127.79583,36.1428],[127.79801,36.14221],[127.79861,36.14237],[127.8002,36.14108],[127.80091,36.13901],[127.80163,36.13861],[127.80285,36.1387],[127.80445,36.13751],[127.80543,36.13716],[127.80749,36.13743],[127.80949,36.13723],[127.81007,36.13666],[127.81148,36.13615],[127.81258,36.13413],[127.81369,36.13418],[127.81554,36.13302],[127.81592,36.13168],[127.8164,36.13118],[127.81641,36.12918],[127.81575,36.12882],[127.8161,36.12818],[127.81563,36.12741],[127.81523,36.12514],[127.81568,36.12399],[127.81492,36.12289],[127.81482,36.12139],[127.81528,36.12113],[127.81587,36.12002],[127.8164,36.11832],[127.81849,36.11705],[127.82,36.11516],[127.82125,36.11431],[127.82122,36.11299],[127.82185,36.11209],[127.82142,36.11119],[127.82169,36.1107],[127.82131,36.10975],[127.82183,36.10903],[127.82153,36.10793],[127.8221,36.10664],[127.8226,36.1063],[127.82268,36.10479],[127.82318,36.1039],[127.8227,36.10276],[127.82326,36.10171],[127.82309,36.09975],[127.82256,36.09831],[127.82293,36.0981],[127.82421,36.09868],[127.82661,36.09837],[127.82858,36.09884],[127.83026,36.10003],[127.83008,36.10089],[127.83032,36.10203],[127.83312,36.10356],[127.83335,36.10563],[127.83554,36.10924],[127.83644,36.10991],[127.83677,36.1106],[127.8359,36.11161],[127.83632,36.11313],[127.83675,36.11356],[127.83663,36.11506],[127.83638,36.11624],[127.8355,36.11694],[127.83548,36.11727],[127.83741,36.11879],[127.8378,36.12006],[127.83958,36.1208],[127.83953,36.12291],[127.84009,36.12412],[127.83994,36.12485],[127.84057,36.12691],[127.84061,36.12807],[127.84241,36.12881],[127.84353,36.1303],[127.84501,36.13142],[127.84514,36.13189],[127.84664,36.13324],[127.84812,36.13395],[127.84955,36.13836],[127.85018,36.13875],[127.85042,36.13979],[127.85142,36.14108],[127.85342,36.14208],[127.85457,36.14117],[127.8561,36.14122],[127.85901,36.14393],[127.86057,36.14358],[127.86128,36.14384],[127.8657,36.14659],[127.86702,36.14662],[127.87015,36.14596],[127.8717,36.14517],[127.8724,36.1455],[127.87335,36.14937],[127.87269,36.14997],[127.87255,36.15108],[127.87347,36.15407],[127.87346,36.15435],[127.87146,36.15558],[127.87152,36.15604],[127.87238,36.15686],[127.87237,36.15861],[127.87372,36.15962],[127.87435,36.16086],[127.87558,36.16093],[127.87777,36.16282],[127.88006,36.16289],[127.88142,36.16429],[127.88275,36.16466],[127.88269,36.16696],[127.88236,36.16757],[127.883,36.16887],[127.8822,36.16977],[127.88176,36.17323],[127.87958,36.17632],[127.87985,36.1771],[127.87948,36.17901],[127.88001,36.18006],[127.87984,36.18098],[127.87768,36.18288],[127.87711,36.18422],[127.87619,36.18449],[127.87598,36.18492],[127.87478,36.1856],[127.87404,36.18526],[127.87243,36.18621],[127.87036,36.18654],[127.86901,36.18739],[127.86814,36.1866],[127.86725,36.18652],[127.86434,36.18836],[127.86429,36.18985],[127.86396,36.19049],[127.86304,36.19088],[127.862,36.19089],[127.86099,36.19169],[127.8598,36.19178],[127.85924,36.19236],[127.85899,36.19336],[127.85761,36.19358]]]}},{"type":"Feature","properties":{"zoneId":"Z000106484","zoneName":"죽향초통학구역","zoneType":"elementary","level":"초등학교","kind":"dedicated","oneWay":false,"sggCode":"730","eduCode":"8061000","eduName":"충청북도옥천교육지원청","updatedAt":"2026-03-01"},"geometry":{"type":"Polygon","coordinates":[[[127.57049,36.39524],[127.56992,36.39599],[127.56957,36.39669],[127.56993,36.39792],[127.56955,36.39901],[127.56959,36.4004],[127.56581,36.39792],[127.56372,36.39766],[127.55813,36.39526],[127.55814,36.39657],[127.55596,36.39511],[127.5551,36.39398],[127.5548,36.39281],[127.55411,36.39281],[127.5548,36.39211],[127.55587,36.39185],[127.55652,36.39039],[127.55722,36.38987],[127.56089,36.38935],[127.56569,36.38965],[127.56811,36.38923],[127.57128,36.38671],[127.57174,36.38515],[127.57164,36.38428],[127.57088,36.38283],[127.56989,36.38286],[127.57004,36.38328],[127.56722,36.38398],[127.56446,36.38332],[127.55941,36.37992],[127.55609,36.38095],[127.55542,36.38173],[127.55493,36.38077],[127.55337,36.37972],[127.55231,36.37943],[127.55114,36.37802],[127.55125,36.37708],[127.54824,36.37474],[127.54809,36.37412],[127.54518,36.37155],[127.5447,36.3701],[127.54424,36.37006],[127.54268,36.36675],[127.54278,36.36412],[127.54216,36.36278],[127.54177,36.35946],[127.54297,36.35796],[127.55437,36.35758],[127.5563,36.35594],[127.55807,36.3561],[127.5596,36.35703],[127.56349,36.3571],[127.56629,36.35579],[127.56947,36.355],[127.56902,36.35457],[127.56954,36.35495],[127.57069,36.35455],[127.57176,36.35273],[127.57268,36.35208],[127.57274,36.351],[127.57345,36.35088],[127.575,36.34971],[127.57687,36.34895],[127.57768,36.34785],[127.57898,36.34751],[127.57938,36.34709],[127.58003,36.3471],[127.58147,36.34371],[127.58147,36.34343],[127.58012,36.34281],[127.57878,36.34282],[127.57703,36.34408],[127.57374,36.3454],[127.57238,36.3454],[127.57033,36.34372],[127.56473,36.34421],[127.56503,36.3403],[127.56574,36.3379],[127.56934,36.33606],[127.57382,36.33441],[127.58018,36.33296],[127.58063,36.33141],[127.57982,36.33025],[127.58121,36.32928],[127.58161,36.32757],[127.58099,36.32596],[127.58205,36.32379],[127.58241,36.32359],[127.58233,36.32316],[127.58093,36.32183],[127.57907,36.32161],[127.57595,36.3199],[127.57399,36.31948],[127.57355,36.31835],[127.57275,36.31802],[127.57061,36.31556],[127.56734,36.31515],[127.56599,36.31388],[127.566,36.31285],[127.56726,36.31151],[127.56606,36.31148],[127.56721,36.31004],[127.57061,36.30905],[127.57207,36.3074],[127.57308,36.30702],[127.57092,36.30394],[127.57111,36.30304],[127.5727,36.30193],[127.57296,36.30121],[127.57611,36.30132],[127.57616,36.30395],[127.57681,36.30522],[127.57903,36.30423],[127.58263,36.30203],[127.58345,36.30344],[127.58538,36.30427],[127.58653,36.30416],[127.58674,36.30335],[127.58815,36.30455],[127.58881,36.30544],[127.5888,36.30603],[127.5898,36.30678],[127.58981,36.30763],[127.59088,36.30737],[127.59472,36.30972],[127.59518,36.31185],[127.59828,36.31169],[127.59871,36.31044],[127.59983,36.31018],[127.60045,36.30946],[127.59948,36.30864],[127.59918,36.30497],[127.59989,36.30416],[127.60012,36.30167],[127.60096,36.30159],[127.60152,36.30117],[127.60376,36.29806],[127.60412,36.29697],[127.60601,36.29626],[127.60621,36.29793],[127.61002,36.29791],[127.61005,36.29762],[127.61078,36.29854],[127.61242,36.29838],[127.61294,36.2974],[127.61258,36.29694],[127.61284,36.29637],[127.61408,36.29591],[127.61473,36.29498],[127.61555,36.29508],[127.61591,36.2944],[127.61583,36.29377],[127.61462,36.29243],[127.61742,36.29217],[127.61875,36.29116],[127.6195,36.2893],[127.62074,36.28894],[127.62214,36.28722],[127.62324,36.28729],[127.62484,36.28908],[127.62577,36.2892],[127.62531,36.29003],[127.62611,36.2907],[127.62624,36.29166],[127.62528,36.29197],[127.62494,36.29274],[127.62745,36.29313],[127.62738,36.29696],[127.62871,36.29821],[127.63118,36.29936],[127.63575,36.30075],[127.63709,36.30218],[127.63764,36.30225],[127.63913,36.30136],[127.64003,36.29939],[127.64082,36.29876],[127.64209,36.29945],[127.64209,36.30012],[127.64279,36.30166],[127.64455,36.30304],[127.64483,36.30374],[127.64353,36.30514],[127.64421,36.30618],[127.64395,36.30978],[127.64481,36.31283],[127.64343,36.31399],[127.64143,36.31394],[127.64079,36.31458],[127.64095,36.31679],[127.64149,36.3173],[127.64089,36.31899],[127.64108,36.31995],[127.64049,36.3205],[127.64152,36.32186],[127.6413,36.32267],[127.64155,36.32288],[127.64307,36.32317],[127.64458,36.32391],[127.64495,36.32469],[127.64565,36.32503],[127.64816,36.32518],[127.64986,36.32624],[127.65021,36.32714],[127.64904,36.33009],[127.64831,36.33129],[127.64731,36.33188],[127.64681,36.3332],[127.64678,36.33518],[127.64604,36.33729],[127.64603,36.33859],[127.64677,36.34287],[127.64962,36.34745],[127.65041,36.35091],[127.64986,36.35187],[127.64801,36.3532],[127.64828,36.3535],[127.64944,36.35352],[127.64964,36.35395],[127.64916,36.35398],[127.64863,36.35743],[127.64812,36.35837],[127.64749,36.35923],[127.64608,36.36019],[127.6434,36.36131],[127.64224,36.36116],[127.64232,36.35999],[127.64032,36.35927],[127.63937,36.35753],[127.63741,36.35547],[127.63571,36.35523],[127.63429,36.35307],[127.63141,36.35037],[127.62876,36.34965],[127.6246,36.34956],[127.62279,36.35407],[127.61678,36.35763],[127.61778,36.35956],[127.61947,36.36093],[127.62026,36.36267],[127.6209,36.3632],[127.62156,36.36326],[127.62162,36.36433],[127.62254,36.3654],[127.62287,36.36727],[127.6221,36.36895],[127.62259,36.37167],[127.62223,36.37214],[127.62232,36.37311],[127.62172,36.37483],[127.6203,36.376],[127.62583,36.37962],[127.6291,36.38034],[127.63413,36.38049],[127.6342,36.38161],[127.63711,36.38156],[127.63773,36.38271],[127.63781,36.38335],[127.63708,36.38421],[127.63673,36.38415],[127.63577,36.38504],[127.63481,36.38504],[127.63384,36.38551],[127.63139,36.3879],[127.63002,36.38833],[127.62833,36.38818],[127.62556,36.38628],[127.62068,36.38546],[127.62019,36.38512],[127.61976,36.38396],[127.61661,36.38503],[127.61307,36.38471],[127.61077,36.38566],[127.60898,36.38732],[127.60394,36.38843],[127.60321,36.38763],[127.60248,36.38737],[127.60185,36.38758],[127.60072,36.38701],[127.60014,36.38762],[127.59862,36.38765],[127.59775,36.388],[127.59671,36.38764],[127.59478,36.38782],[127.5935,36.38898],[127.59373,36.38969],[127.59012,36.39281],[127.58764,36.39227],[127.58731,36.39179],[127.58496,36.39064],[127.58483,36.39015],[127.58336,36.38917],[127.58244,36.38976],[127.58121,36.38951],[127.58064,36.38974],[127.57876,36.38954],[127.57725,36.38887],[127.57236,36.39234],[127.57171,36.39304],[127.57112,36.39469],[127.57049,36.39524]]]}},{"type":"Feature","properties":{"zoneId":"Z000151581","zoneName":"솔강초상봉초공동통학구역","zoneType":"elementary","level":"초등학교","kind":"shared","oneWay":false,"sggCode":"113","eduCode":"8011000","eduName":"충청북도청주교육지원청","updatedAt":"2025-08-28"},"geometry":{"type":"Polygon","coordinates":[[[127.31273,36.61897],[127.31232,36.61903],[127.30509,36.62089],[127.30451,36.61848],[127.3024,36.61765],[127.30023,36.61605],[127.30016,36.61534],[127.30452,36.61478],[127.31025,36.61343],[127.3166,36.61414],[127.31935,36.61571],[127.31484,36.61981],[127.31374,36.61909],[127.31273,36.61897]]]}},{"type":"Feature","properties":{"zoneId":"Z000103373","zoneName":"강내초통학구역","zoneType":"elementary","level":"초등학교","kind":"dedicated","oneWay":false,"sggCode":"113","eduCode":"8011000","eduName":"충청북도청주교육지원청","updatedAt":"2025-08-28"},"geometry":{"type":"Polygon","coordinates":[[[127.35182,36.61199],[127.35207,36.61269],[127.35424,36.61634],[127.35349,36.61872],[127.35366,36.61932],[127.35182,36.62059],[127.35186,36.62172],[127.35074,36.62206],[127.35171,36.62324],[127.35164,36.62531],[127.34517,36.61103],[127.34459,36.60914],[127.3447,36.60559],[127.34408,36.60302],[127.34287,36.60125],[127.3355,36.59588],[127.32658,36.58672],[127.32144,36.58378],[127.32305,36.58192],[127.32149,36.58131],[127.32163,36.58107],[127.32488,36.58026],[127.32526,36.57957],[127.32476,36.57902],[127.32545,36.57771],[127.32659,36.57652],[127.32723,36.57603],[127.32942,36.57531],[127.32978,36.57488],[127.33124,36.57492],[127.33215,36.57417],[127.33202,36.57347],[127.33251,36.57259],[127.33576,36.57106],[127.33577,36.57061],[127.33655,36.56999],[127.33515,36.5681],[127.33658,36.56535],[127.33702,36.56284],[127.33824,36.56235],[127.34075,36.56365],[127.34235,36.56366],[127.34325,36.56466],[127.34418,36.56455],[127.34441,36.56411],[127.34339,36.56439],[127.34451,36.564],[127.34713,36.56445],[127.34785,36.56386],[127.34899,36.56381],[127.351,36.56221],[127.35312,36.56223],[127.35488,36.56282],[127.35626,36.56168],[127.35765,36.56181],[127.36048,36.56228],[127.36148,36.56384],[127.36205,36.56424],[127.36649,36.564],[127.36801,36.56502],[127.36819,36.56606],[127.36866,36.56637],[127.37076,36.56649],[127.37714,36.56775],[127.37742,36.5688],[127.37921,36.5701],[127.38011,36.5719],[127.38371,36.57506],[127.38485,36.57656],[127.38669,36.57772],[127.38743,36.57916],[127.38807,36.58255],[127.38886,36.58409],[127.38994,36.58521],[127.38865,36.58554],[127.38753,36.58541],[127.38727,36.58627],[127.38514,36.5865],[127.38385,36.5881],[127.38387,36.58892],[127.3831,36.58864],[127.38127,36.58671],[127.38081,36.58753],[127.37893,36.58816],[127.37722,36.58797],[127.37673,36.58677],[127.37552,36.58721],[127.37423,36.5871],[127.37297,36.58796],[127.37132,36.59005],[127.3715,36.59022],[127.37089,36.59177],[127.36782,36.59334],[127.36579,36.59362],[127.36606,36.59425],[127.36561,36.59549],[127.36595,36.59686],[127.3677,36.59931],[127.36764,36.60055],[127.36859,36.60075],[127.36914,36.60154],[127.36923,36.60232],[127.36856,36.60432],[127.36852,36.60547],[127.36899,36.60722],[127.36838,36.60822],[127.36715,36.6091],[127.36446,36.60846],[127.36367,36.60865],[127.36302,36.60964],[127.36272,36.61125],[127.361,36.61305],[127.3603,36.61494],[127.35567,36.61393],[127.35421,36.61285],[127.35368,36.61232],[127.35355,36.61167],[127.35305,36.61145],[127.35171,36.61139],[127.35182,36.61199]]]}},{"type":"Feature","properties":{"zoneId":"Z000106425","zoneName":"주덕화곡초통학구역","zoneType":"elementary","level":"초등학교","kind":"dedicated","oneWay":false,"sggCode":"130","eduCode":"8021000","eduName":"충청북도충주교육지원청","updatedAt":"2025-08-28"},"geometry":{"type":"Polygon","coordinates":[[[127.81588,37.02944],[127.81588,37.02944],[127.81303,37.02989],[127.81107,37.02931],[127.80868,37.02807],[127.80807,37.02818],[127.80789,37.02772],[127.8063,37.02658],[127.80424,37.0263],[127.80324,37.02501],[127.803,37.02506],[127.80349,37.0247],[127.8035,37.02374],[127.80227,37.0236],[127.8018,37.02243],[127.80239,37.02061],[127.80234,37.01901],[127.8028,37.01844],[127.80219,37.01743],[127.80244,37.01706],[127.80423,37.01641],[127.80576,37.01493],[127.8052,37.01409],[127.80523,37.01173],[127.8059,37.01027],[127.80704,37.00938],[127.80681,37.00789],[127.80542,37.00728],[127.80512,37.00686],[127.80531,37.00639],[127.81217,37.00674],[127.81426,37.00626],[127.81561,37.00592],[127.81567,37.00371],[127.82391,37.00184],[127.82785,37.00677],[127.82038,37.01658],[127.82189,37.01771],[127.82135,37.01841],[127.82047,37.01885],[127.82081,37.02214],[127.81904,37.02356],[127.81781,37.02407],[127.81775,37.02575],[127.81807,37.02623],[127.81764,37.02815],[127.81731,37.02887],[127.81645,37.02884],[127.81588,37.02944]]]}},{"type":"Feature","properties":{"zoneId":"Z000103487","zoneName":"주덕초통학구역","zoneType":"elementary","level":"초등학교","kind":"dedicated","oneWay":false,"sggCode":"130","eduCode":"8021000","eduName":"충청북도충주교육지원청","updatedAt":"2025-08-28"},"geometry":{"type":"Polygon","coordinates":[[[127.81561,37.00592],[127.81426,37.00626],[127.81217,37.00674],[127.80531,37.00639],[127.80594,37.00486],[127.80397,37.00379],[127.8048,37.00086],[127.80462,36.99994],[127.80392,36.99941],[127.80259,36.99981],[127.80229,36.99939],[127.8012,36.99928],[127.80027,36.99819],[127.79925,36.99819],[127.79802,36.99619],[127.79771,36.99424],[127.79637,36.99411],[127.79509,36.99303],[127.7937,36.99316],[127.79329,36.9929],[127.79269,36.99096],[127.79415,36.98973],[127.79422,36.98929],[127.79367,36.98882],[127.79408,36.98865],[127.79582,36.98913],[127.79783,36.98785],[127.79786,36.98673],[127.79756,36.9863],[127.79441,36.98723],[127.79299,36.98853],[127.79048,36.98914],[127.78952,36.98619],[127.7903,36.98584],[127.78938,36.98373],[127.79067,36.98323],[127.78652,36.98132],[127.78128,36.98309],[127.7815,36.98345],[127.78107,36.98485],[127.77915,36.98453],[127.77761,36.98464],[127.77268,36.9868],[127.76847,36.98342],[127.76629,36.98098],[127.76536,36.97978],[127.76491,36.97777],[127.76414,36.978],[127.76211,36.97762],[127.76033,36.97678],[127.76013,36.97713],[127.75763,36.97671],[127.7555,36.9768],[127.75416,36.97763],[127.75275,36.97762],[127.75213,36.97655],[127.75177,36.97646],[127.75151,36.97541],[127.75055,36.97487],[127.75011,36.97405],[127.74909,36.97319],[127.74891,36.97233],[127.75007,36.97063],[127.75024,36.96939],[127.74973,36.96881],[127.75468,36.96876],[127.75796,36.96834],[127.75994,36.96718],[127.75712,36.96515],[127.75741,36.9639],[127.75896,36.96192],[127.76216,36.96053],[127.7626,36.95982],[127.76242,36.95941],[127.75895,36.95786],[127.75365,36.95635],[127.75442,36.95486],[127.75529,36.95473],[127.75579,36.95501],[127.75567,36.95415],[127.75636,36.95304],[127.75813,36.95279],[127.75859,36.95125],[127.76204,36.9491],[127.76257,36.94845],[127.76295,36.94738],[127.76384,36.94633],[127.76087,36.94509],[127.76077,36.94478],[127.76236,36.94407],[127.76378,36.94087],[127.76484,36.93978],[127.76681,36.94035],[127.76838,36.93877],[127.76908,36.93866],[127.77007,36.93678],[127.77176,36.93617],[127.77204,36.93506],[127.77309,36.93475],[127.7741,36.93377],[127.77558,36.93334],[127.7775,36.93432],[127.77894,36.93425],[127.78095,36.93487],[127.78171,36.93529],[127.78274,36.93682],[127.78436,36.93771],[127.78711,36.93702],[127.79163,36.93866],[127.79269,36.93948],[127.79339,36.94071],[127.79291,36.94293],[127.79378,36.94305],[127.79385,36.9434],[127.79488,36.94407],[127.79494,36.94591],[127.79636,36.94672],[127.79856,36.94668],[127.79901,36.94727],[127.80067,36.94755],[127.80025,36.94858],[127.80034,36.94966],[127.80006,36.95046],[127.80117,36.95126],[127.80218,36.95373],[127.80287,36.95401],[127.80279,36.95441],[127.80353,36.95464],[127.80339,36.9554],[127.80437,36.95564],[127.80562,36.95693],[127.80761,36.9578],[127.80923,36.95922],[127.8097,36.96037],[127.81191,36.9611],[127.81231,36.96234],[127.81165,36.96232],[127.81068,36.9629],[127.81147,36.96331],[127.81159,36.96437],[127.8112,36.96498],[127.81167,36.96699],[127.81155,36.96818],[127.8123,36.96819],[127.81228,36.96788],[127.81263,36.9678],[127.81306,36.9685],[127.81301,36.96954],[127.81358,36.96947],[127.81326,36.97185],[127.81409,36.97268],[127.81409,36.97349],[127.81333,36.97401],[127.80635,36.97473],[127.80508,36.97624],[127.80536,36.97694],[127.80513,36.97737],[127.80397,36.97752],[127.80466,36.97949],[127.80353,36.97973],[127.80396,36.98094],[127.80445,36.98113],[127.80448,36.98509],[127.80499,36.98528],[127.80548,36.98625],[127.8068,36.98625],[127.80663,36.98668],[127.80833,36.98837],[127.80846,36.98904],[127.8101,36.98975],[127.81088,36.99052],[127.81243,36.99091],[127.81306,36.9917],[127.8098,36.99318],[127.80949,36.99371],[127.81164,36.99675],[127.81158,36.99715],[127.81224,36.9976],[127.81206,36.99817],[127.81333,36.99915],[127.81362,37.00023],[127.81452,37.00035],[127.81482,37.00093],[127.81567,37.00371],[127.81561,37.00592]]]}},{"type":"Feature","properties":{"zoneId":"Z000151525","zoneName":"동명초백운초화당초공동(일방)통학구역","zoneType":"elementary","level":"초등학교","kind":"shared","oneWay":true,"sggCode":"150","eduCode":"8031000","eduName":"충청북도제천교육지원청","updatedAt":"2025-12-09"},"geometry":{"type":"Polygon","coordinates":[[[128.19252,37.1432],[128.19171,37.14432],[128.18979,37.14297],[128.18849,37.14272],[128.18757,37.14321],[128.18683,37.14242],[128.18544,37.14262],[128.18507,37.14328],[128.18406,37.14195],[128.18349,37.14234],[128.18251,37.14228],[128.18097,37.14167],[128.18118,37.14097],[128.18026,37.14109],[128.17824,37.14051],[128.17632,37.13884],[128.17642,37.13787],[128.17552,37.13628],[128.17498,37.13604],[128.17451,37.13483],[128.17477,37.13365],[128.17368,37.13331],[128.17373,37.13209],[128.17441,37.13147],[128.1742,37.13085],[128.17508,37.12999],[128.17445,37.12984],[128.176,37.12716],[128.17562,37.12576],[128.17506,37.12526],[128.1757,37.12485],[128.17633,37.12359],[128.17614,37.12278],[128.1767,37.12179],[128.17656,37.12004],[128.1774,37.119],[128.17708,37.11763],[128.17634,37.11649],[128.17497,37.11588],[128.17496,37.11543],[128.17568,37.11346],[128.17775,37.1117],[128.17808,37.10952],[128.17902,37.10904],[128.18189,37.10918],[128.18228,37.10975],[128.18352,37.11026],[128.18515,37.1121],[128.18673,37.1126],[128.18693,37.11368],[128.18631,37.114],[128.18652,37.11447],[128.18599,37.11486],[128.18632,37.11602],[128.18604,37.11657],[128.18629,37.11778],[128.18603,37.11858],[128.18723,37.11901],[128.18659,37.11993],[128.18655,37.1205],[128.18749,37.1219],[128.18848,37.12225],[128.18824,37.12287],[128.18859,37.12332],[128.18847,37.12382],[128.18888,37.12396],[128.19024,37.12348],[128.19242,37.12384],[128.1929,37.12459],[128.19284,37.12536],[128.19456,37.12541],[128.19596,37.12648],[128.19569,37.12745],[128.19588,37.1282],[128.19612,37.1286],[128.19779,37.12918],[128.19935,37.13256],[128.2,37.13441],[128.20009,37.13668],[128.20055,37.13763],[128.19967,37.13802],[128.19583,37.13795],[128.19546,37.13891],[128.19471,37.13932],[128.19453,37.14019],[128.19332,37.14206],[128.19323,37.14286],[128.19252,37.1432]]]}},{"type":"Feature","properties":{"zoneId":"Z000150728","zoneName":"명지초금성초백운초청풍초화당초공동(일방)통학구역","zoneType":"elementary","level":"초등학교","kind":"shared","oneWay":true,"sggCode":"150","eduCode":"8031000","eduName":"충청북도제천교육지원청","updatedAt":"2025-12-09"},"geometry":{"type":"Polygon","coordinates":[[[128.22077,37.12516],[128.22031,37.1252],[128.21808,37.1254],[128.21756,37.12571],[128.2135,37.12477],[128.21438,37.12415],[128.2123,37.12335],[128.20842,37.12283],[128.20473,37.12263],[128.19944,37.12361],[128.19867,37.12288],[128.19692,37.11983],[128.19537,37.12035],[128.19536,37.12082],[128.19614,37.12239],[128.19786,37.1238],[128.19527,37.12515],[128.19403,37.12556],[128.19284,37.12536],[128.1929,37.12459],[128.19249,37.1239],[128.19139,37.12356],[128.19006,37.12349],[128.18857,37.1239],[128.18824,37.12287],[128.18848,37.12225],[128.18749,37.1219],[128.18655,37.1205],[128.18659,37.11993],[128.18723,37.11901],[128.18603,37.11858],[128.18629,37.11778],[128.18604,37.11657],[128.18632,37.11602],[128.18599,37.11486],[128.18652,37.11447],[128.18631,37.114],[128.18693,37.11368],[128.18673,37.1126],[128.18515,37.1121],[128.18352,37.11026],[128.18228,37.10975],[128.18189,37.10918],[128.17902,37.10904],[128.17821,37.10936],[128.17811,37.10876],[128.17717,37.10871],[128.17648,37.1081],[128.1763,37.10642],[128.17551,37.10517],[128.17563,37.10425],[128.17468,37.10322],[128.175,37.10305],[128.17525,37.10207],[128.17473,37.10147],[128.17513,37.10128],[128.17411,37.09983],[128.17427,37.09885],[128.17474,37.09837],[128.17471,37.09774],[128.17355,37.0972],[128.17316,37.0962],[128.17515,37.0951],[128.17702,37.09515],[128.1778,37.09425],[128.17832,37.09432],[128.17875,37.09371],[128.18068,37.09321],[128.18252,37.09159],[128.18379,37.09116],[128.19028,37.09122],[128.19107,37.09304],[128.1919,37.09259],[128.19227,37.09175],[128.19303,37.09112],[128.19388,37.09075],[128.19531,37.08866],[128.1963,37.08814],[128.19738,37.08826],[128.19819,37.08885],[128.19777,37.09022],[128.19812,37.09289],[128.20012,37.09394],[128.20029,37.09462],[128.20102,37.09526],[128.20275,37.09593],[128.2039,37.09534],[128.20445,37.09575],[128.20523,37.09577],[128.20903,37.09519],[128.21051,37.09423],[128.21117,37.09414],[128.21172,37.09616],[128.21155,37.09783],[128.2121,37.10346],[128.21124,37.10585],[128.21142,37.10718],[128.21773,37.10709],[128.21822,37.10735],[128.21897,37.10705],[128.2194,37.10805],[128.22196,37.10978],[128.22429,37.10901],[128.22465,37.10767],[128.22527,37.10736],[128.22627,37.10785],[128.22683,37.10928],[128.22747,37.10961],[128.22847,37.10942],[128.22931,37.11011],[128.23025,37.11027],[128.23025,37.111],[128.22889,37.11165],[128.2285,37.1127],[128.22871,37.11303],[128.22806,37.11413],[128.22839,37.11493],[128.2294,37.11471],[128.22967,37.11491],[128.22948,37.11534],[128.23086,37.11552],[128.22914,37.11823],[128.22749,37.12002],[128.22033,37.11966],[128.21935,37.12064],[128.2191,37.12121],[128.22,37.1224],[128.22605,37.1225],[128.22465,37.12505],[128.22348,37.12474],[128.22334,37.12506],[128.22077,37.12516]]]}},{"type":"Feature","properties":{"zoneId":"Z000151164","zoneName":"장락초백운초송학초화당초공동(일방)통학구역","zoneType":"elementary","level":"초등학교","kind":"shared","oneWay":true,"sggCode":"150","eduCode":"8031000","eduName":"충청북도제천교육지원청","updatedAt":"2025-12-09"},"geometry":{"type":"Polygon","coordinates":[[[128.22873,37.16295],[128.2284,37.16296],[128.22506,37.16187],[128.22403,37.16121],[128.2215,37.16066],[128.22132,37.16035],[128.22171,37.15968],[128.22228,37.15951],[128.22299,37.15832],[128.22336,37.15823],[128.22306,37.15748],[128.22224,37.15768],[128.22209,37.15834],[128.2214,37.15876],[128.22115,37.15788],[128.22191,37.15745],[128.22143,37.15666],[128.22133,37.15567],[128.22077,37.15507],[128.22106,37.1544],[128.2192,37.15232],[128.21796,37.15227],[128.21802,37.15188],[128.22227,37.15178],[128.22251,37.15021],[128.22632,37.14977],[128.22831,37.15348],[128.22922,37.15298],[128.22977,37.15199],[128.23148,37.1528],[128.2325,37.15405],[128.23282,37.15512],[128.23274,37.15553],[128.23219,37.15539],[128.23134,37.15631],[128.23137,37.15705],[128.22797,37.15864],[128.22916,37.1614],[128.22912,37.16293],[128.22873,37.16295]]]}},{"type":"Feature","properties":{"zoneId":"Z000106361","zoneName":"내토초통학구역","zoneType":"elementary","level":"초등학교","kind":"dedicated","oneWay":false,"sggCode":"150","eduCode":"8031000","eduName":"충청북도제천교육지원청","updatedAt":"2025-02-04"},"geometry":{"type":"Polygon","coordinates":[[[128.23107,37.14753],[128.23073,37.14756],[128.22949,37.14759],[128.22983,37.14681],[128.23082,37.14644],[128.22936,37.14521],[128.22983,37.14504],[128.22944,37.14431],[128.22717,37.14385],[128.22733,37.14439],[128.2278,37.14451],[128.22681,37.1447],[128.22658,37.14447],[128.22674,37.14287],[128.22787,37.14211],[128.22719,37.14068],[128.22717,37.13991],[128.22633,37.13941],[128.22551,37.13991],[128.22412,37.13988],[128.22405,37.13889],[128.22226,37.13749],[128.22204,37.13671],[128.22353,37.13543],[128.22356,37.1341],[128.22308,37.13296],[128.22679,37.13236],[128.23174,37.13217],[128.23512,37.13121],[128.23641,37.13149],[128.23505,37.13408],[128.23564,37.13463],[128.23571,37.13518],[128.23659,37.13589],[128.23627,37.13706],[128.23763,37.13797],[128.23728,37.13868],[128.23756,37.13944],[128.23838,37.14061],[128.23899,37.14081],[128.23938,37.14165],[128.23876,37.14366],[128.23897,37.14566],[128.23994,37.14646],[128.23982,37.1469],[128.23815,37.14719],[128.236,37.14666],[128.23382,37.14718],[128.23299,37.14688],[128.2323,37.14738],[128.23107,37.14753]]]}},{"type":"Feature","properties":{"zoneId":"Z000150681","zoneName":"명지초남당초청풍초금성초화당초공동(일방)통학구역","zoneType":"elementary","level":"초등학교","kind":"shared","oneWay":true,"sggCode":"150","eduCode":"8031000","eduName":"충청북도제천교육지원청","updatedAt":"2025-02-04"},"geometry":{"type":"Polygon","coordinates":[[[128.19944,37.12361],[128.1982,37.12374],[128.19786,37.1238],[128.19614,37.12239],[128.19536,37.12082],[128.19537,37.12035],[128.19692,37.11983],[128.19867,37.12288],[128.19944,37.12361]]]}},{"type":"Feature","properties":{"zoneId":"Z000103518","zoneName":"제천중앙초통학구역","zoneType":"elementary","level":"초등학교","kind":"dedicated","oneWay":false,"sggCode":"150","eduCode":"8031000","eduName":"충청북도제천교육지원청","updatedAt":"2025-02-04"},"geometry":{"type":"Polygon","coordinates":[[[128.21805,37.15625],[128.21825,37.15628],[128.21731,37.15665],[128.21267,37.15579],[128.21346,37.15311],[128.21435,37.15164],[128.21236,37.15053],[128.21318,37.14959],[128.21333,37.14882],[128.21463,37.14872],[128.21442,37.14777],[128.21654,37.14719],[128.21704,37.14786],[128.21759,37.14719],[128.21876,37.14693],[128.2194,37.14783],[128.21986,37.14653],[128.21884,37.14538],[128.22049,37.14582],[128.22418,37.14519],[128.22633,37.14978],[128.22251,37.15021],[128.22227,37.15178],[128.21802,37.15188],[128.21796,37.15227],[128.2192,37.15232],[128.2206,37.15395],[128.21968,37.15397],[128.2188,37.15555],[128.21826,37.15547],[128.21805,37.15625]]]}},{"type":"Feature","properties":{"zoneId":"Z000151526","zoneName":"제천봉양초원주신림초공동통학구역","zoneType":"elementary","level":"초등학교","kind":"shared","oneWay":false,"sggCode":"150","eduCode":"8031000","eduName":"충청북도제천교육지원청","updatedAt":"2025-02-04"},"geometry":{"type":"Polygon","coordinates":[[[128.0937,37.19974],[128.09356,37.19953],[128.09346,37.19901],[128.09636,37.19895],[128.09767,37.19936],[128.09887,37.20069],[128.10096,37.20123],[128.10207,37.20187],[128.10196,37.20237],[128.1,37.2017],[128.09926,37.20187],[128.09646,37.2005],[128.0954,37.20044],[128.09512,37.19994],[128.0937,37.19974]]]}},{"type":"Feature","properties":{"zoneId":"Z000151527","zoneName":"장락초제천중앙초송학초화당초공동(일방)통학구역","zoneType":"elementary","level":"초등학교","kind":"shared","oneWay":true,"sggCode":"150","eduCode":"8031000","eduName":"충청북도제천교육지원청","updatedAt":"2025-02-04"},"geometry":{"type":"Polygon","coordinates":[[[128.22949,37.15233],[128.22922,37.15298],[128.22831,37.15348],[128.22474,37.14676],[128.22625,37.14678],[128.22737,37.14754],[128.23016,37.1476],[128.2323,37.14738],[128.23299,37.14688],[128.23382,37.14718],[128.236,37.14666],[128.23815,37.14719],[128.23982,37.1469],[128.24008,37.14844],[128.23745,37.14989],[128.23763,37.151],[128.23652,37.15162],[128.23577,37.15182],[128.23545,37.15132],[128.23248,37.15156],[128.23218,37.152],[128.23095,37.15203],[128.23051,37.15235],[128.22977,37.15199],[128.22949,37.15233]]]}},{"type":"Feature","properties":{"zoneId":"Z000103517","zoneName":"제천덕산초통학구역","zoneType":"elementary","level":"초등학교","kind":"dedicated","oneWay":false,"sggCode":"150","eduCode":"8031000","eduName":"충청북도제천교육지원청","updatedAt":"2025-02-04"},"geometry":{"type":"Polygon","coordinates":[[[128.1469,36.93849],[128.14682,36.93868],[128.14325,36.93785],[128.14258,36.93738],[128.1411,36.93774],[128.14014,36.93713],[128.13879,36.93687],[128.13738,36.93676],[128.13693,36.93707],[128.13613,36.93648],[128.13413,36.93732],[128.13267,36.93845],[128.1321,36.93717],[128.13074,36.93647],[128.12997,36.93658],[128.12944,36.93627],[128.12881,36.93702],[128.12704,36.93733],[128.12651,36.937],[128.12596,36.93488],[128.1253,36.93409],[128.12225,36.9322],[128.11776,36.93108],[128.11654,36.93047],[128.11394,36.93079],[128.11381,36.9301],[128.11163,36.92886],[128.11142,36.92704],[128.11188,36.92531],[128.11076,36.92438],[128.10656,36.92257],[128.1061,36.92165],[128.10426,36.91972],[128.10491,36.91538],[128.10557,36.91446],[128.10708,36.9134],[128.10619,36.91151],[128.10611,36.91023],[128.10434,36.91045],[128.10283,36.91151],[128.10223,36.91058],[128.10302,36.90979],[128.10309,36.90848],[128.1035,36.90769],[128.10327,36.9065],[128.10373,36.90532],[128.10298,36.9023],[128.10155,36.89798],[128.09782,36.89378],[128.0994,36.89189],[128.09985,36.89068],[128.10098,36.88965],[128.10373,36.88843],[128.10551,36.88593],[128.10705,36.88618],[128.10705,36.8858],[128.10493,36.88362],[128.10457,36.88171],[128.10512,36.87899],[128.10604,36.87791],[128.10657,36.87612],[128.10641,36.87541],[128.10787,36.87453],[128.10824,36.87361],[128.1093,36.87292],[128.11134,36.87234],[128.11258,36.87145],[128.11344,36.86985],[128.11528,36.86816],[128.11793,36.86687],[128.12078,36.86615],[128.12284,36.86444],[128.12198,36.86402],[128.12143,36.86321],[128.12192,36.8623],[128.12162,36.86095],[128.12573,36.85741],[128.12553,36.85631],[128.12598,36.8546],[128.11997,36.85228],[128.12014,36.8505],[128.1166,36.84573],[128.11596,36.84401],[128.12276,36.84326],[128.13149,36.84364],[128.13172,36.84141],[128.1373,36.83795],[128.13721,36.83597],[128.13609,36.8329],[128.13869,36.83278],[128.14106,36.83348],[128.14178,36.83334],[128.14262,36.83239],[128.14335,36.83085],[128.14422,36.83017],[128.14745,36.82936],[128.149,36.82863],[128.14984,36.82758],[128.15068,36.82426],[128.15143,36.82324],[128.15312,36.82244],[128.15534,36.822],[128.15834,36.82232],[128.16,36.82202],[128.16263,36.82099],[128.16535,36.82111],[128.16815,36.82185],[128.17132,36.8221],[128.17522,36.82085],[128.1848,36.81663],[128.18827,36.81628],[128.19079,36.81642],[128.19368,36.81712],[128.20366,36.81335],[128.20717,36.81242],[128.21186,36.81171],[128.21422,36.8117],[128.21621,36.81246],[128.21672,36.81325],[128.21634,36.81444],[128.21732,36.81828],[128.21732,36.81937],[128.21639,36.82073],[128.21639,36.82251],[128.21589,36.82433],[128.21584,36.82787],[128.21545,36.82925],[128.21434,36.83081],[128.21472,36.83235],[128.21422,36.83361],[128.21451,36.83485],[128.2136,36.838],[128.21301,36.83913],[128.21112,36.84117],[128.21071,36.84243],[128.21076,36.84549],[128.21125,36.8469],[128.21275,36.84918],[128.21254,36.84973],[128.21666,36.84929],[128.22039,36.84832],[128.22211,36.84726],[128.22616,36.84615],[128.23013,36.84537],[128.23308,36.8452],[128.23702,36.84535],[128.23684,36.8476],[128.23794,36.8487],[128.23871,36.85018],[128.23623,36.85184],[128.2344,36.85468],[128.23423,36.85599],[128.23465,36.85629],[128.23454,36.85764],[128.23524,36.85825],[128.23546,36.8589],[128.23523,36.85938],[128.23535,36.86095],[128.23466,36.86283],[128.23604,36.86332],[128.2372,36.86438],[128.2395,36.8651],[128.23967,36.86775],[128.24102,36.87021],[128.24037,36.87131],[128.24088,36.87211],[128.24174,36.8722],[128.24283,36.87345],[128.24251,36.87802],[128.24282,36.87844],[128.24063,36.87921],[128.23893,36.88064],[128.23672,36.88124],[128.23549,36.88229],[128.23432,36.88242],[128.23131,36.88185],[128.2291,36.88269],[128.22858,36.88445],[128.22642,36.8864],[128.22441,36.88679],[128.22257,36.88749],[128.22219,36.88797],[128.22045,36.88846],[128.21873,36.88834],[128.21829,36.88934],[128.21887,36.8899],[128.21841,36.89187],[128.21776,36.89287],[128.21751,36.89515],[128.21656,36.89617],[128.21603,36.89614],[128.21497,36.89715],[128.21369,36.89723],[128.21016,36.89666],[128.20954,36.89693],[128.20837,36.89841],[128.20783,36.8985],[128.20717,36.89931],[128.207,36.90058],[128.20655,36.90133],[128.20442,36.90078],[128.20305,36.89987],[128.19953,36.89897],[128.19649,36.89932],[128.1959,36.89874],[128.19596,36.89828],[128.19543,36.89813],[128.19442,36.89815],[128.19243,36.89747],[128.19086,36.89793],[128.1916,36.89984],[128.19103,36.90059],[128.19107,36.90186],[128.19063,36.90299],[128.18977,36.90433],[128.1905,36.90705],[128.18869,36.90811],[128.18799,36.90911],[128.18485,36.91186],[128.18256,36.91298],[128.18197,36.91422],[128.18213,36.91643],[128.18174,36.91662],[128.18144,36.91763],[128.18033,36.91853],[128.1763,36.91871],[128.17473,36.91927],[128.17393,36.92065],[128.17331,36.92098],[128.17207,36.92128],[128.16864,36.92123],[128.16778,36.92162],[128.16751,36.92347],[128.16792,36.92496],[128.16866,36.92573],[128.16853,36.92723],[128.16928,36.92945],[128.16779,36.93003],[128.1663,36.93014],[128.16585,36.93085],[128.16346,36.93034],[128.1607,36.92756],[128.15961,36.92768],[128.15818,36.92845],[128.15694,36.92798],[128.15656,36.92818],[128.15636,36.92898],[128.15451,36.92954],[128.15229,36.92958],[128.15079,36.93108],[128.15073,36.9334],[128.15099,36.93407],[128.14981,36.93531],[128.14791,36.93634],[128.1469,36.93849]]]}},{"type":"Feature","properties":{"zoneId":"Z000151524","zoneName":"제천덕산초한송초공동통학구역","zoneType":"elementary","level":"초등학교","kind":"shared","oneWay":false,"sggCode":"150","eduCode":"8031000","eduName":"충청북도제천교육지원청","updatedAt":"2025-02-04"},"geometry":{"type":"Polygon","coordinates":[[[128.10283,36.91151],[128.10204,36.91219],[128.09789,36.91628],[128.09752,36.91877],[128.09598,36.92046],[128.09484,36.92116],[128.0918,36.92172],[128.08966,36.9216],[128.08865,36.92102],[128.08873,36.91921],[128.09014,36.91498],[128.09027,36.91315],[128.08952,36.91148],[128.09034,36.90971],[128.08872,36.9074],[128.0877,36.9068],[128.08805,36.90359],[128.08747,36.90254],[128.09027,36.90076],[128.09553,36.89539],[128.09782,36.89378],[128.10155,36.89798],[128.10373,36.90532],[128.10327,36.9065],[128.1035,36.90769],[128.10309,36.90848],[128.10302,36.90979],[128.10223,36.91058],[128.10283,36.91151]]]}},{"type":"Feature","properties":{"zoneId":"Z000103514","zoneName":"의림초통학구역","zoneType":"elementary","level":"초등학교","kind":"dedicated","oneWay":false,"sggCode":"150","eduCode":"8031000","eduName":"충청북도제천교육지원청","updatedAt":"2025-02-04"},"geometry":{"type":"Polygon","coordinates":[[[128.21267,37.15579],[128.2122,37.15692],[128.21151,37.15837],[128.21148,37.15982],[128.21128,37.15982],[128.20194,37.15509],[128.20121,37.15483],[128.20102,37.15519],[128.20064,37.1537],[128.19922,37.15322],[128.19881,37.1523],[128.19825,37.15203],[128.19811,37.15153],[128.1984,37.15129],[128.19724,37.15013],[128.19703,37.14964],[128.19754,37.14876],[128.19722,37.14782],[128.19828,37.14732],[128.19987,37.14574],[128.20158,37.14211],[128.20212,37.13966],[128.20177,37.13894],[128.20928,37.13648],[128.20968,37.13637],[128.2103,37.13756],[128.20954,37.1378],[128.20964,37.13858],[128.21075,37.13842],[128.21209,37.14095],[128.21448,37.14026],[128.21532,37.14241],[128.21647,37.14201],[128.21648,37.14228],[128.21917,37.14333],[128.21963,37.14273],[128.21829,37.14068],[128.21883,37.14068],[128.21865,37.13997],[128.21974,37.13983],[128.22083,37.14014],[128.22168,37.14086],[128.22209,37.14085],[128.2224,37.14161],[128.22397,37.14115],[128.22457,37.14165],[128.22474,37.1414],[128.22404,37.14074],[128.22412,37.13988],[128.22551,37.13991],[128.2264,37.13943],[128.22717,37.13991],[128.22719,37.14068],[128.22787,37.14211],[128.22674,37.14287],[128.22665,37.1446],[128.2278,37.14451],[128.22733,37.14439],[128.22717,37.14385],[128.22939,37.14428],[128.22983,37.14504],[128.22936,37.14521],[128.23082,37.14644],[128.22983,37.14681],[128.22949,37.14759],[128.22737,37.14754],[128.22625,37.14678],[128.22474,37.14676],[128.22418,37.14519],[128.22049,37.14582],[128.21884,37.14538],[128.21986,37.14653],[128.21935,37.14786],[128.21876,37.14693],[128.21759,37.14719],[128.21704,37.14786],[128.21654,37.14719],[128.21442,37.14777],[128.21463,37.14872],[128.21333,37.14882],[128.21318,37.14959],[128.21236,37.15053],[128.21435,37.15164],[128.21346,37.15311],[128.21267,37.15579]]]}},{"type":"Feature","properties":{"zoneId":"Z000103508","zoneName":"봉양초통학구역","zoneType":"elementary","level":"초등학교","kind":"dedicated","oneWay":false,"sggCode":"150","eduCode":"8031000","eduName":"충청북도제천교육지원청","updatedAt":"2025-02-04"},"geometry":{"type":"Polygon","coordinates":[[[128.12629,37.23459],[128.12629,37.23459],[128.12532,37.23454],[128.12459,37.23382],[128.12463,37.23326],[128.124,37.23259],[128.1233,37.23096],[128.12151,37.22933],[128.12167,37.22895],[128.12127,37.22768],[128.1208,37.2273],[128.12182,37.22641],[128.12236,37.2252],[128.11844,37.22284],[128.11551,37.22027],[128.11478,37.21842],[128.11521,37.21664],[128.11426,37.21526],[128.11417,37.21305],[128.11326,37.21238],[128.11222,37.21078],[128.11115,37.21015],[128.11182,37.20893],[128.11159,37.20774],[128.10935,37.20661],[128.1088,37.20573],[128.10701,37.20509],[128.10505,37.20377],[128.10196,37.20237],[128.10207,37.20187],[128.10096,37.20123],[128.09887,37.20069],[128.09767,37.19936],[128.09636,37.19895],[128.09346,37.19901],[128.0937,37.19974],[128.09257,37.19928],[128.08827,37.19941],[128.08565,37.19703],[128.07946,37.19474],[128.07754,37.1937],[128.0756,37.19373],[128.07431,37.19309],[128.07201,37.19449],[128.06577,37.19389],[128.06356,37.19282],[128.06288,37.19282],[128.06047,37.19409],[128.0572,37.19304],[128.05547,37.19224],[128.05473,37.19153],[128.05182,37.19091],[128.04981,37.18958],[128.04703,37.18964],[128.04377,37.19089],[128.04107,37.18899],[128.04015,37.18902],[128.04172,37.18764],[128.04164,37.18613],[128.04262,37.18392],[128.04268,37.18255],[128.04348,37.18197],[128.04425,37.18028],[128.04418,37.17809],[128.04541,37.17672],[128.04849,37.17484],[128.04929,37.17392],[128.04968,37.17264],[128.04989,37.17096],[128.04728,37.16935],[128.0459,37.16965],[128.04498,37.16866],[128.04461,37.16772],[128.04523,37.16699],[128.04537,37.16626],[128.04765,37.1647],[128.05045,37.16393],[128.05116,37.16257],[128.05285,37.16171],[128.05287,37.16136],[128.05423,37.16042],[128.05538,37.16001],[128.05635,37.15848],[128.05794,37.15764],[128.05823,37.15573],[128.05958,37.1553],[128.06169,37.15398],[128.06063,37.15191],[128.0605,37.15103],[128.06085,37.15016],[128.05928,37.14733],[128.0577,37.14648],[128.05614,37.14652],[128.05445,37.14578],[128.0553,37.14457],[128.05566,37.1425],[128.05643,37.14099],[128.05637,37.13943],[128.05565,37.13885],[128.05682,37.13789],[128.05706,37.13639],[128.05643,37.13468],[128.0565,37.13409],[128.05592,37.13324],[128.056,37.13167],[128.0564,37.13127],[128.05557,37.12884],[128.05588,37.12867],[128.0541,37.12561],[128.05387,37.12467],[128.05427,37.12361],[128.05417,37.12283],[128.05319,37.12144],[128.05439,37.11977],[128.05632,37.11912],[128.05673,37.11868],[128.05612,37.11624],[128.05677,37.11601],[128.05745,37.11454],[128.06053,37.11254],[128.06155,37.1104],[128.0644,37.1108],[128.06629,37.11058],[128.0681,37.10892],[128.06931,37.10859],[128.07026,37.10757],[128.06971,37.10681],[128.06908,37.10667],[128.06751,37.10413],[128.068,37.10322],[128.0694,37.10345],[128.07157,37.10314],[128.07122,37.10264],[128.07172,37.10145],[128.07143,37.09993],[128.07202,37.09938],[128.07186,37.09867],[128.07309,37.09778],[128.07382,37.09615],[128.07402,37.0948],[128.07528,37.09312],[128.07548,37.09176],[128.07795,37.0891],[128.07807,37.0879],[128.07736,37.0865],[128.07745,37.08607],[128.07684,37.08455],[128.07614,37.08384],[128.07705,37.08289],[128.07912,37.08232],[128.081,37.08008],[128.08203,37.07952],[128.08253,37.07808],[128.08526,37.07605],[128.08531,37.07503],[128.08674,37.07473],[128.08929,37.07322],[128.09277,37.07331],[128.09426,37.07192],[128.09674,37.07073],[128.09766,37.06944],[128.0987,37.06994],[128.10069,37.06956],[128.10308,37.06833],[128.10423,37.06693],[128.10615,37.06744],[128.10705,37.06718],[128.10765,37.06697],[128.10831,37.06591],[128.11069,37.06503],[128.11132,37.0673],[128.11236,37.06761],[128.1128,37.06824],[128.11433,37.06892],[128.11455,37.0696],[128.11558,37.07069],[128.11827,37.07125],[128.12074,37.07114],[128.12128,37.07142],[128.12217,37.07114],[128.12308,37.07158],[128.1244,37.07132],[128.12505,37.07199],[128.1249,37.07227],[128.12628,37.07474],[128.12779,37.07401],[128.12628,37.07474],[128.12672,37.07569],[128.12605,37.07619],[128.12631,37.07713],[128.12616,37.07839],[128.12528,37.07894],[128.1254,37.07979],[128.12742,37.08037],[128.12825,37.08097],[128.12939,37.0809],[128.12998,37.08201],[128.13243,37.08329],[128.13215,37.08407],[128.13224,37.08668],[128.13371,37.08875],[128.13369,37.08978],[128.13429,37.09056],[128.13343,37.09093],[128.1331,37.09164],[128.13222,37.09161],[128.13141,37.09226],[128.13053,37.09203],[128.12919,37.09325],[128.1282,37.09323],[128.12562,37.09422],[128.1248,37.09417],[128.12268,37.09607],[128.12194,37.0961],[128.12171,37.09686],[128.12198,37.0978],[128.12286,37.09814],[128.12319,37.09884],[128.12278,37.09922],[128.12302,37.10021],[128.12446,37.10104],[128.12497,37.10196],[128.12427,37.10245],[128.12416,37.10359],[128.12374,37.10418],[128.12231,37.1045],[128.12225,37.10592],[128.12001,37.10763],[128.11995,37.10784],[128.12088,37.1081],[128.12034,37.10892],[128.12268,37.1093],[128.12331,37.10992],[128.12577,37.11035],[128.12632,37.11014],[128.12844,37.11126],[128.13009,37.11108],[128.1305,37.11159],[128.13344,37.1102],[128.13624,37.11187],[128.13817,37.11245],[128.14021,37.1116],[128.14126,37.11073],[128.14155,37.11008],[128.14252,37.11013],[128.14271,37.10951],[128.14377,37.10892],[128.14467,37.10907],[128.14501,37.10829],[128.14623,37.1084],[128.1472,37.10912],[128.1509,37.10884],[128.1512,37.10963],[128.15187,37.1099],[128.15243,37.11097],[128.15139,37.11227],[128.15178,37.1136],[128.15149,37.11401],[128.15177,37.11561],[128.15141,37.11597],[128.15276,37.11791],[128.15268,37.11832],[128.15352,37.11981],[128.15463,37.12103],[128.15428,37.12133],[128.15402,37.12277],[128.1533,37.12326],[128.15336,37.1245],[128.15187,37.12564],[128.1519,37.12635],[128.15084,37.12705],[128.15073,37.12785],[128.15543,37.1288],[128.15651,37.12936],[128.15492,37.1314],[128.1555,37.13174],[128.15512,37.13205],[128.15578,37.13337],[128.15539,37.13401],[128.15751,37.13527],[128.15823,37.13534],[128.15999,37.13625],[128.16011,37.13733],[128.15926,37.13812],[128.15931,37.13914],[128.15852,37.1404],[128.15803,37.14013],[128.15717,37.14059],[128.15539,37.14236],[128.15459,37.14253],[128.15405,37.14319],[128.15319,37.14328],[128.15259,37.14379],[128.15043,37.14142],[128.14879,37.14093],[128.14859,37.14277],[128.14717,37.14554],[128.14745,37.14591],[128.1471,37.14711],[128.14622,37.14814],[128.14711,37.14954],[128.14632,37.14952],[128.14558,37.14992],[128.14503,37.15155],[128.14472,37.15183],[128.14407,37.15161],[128.14411,37.15262],[128.14384,37.15287],[128.14273,37.15271],[128.14169,37.15504],[128.1466,37.16852],[128.14761,37.16948],[128.1484,37.16952],[128.14876,37.17047],[128.15053,37.17172],[128.15334,37.17169],[128.15418,37.17221],[128.15663,37.17234],[128.16024,37.17433],[128.16161,37.17562],[128.16389,37.17696],[128.16388,37.17791],[128.16482,37.17942],[128.16535,37.1817],[128.16512,37.18253],[128.1657,37.18321],[128.16642,37.18351],[128.16855,37.18582],[128.16936,37.18629],[128.17278,37.18699],[128.17327,37.18765],[128.17395,37.18763],[128.17351,37.18802],[128.1766,37.19069],[128.17636,37.19536],[128.17906,37.19799],[128.17975,37.20038],[128.18043,37.20083],[128.17963,37.20203],[128.17981,37.20236],[128.17819,37.20319],[128.17678,37.20314],[128.17618,37.20394],[128.17625,37.20463],[128.17522,37.20603],[128.17341,37.20749],[128.17132,37.21197],[128.16706,37.2148],[128.16404,37.21331],[128.16166,37.21486],[128.16146,37.2154],[128.15802,37.21631],[128.15467,37.21567],[128.15416,37.21586],[128.15254,37.21745],[128.15086,37.22074],[128.14881,37.22068],[128.14689,37.22232],[128.14561,37.22184],[128.14232,37.22434],[128.14204,37.2286],[128.14055,37.22955],[128.13844,37.22997],[128.1329,37.2298],[128.13231,37.23018],[128.13226,37.23093],[128.13045,37.23229],[128.12957,37.23375],[128.12799,37.23361],[128.12761,37.23423],[128.12629,37.23459]]]}},{"type":"Feature","properties":{"zoneId":"Z000150639","zoneName":"신백초두학초공동(일방)통학구역","zoneType":"elementary","level":"초등학교","kind":"shared","oneWay":true,"sggCode":"150","eduCode":"8031000","eduName":"충청북도제천교육지원청","updatedAt":"2025-02-04"},"geometry":{"type":"Polygon","coordinates":[[[128.23306,37.13166],[128.2328,37.13173],[128.23174,37.13217],[128.22679,37.13236],[128.22308,37.13296],[128.22221,37.13061],[128.22205,37.12883],[128.22261,37.12799],[128.22233,37.12779],[128.2218,37.12839],[128.22058,37.13121],[128.21904,37.12841],[128.21999,37.1281],[128.21966,37.12739],[128.22007,37.12725],[128.21897,37.12621],[128.21756,37.12571],[128.21808,37.1254],[128.22334,37.12506],[128.2233,37.12475],[128.22465,37.12505],[128.22605,37.1225],[128.22,37.1224],[128.2191,37.12121],[128.21977,37.1201],[128.22033,37.11966],[128.22749,37.12002],[128.22914,37.11823],[128.23033,37.11613],[128.23177,37.11477],[128.23212,37.11385],[128.23365,37.11386],[128.23428,37.11353],[128.23496,37.11135],[128.23565,37.11116],[128.23549,37.10986],[128.23619,37.10978],[128.23569,37.10881],[128.23594,37.10636],[128.23766,37.10566],[128.23754,37.10447],[128.23791,37.10432],[128.23675,37.10361],[128.23667,37.10278],[128.23853,37.10213],[128.23815,37.10083],[128.23938,37.1006],[128.24025,37.10002],[128.23942,37.09902],[128.23954,37.09806],[128.24036,37.09789],[128.24089,37.09706],[128.24037,37.09583],[128.24072,37.09518],[128.24028,37.09427],[128.23782,37.09284],[128.23772,37.09231],[128.23865,37.0921],[128.23938,37.0923],[128.24,37.09179],[128.2396,37.09073],[128.24171,37.0895],[128.24166,37.08827],[128.24346,37.08755],[128.24406,37.08609],[128.2437,37.08443],[128.24249,37.08287],[128.24299,37.08085],[128.24667,37.07764],[128.24679,37.07692],[128.24925,37.07511],[128.25086,37.07611],[128.25097,37.078],[128.25278,37.07978],[128.2541,37.08024],[128.25521,37.08203],[128.25714,37.08279],[128.26014,37.08259],[128.26042,37.08194],[128.26139,37.08204],[128.26176,37.08266],[128.2635,37.08372],[128.2651,37.08431],[128.2655,37.08484],[128.26626,37.08489],[128.26813,37.08718],[128.26961,37.08753],[128.26988,37.08836],[128.26895,37.08873],[128.26894,37.08848],[128.26813,37.08841],[128.26692,37.08743],[128.26594,37.08837],[128.26436,37.08816],[128.26473,37.08879],[128.2645,37.08914],[128.26294,37.0903],[128.26233,37.09029],[128.26122,37.09366],[128.26153,37.09566],[128.25961,37.09913],[128.25637,37.10024],[128.25637,37.10146],[128.25787,37.10239],[128.25911,37.10409],[128.26005,37.10427],[128.26176,37.10622],[128.2632,37.10707],[128.26264,37.10802],[128.26326,37.10856],[128.26388,37.10788],[128.26447,37.1083],[128.2656,37.10781],[128.26595,37.1083],[128.26694,37.10864],[128.26638,37.1099],[128.26734,37.1113],[128.26713,37.11281],[128.26736,37.11353],[128.26857,37.1135],[128.27023,37.11271],[128.27052,37.1134],[128.27019,37.11485],[128.27092,37.11646],[128.27014,37.1189],[128.26727,37.11895],[128.26357,37.11963],[128.2604,37.11953],[128.25482,37.12031],[128.25335,37.11914],[128.25251,37.11965],[128.25081,37.11947],[128.25022,37.12018],[128.24934,37.12005],[128.24915,37.11923],[128.24793,37.1188],[128.2463,37.12055],[128.24437,37.12105],[128.24169,37.12339],[128.2377,37.12366],[128.23679,37.12549],[128.23503,37.12627],[128.23332,37.12575],[128.23252,37.1259],[128.23195,37.12522],[128.23118,37.12489],[128.22948,37.12502],[128.22872,37.126],[128.22915,37.12645],[128.22889,37.12846],[128.22938,37.12917],[128.23029,37.12891],[128.23143,37.1294],[128.23141,37.12975],[128.23193,37.13014],[128.23312,37.13016],[128.23386,37.13154],[128.23306,37.13166]]]}},{"type":"Feature","properties":{"zoneId":"Z000103512","zoneName":"왕미초통학구역","zoneType":"elementary","level":"초등학교","kind":"dedicated","oneWay":false,"sggCode":"150","eduCode":"8031000","eduName":"충청북도제천교육지원청","updatedAt":"2025-02-04"},"geometry":{"type":"Polygon","coordinates":[[[128.17543,37.187],[128.17466,37.18737],[128.17327,37.18765],[128.17278,37.18699],[128.16936,37.18629],[128.16855,37.18582],[128.16512,37.18253],[128.16535,37.1817],[128.16482,37.17942],[128.16388,37.17791],[128.16389,37.17696],[128.16161,37.17562],[128.16024,37.17433],[128.15663,37.17234],[128.15418,37.17221],[128.15334,37.17169],[128.15053,37.17172],[128.14876,37.17047],[128.1484,37.16952],[128.14761,37.16948],[128.1466,37.16852],[128.14169,37.15504],[128.14273,37.15271],[128.14384,37.15287],[128.14411,37.15262],[128.14407,37.15161],[128.14472,37.15183],[128.14503,37.15155],[128.14558,37.14992],[128.14632,37.14952],[128.14711,37.14954],[128.14622,37.14814],[128.1471,37.14711],[128.14745,37.14591],[128.14717,37.14554],[128.14859,37.14277],[128.14879,37.14093],[128.15043,37.14142],[128.15259,37.14379],[128.15319,37.14328],[128.15405,37.14319],[128.15459,37.14253],[128.15539,37.14236],[128.15717,37.14059],[128.15803,37.14013],[128.16,37.14119],[128.15995,37.14174],[128.16055,37.14242],[128.16252,37.14118],[128.16301,37.13927],[128.16421,37.13926],[128.1652,37.14018],[128.166,37.1401],[128.16942,37.14129],[128.16953,37.14044],[128.17199,37.14012],[128.17306,37.14079],[128.17388,37.14081],[128.1748,37.1401],[128.17632,37.14007],[128.17711,37.13962],[128.17824,37.14051],[128.18026,37.14109],[128.18118,37.14097],[128.18097,37.14167],[128.18132,37.14193],[128.1828,37.14235],[128.18406,37.14195],[128.18507,37.14328],[128.18544,37.14262],[128.18683,37.14242],[128.18757,37.14321],[128.18849,37.14272],[128.18979,37.14297],[128.19171,37.14432],[128.1915,37.14609],[128.1921,37.14806],[128.19334,37.14917],[128.17776,37.15707],[128.17372,37.15743],[128.17813,37.15982],[128.1777,37.16099],[128.17773,37.16149],[128.1782,37.16186],[128.17738,37.16191],[128.17639,37.16323],[128.17736,37.16389],[128.17757,37.16476],[128.17824,37.16561],[128.1782,37.167],[128.17778,37.16787],[128.1762,37.16878],[128.17553,37.1704],[128.17629,37.17141],[128.17669,37.17269],[128.17813,37.17324],[128.17873,37.17385],[128.17726,37.17527],[128.1773,37.17624],[128.17794,37.17714],[128.17815,37.1793],[128.18127,37.18115],[128.18197,37.18213],[128.18194,37.18327],[128.18263,37.18507],[128.18036,37.18533],[128.17742,37.18678],[128.17652,37.18665],[128.17543,37.187]]]}},{"type":"Feature","properties":{"zoneId":"Z000103513","zoneName":"용두초통학구역","zoneType":"elementary","level":"초등학교","kind":"dedicated","oneWay":false,"sggCode":"150","eduCode":"8031000","eduName":"충청북도제천교육지원청","updatedAt":"2025-02-04"},"geometry":{"type":"Polygon","coordinates":[[[128.19492,37.18759],[128.19382,37.18769],[128.19271,37.18749],[128.19063,37.18632],[128.18732,37.18623],[128.1865,37.18664],[128.18466,37.18537],[128.18263,37.18507],[128.18194,37.18327],[128.18197,37.18213],[128.18127,37.18115],[128.17815,37.1793],[128.17794,37.17714],[128.1773,37.17624],[128.17726,37.17527],[128.17873,37.17385],[128.17813,37.17324],[128.17669,37.17269],[128.17629,37.17141],[128.17553,37.1704],[128.1762,37.16878],[128.17778,37.16787],[128.1782,37.167],[128.17824,37.16561],[128.17757,37.16476],[128.17736,37.16389],[128.17639,37.16323],[128.17738,37.16191],[128.1782,37.16186],[128.17773,37.16149],[128.1777,37.16099],[128.17813,37.15982],[128.17372,37.15743],[128.17776,37.15707],[128.19334,37.14917],[128.1921,37.14806],[128.1915,37.14609],[128.19155,37.14485],[128.19252,37.1432],[128.19323,37.14286],[128.19332,37.14206],[128.19453,37.14019],[128.19471,37.13932],[128.19546,37.13891],[128.19583,37.13795],[128.19967,37.13802],[128.20055,37.13763],[128.20209,37.13947],[128.20158,37.14211],[128.19987,37.14574],[128.19828,37.14732],[128.19722,37.14782],[128.19754,37.14876],[128.19703,37.14964],[128.1984,37.15129],[128.19811,37.15153],[128.19825,37.15203],[128.19881,37.1523],[128.19922,37.15322],[128.20064,37.1537],[128.20102,37.15519],[128.20121,37.15483],[128.20214,37.15518],[128.20382,37.16697],[128.20463,37.16691],[128.20494,37.16767],[128.20547,37.1679],[128.206,37.17017],[128.20565,37.17088],[128.20597,37.17188],[128.20554,37.17275],[128.20593,37.17326],[128.20511,37.17449],[128.20374,37.17502],[128.20362,37.17566],[128.20314,37.17573],[128.20289,37.17648],[128.20204,37.17666],[128.20231,37.17735],[128.20171,37.17914],[128.20077,37.17913],[128.20004,37.17952],[128.2001,37.1806],[128.1998,37.18087],[128.20109,37.18095],[128.19991,37.18176],[128.19941,37.18315],[128.19821,37.18435],[128.1975,37.18644],[128.19673,37.18707],[128.19492,37.18759]]]}},{"type":"Feature","properties":{"zoneId":"Z000103520","zoneName":"한송초통학구역","zoneType":"elementary","level":"초등학교","kind":"dedicated","oneWay":false,"sggCode":"150","eduCode":"8031000","eduName":"충청북도제천교육지원청","updatedAt":"2025-02-04"},"geometry":{"type":"Polygon","coordinates":[[[128.12034,36.95685],[128.11998,36.95701],[128.11864,36.95767],[128.11814,36.95979],[128.11728,36.96072],[128.11621,36.96125],[128.11576,36.96207],[128.10955,36.96416],[128.10969,36.9649],[128.10629,36.96669],[128.10422,36.96855],[128.10287,36.97131],[128.10307,36.97244],[128.1024,36.97319],[128.10207,36.97472],[128.10242,36.97534],[128.10283,36.97806],[128.10053,36.97998],[128.09937,36.98056],[128.09863,36.98295],[128.09877,36.98549],[128.09975,36.98611],[128.10071,36.9879],[128.09994,36.98866],[128.09953,36.98976],[128.09699,36.99186],[128.09573,36.99252],[128.09634,36.99307],[128.09344,36.99335],[128.09133,36.99233],[128.09059,36.99015],[128.09007,36.9895],[128.09025,36.98665],[128.09049,36.98581],[128.09093,36.98555],[128.09118,36.98217],[128.0907,36.97949],[128.09038,36.97943],[128.08647,36.96634],[128.08747,36.9613],[128.08741,36.9581],[128.08693,36.95582],[128.08724,36.95433],[128.0866,36.95097],[128.08486,36.94774],[128.08172,36.94824],[128.07512,36.95003],[128.06677,36.95502],[128.06442,36.95798],[128.0631,36.95882],[128.06073,36.95941],[128.06,36.96017],[128.05799,36.96014],[128.05444,36.95883],[128.04866,36.95628],[128.0483,36.95569],[128.04251,36.95446],[128.04035,36.95439],[128.04261,36.95326],[128.04287,36.95097],[128.04315,36.95096],[128.04281,36.94874],[128.04177,36.94873],[128.04218,36.94768],[128.04204,36.94557],[128.04259,36.94161],[128.04239,36.94155],[128.04303,36.93968],[128.04581,36.9372],[128.04858,36.93565],[128.04933,36.93569],[128.0503,36.93489],[128.05314,36.93434],[128.05583,36.93335],[128.05864,36.9318],[128.05995,36.92935],[128.06074,36.92306],[128.06109,36.92288],[128.06153,36.92147],[128.0625,36.91997],[128.07113,36.91507],[128.07271,36.91327],[128.07225,36.91101],[128.06966,36.91149],[128.0673,36.9103],[128.06626,36.90943],[128.06812,36.90503],[128.06679,36.90368],[128.06645,36.90192],[128.06668,36.90072],[128.06644,36.90012],[128.06716,36.89895],[128.06651,36.8976],[128.06546,36.89665],[128.06631,36.89387],[128.06457,36.8921],[128.06265,36.89094],[128.06017,36.88886],[128.05907,36.88748],[128.06065,36.88634],[128.06049,36.88504],[128.05786,36.8835],[128.05666,36.88326],[128.05543,36.88256],[128.0549,36.88013],[128.05303,36.87867],[128.05252,36.87683],[128.05265,36.87641],[128.0518,36.87498],[128.05094,36.87219],[128.0503,36.87177],[128.04773,36.87129],[128.04552,36.8705],[128.04487,36.86914],[128.04483,36.86696],[128.04354,36.8651],[128.04444,36.86354],[128.04401,36.86253],[128.04254,36.86111],[128.03858,36.8598],[128.03705,36.85791],[128.03558,36.85503],[128.03684,36.85174],[128.03822,36.85171],[128.03966,36.8503],[128.04178,36.84962],[128.04358,36.84844],[128.04635,36.84786],[128.04665,36.84749],[128.05077,36.84593],[128.05267,36.84572],[128.05523,36.84438],[128.05813,36.84378],[128.0581,36.84254],[128.05881,36.8395],[128.06052,36.83827],[128.06195,36.83792],[128.06269,36.83812],[128.06624,36.84282],[128.06881,36.8453],[128.07134,36.84588],[128.07448,36.84727],[128.0755,36.84726],[128.07979,36.84898],[128.08401,36.84951],[128.08713,36.85153],[128.08914,36.84997],[128.09143,36.84918],[128.09194,36.84604],[128.09289,36.84503],[128.09289,36.8438],[128.09375,36.84271],[128.09368,36.84178],[128.09457,36.83788],[128.09392,36.83686],[128.09457,36.83632],[128.09478,36.8353],[128.09693,36.83447],[128.09759,36.83351],[128.10057,36.83327],[128.10234,36.83218],[128.10486,36.83172],[128.10715,36.83062],[128.11071,36.83016],[128.11296,36.83047],[128.11523,36.83168],[128.11773,36.8321],[128.12216,36.83386],[128.12653,36.83395],[128.13068,36.83249],[128.13609,36.8329],[128.13721,36.83597],[128.1373,36.83795],[128.13172,36.84141],[128.13149,36.84364],[128.12276,36.84326],[128.11596,36.84401],[128.1166,36.84573],[128.12014,36.8505],[128.11997,36.85228],[128.12598,36.8546],[128.12553,36.85631],[128.12573,36.85741],[128.12162,36.86095],[128.12192,36.8623],[128.12143,36.86321],[128.12198,36.86402],[128.12284,36.86444],[128.12078,36.86615],[128.11793,36.86687],[128.11528,36.86816],[128.11344,36.86985],[128.11258,36.87145],[128.11134,36.87234],[128.1093,36.87292],[128.10824,36.87361],[128.10787,36.87453],[128.10641,36.87541],[128.10657,36.87612],[128.10604,36.87791],[128.10512,36.87899],[128.10457,36.88171],[128.10493,36.88362],[128.10705,36.8858],[128.10705,36.88618],[128.10551,36.88593],[128.10373,36.88843],[128.10098,36.88965],[128.09985,36.89068],[128.0994,36.89189],[128.09818,36.89351],[128.09553,36.89539],[128.0896,36.90135],[128.08854,36.90168],[128.08747,36.90254],[128.08805,36.90359],[128.0877,36.9068],[128.08872,36.9074],[128.09034,36.90971],[128.08952,36.91148],[128.09027,36.91315],[128.09014,36.91498],[128.08853,36.92018],[128.08889,36.92125],[128.08966,36.9216],[128.09228,36.92168],[128.09484,36.92116],[128.09598,36.92046],[128.09752,36.91877],[128.09775,36.91648],[128.09986,36.91409],[128.10387,36.91068],[128.10486,36.91027],[128.10611,36.91023],[128.10619,36.91151],[128.10708,36.9134],[128.10557,36.91446],[128.10491,36.91538],[128.10426,36.91972],[128.1061,36.92165],[128.10656,36.92257],[128.11076,36.92438],[128.11188,36.92531],[128.11142,36.92704],[128.11163,36.92886],[128.11381,36.9301],[128.11394,36.93079],[128.11654,36.93047],[128.11776,36.93108],[128.12225,36.9322],[128.1253,36.93409],[128.12596,36.93488],[128.12651,36.937],[128.12704,36.93733],[128.12881,36.93702],[128.12944,36.93627],[128.12997,36.93658],[128.13074,36.93647],[128.1321,36.93717],[128.13267,36.93845],[128.13413,36.93732],[128.13613,36.93648],[128.13693,36.93707],[128.13738,36.93676],[128.13879,36.93687],[128.14014,36.93713],[128.1411,36.93774],[128.14258,36.93738],[128.14325,36.93785],[128.14676,36.93882],[128.14703,36.94037],[128.14639,36.94186],[128.14631,36.94284],[128.14436,36.94354],[128.14286,36.94473],[128.14203,36.9448],[128.14085,36.94543],[128.13889,36.94781],[128.13726,36.95088],[128.13653,36.95116],[128.13463,36.95109],[128.13298,36.95175],[128.13127,36.95391],[128.13159,36.955],[128.12857,36.95473],[128.1273,36.95524],[128.12537,36.95548],[128.12401,36.95612],[128.12319,36.95599],[128.12219,36.95661],[128.12034,36.95685]]]}},{"type":"Feature","properties":{"zoneId":"Z000103394","zoneName":"문의초도원분교장통학구역","zoneType":"elementary","level":"초등학교","kind":"dedicated","oneWay":false,"sggCode":"111","eduCode":"8011000","eduName":"충청북도청주교육지원청","updatedAt":"2024-10-31"},"geometry":{"type":"MultiPolygon","coordinates":[[[[127.46029,36.54444],[127.45484,36.54482],[127.44943,36.54491],[127.44761,36.54559],[127.44713,36.54408],[127.44743,36.54173],[127.44782,36.54196],[127.45194,36.54152],[127.4519,36.54008],[127.45233,36.53995],[127.45285,36.5382],[127.45356,36.53758],[127.4528,36.53697],[127.45288,36.5352],[127.45355,36.53496],[127.45367,36.53441],[127.45411,36.53433],[127.4546,36.53369],[127.45462,36.53257],[127.45508,36.53199],[127.45499,36.52912],[127.45534,36.52884],[127.45512,36.52806],[127.45564,36.52559],[127.45488,36.52453],[127.45488,36.52396],[127.4535,36.52279],[127.45458,36.51972],[127.45406,36.51867],[127.45117,36.51661],[127.44903,36.516],[127.44833,36.51609],[127.44702,36.51535],[127.44544,36.51493],[127.44537,36.51298],[127.44574,36.51257],[127.44612,36.51073],[127.44727,36.50978],[127.44689,36.50913],[127.44703,36.5087],[127.44893,36.50669],[127.44924,36.50414],[127.4492,36.50337],[127.44885,36.50298],[127.44959,36.50209],[127.44988,36.50217],[127.44956,36.50144],[127.44977,36.5005],[127.45246,36.5005],[127.45375,36.50095],[127.45514,36.5003],[127.45583,36.49973],[127.4559,36.49919],[127.45665,36.4989],[127.45706,36.49705],[127.45776,36.49592],[127.45875,36.49527],[127.46072,36.49515],[127.46262,36.49403],[127.46518,36.49354],[127.46698,36.49255],[127.46751,36.49126],[127.47097,36.49053],[127.47272,36.49103],[127.47522,36.49037],[127.47612,36.49201],[127.47589,36.4967],[127.47657,36.49817],[127.47759,36.4996],[127.48072,36.50148],[127.48149,36.49989],[127.4825,36.49908],[127.48262,36.49845],[127.48428,36.49807],[127.48741,36.49837],[127.48871,36.50046],[127.48876,36.50253],[127.48816,36.50455],[127.48893,36.50878],[127.48767,36.50846],[127.48639,36.50856],[127.48427,36.51109],[127.48223,36.5112],[127.48143,36.51224],[127.48138,36.51339],[127.48175,36.5139],[127.48171,36.51707],[127.48066,36.51966],[127.48097,36.52188],[127.48009,36.52299],[127.47968,36.52418],[127.47997,36.52449],[127.47961,36.52589],[127.48026,36.52694],[127.47935,36.52923],[127.47902,36.53163],[127.47931,36.53246],[127.47768,36.53305],[127.47717,36.53456],[127.47581,36.53542],[127.4755,36.53602],[127.47452,36.53643],[127.47315,36.53626],[127.47069,36.53712],[127.46973,36.53709],[127.46663,36.53615],[127.46459,36.53879],[127.46343,36.54154],[127.46403,36.54266],[127.46339,36.54464],[127.4614,36.54597],[127.46029,36.54444]]],[[[127.45037,36.51838],[127.4509,36.51835],[127.45212,36.51747],[127.45278,36.51833],[127.45267,36.51981],[127.45383,36.51996],[127.45373,36.52036],[127.45246,36.52118],[127.45364,36.52148],[127.45363,36.52171],[127.45232,36.52161],[127.45192,36.5225],[127.45226,36.52247],[127.45192,36.52256],[127.45219,36.52286],[127.45207,36.5234],[127.45122,36.524],[127.45157,36.52417],[127.45394,36.52352],[127.45291,36.52431],[127.45347,36.52466],[127.45318,36.52506],[127.45375,36.52545],[127.45335,36.52572],[127.45333,36.52625],[127.45279,36.52595],[127.45257,36.52535],[127.45066,36.52419],[127.44895,36.52439],[127.44836,36.52491],[127.44698,36.52514],[127.44565,36.52593],[127.44648,36.52574],[127.44664,36.52701],[127.44864,36.52972],[127.44855,36.53023],[127.44988,36.53152],[127.45006,36.53376],[127.44949,36.53613],[127.45038,36.53916],[127.44975,36.53804],[127.44938,36.53598],[127.44986,36.53486],[127.44984,36.53153],[127.44849,36.5303],[127.44853,36.52978],[127.44623,36.52654],[127.44401,36.52513],[127.44279,36.52476],[127.43932,36.5246],[127.43512,36.52232],[127.43401,36.52212],[127.43135,36.52339],[127.43153,36.52547],[127.43068,36.52763],[127.42973,36.52837],[127.42935,36.52815],[127.43038,36.52702],[127.43137,36.52471],[127.43077,36.52347],[127.42876,36.52266],[127.42915,36.52231],[127.43103,36.52315],[127.43179,36.52311],[127.43377,36.52169],[127.43435,36.52172],[127.43983,36.5245],[127.44132,36.52382],[127.44131,36.52315],[127.44187,36.52292],[127.44086,36.52442],[127.44411,36.52503],[127.44573,36.5259],[127.44692,36.52512],[127.44959,36.52422],[127.44913,36.52344],[127.44854,36.52336],[127.44875,36.52255],[127.44847,36.52258],[127.44836,36.52186],[127.44984,36.52414],[127.45098,36.52336],[127.451,36.52296],[127.44976,36.52275],[127.44926,36.522],[127.44994,36.52186],[127.44907,36.52101],[127.44937,36.52067],[127.45136,36.52236],[127.45172,36.5207],[127.44964,36.51994],[127.45041,36.51938],[127.45115,36.51929],[127.45082,36.51905],[127.45104,36.51881],[127.45055,36.51874],[127.45037,36.51838]]],[[[127.45193,36.53134],[127.45197,36.53139],[127.45206,36.53159],[127.45179,36.53152],[127.45103,36.53057],[127.45147,36.53017],[127.4532,36.53074],[127.45193,36.53134]]],[[[127.45283,36.53003],[127.45275,36.53002],[127.45094,36.52983],[127.45274,36.52948],[127.45284,36.52897],[127.45356,36.52988],[127.45283,36.53003]]],[[[127.45052,36.51881],[127.4505,36.51891],[127.45042,36.51889],[127.45041,36.51887],[127.45041,36.51881],[127.45044,36.51878],[127.45052,36.51871],[127.45055,36.51874],[127.45052,36.51881]]]]}},{"type":"Feature","properties":{"zoneId":"Z000103431","zoneName":"옥포초통학구역","zoneType":"elementary","level":"초등학교","kind":"dedicated","oneWay":false,"sggCode":"112","eduCode":"8011000","eduName":"충청북도청주교육지원청","updatedAt":"2024-10-31"},"geometry":{"type":"MultiPolygon","coordinates":[[[[127.42231,36.52443],[127.42202,36.52395],[127.4212,36.52193],[127.42205,36.52119],[127.42158,36.5204],[127.42196,36.51754],[127.42145,36.51683],[127.42129,36.51586],[127.41953,36.51519],[127.41951,36.51408],[127.41918,36.51387],[127.41862,36.51421],[127.41802,36.51401],[127.41748,36.51275],[127.41485,36.51308],[127.41441,36.51353],[127.41502,36.51398],[127.41524,36.51494],[127.416,36.51472],[127.41756,36.51536],[127.41793,36.51524],[127.41857,36.51593],[127.41907,36.51596],[127.41972,36.51751],[127.42032,36.51782],[127.42064,36.51757],[127.42109,36.51791],[127.42104,36.5184],[127.41971,36.51778],[127.42026,36.51889],[127.41985,36.51904],[127.41978,36.51978],[127.42054,36.52079],[127.42003,36.52049],[127.4194,36.51933],[127.41985,36.51812],[127.4192,36.51749],[127.41932,36.51679],[127.41874,36.5172],[127.4181,36.51672],[127.41777,36.51701],[127.41749,36.51627],[127.41535,36.51544],[127.41467,36.51662],[127.4148,36.51759],[127.41582,36.51868],[127.41664,36.51841],[127.4174,36.51856],[127.41762,36.51924],[127.41829,36.51964],[127.41776,36.51945],[127.4173,36.5186],[127.41578,36.5187],[127.41496,36.51774],[127.41465,36.51822],[127.41497,36.51941],[127.41546,36.51972],[127.41499,36.51982],[127.41539,36.52125],[127.41496,36.51982],[127.41407,36.51899],[127.41282,36.51981],[127.41267,36.52068],[127.41199,36.52074],[127.41114,36.52179],[127.41085,36.52174],[127.41186,36.52078],[127.4111,36.52045],[127.41189,36.52072],[127.41257,36.52057],[127.41305,36.51942],[127.41394,36.51916],[127.41437,36.51823],[127.41399,36.51682],[127.41307,36.51664],[127.41137,36.51785],[127.40897,36.51804],[127.40833,36.5193],[127.40857,36.52023],[127.40817,36.52079],[127.40796,36.52083],[127.40775,36.51963],[127.407,36.52013],[127.40617,36.52008],[127.40467,36.52075],[127.40503,36.5213],[127.40613,36.52047],[127.40637,36.52076],[127.40578,36.52169],[127.4047,36.52211],[127.40377,36.52309],[127.40442,36.52243],[127.40441,36.52167],[127.40415,36.52153],[127.40446,36.52131],[127.40341,36.52114],[127.40312,36.52161],[127.40364,36.52223],[127.40315,36.52264],[127.40315,36.52333],[127.40192,36.52376],[127.40149,36.52365],[127.4009,36.52267],[127.39931,36.52143],[127.40022,36.52025],[127.40165,36.5206],[127.40258,36.51954],[127.40371,36.51941],[127.4058,36.51844],[127.40742,36.5187],[127.40787,36.51839],[127.40759,36.51825],[127.40855,36.51841],[127.40922,36.51788],[127.40964,36.51808],[127.41132,36.51779],[127.41232,36.51717],[127.41268,36.51659],[127.41395,36.51678],[127.4142,36.51642],[127.41361,36.51525],[127.41363,36.51423],[127.41409,36.5145],[127.41355,36.51329],[127.41332,36.51413],[127.41257,36.51449],[127.41198,36.51519],[127.41173,36.51611],[127.41112,36.51646],[127.4098,36.51664],[127.40787,36.51589],[127.40591,36.51643],[127.40487,36.51722],[127.40414,36.51688],[127.40417,36.51552],[127.40535,36.51303],[127.40468,36.51268],[127.40495,36.51195],[127.40623,36.51178],[127.40743,36.5105],[127.40904,36.50975],[127.4085,36.50897],[127.40892,36.50828],[127.40906,36.50664],[127.40759,36.50326],[127.40819,36.50212],[127.409,36.50188],[127.40788,36.50015],[127.40822,36.49955],[127.40943,36.49883],[127.40943,36.49844],[127.41033,36.49835],[127.4108,36.49775],[127.41056,36.49628],[127.40999,36.49597],[127.40983,36.49532],[127.40672,36.49479],[127.40433,36.49371],[127.39982,36.49335],[127.397,36.49235],[127.39612,36.49172],[127.40205,36.48632],[127.40324,36.487],[127.4061,36.48592],[127.4077,36.48615],[127.40797,36.48399],[127.40898,36.48352],[127.41004,36.48395],[127.41215,36.4836],[127.41359,36.48382],[127.414,36.48349],[127.41637,36.48334],[127.41725,36.48429],[127.41747,36.485],[127.4179,36.4892],[127.41942,36.48958],[127.41997,36.48877],[127.42116,36.4884],[127.42206,36.48892],[127.42531,36.48937],[127.42622,36.49005],[127.42706,36.4951],[127.42766,36.49564],[127.42783,36.49658],[127.42908,36.49671],[127.43089,36.49621],[127.43423,36.49668],[127.43495,36.49654],[127.43547,36.49707],[127.4369,36.49764],[127.43779,36.4977],[127.43961,36.49718],[127.44019,36.49785],[127.44328,36.49802],[127.44664,36.49921],[127.44673,36.49963],[127.44899,36.50095],[127.44948,36.5017],[127.44959,36.50209],[127.44885,36.50298],[127.4492,36.50337],[127.44924,36.50414],[127.44893,36.50669],[127.44703,36.5087],[127.44689,36.50913],[127.44727,36.50978],[127.44612,36.51073],[127.44574,36.51257],[127.44537,36.51298],[127.44544,36.51493],[127.44403,36.51688],[127.44274,36.51787],[127.44133,36.51789],[127.44023,36.51745],[127.43859,36.51785],[127.43764,36.51771],[127.43699,36.51823],[127.43633,36.51829],[127.43584,36.51808],[127.43537,36.5173],[127.43391,36.51728],[127.43225,36.5189],[127.42942,36.51837],[127.42904,36.51865],[127.4275,36.51866],[127.42727,36.51875],[127.42739,36.51967],[127.42918,36.52228],[127.42876,36.52266],[127.42847,36.52214],[127.42787,36.52255],[127.42785,36.52323],[127.42709,36.5242],[127.42557,36.52401],[127.42461,36.52421],[127.42351,36.52372],[127.42231,36.52443]]],[[[127.44794,36.54704],[127.44798,36.5472],[127.44741,36.54824],[127.44716,36.54973],[127.44608,36.55027],[127.4452,36.54972],[127.44169,36.54877],[127.43885,36.54857],[127.43699,36.54741],[127.43499,36.54671],[127.4344,36.54705],[127.43276,36.54689],[127.43281,36.5465],[127.43251,36.54659],[127.43218,36.54595],[127.43008,36.54441],[127.43018,36.54518],[127.42908,36.54545],[127.4257,36.54476],[127.42415,36.54589],[127.42209,36.54606],[127.42107,36.54657],[127.41781,36.5466],[127.41701,36.54739],[127.41439,36.5481],[127.41359,36.54861],[127.41294,36.54794],[127.41088,36.54787],[127.41051,36.54757],[127.40771,36.5478],[127.40693,36.54717],[127.40593,36.54691],[127.40532,36.5462],[127.40521,36.54514],[127.40399,36.54349],[127.40224,36.54219],[127.40182,36.54124],[127.40246,36.53994],[127.40267,36.53864],[127.40325,36.53782],[127.40413,36.53793],[127.40501,36.53731],[127.40538,36.53422],[127.40585,36.53298],[127.40562,36.5314],[127.40706,36.52977],[127.40852,36.52883],[127.40798,36.52781],[127.40841,36.52718],[127.40901,36.52747],[127.41067,36.52743],[127.41202,36.5269],[127.41329,36.52711],[127.41475,36.52639],[127.41552,36.52654],[127.4164,36.52603],[127.41763,36.52589],[127.41938,36.52606],[127.42135,36.52675],[127.42195,36.52661],[127.42239,36.52759],[127.42536,36.52678],[127.42604,36.52715],[127.42664,36.52652],[127.42734,36.52651],[127.42767,36.52745],[127.42827,36.52789],[127.42913,36.52785],[127.43025,36.52871],[127.43169,36.52894],[127.4339,36.52772],[127.43644,36.52753],[127.43985,36.53089],[127.44102,36.53311],[127.44359,36.53448],[127.44451,36.53564],[127.44535,36.53805],[127.44483,36.53952],[127.44616,36.54117],[127.44743,36.54173],[127.44713,36.54408],[127.44794,36.54704]]],[[[127.43908,36.52402],[127.43909,36.52406],[127.4354,36.52226],[127.43564,36.52202],[127.43542,36.52125],[127.43504,36.52115],[127.4354,36.52038],[127.43723,36.52037],[127.43769,36.51991],[127.43756,36.52034],[127.43792,36.52073],[127.43733,36.52116],[127.4379,36.52129],[127.4376,36.52204],[127.43886,36.52189],[127.43975,36.52379],[127.43908,36.52402]]]]}},{"type":"Feature","properties":{"zoneId":"Z000151473","zoneName":"남이초옥포초공동통학구역","zoneType":"elementary","level":"초등학교","kind":"shared","oneWay":false,"sggCode":"112","eduCode":"8011000","eduName":"충청북도청주교육지원청","updatedAt":"2024-10-31"},"geometry":{"type":"MultiPolygon","coordinates":[[[[127.45052,36.51871],[127.45044,36.51878],[127.45104,36.51881],[127.45082,36.51905],[127.45115,36.51929],[127.45041,36.51938],[127.44964,36.51994],[127.45172,36.5207],[127.45136,36.52236],[127.44937,36.52067],[127.44907,36.52101],[127.44994,36.52186],[127.44926,36.522],[127.44976,36.52275],[127.451,36.52296],[127.45094,36.52342],[127.44984,36.52414],[127.44836,36.52186],[127.44847,36.52258],[127.44875,36.52255],[127.44854,36.52336],[127.44913,36.52344],[127.44959,36.52422],[127.44692,36.52512],[127.44564,36.52591],[127.44411,36.52503],[127.44086,36.52442],[127.44187,36.52292],[127.44131,36.52315],[127.44132,36.52382],[127.44034,36.52441],[127.43922,36.52429],[127.43908,36.52395],[127.43975,36.52379],[127.43886,36.52189],[127.4376,36.52204],[127.4379,36.52129],[127.43733,36.52116],[127.43792,36.52073],[127.43756,36.52034],[127.43769,36.51991],[127.43723,36.52037],[127.4354,36.52038],[127.43504,36.52115],[127.43542,36.52125],[127.43564,36.52202],[127.4354,36.52226],[127.43381,36.52167],[127.43179,36.52311],[127.43111,36.52316],[127.42925,36.52248],[127.42723,36.51929],[127.42727,36.51875],[127.42904,36.51865],[127.42942,36.51837],[127.43225,36.5189],[127.43391,36.51728],[127.43537,36.5173],[127.43584,36.51808],[127.43633,36.51829],[127.43699,36.51823],[127.43764,36.51771],[127.43859,36.51785],[127.44023,36.51745],[127.44133,36.51789],[127.44274,36.51787],[127.44403,36.51688],[127.44544,36.51493],[127.44702,36.51535],[127.44833,36.51609],[127.44903,36.516],[127.45117,36.51661],[127.45406,36.51867],[127.45458,36.51972],[127.4535,36.52279],[127.45488,36.52396],[127.45488,36.52453],[127.45564,36.52559],[127.45512,36.52806],[127.45534,36.52884],[127.45499,36.52912],[127.4552,36.53131],[127.45462,36.53257],[127.4546,36.53369],[127.45411,36.53433],[127.45367,36.53441],[127.45355,36.53496],[127.45288,36.5352],[127.4528,36.53697],[127.45356,36.53758],[127.45285,36.5382],[127.45233,36.53995],[127.4519,36.54008],[127.45194,36.54152],[127.44782,36.54196],[127.44616,36.54117],[127.44483,36.53952],[127.44535,36.53805],[127.44414,36.5351],[127.44359,36.53448],[127.44102,36.53311],[127.43985,36.53089],[127.43644,36.52753],[127.4339,36.52772],[127.43169,36.52894],[127.42973,36.52837],[127.43068,36.52763],[127.43153,36.52547],[127.43135,36.52339],[127.43381,36.52215],[127.43492,36.52223],[127.43932,36.5246],[127.44279,36.52476],[127.44418,36.52521],[127.44645,36.52672],[127.44853,36.52978],[127.44849,36.5303],[127.44982,36.53149],[127.44986,36.53486],[127.44938,36.53598],[127.44975,36.53804],[127.45041,36.53915],[127.44985,36.53801],[127.44949,36.53613],[127.45006,36.53376],[127.44988,36.53152],[127.44855,36.53023],[127.44864,36.52972],[127.44664,36.52701],[127.44633,36.52572],[127.4469,36.52518],[127.44836,36.52491],[127.44895,36.52439],[127.45106,36.52422],[127.45333,36.52625],[127.45335,36.52572],[127.45375,36.52545],[127.45318,36.52506],[127.45347,36.52466],[127.45291,36.52431],[127.45394,36.52352],[127.45157,36.52417],[127.45122,36.524],[127.45207,36.5234],[127.45219,36.52286],[127.45192,36.52256],[127.45226,36.52247],[127.45192,36.5225],[127.45232,36.52161],[127.45363,36.52171],[127.45364,36.52148],[127.45246,36.52118],[127.45373,36.52036],[127.45383,36.51996],[127.45267,36.51981],[127.45278,36.51833],[127.45212,36.51747],[127.45131,36.5183],[127.45037,36.51838],[127.45052,36.51871]],[[127.45319,36.52932],[127.45316,36.52928],[127.45279,36.52898],[127.45274,36.52948],[127.45094,36.52983],[127.45155,36.53006],[127.45345,36.52994],[127.45319,36.52932]],[[127.45139,36.53027],[127.45134,36.53034],[127.45103,36.53057],[127.45191,36.53162],[127.452,36.53114],[127.45317,36.53086],[127.45198,36.5302],[127.45139,36.53027]]],[[[127.42935,36.52815],[127.42919,36.52812],[127.42913,36.52785],[127.42827,36.52789],[127.42767,36.52745],[127.42734,36.52651],[127.42664,36.52652],[127.42604,36.52715],[127.42536,36.52678],[127.42239,36.52759],[127.42195,36.52661],[127.42135,36.52675],[127.41938,36.52606],[127.41763,36.52589],[127.4164,36.52603],[127.41552,36.52654],[127.41475,36.52639],[127.41329,36.52711],[127.41202,36.5269],[127.41067,36.52743],[127.40901,36.52747],[127.40841,36.52718],[127.40819,36.52638],[127.40869,36.52529],[127.4086,36.52369],[127.40766,36.52308],[127.4068,36.52317],[127.40618,36.5238],[127.40433,36.52393],[127.40314,36.52333],[127.40315,36.52264],[127.40364,36.52223],[127.40312,36.52161],[127.40341,36.52114],[127.40446,36.52131],[127.40415,36.52153],[127.40441,36.52167],[127.40442,36.52243],[127.40377,36.52309],[127.4047,36.52211],[127.40578,36.52169],[127.40637,36.52076],[127.40613,36.52047],[127.40503,36.5213],[127.40467,36.52075],[127.40617,36.52008],[127.407,36.52013],[127.40775,36.51963],[127.40796,36.52083],[127.40824,36.52075],[127.40857,36.52023],[127.40829,36.51945],[127.40897,36.51804],[127.41137,36.51785],[127.41275,36.51665],[127.41399,36.51682],[127.41437,36.51823],[127.41394,36.51916],[127.41305,36.51942],[127.41257,36.52057],[127.41189,36.52072],[127.4111,36.52045],[127.41186,36.52078],[127.41091,36.52178],[127.41199,36.52074],[127.41267,36.52068],[127.41282,36.51981],[127.41407,36.51899],[127.41496,36.51982],[127.41539,36.52125],[127.41499,36.51982],[127.41546,36.51972],[127.41497,36.51941],[127.41465,36.51822],[127.41496,36.51774],[127.41582,36.51871],[127.41736,36.51863],[127.41763,36.51931],[127.41828,36.51969],[127.41762,36.51924],[127.4174,36.51856],[127.41664,36.51841],[127.41582,36.51868],[127.4148,36.51759],[127.41467,36.51662],[127.41535,36.51544],[127.41749,36.51627],[127.41777,36.51701],[127.4181,36.51672],[127.41874,36.5172],[127.41932,36.51679],[127.4192,36.51749],[127.41985,36.51812],[127.4194,36.51933],[127.42003,36.52049],[127.42058,36.52077],[127.41978,36.51978],[127.41985,36.51904],[127.42026,36.51889],[127.41971,36.51778],[127.42104,36.5184],[127.42109,36.51791],[127.42064,36.51757],[127.42032,36.51782],[127.41972,36.51751],[127.41907,36.51596],[127.41857,36.51593],[127.41793,36.51524],[127.41756,36.51536],[127.416,36.51472],[127.41524,36.51494],[127.41502,36.51398],[127.41441,36.51353],[127.41485,36.51308],[127.41748,36.51275],[127.41802,36.51401],[127.41862,36.51421],[127.41918,36.51387],[127.41951,36.51408],[127.41953,36.51519],[127.42129,36.51586],[127.42145,36.51683],[127.42196,36.51754],[127.42158,36.5204],[127.42205,36.52119],[127.4212,36.52193],[127.42231,36.52443],[127.42351,36.52372],[127.42461,36.52421],[127.42557,36.52401],[127.42709,36.5242],[127.42785,36.52323],[127.42787,36.52255],[127.42847,36.52214],[127.42891,36.52291],[127.43083,36.52354],[127.43133,36.52518],[127.43088,36.52553],[127.43028,36.52719],[127.42935,36.52815]]],[[[127.39931,36.52143],[127.39938,36.52145],[127.39961,36.52189],[127.39789,36.52135],[127.39764,36.52058],[127.40002,36.51965],[127.40036,36.51902],[127.40117,36.51899],[127.40139,36.51848],[127.40375,36.51738],[127.40414,36.51688],[127.40487,36.51722],[127.40591,36.51643],[127.40787,36.51589],[127.4098,36.51664],[127.41112,36.51646],[127.41173,36.51611],[127.41198,36.51519],[127.41257,36.51449],[127.41332,36.51413],[127.41357,36.51329],[127.41348,36.51361],[127.41409,36.5145],[127.41363,36.51423],[127.41354,36.51463],[127.4142,36.51642],[127.41398,36.51677],[127.4127,36.51658],[127.41159,36.51769],[127.40964,36.51808],[127.40922,36.51788],[127.40855,36.51841],[127.40759,36.51825],[127.40787,36.51839],[127.40742,36.5187],[127.4058,36.51844],[127.40371,36.51941],[127.40258,36.51954],[127.40165,36.5206],[127.40022,36.52025],[127.39931,36.52143]]]]}},{"type":"Feature","properties":{"zoneId":"Z000103627","zoneName":"가곡초통학구역","zoneType":"elementary","level":"초등학교","kind":"dedicated","oneWay":false,"sggCode":"800","eduCode":"8111000","eduName":"충청북도단양교육지원청","updatedAt":"2025-11-03"},"geometry":{"type":"Polygon","coordinates":[[[128.46914,37.03543],[128.46823,37.03609],[128.46653,37.03736],[128.46407,37.03781],[128.46152,37.04058],[128.46027,37.043],[128.46082,37.04517],[128.46608,37.04868],[128.46852,37.05289],[128.46887,37.05626],[128.46843,37.06347],[128.46717,37.06431],[128.46594,37.06628],[128.46312,37.06804],[128.46162,37.07137],[128.4581,37.07118],[128.45488,37.06973],[128.45054,37.06867],[128.44026,37.06782],[128.42584,37.06404],[128.42057,37.06217],[128.41713,37.06061],[128.41562,37.05927],[128.41405,37.05646],[128.4139,37.05564],[128.41395,37.05464],[128.41485,37.05219],[128.41156,37.05187],[128.4097,37.05092],[128.40895,37.04953],[128.40714,37.04429],[128.40579,37.04333],[128.40465,37.04307],[128.39835,37.04248],[128.39338,37.04133],[128.38928,37.03959],[128.3859,37.03699],[128.38461,37.03555],[128.38132,37.02977],[128.37933,37.03075],[128.37818,37.0295],[128.37803,37.02803],[128.37723,37.02621],[128.37722,37.02443],[128.3751,37.02355],[128.37477,37.02251],[128.37521,37.02033],[128.37302,37.01871],[128.37024,37.01811],[128.36967,37.01734],[128.37034,37.01628],[128.37029,37.01518],[128.37066,37.01474],[128.37027,37.01343],[128.37044,37.01143],[128.37171,37.00832],[128.37135,37.00591],[128.37132,37.00094],[128.37336,37],[128.37443,36.99914],[128.37717,36.99859],[128.38102,36.99859],[128.38444,36.99927],[128.38509,36.99709],[128.38505,36.99622],[128.38604,36.99561],[128.38871,36.99507],[128.38943,36.99444],[128.38953,36.99318],[128.38982,36.99283],[128.39184,36.9927],[128.39338,36.99201],[128.39596,36.9928],[128.39742,36.99211],[128.40056,36.99221],[128.4008,36.99269],[128.4003,36.99486],[128.40124,36.99732],[128.40064,37.00016],[128.40128,37.0016],[128.40128,37.00344],[128.40352,37.0095],[128.40425,37.00949],[128.4045,37.0101],[128.40606,37.01079],[128.4074,37.0096],[128.41332,37.01072],[128.41529,37.01051],[128.41897,37.01086],[128.42171,37.01012],[128.42437,37.01178],[128.4243,37.01303],[128.42473,37.01369],[128.42541,37.01394],[128.42557,37.01452],[128.425,37.01591],[128.42526,37.01784],[128.42497,37.01877],[128.42707,37.02078],[128.4284,37.02039],[128.43136,37.02067],[128.43329,37.01808],[128.43738,37.01688],[128.43746,37.01571],[128.4405,37.0149],[128.44086,37.01336],[128.44146,37.01273],[128.4411,37.01186],[128.44243,37.01175],[128.44605,37.01002],[128.4471,37.01026],[128.44911,37.00898],[128.45043,37.00883],[128.45289,37.00959],[128.45313,37.00908],[128.45468,37.008],[128.4618,37.00869],[128.46392,37.00702],[128.4677,37.00478],[128.46994,37.00237],[128.47071,37.00193],[128.47126,37.0008],[128.47394,36.9999],[128.47721,37.00105],[128.47929,37.00224],[128.48827,37.00378],[128.49097,37.00318],[128.49202,37.00375],[128.492,37.00483],[128.49269,37.00557],[128.49358,37.00774],[128.49351,37.00819],[128.49072,37.00938],[128.48884,37.01123],[128.48773,37.01163],[128.48638,37.01267],[128.48481,37.01406],[128.48473,37.01478],[128.48356,37.01611],[128.48274,37.01681],[128.48206,37.0169],[128.4818,37.01781],[128.48031,37.01925],[128.48008,37.01983],[128.47819,37.02064],[128.47768,37.02119],[128.47731,37.022],[128.47823,37.02359],[128.4775,37.02422],[128.47653,37.02683],[128.47584,37.02784],[128.4758,37.03095],[128.47489,37.03164],[128.47509,37.03362],[128.47221,37.03442],[128.47111,37.03528],[128.4698,37.03496],[128.46914,37.03543]]]}},{"type":"Feature","properties":{"zoneId":"Z000151440","zoneName":"금천초낭성초행정초공동(일방)통학구역","zoneType":"elementary","level":"초등학교","kind":"shared","oneWay":true,"sggCode":"111","eduCode":"8011000","eduName":"충청북도청주교육지원청","updatedAt":"2026-03-02"},"geometry":{"type":"Polygon","coordinates":[[[127.50411,36.62011],[127.50546,36.62049],[127.50518,36.62099],[127.50758,36.62218],[127.50829,36.62143],[127.50957,36.62119],[127.51014,36.62274],[127.5104,36.62244],[127.51114,36.62265],[127.51216,36.62361],[127.50783,36.62863],[127.50293,36.63054],[127.50228,36.62947],[127.50059,36.62829],[127.49937,36.62685],[127.49879,36.6247],[127.49882,36.62301],[127.49986,36.62283],[127.50012,36.62218],[127.50289,36.62165],[127.5026,36.62091],[127.50395,36.62064],[127.50411,36.62011]]]}},{"type":"Feature","properties":{"zoneId":"Z000103423","zoneName":"수곡초통학구역","zoneType":"elementary","level":"초등학교","kind":"dedicated","oneWay":false,"sggCode":"112","eduCode":"8011000","eduName":"충청북도청주교육지원청","updatedAt":"2026-03-02"},"geometry":{"type":"Polygon","coordinates":[[[127.4707,36.62228],[127.47058,36.62225],[127.47013,36.62181],[127.46915,36.6221],[127.46777,36.62183],[127.47057,36.61592],[127.47377,36.61269],[127.47511,36.61394],[127.47571,36.61344],[127.47736,36.6133],[127.47819,36.61521],[127.47783,36.61586],[127.47606,36.61644],[127.47331,36.61818],[127.47296,36.62031],[127.47221,36.62074],[127.47184,36.62208],[127.4707,36.62228]]]}},{"type":"Feature","properties":{"zoneId":"Z000151632","zoneName":"오선초부윤초공동통학구역","zoneType":"elementary","level":"초등학교","kind":"shared","oneWay":false,"sggCode":"770","eduCode":"8101000","eduName":"충청북도음성교육지원청","updatedAt":"2016-08-12"},"geometry":{"type":"Polygon","coordinates":[[[127.53263,36.97814],[127.53251,36.97826],[127.53122,36.97871],[127.52794,36.97816],[127.52403,36.97836],[127.52282,36.97764],[127.52092,36.97527],[127.51823,36.97403],[127.51835,36.97338],[127.51975,36.97262],[127.5224,36.97047],[127.52265,36.9699],[127.5225,36.96915],[127.52312,36.96889],[127.52276,36.9669],[127.521,36.96525],[127.52074,36.96425],[127.52011,36.96362],[127.52172,36.9614],[127.52114,36.96114],[127.5218,36.96025],[127.52149,36.95924],[127.52008,36.95772],[127.51947,36.95767],[127.51818,36.95621],[127.52219,36.95604],[127.52357,36.95562],[127.52347,36.95528],[127.5262,36.95588],[127.53094,36.95474],[127.53254,36.95465],[127.53397,36.95503],[127.53456,36.95661],[127.53335,36.95728],[127.5312,36.96056],[127.53041,36.96087],[127.5293,36.96082],[127.52848,36.96241],[127.52905,36.96371],[127.52968,36.96423],[127.53527,36.96438],[127.53528,36.96606],[127.53242,36.96682],[127.53222,36.96999],[127.53288,36.97132],[127.53535,36.97268],[127.53555,36.97415],[127.53499,36.97498],[127.53615,36.97645],[127.53365,36.97719],[127.53263,36.97814]]]}},{"type":"Feature","properties":{"zoneId":"Z000103611","zoneName":"부윤초통학구역","zoneType":"elementary","level":"초등학교","kind":"dedicated","oneWay":false,"sggCode":"770","eduCode":"8101000","eduName":"충청북도음성교육지원청","updatedAt":"2016-08-12"},"geometry":{"type":"Polygon","coordinates":[[[127.54067,36.97651],[127.54055,36.97652],[127.53765,36.97733],[127.53599,36.97666],[127.53607,36.97608],[127.53499,36.97498],[127.53555,36.97415],[127.53535,36.97268],[127.53288,36.97132],[127.53227,36.97027],[127.53242,36.96682],[127.53528,36.96606],[127.53518,36.96424],[127.52968,36.96423],[127.52905,36.96371],[127.52848,36.96241],[127.5293,36.96082],[127.53041,36.96087],[127.5312,36.96056],[127.53335,36.95728],[127.53456,36.95661],[127.53397,36.95503],[127.53254,36.95465],[127.53094,36.95474],[127.5262,36.95588],[127.52347,36.95528],[127.52357,36.95562],[127.52219,36.95604],[127.51818,36.95621],[127.51947,36.95767],[127.52008,36.95772],[127.52149,36.95924],[127.5218,36.96025],[127.52114,36.96114],[127.52039,36.95958],[127.51175,36.96056],[127.5112,36.96025],[127.50927,36.96032],[127.50842,36.95982],[127.50339,36.95862],[127.50393,36.95705],[127.50434,36.95681],[127.50479,36.95575],[127.50601,36.9546],[127.50678,36.95434],[127.50722,36.95213],[127.50629,36.95204],[127.50602,36.95239],[127.50529,36.95164],[127.50411,36.95114],[127.50292,36.94983],[127.50234,36.95006],[127.50084,36.94897],[127.49949,36.94872],[127.49904,36.94779],[127.49845,36.94736],[127.49856,36.94699],[127.4971,36.94591],[127.49763,36.94439],[127.4974,36.94367],[127.4959,36.94291],[127.49564,36.94228],[127.49485,36.94249],[127.49414,36.94125],[127.49405,36.93974],[127.49282,36.93876],[127.49405,36.93789],[127.49437,36.93729],[127.49584,36.93668],[127.4966,36.93578],[127.49851,36.93492],[127.4989,36.93398],[127.49992,36.9332],[127.49963,36.93213],[127.50259,36.93231],[127.50347,36.93282],[127.50499,36.93301],[127.50745,36.9314],[127.50766,36.9306],[127.50875,36.92986],[127.50884,36.92923],[127.51044,36.93058],[127.51133,36.93094],[127.51143,36.93063],[127.51656,36.93444],[127.5185,36.93413],[127.5193,36.93362],[127.52098,36.93159],[127.52186,36.931],[127.525,36.93167],[127.53003,36.93171],[127.53184,36.93115],[127.53282,36.93125],[127.53616,36.93555],[127.5378,36.93656],[127.5383,36.93757],[127.53834,36.93976],[127.53894,36.94196],[127.53992,36.94263],[127.54218,36.94233],[127.54352,36.9436],[127.54343,36.94476],[127.5447,36.94677],[127.54438,36.95057],[127.54499,36.95194],[127.54465,36.95277],[127.54246,36.95571],[127.54113,36.95557],[127.541,36.95523],[127.53972,36.95461],[127.53912,36.95619],[127.53809,36.9567],[127.53728,36.95794],[127.53647,36.95775],[127.53489,36.95843],[127.53544,36.95901],[127.53554,36.96047],[127.53603,36.96097],[127.53924,36.96217],[127.5386,36.96305],[127.53852,36.96402],[127.53906,36.96547],[127.5401,36.96641],[127.54105,36.96909],[127.54078,36.96985],[127.54119,36.97071],[127.54031,36.97256],[127.54058,36.97511],[127.54102,36.97621],[127.54142,36.97624],[127.54139,36.97652],[127.54067,36.97651]]]}},{"type":"Feature","properties":{"zoneId":"Z000150387","zoneName":"국원초충주교현초공동통학구역 및 대미초엄정초산척초공동(일방)통학구역","zoneType":"elementary","level":"초등학교","kind":"shared","oneWay":true,"sggCode":"130","eduCode":"8021000","eduName":"충청북도충주교육지원청","updatedAt":"2026-04-04"},"geometry":{"type":"Polygon","coordinates":[[[127.97107,36.9907],[127.97032,36.99085],[127.96987,36.99146],[127.96835,36.99195],[127.96619,36.99176],[127.96382,36.98921],[127.96194,36.98894],[127.96014,36.98817],[127.95953,36.98823],[127.95727,36.98666],[127.9549,36.98674],[127.95203,36.98562],[127.95169,36.98496],[127.94926,36.9832],[127.94893,36.98247],[127.9478,36.982],[127.94729,36.98134],[127.94585,36.98079],[127.94595,36.97949],[127.94325,36.97955],[127.94325,36.98053],[127.93981,36.98057],[127.93999,36.97812],[127.94214,36.97789],[127.94347,36.97719],[127.94351,36.97601],[127.94451,36.97599],[127.94631,36.97458],[127.9464,36.97318],[127.94833,36.97305],[127.95284,36.97389],[127.9541,36.9743],[127.95558,36.97561],[127.95619,36.97538],[127.95693,36.97564],[127.95721,36.97531],[127.95835,36.97523],[127.95808,36.9746],[127.95908,36.97437],[127.95946,36.97478],[127.95976,36.97454],[127.96065,36.97482],[127.96123,36.97566],[127.96203,36.97611],[127.96157,36.97693],[127.96283,36.97761],[127.96326,36.97833],[127.96315,36.97905],[127.96268,36.97915],[127.96323,36.97964],[127.96201,36.98031],[127.96122,36.97992],[127.96139,36.98056],[127.96111,36.98065],[127.96319,36.98147],[127.96439,36.98369],[127.97107,36.9907]]]}},{"type":"Feature","properties":{"zoneId":"Z000151572","zoneName":"복대초서현초공동통학구역 및 복대초갈원초공동(일방)통학구역","zoneType":"elementary","level":"초등학교","kind":"shared","oneWay":true,"sggCode":"113","eduCode":"8011000","eduName":"충청북도청주교육지원청","updatedAt":"2026-03-02"},"geometry":{"type":"Polygon","coordinates":[[[127.43285,36.61696],[127.4329,36.61868],[127.4337,36.6193],[127.4333,36.6197],[127.42931,36.61816],[127.42954,36.61763],[127.42788,36.61708],[127.42594,36.61683],[127.42586,36.61734],[127.42347,36.61698],[127.42421,36.6141],[127.42564,36.61253],[127.42632,36.6101],[127.42869,36.61039],[127.43216,36.60966],[127.4352,36.61083],[127.43411,36.61133],[127.43461,36.61148],[127.43461,36.61208],[127.43429,36.61294],[127.43325,36.61349],[127.43316,36.61384],[127.43359,36.61432],[127.43312,36.61447],[127.43216,36.6141],[127.43194,36.6144],[127.43136,36.61441],[127.42998,36.61345],[127.42943,36.61355],[127.42901,36.61452],[127.4307,36.61502],[127.43009,36.61645],[127.43285,36.61696]]]}},{"type":"Feature","properties":{"zoneId":"Z000151613","zoneName":"복대초갈원초공동(일방)통학구역","zoneType":"elementary","level":"초등학교","kind":"shared","oneWay":true,"sggCode":"113","eduCode":"8011000","eduName":"충청북도청주교육지원청","updatedAt":"2026-03-02"},"geometry":{"type":"MultiPolygon","coordinates":[[[[127.43312,36.61447],[127.43309,36.61449],[127.43265,36.61527],[127.43304,36.61579],[127.43277,36.61689],[127.43009,36.61645],[127.4307,36.61502],[127.42901,36.61452],[127.42943,36.61355],[127.42998,36.61345],[127.43136,36.61441],[127.43194,36.6144],[127.43216,36.6141],[127.43312,36.61447]]],[[[127.42444,36.6098],[127.42478,36.60985],[127.42632,36.6101],[127.42564,36.61253],[127.42501,36.61305],[127.42328,36.61279],[127.4241,36.60975],[127.42444,36.6098]]],[[[127.42623,36.61685],[127.42766,36.61706],[127.42954,36.61763],[127.42931,36.61816],[127.42586,36.61734],[127.42594,36.61683],[127.42623,36.61685]]]]}},{"type":"Feature","properties":{"zoneId":"Z000103416","zoneName":"서원초통학구역","zoneType":"elementary","level":"초등학교","kind":"dedicated","oneWay":false,"sggCode":"113","eduCode":"8011000","eduName":"충청북도청주교육지원청","updatedAt":"2026-03-02"},"geometry":{"type":"Polygon","coordinates":[[[127.44733,36.63481],[127.44738,36.6356],[127.44741,36.63611],[127.44526,36.6362],[127.44513,36.63572],[127.44091,36.63872],[127.44081,36.6353],[127.43902,36.6353],[127.43917,36.63343],[127.43811,36.63161],[127.439,36.62963],[127.4403,36.62877],[127.44143,36.62921],[127.444,36.6292],[127.44396,36.63013],[127.45007,36.62976],[127.45072,36.63071],[127.45298,36.63263],[127.45436,36.63263],[127.4562,36.63323],[127.45635,36.63468],[127.44742,36.63414],[127.44733,36.63481]]]}},{"type":"Feature","properties":{"zoneId":"Z000103413","zoneName":"새터초통학구역","zoneType":"elementary","level":"초등학교","kind":"dedicated","oneWay":false,"sggCode":"114","eduCode":"8011000","eduName":"충청북도청주교육지원청","updatedAt":"2026-03-02"},"geometry":{"type":"MultiPolygon","coordinates":[[[[127.46225,36.69591],[127.46223,36.69588],[127.45881,36.69519],[127.4532,36.69473],[127.45154,36.69305],[127.44955,36.69222],[127.44869,36.68894],[127.4475,36.68641],[127.44611,36.68573],[127.44664,36.68527],[127.44144,36.68457],[127.44562,36.68114],[127.44692,36.67861],[127.44878,36.67699],[127.45489,36.675],[127.45741,36.67374],[127.45982,36.67207],[127.47147,36.6595],[127.47445,36.65979],[127.47526,36.66026],[127.47646,36.66205],[127.47719,36.66251],[127.48038,36.66258],[127.48174,36.66301],[127.48162,36.66323],[127.48097,36.66299],[127.48006,36.66315],[127.48003,36.66487],[127.48073,36.66488],[127.48003,36.66626],[127.47911,36.66581],[127.47952,36.66524],[127.47852,36.66491],[127.47799,36.66551],[127.47834,36.66572],[127.47797,36.66619],[127.47854,36.66663],[127.4778,36.66699],[127.47663,36.66658],[127.47676,36.66737],[127.47631,36.66803],[127.47262,36.66645],[127.47206,36.6676],[127.47188,36.66982],[127.47551,36.67114],[127.47498,36.67145],[127.47389,36.67385],[127.47483,36.67489],[127.47451,36.67569],[127.47169,36.67749],[127.47409,36.67843],[127.47474,36.67944],[127.47706,36.68071],[127.47842,36.68276],[127.47727,36.68292],[127.47647,36.68394],[127.4749,36.68433],[127.474,36.6855],[127.47315,36.6855],[127.47232,36.68482],[127.47,36.68412],[127.46842,36.68488],[127.46739,36.68477],[127.46715,36.68534],[127.46618,36.68604],[127.46673,36.68694],[127.46757,36.68729],[127.46685,36.6887],[127.4662,36.68973],[127.46408,36.69098],[127.46616,36.69336],[127.46252,36.69542],[127.46225,36.69591]]],[[[127.44597,36.66378],[127.44738,36.66466],[127.44774,36.66488],[127.44685,36.66584],[127.44497,36.66472],[127.44597,36.66378]]]]}},{"type":"Feature","properties":{"zoneId":"Z000151436","zoneName":"진천상산초성암초문상초공동통학구역, 진천상산초백곡초공동(일방)통학구역","zoneType":"elementary","level":"초등학교","kind":"shared","oneWay":true,"sggCode":"750","eduCode":"8081000","eduName":"충청북도진천교육지원청","updatedAt":"2026-04-10"},"geometry":{"type":"Polygon","coordinates":[[[127.43167,36.85679],[127.43149,36.85669],[127.4307,36.85594],[127.43018,36.85458],[127.42968,36.85431],[127.42578,36.85266],[127.42425,36.85283],[127.42335,36.85231],[127.42156,36.85201],[127.42102,36.85076],[127.41996,36.85],[127.41939,36.8481],[127.41864,36.84708],[127.419,36.84579],[127.41879,36.84274],[127.41926,36.84142],[127.42075,36.84029],[127.42178,36.84117],[127.42256,36.84124],[127.42379,36.84285],[127.42855,36.8439],[127.43057,36.8432],[127.43297,36.84442],[127.43385,36.84271],[127.43736,36.84338],[127.43884,36.84416],[127.44038,36.84362],[127.44151,36.84371],[127.4432,36.84168],[127.44323,36.84293],[127.44228,36.84556],[127.44242,36.84719],[127.44287,36.84789],[127.44276,36.84877],[127.44338,36.85016],[127.44382,36.85068],[127.44479,36.85059],[127.44489,36.85134],[127.44653,36.85226],[127.44889,36.85232],[127.44888,36.85333],[127.45007,36.85382],[127.45088,36.85577],[127.44983,36.85575],[127.44877,36.85461],[127.44035,36.85415],[127.43625,36.85321],[127.43537,36.85407],[127.43371,36.85483],[127.43269,36.85662],[127.43167,36.85679]]]}},{"type":"Feature","properties":{"zoneId":"Z000150405","zoneName":"문상초진천상산초공동통학구역","zoneType":"elementary","level":"초등학교","kind":"shared","oneWay":false,"sggCode":"750","eduCode":"8081000","eduName":"충청북도진천교육지원청","updatedAt":"2026-04-10"},"geometry":{"type":"Polygon","coordinates":[[[127.45906,36.84529],[127.459,36.8453],[127.45798,36.84601],[127.45728,36.84489],[127.45648,36.84435],[127.45555,36.84566],[127.45504,36.84545],[127.45333,36.84374],[127.45166,36.84275],[127.45167,36.84181],[127.45092,36.84118],[127.44678,36.83937],[127.44526,36.8391],[127.44378,36.83957],[127.44328,36.84008],[127.44341,36.84093],[127.44199,36.84049],[127.44134,36.83993],[127.4416,36.83934],[127.44133,36.83771],[127.43956,36.83725],[127.43799,36.83579],[127.43658,36.83565],[127.43572,36.83392],[127.43594,36.83387],[127.43576,36.83256],[127.43374,36.8305],[127.43372,36.8294],[127.43402,36.82901],[127.43467,36.82895],[127.43474,36.82793],[127.43383,36.8271],[127.43357,36.8254],[127.43499,36.82378],[127.43488,36.82302],[127.43452,36.82282],[127.43556,36.82193],[127.43584,36.82098],[127.43776,36.82128],[127.43827,36.82044],[127.4393,36.82022],[127.43951,36.81967],[127.44052,36.81969],[127.4408,36.81937],[127.44153,36.81946],[127.44281,36.82023],[127.44642,36.82002],[127.44742,36.82026],[127.44791,36.82088],[127.45068,36.82178],[127.45095,36.82217],[127.45172,36.82191],[127.45223,36.82208],[127.45249,36.82303],[127.45222,36.82365],[127.45252,36.82471],[127.45287,36.82434],[127.45292,36.82548],[127.45165,36.82731],[127.4506,36.82807],[127.45154,36.83081],[127.45074,36.83177],[127.45191,36.83278],[127.453,36.83274],[127.45438,36.8333],[127.45516,36.83306],[127.45659,36.83433],[127.45761,36.83424],[127.4588,36.83498],[127.45937,36.83485],[127.46051,36.83528],[127.46067,36.83634],[127.46129,36.83658],[127.46254,36.83815],[127.46365,36.83851],[127.46402,36.83894],[127.46409,36.8394],[127.46321,36.83966],[127.46276,36.84148],[127.46341,36.84287],[127.46242,36.84253],[127.46311,36.84302],[127.46084,36.84357],[127.4595,36.84522],[127.45906,36.84529]]]}},{"type":"Feature","properties":{"zoneId":"Z000151683","zoneName":"진천상산초성암초문상초공동통학구역","zoneType":"elementary","level":"초등학교","kind":"shared","oneWay":false,"sggCode":"750","eduCode":"8081000","eduName":"충청북도진천교육지원청","updatedAt":"2026-04-10"},"geometry":{"type":"Polygon","coordinates":[[[127.45276,36.8576],[127.45235,36.85763],[127.44761,36.85855],[127.44639,36.85659],[127.44493,36.85672],[127.44496,36.85585],[127.44321,36.85606],[127.44302,36.85567],[127.44216,36.85585],[127.44103,36.85533],[127.44071,36.8558],[127.43984,36.85574],[127.44016,36.85696],[127.4399,36.85803],[127.43962,36.85811],[127.43876,36.85696],[127.4372,36.85681],[127.4357,36.85602],[127.43326,36.85568],[127.43371,36.85483],[127.43537,36.85407],[127.43625,36.85321],[127.44035,36.85415],[127.44877,36.85461],[127.44983,36.85575],[127.45088,36.85577],[127.45007,36.85382],[127.44888,36.85333],[127.44889,36.85232],[127.44647,36.85223],[127.44489,36.85134],[127.44479,36.85059],[127.44369,36.85058],[127.4428,36.84892],[127.44287,36.84789],[127.44242,36.84719],[127.44228,36.84556],[127.44324,36.84286],[127.44328,36.84008],[127.44378,36.83957],[127.44526,36.8391],[127.44875,36.84009],[127.45092,36.84118],[127.45167,36.84181],[127.45166,36.84275],[127.45333,36.84374],[127.45448,36.84511],[127.45555,36.84566],[127.45648,36.84435],[127.45728,36.84489],[127.45805,36.846],[127.4595,36.84522],[127.46084,36.84357],[127.46311,36.84302],[127.46242,36.84253],[127.46743,36.84431],[127.46936,36.84556],[127.46987,36.8466],[127.47069,36.84714],[127.47757,36.84824],[127.46833,36.84984],[127.46581,36.85148],[127.46415,36.85313],[127.46218,36.85365],[127.46046,36.85526],[127.45838,36.85612],[127.45674,36.85639],[127.45575,36.85747],[127.45276,36.8576]],[[127.42406,36.82474],[127.42406,36.82474],[127.42406,36.82474],[127.42406,36.82474]]]}},{"type":"Feature","properties":{"zoneId":"Z000103418","zoneName":"서현초통학구역","zoneType":"elementary","level":"초등학교","kind":"dedicated","oneWay":false,"sggCode":"113","eduCode":"8011000","eduName":"충청북도청주교육지원청","updatedAt":"2026-03-02"},"geometry":{"type":"Polygon","coordinates":[[[127.43766,36.61479],[127.43722,36.61467],[127.4356,36.61431],[127.43419,36.61581],[127.43658,36.61743],[127.43065,36.62542],[127.42649,36.62418],[127.42568,36.62256],[127.42396,36.62249],[127.42189,36.62318],[127.42041,36.62242],[127.41474,36.62172],[127.41404,36.62313],[127.41205,36.62319],[127.41262,36.62202],[127.41205,36.62066],[127.41238,36.62059],[127.41277,36.61976],[127.41249,36.61904],[127.41334,36.61811],[127.41295,36.61698],[127.41388,36.61684],[127.41542,36.61463],[127.41607,36.61442],[127.41697,36.61335],[127.41649,36.60984],[127.41707,36.60778],[127.4165,36.60722],[127.42042,36.60799],[127.42254,36.60924],[127.4241,36.60975],[127.42328,36.61279],[127.42501,36.61305],[127.42421,36.6141],[127.42347,36.61698],[127.42806,36.61772],[127.4333,36.6197],[127.4337,36.6193],[127.4329,36.61868],[127.43277,36.61689],[127.43304,36.61579],[127.43265,36.61527],[127.43309,36.61449],[127.43359,36.61432],[127.43316,36.61384],[127.43325,36.61349],[127.43429,36.61294],[127.43461,36.61208],[127.43461,36.61148],[127.43411,36.61133],[127.4352,36.61083],[127.4381,36.61155],[127.44057,36.61258],[127.43827,36.61541],[127.43766,36.61479]]]}},{"type":"Feature","properties":{"zoneId":"Z000151661","zoneName":"서경초서현초공동통학구역","zoneType":"elementary","level":"초등학교","kind":"shared","oneWay":false,"sggCode":"113","eduCode":"8011000","eduName":"충청북도청주교육지원청","updatedAt":"2026-03-02"},"geometry":{"type":"Polygon","coordinates":[[[127.43827,36.61541],[127.43825,36.61543],[127.43658,36.61743],[127.43419,36.61581],[127.43507,36.61465],[127.43619,36.61434],[127.43766,36.61479],[127.43827,36.61541]]]}},{"type":"Feature","properties":{"zoneId":"Z000151612","zoneName":"상당초가덕초공동(일방)통학구역","zoneType":"elementary","level":"초등학교","kind":"shared","oneWay":true,"sggCode":"111","eduCode":"8011000","eduName":"충청북도청주교육지원청","updatedAt":"2026-03-02"},"geometry":{"type":"Polygon","coordinates":[[[127.52072,36.61272],[127.52054,36.61348],[127.51991,36.61496],[127.51601,36.61322],[127.51688,36.61288],[127.51685,36.6122],[127.51823,36.61053],[127.51685,36.61002],[127.51536,36.6084],[127.51335,36.60723],[127.51425,36.60604],[127.51567,36.6068],[127.51645,36.60574],[127.51708,36.60605],[127.51889,36.60378],[127.52388,36.60635],[127.52341,36.60695],[127.52415,36.60779],[127.52602,36.61182],[127.52605,36.61333],[127.52564,36.61479],[127.52072,36.61272]]]}},{"type":"Feature","properties":{"zoneId":"Z000151444","zoneName":"단재초동화초행정초옥포초신송초공동(일방)통학구역","zoneType":"elementary","level":"초등학교","kind":"shared","oneWay":true,"sggCode":"111","eduCode":"8011000","eduName":"충청북도청주교육지원청","updatedAt":"2026-03-02"},"geometry":{"type":"Polygon","coordinates":[[[127.50095,36.60589],[127.50076,36.6059],[127.49805,36.606],[127.49802,36.5963],[127.50558,36.59739],[127.50363,36.60173],[127.50095,36.60589]]]}},{"type":"Feature","properties":{"zoneId":"Z000151443","zoneName":"운동초가덕초동화초신송초행정초공동(일방)통학구역","zoneType":"elementary","level":"초등학교","kind":"shared","oneWay":true,"sggCode":"111","eduCode":"8011000","eduName":"충청북도청주교육지원청","updatedAt":"2026-03-02"},"geometry":{"type":"MultiPolygon","coordinates":[[[[127.55503,36.64224],[127.55504,36.64228],[127.55521,36.64289],[127.55482,36.64386],[127.55441,36.64349],[127.55411,36.64219],[127.55354,36.64174],[127.55238,36.64191],[127.55064,36.64154],[127.54811,36.63955],[127.54626,36.63936],[127.54557,36.63987],[127.54455,36.63995],[127.54447,36.6385],[127.54363,36.63804],[127.54176,36.63776],[127.53887,36.63554],[127.53846,36.6348],[127.53919,36.63466],[127.5397,36.63369],[127.54066,36.63285],[127.54124,36.63152],[127.5414,36.62916],[127.54267,36.62822],[127.5431,36.62692],[127.54304,36.62564],[127.54201,36.6244],[127.54115,36.62424],[127.54024,36.62328],[127.53991,36.62244],[127.53712,36.6206],[127.53653,36.61986],[127.53438,36.62019],[127.53226,36.61911],[127.5309,36.61895],[127.53095,36.6172],[127.5298,36.61515],[127.52777,36.61443],[127.52583,36.6143],[127.52602,36.61182],[127.52415,36.60779],[127.52341,36.60695],[127.52388,36.60635],[127.51687,36.60271],[127.51604,36.60379],[127.51805,36.60483],[127.51708,36.60605],[127.51645,36.60574],[127.51567,36.6068],[127.51425,36.60604],[127.51335,36.60723],[127.51536,36.6084],[127.51685,36.61002],[127.51823,36.61053],[127.51685,36.6122],[127.51688,36.61288],[127.51601,36.61322],[127.51339,36.61115],[127.51406,36.61069],[127.51346,36.60936],[127.51316,36.60952],[127.51018,36.6065],[127.51083,36.60605],[127.50831,36.60537],[127.50869,36.60449],[127.50774,36.60416],[127.50689,36.60287],[127.50336,36.60212],[127.50558,36.59739],[127.49802,36.5963],[127.49774,36.59248],[127.49833,36.59068],[127.50063,36.58713],[127.50139,36.58776],[127.5035,36.58696],[127.50385,36.58709],[127.50341,36.58987],[127.50695,36.59016],[127.5088,36.59145],[127.50965,36.59139],[127.51022,36.59191],[127.51036,36.59165],[127.51122,36.5917],[127.51246,36.59225],[127.51273,36.59306],[127.51397,36.59307],[127.51446,36.59271],[127.51965,36.59392],[127.51979,36.5949],[127.52099,36.59576],[127.52109,36.59697],[127.52202,36.59859],[127.52235,36.6],[127.52285,36.60083],[127.52382,36.60115],[127.52397,36.6016],[127.53339,36.60183],[127.53469,36.601],[127.53798,36.59976],[127.54028,36.59946],[127.54114,36.59972],[127.54219,36.59939],[127.54263,36.59958],[127.54286,36.59986],[127.54269,36.6006],[127.54322,36.60085],[127.54336,36.60234],[127.54522,36.60599],[127.54528,36.60674],[127.54795,36.60888],[127.549,36.61267],[127.55059,36.61541],[127.55304,36.61679],[127.55349,36.61733],[127.55367,36.61878],[127.55434,36.61965],[127.55393,36.62086],[127.55486,36.62442],[127.55754,36.62666],[127.55708,36.62749],[127.55725,36.62835],[127.55646,36.63036],[127.55861,36.63206],[127.55786,36.63339],[127.55651,36.6347],[127.55659,36.63599],[127.55747,36.63735],[127.55503,36.64224]],[[127.50194,36.5951],[127.50302,36.59519],[127.50331,36.59367],[127.50219,36.59353],[127.50194,36.5951]],[[127.50248,36.59172],[127.50358,36.59183],[127.50375,36.59095],[127.50261,36.59087],[127.50248,36.59172]]],[[[127.52555,36.61475],[127.52529,36.61535],[127.52328,36.61505],[127.52194,36.61338],[127.52075,36.6126],[127.52555,36.61475]]]]}},{"type":"Feature","properties":{"zoneId":"Z000151617","zoneName":"금천초청남초공동통학구역","zoneType":"elementary","level":"초등학교","kind":"shared","oneWay":false,"sggCode":"111","eduCode":"8011000","eduName":"충청북도청주교육지원청","updatedAt":"2026-03-02"},"geometry":{"type":"Polygon","coordinates":[[[127.50411,36.62011],[127.50395,36.62064],[127.5026,36.62091],[127.50238,36.62035],[127.50342,36.61992],[127.50411,36.62011]]]}},{"type":"Feature","properties":{"zoneId":"Z000151610","zoneName":"한솔초모충초공동통학구역","zoneType":"elementary","level":"초등학교","kind":"shared","oneWay":false,"sggCode":"112","eduCode":"8011000","eduName":"충청북도청주교육지원청","updatedAt":"2026-03-02"},"geometry":{"type":"Polygon","coordinates":[[[127.4793,36.62162],[127.47933,36.62178],[127.47855,36.62349],[127.47691,36.62469],[127.47605,36.62383],[127.47614,36.62313],[127.4748,36.62209],[127.47478,36.62144],[127.47586,36.6216],[127.47653,36.62136],[127.47723,36.62011],[127.47884,36.62034],[127.4793,36.62162]]]}},{"type":"Feature","properties":{"zoneId":"Z000103399","zoneName":"봉덕초통학구역","zoneType":"elementary","level":"초등학교","kind":"dedicated","oneWay":false,"sggCode":"113","eduCode":"8011000","eduName":"충청북도청주교육지원청","updatedAt":"2026-03-02"},"geometry":{"type":"MultiPolygon","coordinates":[[[[127.46394,36.65614],[127.46393,36.65622],[127.46392,36.65672],[127.46559,36.65707],[127.46441,36.65951],[127.46271,36.65876],[127.45411,36.65852],[127.45402,36.64932],[127.46641,36.64927],[127.46505,36.65274],[127.464,36.65278],[127.46356,36.65508],[127.46208,36.65581],[127.46394,36.65614]]],[[[127.44685,36.66584],[127.44603,36.6668],[127.44413,36.66568],[127.44497,36.66472],[127.44685,36.66584]]]]}},{"type":"Feature","properties":{"zoneId":"Z000150410","zoneName":"진천삼수초학성초공동통학구역","zoneType":"elementary","level":"초등학교","kind":"shared","oneWay":false,"sggCode":"750","eduCode":"8081000","eduName":"충청북도진천교육지원청","updatedAt":"2026-04-10"},"geometry":{"type":"MultiPolygon","coordinates":[[[[127.44846,36.86864],[127.44871,36.86868],[127.44884,36.86896],[127.44704,36.86995],[127.44691,36.86955],[127.44729,36.86874],[127.44818,36.86821],[127.44824,36.86769],[127.44858,36.86752],[127.44879,36.86782],[127.44846,36.86864]]],[[[127.44275,36.87044],[127.44317,36.87066],[127.44299,36.87123],[127.44241,36.871],[127.44203,36.87035],[127.44275,36.87044]]]]}},{"type":"Feature","properties":{"zoneId":"Z000151435","zoneName":"진천삼수초백곡초공동(일방)통학구역","zoneType":"elementary","level":"초등학교","kind":"shared","oneWay":true,"sggCode":"750","eduCode":"8081000","eduName":"충청북도진천교육지원청","updatedAt":"2026-04-10"},"geometry":{"type":"Polygon","coordinates":[[[127.44825,36.87351],[127.44783,36.87358],[127.44748,36.87298],[127.44758,36.87196],[127.44643,36.87184],[127.44572,36.8723],[127.4451,36.87185],[127.44476,36.87084],[127.44321,36.87086],[127.44226,36.87022],[127.44213,36.87081],[127.44312,36.87106],[127.44203,36.87296],[127.44141,36.87286],[127.4416,36.87185],[127.44117,36.86926],[127.44224,36.86572],[127.44232,36.86438],[127.44066,36.86261],[127.44282,36.86231],[127.44384,36.86273],[127.44597,36.86205],[127.44695,36.86094],[127.44819,36.8585],[127.45092,36.85772],[127.45575,36.85747],[127.45674,36.85639],[127.45838,36.85612],[127.46046,36.85526],[127.46218,36.85365],[127.46438,36.85298],[127.4647,36.85377],[127.46505,36.85365],[127.46555,36.85549],[127.4659,36.85546],[127.45987,36.85845],[127.46269,36.8619],[127.46231,36.86236],[127.46248,36.86313],[127.46378,36.86504],[127.4638,36.86603],[127.46433,36.86667],[127.46533,36.86683],[127.46521,36.86764],[127.4628,36.86857],[127.46004,36.86808],[127.45789,36.86924],[127.45757,36.86974],[127.45639,36.87017],[127.45552,36.86979],[127.45446,36.87084],[127.45415,36.87179],[127.45221,36.87229],[127.45147,36.8733],[127.45015,36.87311],[127.44952,36.87358],[127.44825,36.87351]],[[127.44691,36.86955],[127.44699,36.86977],[127.44729,36.86991],[127.44785,36.86933],[127.44884,36.86896],[127.44846,36.86864],[127.44879,36.86782],[127.44858,36.86752],[127.44824,36.86769],[127.44818,36.86821],[127.44738,36.86862],[127.44691,36.86955]]]}},{"type":"Feature","properties":{"zoneId":"Z000103573","zoneName":"문상초통학구역","zoneType":"elementary","level":"초등학교","kind":"dedicated","oneWay":false,"sggCode":"750","eduCode":"8081000","eduName":"충청북도진천교육지원청","updatedAt":"2026-04-14"},"geometry":{"type":"Polygon","coordinates":[[[127.479,36.84777],[127.47882,36.84786],[127.47757,36.84824],[127.47199,36.84746],[127.4703,36.84695],[127.4694,36.84559],[127.46747,36.84434],[127.46555,36.84344],[127.46325,36.84289],[127.46276,36.84148],[127.46321,36.83966],[127.46409,36.8394],[127.46402,36.83894],[127.46365,36.83851],[127.46254,36.83815],[127.46129,36.83658],[127.46067,36.83634],[127.46051,36.83528],[127.45937,36.83485],[127.4588,36.83498],[127.45761,36.83424],[127.45659,36.83433],[127.45516,36.83306],[127.45438,36.8333],[127.453,36.83274],[127.45191,36.83278],[127.45074,36.83177],[127.45154,36.83081],[127.4506,36.82807],[127.45165,36.82731],[127.45292,36.82548],[127.45287,36.82434],[127.45252,36.82471],[127.45222,36.82365],[127.45249,36.82303],[127.45223,36.82208],[127.45172,36.82191],[127.45095,36.82217],[127.45068,36.82178],[127.44791,36.82088],[127.44742,36.82026],[127.44856,36.81842],[127.4495,36.81814],[127.4507,36.81848],[127.45128,36.81818],[127.45107,36.81773],[127.4514,36.81739],[127.45101,36.81678],[127.45128,36.81625],[127.45221,36.81558],[127.45405,36.81287],[127.45627,36.81223],[127.45781,36.81221],[127.45922,36.81133],[127.46247,36.81139],[127.46289,36.81026],[127.46251,36.80999],[127.46302,36.80809],[127.46247,36.80736],[127.46283,36.8064],[127.4618,36.80536],[127.46208,36.80491],[127.46182,36.8045],[127.46207,36.80367],[127.46309,36.80299],[127.46396,36.80341],[127.46471,36.80266],[127.46723,36.80153],[127.46806,36.80144],[127.46963,36.80011],[127.47056,36.80056],[127.47496,36.80033],[127.47552,36.79966],[127.47577,36.79869],[127.4767,36.79863],[127.4773,36.79932],[127.47893,36.79894],[127.47956,36.80004],[127.48137,36.79963],[127.48195,36.80028],[127.48199,36.80093],[127.48246,36.8012],[127.4841,36.80062],[127.48718,36.80031],[127.48723,36.80149],[127.48782,36.80197],[127.49312,36.8025],[127.49436,36.80329],[127.49445,36.80446],[127.494,36.80557],[127.48957,36.81082],[127.4893,36.81221],[127.48983,36.81324],[127.49218,36.81508],[127.49279,36.81896],[127.49197,36.82329],[127.49206,36.82411],[127.49375,36.82674],[127.49409,36.82865],[127.49596,36.83291],[127.49766,36.83519],[127.49869,36.83851],[127.49274,36.83886],[127.49183,36.8403],[127.491,36.84272],[127.49035,36.84342],[127.49082,36.8453],[127.48978,36.84676],[127.48755,36.84666],[127.48754,36.84606],[127.48708,36.84597],[127.48442,36.84726],[127.48122,36.84708],[127.479,36.84777]]]}},{"type":"Feature","properties":{"zoneId":"Z000103580","zoneName":"진천상산초통학구역","zoneType":"elementary","level":"초등학교","kind":"dedicated","oneWay":false,"sggCode":"750","eduCode":"8081000","eduName":"충청북도진천교육지원청","updatedAt":"2026-04-10"},"geometry":{"type":"Polygon","coordinates":[[[127.42183,36.82971],[127.42183,36.82971],[127.42079,36.82836],[127.42186,36.82714],[127.4222,36.82618],[127.42426,36.82505],[127.42406,36.82474],[127.42537,36.82384],[127.42683,36.82338],[127.42911,36.82368],[127.42993,36.82319],[127.43002,36.8226],[127.43125,36.82222],[127.4317,36.82279],[127.43288,36.8231],[127.43452,36.82282],[127.43488,36.82302],[127.43499,36.82378],[127.43357,36.8254],[127.43383,36.8271],[127.43474,36.82793],[127.43467,36.82895],[127.43402,36.82901],[127.43372,36.8294],[127.43374,36.8305],[127.43576,36.83256],[127.43594,36.83387],[127.43572,36.83392],[127.43658,36.83565],[127.43799,36.83579],[127.43956,36.83725],[127.44133,36.83771],[127.4416,36.83938],[127.44138,36.84],[127.44341,36.84102],[127.4432,36.84168],[127.44151,36.84371],[127.44038,36.84362],[127.43884,36.84416],[127.43736,36.84338],[127.43498,36.84309],[127.43435,36.84274],[127.43385,36.84271],[127.43297,36.84442],[127.43057,36.8432],[127.42855,36.8439],[127.42379,36.84285],[127.42256,36.84124],[127.42178,36.84117],[127.42055,36.83976],[127.42138,36.83834],[127.42118,36.83793],[127.42186,36.83522],[127.42278,36.83406],[127.42273,36.83201],[127.42182,36.83097],[127.42183,36.82971]]]}},{"type":"Feature","properties":{"zoneId":"Z000106463","zoneName":"대가초통학구역","zoneType":"elementary","level":"초등학교","kind":"dedicated","oneWay":false,"sggCode":"800","eduCode":"8111000","eduName":"충청북도단양교육지원청","updatedAt":"2025-11-03"},"geometry":{"type":"Polygon","coordinates":[[[128.24925,37.07511],[128.24832,37.07592],[128.24679,37.07692],[128.24413,37.07625],[128.24214,37.07483],[128.23941,37.0736],[128.23938,37.07284],[128.23873,37.07229],[128.23827,37.07121],[128.2387,37.06987],[128.23853,37.06781],[128.2383,37.06712],[128.23766,37.06701],[128.23681,37.06542],[128.23544,37.06484],[128.23326,37.06491],[128.23171,37.06386],[128.23099,37.06375],[128.2306,37.06323],[128.22537,37.06234],[128.2252,37.06101],[128.22475,37.06033],[128.22497,37.05872],[128.22226,37.05778],[128.22181,37.05681],[128.2219,37.05609],[128.22132,37.05558],[128.21784,37.05434],[128.21903,37.05312],[128.21886,37.05178],[128.22103,37.05004],[128.22107,37.04957],[128.22014,37.04872],[128.22037,37.04709],[128.22,37.04633],[128.21942,37.04631],[128.21898,37.04584],[128.21933,37.04454],[128.22083,37.042],[128.21999,37.0416],[128.21824,37.0395],[128.21777,37.03804],[128.21712,37.03739],[128.22171,37.03597],[128.22443,37.03431],[128.22478,37.03319],[128.22405,37.03137],[128.22408,37.03059],[128.22525,37.02809],[128.22505,37.02721],[128.22656,37.02613],[128.2266,37.02534],[128.22805,37.02448],[128.23056,37.02459],[128.23276,37.02518],[128.23457,37.02486],[128.23748,37.02525],[128.23849,37.02509],[128.23991,37.02412],[128.2404,37.02412],[128.24172,37.02255],[128.24335,37.02152],[128.24345,37.02109],[128.2439,37.02108],[128.24452,37.01999],[128.24438,37.01968],[128.24571,37.01828],[128.24589,37.01674],[128.24709,37.01507],[128.24833,37.0144],[128.24838,37.01324],[128.24889,37.01263],[128.25054,37.01171],[128.25105,37.01061],[128.25206,37.01046],[128.25288,37.00972],[128.25397,37.00937],[128.2545,37.0083],[128.25402,37.00782],[128.25497,37.00748],[128.25607,37.00554],[128.25583,37.00475],[128.25658,37.00411],[128.25678,37.00307],[128.25732,37.00235],[128.25687,37.00203],[128.2576,37.00015],[128.25713,36.99893],[128.256,36.99803],[128.25425,36.99785],[128.25391,36.99748],[128.25462,36.99647],[128.25677,36.99575],[128.25851,36.99333],[128.26052,36.99515],[128.26488,36.99722],[128.26449,36.99811],[128.26618,36.99883],[128.26855,36.99895],[128.26835,36.9994],[128.26898,37.00008],[128.27139,37.00063],[128.27173,37.00187],[128.27474,37.00329],[128.27577,37.00336],[128.27735,37.00228],[128.27911,37.00234],[128.27986,37.00204],[128.28153,37.00225],[128.28137,37.00152],[128.28342,37.00116],[128.28297,36.99986],[128.28384,36.99893],[128.28442,36.99919],[128.28555,36.99863],[128.2871,36.99934],[128.28676,36.99975],[128.28719,37.00087],[128.2887,37.00182],[128.2889,37.00354],[128.29001,37.00456],[128.28919,37.00493],[128.28832,37.0069],[128.28919,37.00824],[128.28882,37.00924],[128.28947,37.01072],[128.28976,37.01237],[128.29095,37.01336],[128.2913,37.01458],[128.29218,37.01422],[128.29262,37.01465],[128.29339,37.01459],[128.2933,37.01369],[128.29433,37.01348],[128.2954,37.01436],[128.29502,37.01473],[128.29476,37.01592],[128.2954,37.01669],[128.29516,37.01723],[128.29402,37.01742],[128.29381,37.01848],[128.29418,37.01965],[128.29451,37.02352],[128.29163,37.02622],[128.29082,37.02644],[128.29045,37.02708],[128.2896,37.02734],[128.28761,37.02716],[128.28538,37.02654],[128.28325,37.02737],[128.28139,37.02768],[128.28042,37.02901],[128.28028,37.02977],[128.28063,37.03044],[128.27941,37.03131],[128.27955,37.03185],[128.27917,37.03256],[128.27813,37.03337],[128.27566,37.03374],[128.27371,37.0354],[128.27344,37.03619],[128.27186,37.03663],[128.27101,37.03724],[128.26941,37.03659],[128.2689,37.03603],[128.26731,37.03701],[128.26607,37.03675],[128.26123,37.04031],[128.26087,37.04008],[128.25987,37.04095],[128.25977,37.04345],[128.25947,37.04418],[128.26108,37.04546],[128.26294,37.04587],[128.26447,37.04728],[128.26294,37.04835],[128.26271,37.05018],[128.26301,37.05048],[128.26402,37.05003],[128.2649,37.05208],[128.26694,37.05217],[128.26777,37.05192],[128.271,37.054],[128.27023,37.05701],[128.2708,37.05734],[128.26779,37.06045],[128.26704,37.06086],[128.26367,37.06108],[128.26298,37.06226],[128.26158,37.06296],[128.26127,37.06378],[128.26016,37.06459],[128.259,37.06521],[128.25754,37.06507],[128.25763,37.06581],[128.25683,37.06612],[128.25471,37.0661],[128.254,37.06701],[128.2537,37.06879],[128.25316,37.06943],[128.25137,37.06917],[128.24958,37.06997],[128.24851,37.07111],[128.24914,37.07199],[128.24934,37.07302],[128.24889,37.07465],[128.24925,37.07511]]]}},{"type":"Feature","properties":{"zoneId":"Z000150428","zoneName":"대가초매포초공동통학구역","zoneType":"elementary","level":"초등학교","kind":"shared","oneWay":false,"sggCode":"800","eduCode":"8111000","eduName":"충청북도단양교육지원청","updatedAt":"2016-08-12"},"geometry":{"type":"Polygon","coordinates":[[[128.29606,37.01414],[128.2954,37.01436],[128.29502,37.01473],[128.29476,37.01592],[128.2954,37.01669],[128.29497,37.01727],[128.2954,37.01669],[128.29476,37.01592],[128.29502,37.01473],[128.2954,37.01436],[128.29429,37.01347],[128.2933,37.01369],[128.29339,37.01459],[128.29262,37.01465],[128.29218,37.01422],[128.2913,37.01458],[128.29095,37.01336],[128.28976,37.01237],[128.28947,37.01072],[128.28882,37.00924],[128.28919,37.00824],[128.28832,37.0069],[128.28919,37.00493],[128.29001,37.00456],[128.2889,37.00354],[128.2887,37.00182],[128.28719,37.00087],[128.28676,36.99975],[128.2871,36.99934],[128.28555,36.99863],[128.28442,36.99919],[128.28384,36.99893],[128.28297,36.99986],[128.28342,37.00116],[128.28137,37.00152],[128.28153,37.00225],[128.27986,37.00204],[128.27911,37.00234],[128.27735,37.00228],[128.27577,37.00336],[128.27472,37.00329],[128.27239,37.00235],[128.27146,37.00155],[128.27139,37.00063],[128.26898,37.00008],[128.26835,36.9994],[128.26855,36.99895],[128.26618,36.99883],[128.26449,36.99811],[128.26488,36.99722],[128.26052,36.99515],[128.25851,36.99333],[128.2581,36.99182],[128.25777,36.99157],[128.25806,36.99074],[128.2575,36.98976],[128.25758,36.98845],[128.25953,36.98739],[128.26217,36.98775],[128.26559,36.98619],[128.26956,36.98533],[128.27293,36.98374],[128.27393,36.98414],[128.27596,36.98331],[128.27775,36.9832],[128.27847,36.98273],[128.28008,36.98362],[128.28086,36.98211],[128.28166,36.98217],[128.28332,36.98128],[128.28371,36.98072],[128.28475,36.9813],[128.28615,36.98055],[128.28843,36.98149],[128.28946,36.98132],[128.29243,36.9817],[128.29364,36.98148],[128.29415,36.98253],[128.29678,36.98255],[128.29901,36.98215],[128.30024,36.98312],[128.30215,36.98356],[128.3017,36.98509],[128.30064,36.98603],[128.30012,36.98768],[128.29972,36.98786],[128.29948,36.98882],[128.29894,36.98929],[128.29913,36.98978],[128.29886,36.99071],[128.29991,36.99092],[128.29988,36.99167],[128.30094,36.99245],[128.30097,36.99289],[128.30149,36.99331],[128.30123,36.99406],[128.30167,36.99631],[128.30302,36.99668],[128.30359,36.99786],[128.30348,36.99972],[128.30393,37.00107],[128.30377,37.00333],[128.30315,37.00404],[128.30179,37.0045],[128.30163,37.00669],[128.30018,37.00842],[128.29889,37.00933],[128.29658,37.01278],[128.29576,37.01298],[128.29606,37.01414]]]}},{"type":"Feature","properties":{"zoneId":"Z000150796","zoneName":"진천상신초초평초공동통학구역, 진천상신초구정초공동(일방)통학구역","zoneType":"elementary","level":"초등학교","kind":"shared","oneWay":true,"sggCode":"750","eduCode":"8081000","eduName":"충청북도진천교육지원청","updatedAt":"2026-04-10"},"geometry":{"type":"Polygon","coordinates":[[[127.54516,36.90384],[127.54516,36.90384],[127.54378,36.90454],[127.54404,36.90522],[127.54093,36.90617],[127.53902,36.90812],[127.53684,36.90606],[127.53774,36.90529],[127.53674,36.90484],[127.53297,36.90131],[127.5321,36.90099],[127.52995,36.90096],[127.5284,36.90015],[127.53032,36.89813],[127.53104,36.89693],[127.52635,36.89526],[127.52412,36.89412],[127.52567,36.89418],[127.5276,36.89552],[127.5295,36.89532],[127.53075,36.89574],[127.53203,36.89527],[127.53221,36.89417],[127.53287,36.89446],[127.53371,36.89381],[127.53398,36.89318],[127.53573,36.8928],[127.53735,36.89318],[127.53768,36.8928],[127.54008,36.89414],[127.54054,36.89389],[127.54089,36.89304],[127.54179,36.89252],[127.54285,36.89376],[127.54473,36.89456],[127.54569,36.89458],[127.54769,36.8969],[127.54939,36.8971],[127.54955,36.89758],[127.54815,36.8987],[127.54844,36.89915],[127.55017,36.89919],[127.54926,36.89979],[127.54913,36.9003],[127.54833,36.90048],[127.54741,36.89991],[127.54754,36.90012],[127.54704,36.90075],[127.54599,36.90091],[127.5463,36.90097],[127.546,36.90191],[127.54663,36.90257],[127.54587,36.90294],[127.54609,36.90348],[127.54516,36.90384]]]}},{"type":"Feature","properties":{"zoneId":"Z000103403","zoneName":"북일초통학구역","zoneType":"elementary","level":"초등학교","kind":"dedicated","oneWay":false,"sggCode":"114","eduCode":"8011000","eduName":"충청북도청주교육지원청","updatedAt":"2026-04-13"},"geometry":{"type":"MultiPolygon","coordinates":[[[[127.48342,36.72176],[127.48298,36.72185],[127.47921,36.72199],[127.47832,36.71874],[127.47735,36.71721],[127.47317,36.7149],[127.46806,36.71034],[127.4673,36.71034],[127.46696,36.70932],[127.46525,36.7078],[127.4648,36.70697],[127.46532,36.70508],[127.46523,36.70437],[127.46446,36.70415],[127.4639,36.70195],[127.46382,36.70077],[127.46445,36.69869],[127.46408,36.69746],[127.46203,36.69613],[127.46252,36.69542],[127.46616,36.69336],[127.46408,36.69098],[127.4662,36.68973],[127.46685,36.6887],[127.46757,36.68729],[127.46673,36.68694],[127.46618,36.68604],[127.46715,36.68534],[127.46739,36.68477],[127.46842,36.68488],[127.47,36.68412],[127.47232,36.68482],[127.47315,36.6855],[127.474,36.6855],[127.4749,36.68433],[127.47647,36.68394],[127.47727,36.68292],[127.47842,36.68276],[127.47762,36.68175],[127.47791,36.68134],[127.47973,36.68012],[127.48123,36.67972],[127.48189,36.67908],[127.48313,36.67954],[127.4835,36.67777],[127.48326,36.67434],[127.49645,36.67553],[127.49706,36.67697],[127.49895,36.67947],[127.49844,36.68384],[127.49898,36.68612],[127.49972,36.68748],[127.49998,36.68915],[127.50124,36.69049],[127.50327,36.69159],[127.50393,36.69295],[127.50423,36.6952],[127.50493,36.69554],[127.50421,36.69538],[127.50468,36.69568],[127.50427,36.696],[127.50214,36.69644],[127.50202,36.69475],[127.50232,36.69382],[127.50135,36.6933],[127.50091,36.69346],[127.5012,36.69459],[127.50077,36.6955],[127.49914,36.69515],[127.49885,36.69419],[127.49785,36.69426],[127.4977,36.69235],[127.49732,36.69156],[127.4969,36.69163],[127.49727,36.69282],[127.49718,36.69562],[127.49862,36.6982],[127.49799,36.69843],[127.49777,36.70064],[127.49952,36.69958],[127.50036,36.69976],[127.50067,36.70015],[127.50159,36.69994],[127.5032,36.70039],[127.504,36.70031],[127.50563,36.701],[127.5062,36.70056],[127.50747,36.70068],[127.50792,36.70012],[127.50784,36.70089],[127.51092,36.70463],[127.51275,36.70845],[127.5145,36.70904],[127.51707,36.70938],[127.518,36.71016],[127.51622,36.71015],[127.51505,36.71132],[127.51502,36.71166],[127.51557,36.71112],[127.5153,36.71133],[127.51531,36.71221],[127.51588,36.71239],[127.51626,36.71215],[127.51588,36.7126],[127.51661,36.7127],[127.51482,36.71493],[127.51372,36.71394],[127.51383,36.71347],[127.51338,36.71307],[127.5142,36.71236],[127.51444,36.71062],[127.51353,36.71178],[127.51283,36.71175],[127.51317,36.71113],[127.51351,36.71121],[127.51322,36.711],[127.51332,36.71063],[127.51359,36.71092],[127.51395,36.7101],[127.51201,36.70951],[127.51135,36.71029],[127.51212,36.71065],[127.51123,36.71057],[127.51177,36.713],[127.51143,36.71363],[127.51086,36.7116],[127.51023,36.71163],[127.51,36.71218],[127.51015,36.71313],[127.51102,36.71374],[127.5112,36.71434],[127.51059,36.714],[127.50939,36.71413],[127.50776,36.71577],[127.50739,36.71567],[127.50651,36.71435],[127.50482,36.71429],[127.50462,36.71349],[127.505,36.71406],[127.50557,36.71321],[127.50534,36.71201],[127.50471,36.71114],[127.5037,36.71084],[127.50355,36.71117],[127.50397,36.7121],[127.50338,36.71172],[127.50344,36.71198],[127.50285,36.71216],[127.50259,36.71187],[127.50236,36.71217],[127.50212,36.71067],[127.50176,36.71082],[127.50205,36.71145],[127.50049,36.7119],[127.50016,36.71242],[127.49958,36.71244],[127.49896,36.71306],[127.49931,36.71325],[127.49926,36.7137],[127.49865,36.71398],[127.49996,36.71451],[127.50068,36.71532],[127.50122,36.71681],[127.49958,36.71758],[127.49855,36.71737],[127.49755,36.7177],[127.49489,36.71534],[127.49436,36.71574],[127.49211,36.71566],[127.49158,36.71621],[127.48946,36.71678],[127.48881,36.71662],[127.48809,36.71743],[127.48533,36.71843],[127.48506,36.71886],[127.48677,36.72105],[127.48662,36.72197],[127.48342,36.72176]]],[[[127.50809,36.70009],[127.50803,36.70008],[127.50544,36.69924],[127.50462,36.69951],[127.50137,36.69924],[127.50015,36.69858],[127.50096,36.69777],[127.50373,36.69731],[127.50649,36.69623],[127.50843,36.69797],[127.50864,36.69948],[127.50809,36.70009]]],[[[127.50019,36.69696],[127.50024,36.69685],[127.50118,36.69615],[127.50108,36.69685],[127.50019,36.69696]]],[[[127.49998,36.69635],[127.49998,36.69635],[127.50018,36.6967],[127.49874,36.69601],[127.49998,36.69635]]],[[[127.50543,36.69661],[127.50535,36.69667],[127.50393,36.69702],[127.50543,36.69661]]],[[[127.51857,36.71078],[127.51872,36.71088],[127.51777,36.71137],[127.51857,36.71078]]],[[[127.49896,36.6995],[127.49906,36.69954],[127.49863,36.69994],[127.49896,36.6995]]],[[[127.51205,36.71093],[127.51185,36.71077],[127.51222,36.71075],[127.51205,36.71093]]],[[[127.50541,36.7133],[127.50528,36.71349],[127.50521,36.71358],[127.50507,36.71381],[127.50499,36.71377],[127.50527,36.71334],[127.50525,36.71333],[127.50539,36.71314],[127.50549,36.71319],[127.50541,36.7133]]],[[[127.51614,36.7106],[127.51599,36.71073],[127.51576,36.71059],[127.51614,36.7106]]],[[[127.5158,36.71105],[127.51576,36.71099],[127.51562,36.71094],[127.51555,36.71096],[127.5155,36.71092],[127.51557,36.71083],[127.51562,36.71075],[127.51589,36.71103],[127.5158,36.71105]]],[[[127.49904,36.69545],[127.49882,36.69546],[127.4989,36.69521],[127.49904,36.69545]]],[[[127.50436,36.71452],[127.50434,36.7145],[127.50488,36.71436],[127.50436,36.71452]]],[[[127.50494,36.71145],[127.50499,36.71154],[127.50506,36.71163],[127.50507,36.71169],[127.5051,36.7117],[127.50512,36.71175],[127.50511,36.71182],[127.50494,36.71157],[127.50486,36.71137],[127.50494,36.71145]]],[[[127.49845,36.69521],[127.49845,36.69512],[127.49857,36.69512],[127.49856,36.6952],[127.49845,36.69521]]]]}},{"type":"Feature","properties":{"zoneId":"Z000151447","zoneName":"수성초대길초북이초비상초석성초공동(일방)통학구역","zoneType":"elementary","level":"초등학교","kind":"shared","oneWay":true,"sggCode":"114","eduCode":"8011000","eduName":"충청북도청주교육지원청","updatedAt":"2026-04-13"},"geometry":{"type":"MultiPolygon","coordinates":[[[[127.53175,36.73282],[127.53162,36.73401],[127.52786,36.73459],[127.525,36.73367],[127.52045,36.73138],[127.51924,36.73114],[127.51427,36.73196],[127.51146,36.73313],[127.503,36.73297],[127.50001,36.73121],[127.49278,36.73005],[127.49029,36.72842],[127.48575,36.72192],[127.48662,36.72197],[127.48677,36.72105],[127.48506,36.71886],[127.48598,36.71803],[127.48809,36.71743],[127.48881,36.71662],[127.48946,36.71678],[127.49158,36.71621],[127.49211,36.71566],[127.49436,36.71574],[127.49489,36.71534],[127.49755,36.7177],[127.49855,36.71737],[127.49958,36.71758],[127.50122,36.71681],[127.50068,36.71532],[127.49996,36.71451],[127.49865,36.71398],[127.49926,36.7137],[127.49931,36.71325],[127.49896,36.71306],[127.49958,36.71244],[127.50016,36.71242],[127.50049,36.7119],[127.50205,36.71145],[127.50176,36.71082],[127.50212,36.71067],[127.50236,36.71217],[127.50259,36.71187],[127.50285,36.71216],[127.50344,36.71198],[127.50338,36.71172],[127.50397,36.7121],[127.50355,36.71117],[127.5037,36.71084],[127.50471,36.71114],[127.50534,36.71201],[127.50557,36.71321],[127.505,36.71406],[127.50462,36.71349],[127.50482,36.71429],[127.50651,36.71435],[127.50739,36.71567],[127.50776,36.71577],[127.50939,36.71413],[127.51059,36.714],[127.5112,36.71434],[127.51102,36.71374],[127.51015,36.71313],[127.51,36.71218],[127.51023,36.71163],[127.51086,36.7116],[127.51143,36.71363],[127.51177,36.713],[127.51123,36.71057],[127.51212,36.71065],[127.51135,36.71029],[127.51183,36.70964],[127.51244,36.70947],[127.51395,36.7101],[127.51359,36.71092],[127.51332,36.71063],[127.51322,36.711],[127.51351,36.71121],[127.51317,36.71113],[127.51283,36.71175],[127.51353,36.71178],[127.51444,36.71062],[127.5142,36.71236],[127.51338,36.71307],[127.51383,36.71347],[127.51372,36.71394],[127.51482,36.71493],[127.51661,36.7127],[127.51588,36.7126],[127.51626,36.71215],[127.51588,36.71239],[127.51531,36.71221],[127.5153,36.71133],[127.51557,36.71112],[127.51502,36.71166],[127.51505,36.71132],[127.51622,36.71015],[127.51792,36.71],[127.51902,36.71101],[127.51924,36.71385],[127.52076,36.71514],[127.52219,36.71461],[127.5291,36.71605],[127.53027,36.71579],[127.53116,36.71601],[127.53009,36.71671],[127.53015,36.71832],[127.52953,36.71952],[127.5298,36.71994],[127.53128,36.72063],[127.53237,36.72338],[127.53298,36.72389],[127.53254,36.72708],[127.53281,36.72922],[127.53175,36.73282]],[[127.50494,36.71157],[127.50511,36.71182],[127.50512,36.71175],[127.5051,36.7117],[127.50507,36.71169],[127.50506,36.71163],[127.50499,36.71154],[127.50494,36.71145],[127.50486,36.71137],[127.50494,36.71157]],[[127.50429,36.71433],[127.5043,36.71439],[127.50488,36.71436],[127.50429,36.71433]],[[127.51562,36.71075],[127.51557,36.71083],[127.51589,36.71103],[127.51562,36.71075]],[[127.51576,36.71059],[127.51599,36.71073],[127.51604,36.7104],[127.51576,36.71059]],[[127.51162,36.71066],[127.51185,36.71077],[127.51205,36.71093],[127.51222,36.71075],[127.51169,36.71058],[127.51162,36.71066]],[[127.51767,36.71128],[127.51777,36.71137],[127.51872,36.71088],[127.51849,36.71072],[127.51767,36.71128]]],[[[127.50525,36.71333],[127.50527,36.71334],[127.50499,36.71377],[127.50525,36.71333]]],[[[127.5062,36.70056],[127.50608,36.70061],[127.50559,36.701],[127.504,36.70031],[127.5032,36.70039],[127.50159,36.69994],[127.50067,36.70015],[127.50036,36.69976],[127.49952,36.69958],[127.49783,36.70071],[127.49799,36.69843],[127.49862,36.6982],[127.49713,36.69545],[127.49731,36.69388],[127.49703,36.69156],[127.49732,36.69156],[127.49782,36.69269],[127.49785,36.69426],[127.49885,36.69419],[127.49914,36.69515],[127.50077,36.6955],[127.5012,36.69459],[127.50091,36.69346],[127.50135,36.6933],[127.50232,36.69382],[127.50202,36.69475],[127.50214,36.69644],[127.50427,36.696],[127.50468,36.69568],[127.50421,36.69538],[127.50649,36.69623],[127.50373,36.69731],[127.50096,36.69777],[127.50015,36.69858],[127.50137,36.69924],[127.50462,36.69951],[127.50544,36.69924],[127.50597,36.69957],[127.50703,36.69958],[127.50803,36.70027],[127.50778,36.70007],[127.5078,36.70045],[127.50736,36.70071],[127.5062,36.70056]],[[127.49845,36.69512],[127.49845,36.69521],[127.49856,36.6952],[127.49857,36.69512],[127.49845,36.69512]],[[127.49882,36.69546],[127.49904,36.69545],[127.4989,36.69521],[127.49882,36.69546]],[[127.49892,36.69977],[127.49898,36.69971],[127.49885,36.69942],[127.49861,36.69993],[127.49892,36.69977]],[[127.50396,36.69707],[127.504,36.69714],[127.50541,36.69651],[127.50396,36.69707]],[[127.49947,36.69608],[127.49925,36.69599],[127.49874,36.69601],[127.49965,36.69652],[127.50029,36.69658],[127.49947,36.69608]],[[127.5008,36.69704],[127.50102,36.69697],[127.50118,36.69615],[127.50024,36.69685],[127.50021,36.69708],[127.5008,36.69704]],[[127.49998,36.69635],[127.50003,36.69631],[127.49998,36.69635],[127.49998,36.69635]]]]}},{"type":"Feature","properties":{"zoneId":"Z000103405","zoneName":"비봉초통학구역","zoneType":"elementary","level":"초등학교","kind":"dedicated","oneWay":false,"sggCode":"114","eduCode":"8011000","eduName":"충청북도청주교육지원청","updatedAt":"2026-04-13"},"geometry":{"type":"MultiPolygon","coordinates":[[[[127.41174,36.72029],[127.40914,36.72293],[127.40787,36.72203],[127.40777,36.72142],[127.40635,36.72058],[127.40599,36.71997],[127.4052,36.71992],[127.40493,36.71917],[127.40354,36.71873],[127.40342,36.71654],[127.40296,36.71641],[127.40255,36.71558],[127.40282,36.71476],[127.40344,36.71446],[127.40387,36.71372],[127.40412,36.71282],[127.40344,36.71229],[127.40316,36.7114],[127.40594,36.71045],[127.4062,36.71012],[127.40538,36.7091],[127.40718,36.70862],[127.40856,36.71001],[127.41001,36.71025],[127.4106,36.71003],[127.4106,36.70865],[127.40855,36.70656],[127.40878,36.70543],[127.41409,36.70139],[127.41881,36.70548],[127.41771,36.70625],[127.41951,36.70771],[127.42123,36.70694],[127.42118,36.7082],[127.42259,36.70825],[127.42255,36.71052],[127.42022,36.71102],[127.41657,36.7134],[127.41511,36.71674],[127.41174,36.72029]]],[[[127.43951,36.70882],[127.43951,36.70915],[127.44062,36.7118],[127.43555,36.70641],[127.43804,36.70566],[127.43901,36.70722],[127.43951,36.70882]],[[127.43719,36.70683],[127.4375,36.70719],[127.43821,36.70699],[127.43808,36.70675],[127.43719,36.70683]]],[[[127.38987,36.732],[127.39007,36.73205],[127.39028,36.73289],[127.3882,36.73536],[127.38662,36.7344],[127.38657,36.73279],[127.38602,36.73109],[127.38545,36.72987],[127.38438,36.72864],[127.38495,36.72826],[127.38552,36.72834],[127.38628,36.72877],[127.3889,36.72902],[127.39214,36.72993],[127.39233,36.73005],[127.39207,36.73063],[127.39098,36.73106],[127.39008,36.73055],[127.38978,36.73091],[127.38954,36.73077],[127.38974,36.73048],[127.3891,36.72996],[127.38914,36.73034],[127.38791,36.73027],[127.38731,36.7307],[127.38685,36.73057],[127.38702,36.73031],[127.38637,36.73027],[127.38726,36.73168],[127.38903,36.73101],[127.38987,36.732]],[[127.39119,36.72979],[127.39116,36.72979],[127.39119,36.72979],[127.39122,36.7298],[127.39119,36.72979]]],[[[127.40503,36.73539],[127.40487,36.73548],[127.40413,36.73546],[127.40459,36.73455],[127.4043,36.73265],[127.40307,36.73256],[127.40306,36.73206],[127.40495,36.73224],[127.40497,36.73429],[127.40566,36.734],[127.40634,36.73452],[127.4064,36.73494],[127.40593,36.73536],[127.40532,36.73517],[127.40503,36.73539]]],[[[127.40125,36.73808],[127.40059,36.73825],[127.40021,36.73798],[127.40042,36.7375],[127.40009,36.73695],[127.39939,36.73632],[127.39999,36.73709],[127.39911,36.7369],[127.3985,36.73598],[127.39747,36.73564],[127.39729,36.73508],[127.39589,36.73569],[127.39546,36.7356],[127.3954,36.7367],[127.39498,36.73677],[127.39522,36.73533],[127.39585,36.73533],[127.39664,36.73471],[127.39678,36.73356],[127.39626,36.73347],[127.39509,36.73439],[127.3941,36.73432],[127.39376,36.73358],[127.39407,36.73316],[127.39482,36.73365],[127.39522,36.73257],[127.39612,36.7326],[127.39359,36.73243],[127.39349,36.7317],[127.39267,36.73176],[127.39272,36.73138],[127.39375,36.73068],[127.39403,36.72949],[127.39077,36.72838],[127.39326,36.72638],[127.39278,36.72526],[127.39533,36.72584],[127.39569,36.72558],[127.39538,36.7252],[127.39593,36.7248],[127.39658,36.72511],[127.39689,36.72484],[127.3972,36.72348],[127.3986,36.72334],[127.39868,36.72393],[127.39775,36.72436],[127.39703,36.72534],[127.3947,36.7269],[127.39539,36.72749],[127.39524,36.72817],[127.39549,36.72823],[127.39492,36.72856],[127.39469,36.72916],[127.39499,36.7294],[127.3958,36.72913],[127.39712,36.72928],[127.39767,36.72689],[127.39804,36.72694],[127.39822,36.72664],[127.39838,36.7269],[127.39789,36.72778],[127.39791,36.72842],[127.39983,36.72797],[127.40015,36.72728],[127.40079,36.72718],[127.40039,36.72824],[127.39982,36.7285],[127.39972,36.72891],[127.40032,36.72935],[127.4022,36.72916],[127.4028,36.7296],[127.40316,36.73051],[127.4029,36.73097],[127.40312,36.73103],[127.40212,36.73224],[127.4003,36.73173],[127.40031,36.73105],[127.39938,36.73047],[127.39954,36.73028],[127.39882,36.73011],[127.39828,36.73058],[127.39753,36.73024],[127.39679,36.73073],[127.3997,36.73185],[127.39997,36.73229],[127.39823,36.73184],[127.3973,36.73195],[127.3978,36.733],[127.39778,36.73443],[127.39823,36.73531],[127.4008,36.73741],[127.40176,36.73715],[127.40139,36.73755],[127.40167,36.73772],[127.4027,36.73722],[127.40262,36.73759],[127.4029,36.73779],[127.40259,36.7381],[127.40236,36.73786],[127.40125,36.73808]]]]}},{"type":"Feature","properties":{"zoneId":"Z000103428","zoneName":"오창초통학구역","zoneType":"elementary","level":"초등학교","kind":"dedicated","oneWay":false,"sggCode":"114","eduCode":"8011000","eduName":"충청북도청주교육지원청","updatedAt":"2026-04-13"},"geometry":{"type":"Polygon","coordinates":[[[127.50117,36.7798],[127.50098,36.77981],[127.49711,36.78001],[127.49464,36.77788],[127.49422,36.77683],[127.49208,36.77643],[127.49114,36.7749],[127.49131,36.77413],[127.49045,36.7738],[127.4878,36.77543],[127.48353,36.77621],[127.4818,36.776],[127.4806,36.77548],[127.48116,36.77441],[127.47939,36.77352],[127.47748,36.77305],[127.47466,36.77118],[127.47373,36.77016],[127.47041,36.76882],[127.46829,36.76931],[127.46736,36.76993],[127.46672,36.7695],[127.46585,36.76995],[127.46407,36.76969],[127.46174,36.77026],[127.46088,36.76976],[127.46039,36.76991],[127.45844,36.76579],[127.45764,36.76571],[127.45764,36.76526],[127.45692,36.76466],[127.45095,36.761],[127.4509,36.75998],[127.44989,36.75906],[127.44993,36.7562],[127.44948,36.75603],[127.44861,36.75465],[127.44945,36.75373],[127.45094,36.74942],[127.44974,36.74933],[127.44894,36.7489],[127.4472,36.74886],[127.44575,36.74968],[127.44372,36.74873],[127.44316,36.74947],[127.44243,36.7494],[127.44172,36.75026],[127.44178,36.75131],[127.44135,36.75218],[127.44018,36.75249],[127.43912,36.75324],[127.43808,36.7533],[127.43738,36.75291],[127.43712,36.75228],[127.43615,36.75213],[127.4357,36.75153],[127.43274,36.75146],[127.43205,36.75198],[127.43054,36.75168],[127.43008,36.75093],[127.42782,36.75108],[127.42711,36.75081],[127.42675,36.75193],[127.42587,36.75224],[127.42584,36.75291],[127.42518,36.75352],[127.42537,36.75391],[127.42478,36.75482],[127.42513,36.75535],[127.42503,36.75593],[127.427,36.75648],[127.42694,36.7576],[127.42455,36.75772],[127.42446,36.75876],[127.42254,36.75845],[127.42231,36.758],[127.42144,36.75764],[127.41946,36.75759],[127.41585,36.75666],[127.41515,36.75661],[127.41347,36.75735],[127.41221,36.75725],[127.4113,36.75585],[127.4108,36.75612],[127.41149,36.75507],[127.41137,36.75356],[127.41073,36.75296],[127.40972,36.75263],[127.40958,36.75226],[127.40843,36.75221],[127.40691,36.75085],[127.4056,36.75026],[127.40528,36.74928],[127.40558,36.74872],[127.40513,36.74821],[127.40444,36.74602],[127.40454,36.74535],[127.40497,36.74499],[127.40411,36.74485],[127.40129,36.74646],[127.40095,36.74729],[127.40022,36.74742],[127.39907,36.74693],[127.39763,36.74764],[127.39602,36.74793],[127.39581,36.74877],[127.39558,36.74899],[127.39514,36.74882],[127.39456,36.74982],[127.39463,36.75117],[127.39338,36.75195],[127.39365,36.75253],[127.39346,36.75268],[127.3911,36.75263],[127.38866,36.75349],[127.38831,36.75494],[127.38719,36.7558],[127.38788,36.75681],[127.38726,36.75715],[127.38637,36.75929],[127.38502,36.75964],[127.38411,36.75897],[127.38303,36.75892],[127.38188,36.75817],[127.37939,36.75846],[127.37924,36.75908],[127.37567,36.75853],[127.37486,36.75798],[127.3723,36.75793],[127.37146,36.75856],[127.37098,36.75948],[127.36987,36.76011],[127.36959,36.76158],[127.36644,36.76093],[127.36549,36.76096],[127.36419,36.7615],[127.36379,36.76112],[127.36245,36.76109],[127.36008,36.75972],[127.35781,36.76097],[127.35724,36.76029],[127.35613,36.75668],[127.35557,36.75602],[127.35417,36.75565],[127.35379,36.75467],[127.35225,36.75408],[127.35036,36.75398],[127.34784,36.75293],[127.34653,36.75348],[127.34553,36.75362],[127.34466,36.75335],[127.34392,36.75371],[127.34229,36.75318],[127.34099,36.75336],[127.3389,36.75259],[127.33832,36.75283],[127.33713,36.75254],[127.33676,36.75279],[127.33551,36.75264],[127.33532,36.75129],[127.33435,36.74983],[127.33429,36.74887],[127.33365,36.74868],[127.3324,36.74751],[127.33264,36.74752],[127.33268,36.74681],[127.33431,36.74681],[127.33644,36.74499],[127.3366,36.74435],[127.33711,36.74435],[127.3375,36.74293],[127.3374,36.74012],[127.33989,36.7398],[127.34037,36.73891],[127.34151,36.73847],[127.34317,36.7357],[127.34229,36.73361],[127.34247,36.73282],[127.34136,36.73274],[127.34,36.73152],[127.3392,36.72973],[127.33755,36.7293],[127.3369,36.72935],[127.33603,36.73055],[127.33493,36.73132],[127.33335,36.7311],[127.33115,36.73283],[127.33064,36.73271],[127.33038,36.73363],[127.32965,36.73437],[127.3283,36.73456],[127.32546,36.73367],[127.3252,36.73206],[127.32447,36.73147],[127.32244,36.7307],[127.31977,36.7268],[127.31902,36.72647],[127.31801,36.7249],[127.31857,36.72433],[127.32017,36.72369],[127.32093,36.7238],[127.32105,36.72501],[127.32127,36.72506],[127.32215,36.72426],[127.324,36.72371],[127.32642,36.72434],[127.3278,36.72286],[127.32946,36.72189],[127.3329,36.72075],[127.34148,36.71873],[127.35,36.71912],[127.35157,36.71884],[127.35235,36.71773],[127.35293,36.71788],[127.35501,36.71741],[127.35874,36.71738],[127.3588,36.71783],[127.36203,36.7178],[127.3655,36.71512],[127.36566,36.71436],[127.36663,36.71389],[127.36686,36.71315],[127.36741,36.71275],[127.36884,36.71289],[127.36966,36.7122],[127.37229,36.7119],[127.37238,36.71153],[127.3745,36.71065],[127.37472,36.71016],[127.38082,36.71124],[127.38136,36.71033],[127.383,36.70932],[127.3861,36.70953],[127.388,36.70766],[127.38959,36.70803],[127.39055,36.70881],[127.39385,36.7097],[127.39582,36.71074],[127.39775,36.71051],[127.40054,36.70905],[127.40121,36.70894],[127.4017,36.70926],[127.40184,36.71009],[127.40236,36.71077],[127.40338,36.71118],[127.40316,36.7114],[127.40344,36.71229],[127.40412,36.71282],[127.40387,36.71372],[127.40344,36.71446],[127.40282,36.71476],[127.40255,36.71558],[127.40296,36.71641],[127.40342,36.71654],[127.40354,36.71873],[127.40493,36.71917],[127.4052,36.71992],[127.40599,36.71997],[127.40635,36.72058],[127.40777,36.72142],[127.40787,36.72203],[127.40956,36.72306],[127.40947,36.72362],[127.41044,36.7239],[127.41189,36.72305],[127.41302,36.72373],[127.4145,36.72366],[127.41489,36.72284],[127.41597,36.72244],[127.41754,36.72297],[127.41847,36.72361],[127.41867,36.7242],[127.41989,36.72462],[127.42148,36.72704],[127.42157,36.72774],[127.42514,36.73076],[127.42346,36.73202],[127.42392,36.73338],[127.42616,36.73434],[127.42682,36.73588],[127.42829,36.73617],[127.43004,36.73706],[127.43102,36.73682],[127.43453,36.73741],[127.43231,36.73926],[127.43149,36.73951],[127.43145,36.74008],[127.43074,36.74052],[127.42966,36.74042],[127.42933,36.74074],[127.42856,36.74169],[127.42835,36.74282],[127.42894,36.74424],[127.42972,36.7441],[127.43124,36.74444],[127.43305,36.74379],[127.43492,36.74456],[127.43589,36.74373],[127.43918,36.74441],[127.43995,36.74393],[127.44078,36.74261],[127.44251,36.7427],[127.44333,36.74312],[127.44477,36.74262],[127.44595,36.74287],[127.44602,36.74195],[127.44721,36.74038],[127.45242,36.74072],[127.45344,36.73951],[127.45531,36.73852],[127.45265,36.73709],[127.45406,36.73629],[127.45313,36.73562],[127.45509,36.73452],[127.45359,36.73296],[127.45157,36.73421],[127.44932,36.73204],[127.44446,36.73515],[127.44236,36.73373],[127.43931,36.73436],[127.43767,36.73562],[127.43614,36.73529],[127.43477,36.73445],[127.43493,36.7333],[127.43431,36.73289],[127.43343,36.7305],[127.43357,36.72998],[127.43392,36.73012],[127.43402,36.72984],[127.43386,36.72917],[127.43454,36.72862],[127.43461,36.72802],[127.43589,36.72719],[127.43609,36.72633],[127.43661,36.72637],[127.43733,36.72593],[127.43848,36.72615],[127.43948,36.72567],[127.43997,36.7234],[127.43744,36.723],[127.43604,36.72195],[127.43879,36.72039],[127.43935,36.71962],[127.43924,36.71872],[127.43757,36.71635],[127.44054,36.71483],[127.44024,36.71446],[127.44127,36.71393],[127.4433,36.71632],[127.44363,36.71553],[127.44505,36.71544],[127.44772,36.7144],[127.44923,36.7147],[127.44963,36.71569],[127.45012,36.71544],[127.45131,36.71565],[127.45159,36.71538],[127.45274,36.71566],[127.45397,36.71678],[127.4543,36.71748],[127.45525,36.71676],[127.45771,36.71636],[127.45797,36.7162],[127.4576,36.71568],[127.45771,36.71531],[127.45942,36.71429],[127.45877,36.71306],[127.45792,36.71284],[127.45477,36.70743],[127.46265,36.70839],[127.46168,36.7065],[127.4648,36.70696],[127.46525,36.7078],[127.46696,36.70932],[127.4673,36.71034],[127.46806,36.71034],[127.47317,36.7149],[127.47677,36.71668],[127.47773,36.71771],[127.47859,36.7195],[127.47922,36.72199],[127.47868,36.72221],[127.47872,36.72595],[127.47827,36.72773],[127.47902,36.72771],[127.47973,36.72955],[127.47976,36.73092],[127.48021,36.73224],[127.48157,36.7343],[127.48221,36.73475],[127.48315,36.73674],[127.48489,36.73882],[127.48632,36.74395],[127.48723,36.74577],[127.49369,36.75337],[127.49724,36.75627],[127.5,36.75921],[127.50406,36.76513],[127.50673,36.76706],[127.50935,36.76953],[127.5103,36.77233],[127.51027,36.77301],[127.50987,36.77274],[127.50918,36.7742],[127.50869,36.77687],[127.5051,36.77945],[127.50117,36.7798]],[[127.40025,36.73733],[127.40042,36.7375],[127.40021,36.73798],[127.40042,36.73826],[127.40205,36.73788],[127.40259,36.7381],[127.4029,36.73779],[127.40262,36.73759],[127.4027,36.73722],[127.40167,36.73772],[127.40139,36.73755],[127.40176,36.73715],[127.4008,36.73741],[127.39823,36.73531],[127.39778,36.73443],[127.3978,36.733],[127.3973,36.73195],[127.39823,36.73184],[127.39997,36.73229],[127.3997,36.73185],[127.39679,36.73073],[127.39753,36.73024],[127.39828,36.73058],[127.39882,36.73011],[127.39954,36.73028],[127.39938,36.73047],[127.40031,36.73105],[127.4003,36.73173],[127.40212,36.73224],[127.40312,36.73103],[127.4029,36.73097],[127.40316,36.73051],[127.4028,36.7296],[127.4022,36.72916],[127.40032,36.72935],[127.39972,36.72891],[127.39982,36.7285],[127.40039,36.72824],[127.40079,36.72718],[127.40015,36.72728],[127.39983,36.72797],[127.39791,36.72842],[127.39789,36.72778],[127.39838,36.7269],[127.39822,36.72664],[127.39804,36.72694],[127.39767,36.72689],[127.39712,36.72928],[127.3958,36.72913],[127.39499,36.7294],[127.39469,36.72916],[127.39492,36.72856],[127.39549,36.72823],[127.39524,36.72817],[127.39539,36.72749],[127.3947,36.7269],[127.39703,36.72534],[127.39775,36.72436],[127.39855,36.72411],[127.3986,36.72334],[127.3972,36.72348],[127.39689,36.72484],[127.39658,36.72511],[127.39593,36.7248],[127.39538,36.7252],[127.39569,36.72558],[127.39533,36.72584],[127.39278,36.72526],[127.39326,36.72638],[127.39077,36.72838],[127.39403,36.72949],[127.39375,36.73068],[127.39272,36.73138],[127.39267,36.73176],[127.39349,36.7317],[127.39359,36.73243],[127.39612,36.7326],[127.39522,36.73257],[127.39482,36.73365],[127.39407,36.73316],[127.39376,36.73358],[127.3941,36.73432],[127.39509,36.73439],[127.39626,36.73347],[127.39678,36.73356],[127.39664,36.73471],[127.39585,36.73533],[127.39522,36.73533],[127.39498,36.73677],[127.3954,36.7367],[127.39546,36.7356],[127.39589,36.73569],[127.39729,36.73508],[127.39747,36.73564],[127.3985,36.73598],[127.39901,36.73683],[127.39999,36.73709],[127.39939,36.73632],[127.40025,36.73733]],[[127.40307,36.73256],[127.40384,36.73265],[127.4043,36.73265],[127.40442,36.733],[127.40459,36.73455],[127.40413,36.73546],[127.40433,36.73558],[127.40532,36.73517],[127.40593,36.73536],[127.4064,36.73494],[127.40634,36.73452],[127.40566,36.734],[127.40497,36.73429],[127.40495,36.73224],[127.40306,36.73206],[127.40307,36.73256]],[[127.38495,36.72826],[127.38489,36.72832],[127.38438,36.72864],[127.38545,36.72987],[127.38602,36.73109],[127.38657,36.73279],[127.38662,36.7344],[127.3882,36.73536],[127.39028,36.73289],[127.39025,36.73253],[127.38903,36.73101],[127.38726,36.73168],[127.38637,36.73027],[127.38702,36.73031],[127.38685,36.73057],[127.38731,36.7307],[127.38791,36.73027],[127.38914,36.73034],[127.3891,36.72996],[127.38974,36.73048],[127.38954,36.73077],[127.38978,36.73091],[127.39008,36.73055],[127.39098,36.73106],[127.39207,36.73063],[127.39233,36.73005],[127.39122,36.72953],[127.38628,36.72877],[127.38495,36.72826]],[[127.39119,36.72979],[127.39116,36.72979],[127.39119,36.72979],[127.39122,36.7298],[127.39119,36.72979]]]}}]}