{"type":"FeatureCollection","features":[{"type":"Feature","properties":{"zoneId":"Z000300048","zoneName":"청주시고등학군","zoneType":"high_zone","level":"고등학교","kind":"dedicated","oneWay":false,"sggCode":null,"eduCode":"8011000","eduName":"충청북도청주교육지원청","updatedAt":"2020-11-10"},"geometry":{"type":"Polygon","coordinates":[[[127.48683,36.7217],[127.48684,36.72175],[127.48628,36.7224],[127.48572,36.7219],[127.48438,36.72162],[127.48103,36.72208],[127.47921,36.72199],[127.47832,36.71874],[127.47735,36.71721],[127.47317,36.7149],[127.46806,36.71034],[127.4673,36.71034],[127.46632,36.70852],[127.46506,36.70758],[127.46482,36.70668],[127.46532,36.70508],[127.46523,36.70437],[127.46446,36.70415],[127.4639,36.70195],[127.46382,36.70077],[127.46445,36.69869],[127.46383,36.69717],[127.46202,36.69613],[127.46218,36.69586],[127.45881,36.69519],[127.45378,36.69489],[127.45279,36.69449],[127.45155,36.69305],[127.44955,36.69222],[127.44869,36.68894],[127.4475,36.68641],[127.44611,36.68573],[127.44664,36.68527],[127.44274,36.68485],[127.43702,36.68347],[127.43506,36.68375],[127.43526,36.68323],[127.43676,36.68257],[127.42665,36.68097],[127.42034,36.68038],[127.41957,36.68073],[127.41689,36.68099],[127.40915,36.68092],[127.40341,36.68002],[127.3986,36.67596],[127.39538,36.67264],[127.39517,36.66983],[127.39626,36.67113],[127.39688,36.66497],[127.39658,36.66349],[127.39506,36.66166],[127.39239,36.6603],[127.39064,36.65995],[127.38829,36.6601],[127.38326,36.66111],[127.38051,36.66126],[127.37754,36.65948],[127.37687,36.65836],[127.37699,36.65155],[127.37833,36.64812],[127.37814,36.6466],[127.37918,36.64643],[127.37942,36.64609],[127.37848,36.6453],[127.38175,36.64285],[127.38364,36.6426],[127.38473,36.64316],[127.3871,36.6414],[127.38763,36.64153],[127.38713,36.64033],[127.38781,36.63955],[127.38943,36.63877],[127.39034,36.63674],[127.38998,36.6345],[127.39039,36.63312],[127.38929,36.63105],[127.39128,36.6303],[127.392,36.63079],[127.39374,36.63023],[127.39585,36.63018],[127.39675,36.6296],[127.39764,36.6299],[127.39968,36.6296],[127.40126,36.63031],[127.40114,36.63071],[127.40162,36.63151],[127.40354,36.63228],[127.40569,36.63229],[127.40704,36.63263],[127.40734,36.63036],[127.40608,36.62877],[127.40352,36.62838],[127.40271,36.62709],[127.40151,36.62632],[127.40006,36.62652],[127.39769,36.62609],[127.39618,36.6267],[127.39429,36.62594],[127.39325,36.62645],[127.3898,36.62471],[127.38763,36.6244],[127.3856,36.62523],[127.38267,36.62553],[127.38202,36.62666],[127.38152,36.62665],[127.38258,36.6276],[127.38224,36.62846],[127.38174,36.62804],[127.38166,36.62876],[127.38093,36.62959],[127.38036,36.62886],[127.37949,36.62857],[127.3753,36.62906],[127.3745,36.62869],[127.37359,36.62888],[127.3731,36.62792],[127.37298,36.62522],[127.37553,36.62405],[127.3756,36.62377],[127.37493,36.62378],[127.37543,36.62278],[127.37715,36.62112],[127.37842,36.62079],[127.37841,36.62011],[127.37936,36.61875],[127.37929,36.61792],[127.37851,36.6175],[127.37798,36.61621],[127.37855,36.61512],[127.3783,36.61492],[127.37835,36.61411],[127.37796,36.61378],[127.37683,36.61409],[127.37654,36.61197],[127.3761,36.61177],[127.37652,36.61105],[127.37604,36.61035],[127.37729,36.60951],[127.37733,36.60856],[127.37843,36.60684],[127.37718,36.60568],[127.37631,36.6059],[127.37536,36.60647],[127.37498,36.60741],[127.3737,36.60763],[127.37363,36.60801],[127.37257,36.60864],[127.37198,36.60828],[127.37028,36.6083],[127.36885,36.60758],[127.36856,36.60432],[127.36923,36.60232],[127.36914,36.60154],[127.36859,36.60075],[127.36764,36.60055],[127.3677,36.59931],[127.36595,36.59685],[127.36561,36.59549],[127.36606,36.59425],[127.36579,36.59362],[127.36782,36.59334],[127.37089,36.59177],[127.3715,36.59022],[127.37132,36.59005],[127.37179,36.58939],[127.37281,36.58807],[127.37423,36.5871],[127.37552,36.58721],[127.37691,36.58678],[127.37722,36.58797],[127.37893,36.58816],[127.38081,36.58753],[127.38127,36.58671],[127.3831,36.58864],[127.38387,36.58892],[127.38385,36.5881],[127.38454,36.58744],[127.38463,36.5869],[127.38514,36.5865],[127.38743,36.58619],[127.38753,36.58541],[127.39023,36.58534],[127.39202,36.58584],[127.39494,36.58851],[127.39824,36.59072],[127.40053,36.59404],[127.40102,36.59604],[127.40245,36.59696],[127.40627,36.59833],[127.40724,36.59991],[127.40725,36.60102],[127.41122,36.60385],[127.41161,36.60491],[127.41485,36.60677],[127.41601,36.60669],[127.41542,36.60607],[127.41542,36.60486],[127.41675,36.60455],[127.41633,36.60361],[127.41654,36.60329],[127.4187,36.60237],[127.4184,36.60118],[127.41887,36.60079],[127.41893,36.59998],[127.41958,36.59922],[127.41909,36.59723],[127.41948,36.5966],[127.42077,36.59677],[127.42161,36.59649],[127.42231,36.59747],[127.42377,36.59754],[127.4243,36.59771],[127.42466,36.59838],[127.42631,36.59873],[127.42651,36.60023],[127.42676,36.60039],[127.42765,36.59955],[127.43186,36.5992],[127.43384,36.59865],[127.4344,36.59996],[127.43423,36.60153],[127.43585,36.60253],[127.43811,36.60233],[127.43843,36.60193],[127.4391,36.60216],[127.43914,36.60331],[127.43972,36.60378],[127.43952,36.6042],[127.44078,36.60557],[127.44149,36.60588],[127.44219,36.60564],[127.44232,36.60425],[127.443,36.60356],[127.44291,36.60291],[127.44366,36.60024],[127.44334,36.5992],[127.4448,36.59729],[127.4473,36.5959],[127.44841,36.59428],[127.45184,36.59627],[127.45225,36.59757],[127.45404,36.59853],[127.45528,36.5987],[127.45433,36.59991],[127.45447,36.60168],[127.457,36.60172],[127.45763,36.60106],[127.45938,36.6005],[127.46046,36.60144],[127.46355,36.60165],[127.46477,36.60138],[127.46603,36.59993],[127.46827,36.59956],[127.47038,36.5998],[127.47427,36.59868],[127.47326,36.59755],[127.4733,36.59617],[127.47453,36.59582],[127.47535,36.59499],[127.47705,36.59457],[127.47713,36.59329],[127.47628,36.59175],[127.47644,36.59102],[127.476,36.59049],[127.47618,36.58701],[127.47418,36.58445],[127.47462,36.58328],[127.47389,36.58171],[127.47407,36.58108],[127.47528,36.58081],[127.47884,36.58126],[127.47938,36.5819],[127.48008,36.58175],[127.48044,36.58266],[127.48263,36.58307],[127.4837,36.58264],[127.48566,36.58403],[127.48634,36.58383],[127.48557,36.58265],[127.48603,36.58237],[127.4882,36.58194],[127.4896,36.58235],[127.49019,36.58313],[127.49112,36.58313],[127.49167,36.58256],[127.49255,36.58321],[127.49131,36.58466],[127.49892,36.58837],[127.50007,36.58663],[127.50127,36.58775],[127.50358,36.58697],[127.50385,36.58709],[127.50341,36.58986],[127.50695,36.59016],[127.5088,36.59145],[127.50965,36.59139],[127.51022,36.59191],[127.51036,36.59165],[127.51122,36.5917],[127.51246,36.59225],[127.51273,36.59306],[127.51397,36.59307],[127.51446,36.59271],[127.51965,36.59392],[127.51979,36.5949],[127.52099,36.59576],[127.52109,36.59697],[127.52202,36.59859],[127.52235,36.6],[127.52285,36.60083],[127.52382,36.60115],[127.52397,36.6016],[127.53339,36.60183],[127.53469,36.601],[127.53798,36.59976],[127.54028,36.59946],[127.54114,36.59972],[127.54219,36.59939],[127.54263,36.59958],[127.54286,36.59986],[127.54269,36.6006],[127.54322,36.60085],[127.54336,36.60234],[127.54522,36.60599],[127.54528,36.60674],[127.54795,36.60888],[127.549,36.61267],[127.55059,36.61541],[127.55304,36.61679],[127.55349,36.61733],[127.55367,36.61878],[127.55434,36.61965],[127.55393,36.62086],[127.55486,36.62442],[127.55754,36.62666],[127.55708,36.62749],[127.55725,36.62835],[127.55646,36.63036],[127.55861,36.63206],[127.55786,36.63339],[127.55651,36.6347],[127.55659,36.63599],[127.55747,36.63735],[127.55503,36.64224],[127.55521,36.64289],[127.55482,36.64386],[127.55426,36.64386],[127.55358,36.64482],[127.55345,36.64577],[127.55385,36.64788],[127.55257,36.64798],[127.55093,36.64867],[127.54844,36.64825],[127.54791,36.64779],[127.54526,36.6477],[127.54539,36.64965],[127.54484,36.6503],[127.54505,36.65102],[127.54637,36.65186],[127.54818,36.65201],[127.54845,36.65251],[127.54893,36.65226],[127.54809,36.6536],[127.54797,36.65447],[127.54872,36.65494],[127.54887,36.6557],[127.54863,36.65607],[127.54957,36.65753],[127.54981,36.6586],[127.55179,36.66005],[127.55283,36.66204],[127.55369,36.66234],[127.55366,36.66435],[127.55186,36.66445],[127.55019,36.66613],[127.54018,36.66948],[127.53972,36.66911],[127.53883,36.66939],[127.53776,36.66901],[127.53694,36.66954],[127.53598,36.66915],[127.53506,36.66774],[127.53383,36.66719],[127.53377,36.66666],[127.53321,36.66656],[127.53271,36.66593],[127.53291,36.66558],[127.53209,36.66641],[127.52965,36.66614],[127.52859,36.66746],[127.52719,36.66729],[127.52634,36.66812],[127.52471,36.66855],[127.52443,36.6691],[127.52239,36.66954],[127.52072,36.67085],[127.5203,36.67075],[127.51963,36.67151],[127.51754,36.67141],[127.51625,36.67188],[127.51549,36.67234],[127.51562,36.67292],[127.51431,36.67417],[127.51273,36.67455],[127.51235,36.67423],[127.51181,36.6747],[127.51104,36.67549],[127.51035,36.67721],[127.50922,36.67749],[127.50822,36.67823],[127.50749,36.67825],[127.50709,36.67899],[127.50593,36.67947],[127.50576,36.67984],[127.50605,36.68025],[127.50373,36.68306],[127.50214,36.68332],[127.49971,36.68453],[127.49867,36.68454],[127.4991,36.68646],[127.49972,36.68748],[127.49998,36.68915],[127.50186,36.69091],[127.50168,36.69115],[127.50074,36.69095],[127.49994,36.69135],[127.49852,36.69141],[127.49679,36.69106],[127.49641,36.69168],[127.49679,36.6962],[127.49797,36.69858],[127.49775,36.70058],[127.49885,36.70288],[127.49855,36.70348],[127.49745,36.7041],[127.4964,36.70523],[127.49637,36.70559],[127.49937,36.70669],[127.49995,36.70651],[127.50058,36.70705],[127.5003,36.7075],[127.50047,36.70807],[127.50093,36.70897],[127.50136,36.70917],[127.5011,36.71013],[127.50205,36.71145],[127.50049,36.7119],[127.50016,36.71242],[127.49958,36.71244],[127.49896,36.71306],[127.49931,36.71325],[127.49926,36.7137],[127.49865,36.71398],[127.49996,36.71451],[127.50068,36.71532],[127.50122,36.71681],[127.49958,36.71758],[127.49855,36.71737],[127.49755,36.7177],[127.49489,36.71534],[127.49436,36.71574],[127.49211,36.71566],[127.49158,36.71621],[127.48952,36.71677],[127.48881,36.71662],[127.48809,36.71743],[127.48598,36.71803],[127.48506,36.71886],[127.48664,36.72077],[127.48683,36.7217]]]}},{"type":"Feature","properties":{"zoneId":"Z000300067","zoneName":"충주시고등학군","zoneType":"high_zone","level":"고등학교","kind":"dedicated","oneWay":false,"sggCode":null,"eduCode":"8021000","eduName":"충청북도충주교육지원청","updatedAt":"2020-11-10"},"geometry":{"type":"Polygon","coordinates":[[[127.96645,37.01982],[127.96597,37.0203],[127.96294,37.02315],[127.95956,37.02429],[127.9581,37.02424],[127.956,37.02351],[127.95165,37.02125],[127.94719,37.02016],[127.93969,37.01953],[127.92224,37.01997],[127.92048,37.01951],[127.91298,37.01536],[127.91203,37.0139],[127.9115,37.01176],[127.91247,37.01002],[127.91132,37.00096],[127.91077,37.00019],[127.9051,36.99567],[127.90351,36.99234],[127.90352,36.98974],[127.89942,36.99001],[127.89682,36.98913],[127.8941,36.98961],[127.89072,36.98946],[127.89093,36.98827],[127.8907,36.98772],[127.89035,36.98774],[127.88967,36.9831],[127.8903,36.98154],[127.89059,36.97949],[127.89027,36.97698],[127.88977,36.976],[127.88721,36.97433],[127.88322,36.97416],[127.88049,36.97451],[127.87944,36.97426],[127.87865,36.97304],[127.87904,36.97132],[127.87841,36.9693],[127.87864,36.9681],[127.87839,36.96687],[127.8775,36.96612],[127.87716,36.96517],[127.87601,36.96429],[127.87391,36.96354],[127.8731,36.96374],[127.87321,36.96332],[127.87492,36.96322],[127.87955,36.9616],[127.88035,36.96065],[127.88176,36.96033],[127.88089,36.95993],[127.88025,36.96016],[127.87991,36.95986],[127.87997,36.95917],[127.8805,36.95884],[127.87977,36.95711],[127.87674,36.95644],[127.8762,36.95669],[127.87464,36.95497],[127.87877,36.95254],[127.87791,36.95021],[127.8765,36.94951],[127.87545,36.94847],[127.87507,36.94763],[127.87518,36.94525],[127.87468,36.94465],[127.87498,36.94435],[127.87823,36.94354],[127.87945,36.94251],[127.8795,36.94152],[127.87597,36.93825],[127.87602,36.93719],[127.87567,36.93667],[127.8746,36.9362],[127.87416,36.93546],[127.87235,36.93545],[127.87146,36.93458],[127.87256,36.93339],[127.87225,36.93266],[127.87273,36.93073],[127.87453,36.92937],[127.87519,36.92795],[127.87767,36.92585],[127.8803,36.92622],[127.88112,36.92557],[127.88415,36.9251],[127.88779,36.9231],[127.88943,36.92267],[127.89003,36.92286],[127.89272,36.9221],[127.89421,36.9222],[127.89571,36.92104],[127.8958,36.92016],[127.8968,36.9191],[127.89687,36.91865],[127.89838,36.91866],[127.89856,36.91765],[127.90004,36.91794],[127.90082,36.91777],[127.90115,36.91729],[127.90267,36.91777],[127.90453,36.9177],[127.90494,36.91757],[127.90617,36.91577],[127.9071,36.91518],[127.90875,36.91495],[127.9112,36.9155],[127.91261,36.91549],[127.91431,36.915],[127.91592,36.91598],[127.91782,36.91801],[127.9188,36.92042],[127.92036,36.92257],[127.92916,36.92872],[127.93017,36.93],[127.93052,36.93151],[127.93134,36.93189],[127.93104,36.9323],[127.93134,36.93226],[127.93152,36.93273],[127.93189,36.93453],[127.93287,36.93558],[127.93538,36.93669],[127.93565,36.93728],[127.93731,36.93772],[127.93952,36.93753],[127.94173,36.93794],[127.94278,36.93773],[127.94397,36.93692],[127.94519,36.93702],[127.94588,36.93634],[127.94565,36.93571],[127.94595,36.93512],[127.94556,36.93412],[127.94846,36.93325],[127.94964,36.93362],[127.95098,36.93338],[127.9518,36.93356],[127.95355,36.93507],[127.95514,36.93516],[127.95724,36.93472],[127.95953,36.93515],[127.96169,36.93495],[127.96547,36.93548],[127.96697,36.93463],[127.96727,36.9334],[127.96802,36.93206],[127.96869,36.93174],[127.96911,36.9305],[127.97079,36.93072],[127.97169,36.93039],[127.97342,36.92902],[127.97387,36.92815],[127.97544,36.92882],[127.9785,36.92908],[127.98079,36.93029],[127.98274,36.93034],[127.98292,36.93093],[127.9825,36.93316],[127.98112,36.93488],[127.98071,36.93585],[127.98075,36.93815],[127.98192,36.93985],[127.98311,36.94074],[127.98598,36.94161],[127.98203,36.946],[127.9805,36.94657],[127.97899,36.9479],[127.97777,36.95107],[127.97757,36.95269],[127.97793,36.95351],[127.98136,36.95413],[127.98297,36.95319],[127.98695,36.95281],[127.98764,36.95217],[127.9893,36.9527],[127.99054,36.95414],[127.99439,36.95582],[127.99708,36.95593],[127.99816,36.9544],[127.9996,36.95394],[128.00164,36.95163],[128.00384,36.95037],[128.00539,36.95109],[128.0067,36.95311],[128.00982,36.9551],[128.01069,36.95535],[128.01277,36.95817],[128.01388,36.95861],[128.01462,36.9584],[128.01525,36.95895],[128.01583,36.95892],[128.0175,36.95968],[128.01865,36.95957],[128.01906,36.96074],[128.01884,36.96136],[128.0199,36.96158],[128.02017,36.96222],[128.02149,36.96223],[128.0219,36.96298],[128.02257,36.96302],[128.02431,36.96449],[128.02829,36.96542],[128.02688,36.9672],[128.02705,36.96761],[128.02485,36.96912],[128.02271,36.97007],[128.01903,36.97063],[128.01472,36.97045],[128.00942,36.97234],[128.0089,36.97292],[128.00707,36.97856],[128.00384,36.98231],[128.0022,36.98513],[128.00234,36.9858],[128.00134,36.98841],[128.00095,36.99113],[128.00151,36.99302],[127.99733,37.00026],[127.99481,37.00238],[127.99043,37.00753],[127.98761,37.00958],[127.98393,37.01122],[127.97789,37.01213],[127.9766,37.01273],[127.97425,37.01487],[127.96811,37.018],[127.96645,37.01982]]]}},{"type":"Feature","properties":{"zoneId":"Z000300069","zoneName":"충북혁신도시고등학교군","zoneType":"high_zone","level":"고등학교","kind":"dedicated","oneWay":false,"sggCode":null,"eduCode":"8101000","eduName":"충청북도음성교육지원청","updatedAt":"2023-01-17"},"geometry":{"type":"Polygon","coordinates":[[[127.54253,36.95597],[127.54253,36.956],[127.54247,36.95571],[127.54113,36.95557],[127.541,36.95523],[127.53972,36.95461],[127.53963,36.95399],[127.53915,36.95396],[127.53846,36.95338],[127.53855,36.953],[127.53711,36.95051],[127.53659,36.95023],[127.5356,36.95022],[127.53535,36.95047],[127.53449,36.95009],[127.53404,36.94816],[127.53199,36.94671],[127.53053,36.94437],[127.53073,36.94385],[127.52951,36.94193],[127.52889,36.94159],[127.52674,36.94147],[127.52589,36.94003],[127.52531,36.93967],[127.52073,36.93813],[127.51968,36.93824],[127.51836,36.93749],[127.51769,36.93602],[127.51628,36.93431],[127.51482,36.93364],[127.51377,36.93229],[127.51177,36.93082],[127.51044,36.93058],[127.50884,36.92923],[127.50875,36.92986],[127.50761,36.9304],[127.50745,36.9314],[127.50499,36.93301],[127.50347,36.93282],[127.50259,36.93231],[127.49963,36.93213],[127.49992,36.9332],[127.4989,36.93398],[127.49851,36.93492],[127.4966,36.93578],[127.49584,36.93668],[127.49437,36.93729],[127.49405,36.93789],[127.49281,36.93876],[127.49222,36.93856],[127.49059,36.93898],[127.48965,36.93894],[127.48949,36.93852],[127.48614,36.93868],[127.4849,36.9376],[127.48322,36.93707],[127.48267,36.93648],[127.48266,36.93478],[127.48126,36.9338],[127.48044,36.93275],[127.48086,36.93138],[127.48031,36.92881],[127.47902,36.92701],[127.47803,36.92672],[127.4778,36.92588],[127.48011,36.92243],[127.48048,36.92121],[127.48213,36.92012],[127.48281,36.91928],[127.48338,36.9178],[127.48339,36.91657],[127.4867,36.91376],[127.48871,36.91004],[127.48769,36.90927],[127.4868,36.90726],[127.48552,36.90747],[127.48551,36.90544],[127.48511,36.90478],[127.48387,36.90478],[127.48373,36.90427],[127.48084,36.902],[127.4784,36.90073],[127.47846,36.89966],[127.47742,36.89896],[127.47694,36.89815],[127.47603,36.898],[127.47547,36.8975],[127.47553,36.89649],[127.47663,36.89552],[127.47702,36.89481],[127.47674,36.89448],[127.47688,36.89394],[127.47739,36.89329],[127.47656,36.8919],[127.47703,36.89131],[127.47712,36.88989],[127.4759,36.88827],[127.47395,36.88694],[127.47407,36.88551],[127.47357,36.88524],[127.47384,36.88466],[127.47339,36.8845],[127.47349,36.88249],[127.47157,36.88241],[127.47321,36.88021],[127.476,36.87802],[127.47701,36.87523],[127.47837,36.87329],[127.48249,36.86944],[127.48517,36.86839],[127.4897,36.86805],[127.49471,36.86555],[127.49667,36.86424],[127.50121,36.86307],[127.50286,36.86203],[127.50395,36.86248],[127.50525,36.86402],[127.50679,36.86511],[127.50603,36.86686],[127.5059,36.86859],[127.50544,36.86904],[127.50414,36.8693],[127.50361,36.87063],[127.50477,36.87333],[127.50696,36.87438],[127.5073,36.87407],[127.50732,36.87303],[127.51224,36.87309],[127.51217,36.87287],[127.5164,36.87231],[127.51769,36.87145],[127.51914,36.87145],[127.51992,36.87263],[127.52195,36.87192],[127.52207,36.87161],[127.52384,36.87178],[127.525,36.87108],[127.5259,36.87098],[127.52643,36.87046],[127.52844,36.86742],[127.52881,36.86636],[127.52919,36.86667],[127.53117,36.86658],[127.53202,36.86697],[127.53175,36.86786],[127.53208,36.8687],[127.53374,36.8698],[127.53414,36.87117],[127.5353,36.87134],[127.53542,36.87217],[127.53384,36.87598],[127.53442,36.87708],[127.53529,36.87754],[127.53684,36.8792],[127.5365,36.87937],[127.53632,36.88033],[127.53728,36.88329],[127.53797,36.88298],[127.5387,36.88323],[127.53982,36.88461],[127.53959,36.8852],[127.5398,36.8862],[127.54041,36.88707],[127.54152,36.88771],[127.54241,36.88958],[127.5446,36.89017],[127.54434,36.89132],[127.54523,36.89166],[127.54835,36.89082],[127.54846,36.8902],[127.54931,36.88953],[127.55,36.88989],[127.5506,36.89077],[127.55083,36.89218],[127.55185,36.89392],[127.55258,36.89303],[127.55265,36.89248],[127.55521,36.89132],[127.55563,36.89046],[127.55484,36.88868],[127.55519,36.88842],[127.55565,36.88616],[127.55653,36.88634],[127.55751,36.88572],[127.55827,36.88633],[127.55976,36.88659],[127.56078,36.88567],[127.56058,36.88491],[127.56142,36.88281],[127.56266,36.88223],[127.56317,36.8825],[127.56437,36.88235],[127.56667,36.8827],[127.56639,36.88323],[127.56676,36.88477],[127.56716,36.88521],[127.56703,36.8861],[127.56896,36.88538],[127.5696,36.88414],[127.57113,36.88236],[127.57208,36.88014],[127.57191,36.87873],[127.57149,36.87842],[127.57195,36.87857],[127.57229,36.8774],[127.57344,36.87767],[127.57494,36.8788],[127.57591,36.87999],[127.57708,36.87938],[127.57776,36.87978],[127.58134,36.87712],[127.58319,36.87801],[127.58434,36.88077],[127.58503,36.8812],[127.58575,36.88253],[127.58545,36.88308],[127.58574,36.88481],[127.58619,36.88523],[127.58724,36.88529],[127.58788,36.8862],[127.58863,36.88653],[127.58912,36.88852],[127.58893,36.88959],[127.58924,36.89087],[127.59095,36.89306],[127.59097,36.89366],[127.59028,36.89427],[127.59003,36.89536],[127.59107,36.89629],[127.59119,36.89782],[127.5931,36.8997],[127.59198,36.90161],[127.59223,36.90246],[127.59313,36.90329],[127.5916,36.90548],[127.59171,36.90618],[127.5914,36.90665],[127.5922,36.90813],[127.59187,36.90897],[127.58986,36.90963],[127.58875,36.91085],[127.58753,36.91066],[127.58626,36.91273],[127.58671,36.91361],[127.58609,36.91483],[127.58635,36.91597],[127.58473,36.91717],[127.58488,36.91809],[127.58544,36.91865],[127.58532,36.92041],[127.58469,36.92087],[127.58428,36.92272],[127.58391,36.92296],[127.58417,36.92411],[127.58376,36.92452],[127.58367,36.92623],[127.58317,36.92642],[127.58226,36.92843],[127.5817,36.92866],[127.57957,36.92864],[127.57671,36.92791],[127.57723,36.92928],[127.57715,36.93047],[127.57817,36.93212],[127.57862,36.93259],[127.5794,36.93277],[127.58027,36.93404],[127.58252,36.94139],[127.58361,36.94259],[127.58526,36.94356],[127.58518,36.94455],[127.58587,36.94605],[127.58564,36.94696],[127.58445,36.94852],[127.5822,36.94974],[127.57877,36.95341],[127.57776,36.95375],[127.57741,36.95271],[127.57769,36.95227],[127.57755,36.95168],[127.57546,36.95144],[127.5747,36.95007],[127.57332,36.94888],[127.57157,36.94951],[127.56972,36.94904],[127.56736,36.94944],[127.56721,36.94971],[127.56596,36.94976],[127.5647,36.94914],[127.56333,36.94945],[127.56314,36.94703],[127.56062,36.94726],[127.56029,36.94667],[127.55878,36.94577],[127.55853,36.94464],[127.55765,36.94364],[127.55697,36.94361],[127.55677,36.94229],[127.5545,36.9417],[127.55353,36.94179],[127.5532,36.94239],[127.5524,36.94192],[127.55063,36.94173],[127.55001,36.94195],[127.54968,36.94336],[127.5483,36.9445],[127.54878,36.94485],[127.54804,36.94544],[127.54706,36.94599],[127.54569,36.94584],[127.54438,36.94616],[127.54543,36.94725],[127.54457,36.94828],[127.54431,36.94963],[127.54431,36.9507],[127.54496,36.95172],[127.54446,36.95313],[127.54453,36.95379],[127.5428,36.95498],[127.54253,36.95597]],[[127.55018,36.89922],[127.55018,36.89922],[127.55018,36.89922],[127.55018,36.89922]]]}},{"type":"Feature","properties":{"zoneId":"Z000390030","zoneName":"충청북도단일학교군","zoneType":"high_nonpyeongjunhwa","level":"고등학교","kind":"shared","oneWay":false,"sggCode":null,"eduCode":"8011000","eduName":"충청북도청주교육지원청","updatedAt":"2025-04-07"},"geometry":{"type":"Polygon","coordinates":[[[127.98158,37.25685],[127.98141,37.25688],[127.9799,37.25833],[127.97399,37.25631],[127.97191,37.25638],[127.96974,37.2557],[127.9688,37.25446],[127.96744,37.25383],[127.96455,37.25101],[127.95765,37.2498],[127.95268,37.24792],[127.94908,37.24568],[127.94738,37.24418],[127.94694,37.24184],[127.94519,37.24056],[127.9425,37.24042],[127.93888,37.24074],[127.9312,37.23416],[127.92662,37.2316],[127.92191,37.22584],[127.92158,37.22505],[127.92246,37.22215],[127.9235,37.22131],[127.9271,37.22015],[127.92729,37.21745],[127.92956,37.21169],[127.93065,37.21057],[127.93247,37.20699],[127.93257,37.20597],[127.93173,37.20498],[127.93152,37.20169],[127.93092,37.20113],[127.93176,37.19829],[127.93216,37.19523],[127.93296,37.19308],[127.93449,37.19038],[127.93626,37.18877],[127.93555,37.18786],[127.93587,37.18684],[127.93505,37.18563],[127.934,37.18527],[127.9326,37.18237],[127.93331,37.17931],[127.93284,37.17788],[127.93363,37.1758],[127.93171,37.17478],[127.93066,37.17201],[127.93019,37.17151],[127.9273,37.16978],[127.92633,37.16553],[127.92464,37.16453],[127.92384,37.16363],[127.92153,37.16504],[127.9208,37.16587],[127.91504,37.16888],[127.91356,37.16856],[127.91141,37.16753],[127.90863,37.16712],[127.90835,37.16633],[127.90715,37.16523],[127.90711,37.16428],[127.90618,37.16173],[127.90346,37.16005],[127.90403,37.15874],[127.90387,37.15696],[127.90191,37.1532],[127.90189,37.1522],[127.89889,37.1498],[127.89543,37.15609],[127.89391,37.15715],[127.89146,37.15813],[127.89057,37.15921],[127.88998,37.15909],[127.88838,37.15964],[127.88742,37.16015],[127.88657,37.16107],[127.88016,37.16225],[127.87905,37.16179],[127.87585,37.1631],[127.87506,37.16376],[127.87205,37.16434],[127.86959,37.16383],[127.8672,37.16229],[127.86419,37.16238],[127.86196,37.16105],[127.86137,37.15922],[127.86182,37.15594],[127.8613,37.15535],[127.85923,37.15634],[127.85588,37.15648],[127.85529,37.15793],[127.85529,37.15995],[127.85435,37.16038],[127.85322,37.16028],[127.85223,37.15992],[127.85127,37.15846],[127.85007,37.15418],[127.84739,37.15294],[127.84463,37.15284],[127.8408,37.15213],[127.83859,37.15214],[127.83741,37.15158],[127.83447,37.15174],[127.82976,37.15267],[127.82719,37.15209],[127.8252,37.15224],[127.81685,37.147],[127.8116,37.14651],[127.80965,37.14707],[127.80694,37.14706],[127.80165,37.14426],[127.79767,37.1455],[127.79549,37.14526],[127.79336,37.14574],[127.79212,37.14469],[127.78952,37.14341],[127.78783,37.14424],[127.78732,37.14523],[127.77918,37.14966],[127.77466,37.15296],[127.77092,37.15505],[127.76869,37.15665],[127.76755,37.15795],[127.76549,37.15914],[127.76019,37.16613],[127.7579,37.1682],[127.75553,37.17144],[127.75515,37.17349],[127.75286,37.17886],[127.75203,37.18196],[127.75189,37.18226],[127.75104,37.18246],[127.7501,37.18589],[127.74939,37.18956],[127.75013,37.19038],[127.74891,37.19676],[127.74785,37.20033],[127.74651,37.20033],[127.74571,37.20361],[127.74426,37.20755],[127.74413,37.21123],[127.74482,37.21304],[127.74464,37.21439],[127.74413,37.21486],[127.74351,37.21458],[127.7418,37.21218],[127.74045,37.21199],[127.73871,37.21088],[127.73804,37.21096],[127.73674,37.21019],[127.73588,37.20832],[127.73526,37.20807],[127.73514,37.20705],[127.73548,37.20667],[127.7353,37.20584],[127.73558,37.20553],[127.7348,37.20466],[127.73444,37.20315],[127.73383,37.20283],[127.73384,37.20227],[127.73314,37.20166],[127.73218,37.20138],[127.7326,37.20055],[127.73221,37.19986],[127.73283,37.19879],[127.73247,37.19812],[127.73272,37.19714],[127.7325,37.1958],[127.73145,37.19502],[127.73046,37.19481],[127.73077,37.19414],[127.73004,37.19296],[127.72835,37.19179],[127.72769,37.18933],[127.7283,37.18773],[127.72791,37.18765],[127.72796,37.18647],[127.72733,37.18473],[127.72663,37.18415],[127.72641,37.18254],[127.7228,37.18157],[127.72218,37.18183],[127.72152,37.18306],[127.7185,37.18383],[127.71764,37.18383],[127.7169,37.18343],[127.71661,37.18235],[127.71452,37.18112],[127.71479,37.18024],[127.71418,37.17948],[127.71391,37.17845],[127.71302,37.1783],[127.71281,37.17735],[127.71234,37.1768],[127.71111,37.17661],[127.71038,37.17573],[127.71081,37.17509],[127.70964,37.17329],[127.70965,37.17219],[127.70868,37.17094],[127.70675,37.17069],[127.70661,37.16983],[127.70485,37.16752],[127.70459,37.16651],[127.70489,37.16605],[127.70481,37.16268],[127.70432,37.16117],[127.70489,37.16066],[127.70483,37.15988],[127.70436,37.15962],[127.70402,37.15873],[127.70427,37.15765],[127.70057,37.15365],[127.69846,37.1526],[127.69624,37.15212],[127.69521,37.15124],[127.69473,37.14998],[127.6945,37.14883],[127.695,37.14696],[127.69408,37.1456],[127.69457,37.14348],[127.69453,37.14126],[127.69548,37.14042],[127.69251,37.13814],[127.69045,37.13736],[127.68859,37.13554],[127.6868,37.13506],[127.68278,37.13646],[127.68064,37.13565],[127.6774,37.13676],[127.67474,37.13627],[127.67337,37.13661],[127.67163,37.13617],[127.67127,37.13646],[127.67021,37.13611],[127.666,37.13946],[127.66434,37.13925],[127.66372,37.13951],[127.66245,37.13919],[127.6613,37.13938],[127.65994,37.13992],[127.65988,37.14069],[127.65848,37.14114],[127.65733,37.14234],[127.65562,37.14239],[127.65575,37.14404],[127.65637,37.14426],[127.65637,37.14488],[127.65237,37.14805],[127.65118,37.14739],[127.65011,37.1476],[127.64956,37.14881],[127.64837,37.14983],[127.64809,37.1506],[127.64718,37.15065],[127.64641,37.1512],[127.6451,37.1509],[127.64292,37.15187],[127.64122,37.15114],[127.63867,37.15311],[127.63718,37.15283],[127.63517,37.15318],[127.63454,37.15294],[127.63368,37.15323],[127.6333,37.15298],[127.63223,37.15389],[127.62987,37.15414],[127.6297,37.15459],[127.62831,37.15529],[127.6274,37.15364],[127.62745,37.15172],[127.62857,37.15101],[127.62928,37.14976],[127.63114,37.14786],[127.63113,37.14694],[127.63201,37.14693],[127.63493,37.14368],[127.63744,37.14202],[127.63777,37.14119],[127.63641,37.13486],[127.6364,37.13249],[127.63516,37.12974],[127.63494,37.12692],[127.63398,37.12374],[127.63389,37.12046],[127.6331,37.12016],[127.63438,37.11808],[127.63506,37.11567],[127.63627,37.11446],[127.63599,37.11254],[127.63412,37.10728],[127.6352,37.10405],[127.63453,37.09983],[127.63403,37.09872],[127.63181,37.09648],[127.62198,37.09204],[127.61941,37.0902],[127.61942,37.0915],[127.61609,37.0899],[127.61379,37.08803],[127.61194,37.08725],[127.60599,37.08644],[127.60422,37.08673],[127.6039,37.08748],[127.60119,37.08773],[127.60042,37.08744],[127.5998,37.08632],[127.59629,37.08826],[127.5951,37.08799],[127.59618,37.08749],[127.59646,37.08643],[127.59702,37.08614],[127.59774,37.08584],[127.59955,37.08583],[127.60023,37.08443],[127.59955,37.08157],[127.60084,37.07994],[127.60245,37.07886],[127.6038,37.07683],[127.60494,37.07615],[127.60507,37.07499],[127.60432,37.07387],[127.60411,37.07054],[127.60518,37.06887],[127.60294,37.06855],[127.60209,37.07054],[127.60123,37.07099],[127.59995,37.07045],[127.59951,37.07058],[127.59877,37.07103],[127.59851,37.07199],[127.59769,37.07308],[127.59627,37.07371],[127.59523,37.07386],[127.59194,37.07289],[127.5905,37.07341],[127.58927,37.07282],[127.58864,37.073],[127.58722,37.0745],[127.58527,37.07452],[127.58305,37.07547],[127.58228,37.07527],[127.5822,37.0747],[127.58083,37.0754],[127.57798,37.07534],[127.57709,37.07392],[127.57598,37.07359],[127.57549,37.07311],[127.57525,37.07227],[127.57436,37.07134],[127.57375,37.07149],[127.57416,37.07115],[127.57331,37.06953],[127.57203,37.06913],[127.5704,37.06788],[127.57064,37.06739],[127.57026,37.06636],[127.56874,37.06534],[127.56721,37.06354],[127.56619,37.06334],[127.56577,37.06283],[127.56593,37.06223],[127.56496,37.06059],[127.56472,37.05924],[127.56664,37.05695],[127.56826,37.05591],[127.56762,37.05415],[127.56776,37.05288],[127.56712,37.05243],[127.56715,37.05175],[127.56799,37.0507],[127.56799,37.04914],[127.56897,37.04897],[127.56954,37.04817],[127.56849,37.04757],[127.56709,37.04752],[127.56564,37.0464],[127.56245,37.0448],[127.56191,37.04386],[127.55829,37.04232],[127.55683,37.04125],[127.55461,37.04186],[127.55472,37.0428],[127.55562,37.04329],[127.55485,37.04382],[127.555,37.04402],[127.55384,37.04441],[127.55315,37.04504],[127.55215,37.04521],[127.55107,37.04494],[127.54865,37.04643],[127.54777,37.04664],[127.54646,37.04767],[127.54309,37.04907],[127.54222,37.05006],[127.54096,37.05074],[127.53811,37.05106],[127.53468,37.052],[127.5331,37.05359],[127.5328,37.0552],[127.53199,37.05564],[127.53041,37.05579],[127.52792,37.05512],[127.52621,37.05548],[127.52299,37.05546],[127.51971,37.0568],[127.51858,37.05756],[127.51826,37.0584],[127.51649,37.05802],[127.51605,37.05832],[127.51556,37.05806],[127.51543,37.05745],[127.51251,37.05635],[127.51158,37.05556],[127.51152,37.05434],[127.51068,37.05383],[127.51002,37.05288],[127.51018,37.05147],[127.50908,37.0501],[127.50889,37.04942],[127.50454,37.048],[127.50349,37.04852],[127.49908,37.04758],[127.49665,37.04812],[127.49333,37.05054],[127.49037,37.05196],[127.49023,37.0528],[127.4892,37.05272],[127.48622,37.05486],[127.48512,37.05467],[127.48437,37.05385],[127.48342,37.05361],[127.48185,37.05402],[127.48135,37.05361],[127.47926,37.0534],[127.47718,37.05364],[127.47511,37.05291],[127.47235,37.05319],[127.4719,37.0538],[127.47024,37.0536],[127.46966,37.05385],[127.46821,37.05349],[127.46746,37.05249],[127.46783,37.05222],[127.46838,37.05035],[127.46352,37.04817],[127.46359,37.04881],[127.46342,37.04817],[127.4625,37.04762],[127.46193,37.04685],[127.4612,37.04685],[127.46033,37.04616],[127.45899,37.04411],[127.45758,37.04363],[127.45741,37.0425],[127.45686,37.04221],[127.45719,37.04022],[127.45771,37.04026],[127.45886,37.03946],[127.4597,37.03813],[127.45933,37.03716],[127.45964,37.03564],[127.45847,37.0345],[127.45834,37.03346],[127.4579,37.03321],[127.45813,37.03304],[127.45635,37.03114],[127.45625,37.03032],[127.45798,37.02998],[127.45805,37.02901],[127.45912,37.02745],[127.45974,37.02506],[127.45925,37.02442],[127.45951,37.02387],[127.45904,37.02308],[127.45927,37.0227],[127.45838,37.02116],[127.45837,37.02047],[127.45741,37.02034],[127.45484,37.02139],[127.45371,37.02125],[127.45334,37.02002],[127.45258,37.02037],[127.45173,37.01946],[127.45093,37.0193],[127.4506,37.01855],[127.44974,37.01838],[127.44946,37.01744],[127.44833,37.01654],[127.4486,37.0155],[127.44912,37.01526],[127.4486,37.01313],[127.44828,37.01261],[127.44715,37.01197],[127.44709,37.01083],[127.44623,37.01082],[127.44456,37.012],[127.44193,37.01176],[127.44083,37.01211],[127.43953,37.01053],[127.43872,37.01021],[127.43783,37.00854],[127.43705,37.00825],[127.43716,37.00654],[127.43654,37.0056],[127.43446,37.00523],[127.43304,37.00458],[127.43142,37.00306],[127.43142,37.00242],[127.42957,37.00124],[127.42953,37.00172],[127.42882,37.00219],[127.4257,37.00283],[127.42506,37.00354],[127.42456,37.00361],[127.42365,37.003],[127.42124,37.00396],[127.42035,37.00376],[127.4192,37.00297],[127.41855,37.00163],[127.41736,37.00153],[127.41745,37.00122],[127.41397,36.99948],[127.41317,36.99997],[127.41134,37.00018],[127.41126,36.99991],[127.41009,36.9996],[127.4095,36.99978],[127.40795,36.99855],[127.40684,36.99832],[127.40254,36.99891],[127.39979,36.99986],[127.39873,36.99882],[127.3973,36.99843],[127.39552,36.99875],[127.39421,36.99838],[127.3927,36.99701],[127.39266,36.99605],[127.39219,36.99551],[127.39168,36.99396],[127.3922,36.99343],[127.39131,36.99165],[127.3893,36.9895],[127.38837,36.98723],[127.38673,36.98633],[127.38616,36.98501],[127.38551,36.98482],[127.38503,36.98419],[127.38497,36.98364],[127.38609,36.98141],[127.38938,36.98008],[127.39063,36.97829],[127.39118,36.97804],[127.39233,36.97817],[127.39432,36.97698],[127.39536,36.97536],[127.39667,36.97461],[127.39628,36.97386],[127.39634,36.97328],[127.39724,36.97269],[127.39835,36.97064],[127.39966,36.96986],[127.40052,36.96852],[127.40153,36.96768],[127.39747,36.96465],[127.39632,36.96447],[127.39579,36.96503],[127.39303,36.96563],[127.39101,36.96533],[127.39006,36.96399],[127.38828,36.96473],[127.38727,36.96446],[127.38534,36.96113],[127.38482,36.95962],[127.38349,36.95938],[127.38263,36.95981],[127.38213,36.95922],[127.38113,36.95879],[127.37961,36.95873],[127.37872,36.95789],[127.37872,36.95698],[127.3783,36.95611],[127.37874,36.95409],[127.37819,36.95318],[127.37821,36.95208],[127.37668,36.95036],[127.37579,36.94989],[127.37566,36.94866],[127.37468,36.94856],[127.37307,36.94896],[127.37201,36.94991],[127.36939,36.95008],[127.36862,36.94955],[127.3673,36.9503],[127.36578,36.94914],[127.36352,36.94902],[127.36176,36.9495],[127.35992,36.94865],[127.35953,36.9488],[127.35875,36.94811],[127.35761,36.94769],[127.35732,36.94866],[127.35665,36.94915],[127.35578,36.95063],[127.35571,36.9514],[127.354,36.95267],[127.34963,36.95279],[127.34904,36.95199],[127.34674,36.95033],[127.34674,36.95001],[127.34582,36.95],[127.34411,36.94839],[127.34326,36.94826],[127.34313,36.94777],[127.34343,36.94744],[127.34239,36.94632],[127.34316,36.94432],[127.34193,36.94313],[127.34061,36.94312],[127.34018,36.9434],[127.3391,36.94313],[127.33883,36.94251],[127.3332,36.94035],[127.33032,36.93758],[127.32803,36.93665],[127.32751,36.93675],[127.32681,36.93594],[127.32423,36.93591],[127.32287,36.93652],[127.32129,36.93559],[127.32024,36.93537],[127.31872,36.93427],[127.31621,36.93472],[127.31481,36.93254],[127.3148,36.93125],[127.31268,36.93107],[127.30993,36.9298],[127.3097,36.92995],[127.30899,36.92939],[127.30733,36.92988],[127.30583,36.92942],[127.30456,36.92955],[127.30384,36.93006],[127.30019,36.9294],[127.2982,36.93009],[127.29641,36.93007],[127.29553,36.9305],[127.29563,36.93129],[127.29497,36.93067],[127.29521,36.92975],[127.29655,36.92678],[127.29741,36.92605],[127.29783,36.92522],[127.29793,36.92429],[127.29838,36.92404],[127.29844,36.92273],[127.29964,36.92168],[127.30091,36.91978],[127.30057,36.91956],[127.30065,36.9189],[127.30163,36.91828],[127.30336,36.91639],[127.30291,36.91577],[127.3026,36.91427],[127.30133,36.91283],[127.30197,36.91192],[127.30087,36.91104],[127.29989,36.90947],[127.29907,36.90896],[127.29971,36.9082],[127.29897,36.90782],[127.29854,36.90695],[127.29729,36.90673],[127.29718,36.9057],[127.29761,36.90495],[127.29737,36.90396],[127.29665,36.90392],[127.29643,36.90268],[127.29451,36.90174],[127.29375,36.90031],[127.29032,36.8977],[127.29033,36.897],[127.28962,36.89565],[127.2903,36.89433],[127.28783,36.89378],[127.28857,36.89363],[127.28988,36.89402],[127.29059,36.8922],[127.29248,36.89196],[127.29342,36.8912],[127.29456,36.89098],[127.29459,36.89032],[127.29599,36.88975],[127.29927,36.8898],[127.30114,36.8877],[127.30388,36.88611],[127.30402,36.88542],[127.30782,36.88544],[127.30843,36.88345],[127.30835,36.88217],[127.31121,36.88034],[127.30951,36.87821],[127.31004,36.87556],[127.31068,36.87482],[127.30986,36.87344],[127.31034,36.87188],[127.31129,36.87049],[127.31071,36.86944],[127.31061,36.86788],[127.30858,36.86696],[127.30766,36.86599],[127.30756,36.86503],[127.30578,36.86335],[127.30717,36.86131],[127.3073,36.8597],[127.30875,36.85978],[127.30917,36.85929],[127.30994,36.85916],[127.31034,36.85863],[127.31124,36.85849],[127.31273,36.85747],[127.3135,36.858],[127.31483,36.85825],[127.31536,36.85898],[127.31661,36.85919],[127.3173,36.85869],[127.3193,36.85906],[127.32092,36.85792],[127.32451,36.8569],[127.3265,36.85804],[127.32813,36.85816],[127.32958,36.85751],[127.33265,36.85697],[127.3348,36.85618],[127.33654,36.85462],[127.33692,36.8537],[127.33633,36.85285],[127.33623,36.84912],[127.33665,36.84802],[127.33603,36.8473],[127.33667,36.84648],[127.3368,36.84564],[127.33666,36.84507],[127.33568,36.84432],[127.33462,36.84214],[127.33464,36.84046],[127.33409,36.83932],[127.33418,36.83809],[127.33561,36.83743],[127.33521,36.83684],[127.33534,36.83562],[127.335,36.83444],[127.3341,36.83236],[127.33355,36.83197],[127.33454,36.83067],[127.3366,36.82973],[127.33819,36.83102],[127.33929,36.83125],[127.34231,36.8304],[127.34391,36.83049],[127.34515,36.82958],[127.34637,36.82931],[127.34763,36.8298],[127.34818,36.83036],[127.35103,36.83081],[127.35173,36.83066],[127.35252,36.83],[127.35444,36.82947],[127.35605,36.82865],[127.35763,36.82668],[127.35808,36.82544],[127.35715,36.82356],[127.35811,36.82246],[127.35918,36.822],[127.36075,36.82055],[127.36397,36.81974],[127.36563,36.81839],[127.36661,36.81697],[127.36952,36.81626],[127.37095,36.81671],[127.37411,36.81598],[127.37534,36.81503],[127.37779,36.81498],[127.37854,36.81462],[127.37885,36.81387],[127.38149,36.81408],[127.38216,36.81375],[127.38627,36.80964],[127.38741,36.80941],[127.38787,36.80847],[127.39042,36.8075],[127.39161,36.80659],[127.39297,36.80421],[127.39351,36.80382],[127.39421,36.80393],[127.39568,36.8015],[127.3972,36.80045],[127.39749,36.79967],[127.39877,36.79903],[127.40081,36.79909],[127.40118,36.79875],[127.4008,36.79782],[127.40172,36.79515],[127.40057,36.7945],[127.39943,36.79227],[127.39731,36.79115],[127.39674,36.79028],[127.39649,36.7884],[127.396,36.78784],[127.39675,36.78593],[127.39564,36.78535],[127.39498,36.78409],[127.3955,36.78248],[127.39643,36.78191],[127.39746,36.78214],[127.39982,36.78086],[127.39991,36.78019],[127.40156,36.77879],[127.40179,36.77805],[127.40124,36.77719],[127.4019,36.77571],[127.40326,36.77507],[127.40332,36.77447],[127.40444,36.77467],[127.40638,36.77383],[127.40865,36.77388],[127.40941,36.7732],[127.41085,36.77283],[127.41228,36.77285],[127.41266,36.77331],[127.41295,36.77322],[127.41425,36.77138],[127.41391,36.76985],[127.41504,36.76784],[127.41686,36.76632],[127.41708,36.76547],[127.41684,36.76426],[127.41718,36.76353],[127.42042,36.76084],[127.42015,36.75835],[127.4197,36.75766],[127.41515,36.75661],[127.41432,36.75717],[127.41256,36.75741],[127.41205,36.75711],[127.4113,36.75585],[127.4108,36.75612],[127.41149,36.75507],[127.41137,36.75356],[127.41073,36.75296],[127.40972,36.75263],[127.40958,36.75226],[127.40843,36.75221],[127.40691,36.75085],[127.4056,36.75026],[127.40528,36.74928],[127.40558,36.74872],[127.40513,36.74821],[127.40444,36.74602],[127.40484,36.7449],[127.40401,36.74488],[127.40155,36.74629],[127.40095,36.74729],[127.40022,36.74742],[127.39907,36.74693],[127.39763,36.74764],[127.39602,36.74793],[127.39581,36.74877],[127.39558,36.74899],[127.39514,36.74882],[127.39456,36.74982],[127.39463,36.75117],[127.39338,36.75195],[127.39365,36.75253],[127.39346,36.75268],[127.3911,36.75263],[127.38866,36.75349],[127.38831,36.75494],[127.38719,36.7558],[127.38788,36.75681],[127.38726,36.75715],[127.38637,36.75929],[127.38502,36.75964],[127.38411,36.75897],[127.38303,36.75892],[127.38188,36.75817],[127.37939,36.75846],[127.37924,36.75908],[127.37567,36.75853],[127.37486,36.75798],[127.3723,36.75793],[127.37146,36.75856],[127.37098,36.75948],[127.36987,36.76011],[127.36959,36.76158],[127.36644,36.76093],[127.36549,36.76096],[127.36419,36.7615],[127.36379,36.76112],[127.36245,36.76109],[127.36008,36.75972],[127.35781,36.76097],[127.35724,36.76029],[127.35613,36.75668],[127.35557,36.75602],[127.35417,36.75565],[127.35379,36.75467],[127.35225,36.75408],[127.35036,36.75398],[127.34784,36.75293],[127.34653,36.75348],[127.34553,36.75362],[127.34466,36.75335],[127.34392,36.75371],[127.34229,36.75318],[127.34099,36.75336],[127.3389,36.75259],[127.33832,36.75283],[127.33713,36.75254],[127.33676,36.75279],[127.33551,36.75264],[127.33532,36.75129],[127.33435,36.74983],[127.33429,36.74887],[127.33365,36.74868],[127.3324,36.74751],[127.33264,36.74752],[127.33268,36.74681],[127.33431,36.74681],[127.33644,36.74499],[127.3366,36.74435],[127.33711,36.74435],[127.3375,36.74293],[127.3374,36.74012],[127.33989,36.7398],[127.34037,36.73891],[127.34151,36.73847],[127.34317,36.7357],[127.34229,36.73361],[127.34247,36.73282],[127.34136,36.73274],[127.34,36.73152],[127.3392,36.72973],[127.3369,36.72935],[127.33603,36.73055],[127.33493,36.73132],[127.33335,36.7311],[127.33115,36.73283],[127.33064,36.73271],[127.33038,36.73363],[127.32965,36.73437],[127.3283,36.73456],[127.32546,36.73367],[127.3252,36.73206],[127.32447,36.73147],[127.32244,36.7307],[127.31977,36.7268],[127.31902,36.72647],[127.31801,36.72491],[127.31685,36.72438],[127.31242,36.72378],[127.30944,36.72458],[127.30925,36.7241],[127.31109,36.72385],[127.31091,36.72319],[127.31009,36.7227],[127.30873,36.72078],[127.30881,36.72019],[127.30799,36.71813],[127.30843,36.71682],[127.308,36.71644],[127.3079,36.71565],[127.3089,36.71408],[127.30814,36.71389],[127.3077,36.71338],[127.30789,36.71307],[127.30695,36.71158],[127.30721,36.71102],[127.3061,36.70827],[127.30711,36.7079],[127.30702,36.70759],[127.30765,36.70662],[127.30742,36.70589],[127.30811,36.70531],[127.30804,36.7049],[127.3084,36.70481],[127.30712,36.7037],[127.30558,36.70306],[127.30503,36.70245],[127.30446,36.70244],[127.30349,36.70129],[127.30132,36.69998],[127.29748,36.69914],[127.29735,36.69854],[127.29655,36.69765],[127.29574,36.69773],[127.29461,36.69718],[127.29331,36.69702],[127.29201,36.6973],[127.28949,36.69541],[127.28874,36.69428],[127.28793,36.6938],[127.28706,36.69272],[127.28567,36.69199],[127.28529,36.69067],[127.28695,36.69042],[127.28802,36.68955],[127.28886,36.6895],[127.28954,36.68819],[127.29214,36.68709],[127.29555,36.68662],[127.29666,36.68577],[127.29957,36.68593],[127.30082,36.68524],[127.30183,36.68574],[127.30442,36.68504],[127.30456,36.68414],[127.30599,36.68287],[127.30676,36.6827],[127.30763,36.68202],[127.30724,36.67952],[127.30753,36.67832],[127.30623,36.67547],[127.30521,36.67424],[127.30556,36.67354],[127.30549,36.67284],[127.30609,36.67225],[127.30585,36.67057],[127.30486,36.66813],[127.30509,36.66757],[127.30389,36.66706],[127.30232,36.66575],[127.30122,36.66408],[127.30101,36.66205],[127.29975,36.66219],[127.29725,36.66111],[127.29593,36.65957],[127.29294,36.65984],[127.29209,36.65945],[127.28916,36.65932],[127.28869,36.6589],[127.28909,36.65814],[127.2888,36.65788],[127.28904,36.65741],[127.2889,36.65675],[127.28813,36.65626],[127.28681,36.6542],[127.28615,36.65167],[127.28649,36.65105],[127.28579,36.65007],[127.2844,36.64999],[127.2841,36.64874],[127.28367,36.6487],[127.28363,36.64736],[127.28285,36.64696],[127.28162,36.64514],[127.28278,36.64229],[127.27952,36.6407],[127.27701,36.64187],[127.27565,36.6398],[127.27716,36.63682],[127.2788,36.6352],[127.27893,36.63403],[127.2794,36.63352],[127.28083,36.63439],[127.28228,36.6346],[127.28493,36.63419],[127.28502,36.63377],[127.28547,36.63386],[127.28723,36.63613],[127.28921,36.63689],[127.29078,36.63681],[127.29216,36.63564],[127.29183,36.63367],[127.29113,36.6326],[127.2907,36.63107],[127.29176,36.62562],[127.29251,36.62467],[127.29394,36.62439],[127.29583,36.62457],[127.2963,36.62424],[127.2962,36.62201],[127.29576,36.62054],[127.29591,36.6197],[127.29641,36.61898],[127.29888,36.61866],[127.29933,36.61828],[127.30027,36.61646],[127.30014,36.6139],[127.30071,36.61291],[127.30181,36.61281],[127.30188,36.61104],[127.30118,36.61162],[127.30159,36.6093],[127.30121,36.6092],[127.30129,36.60861],[127.30062,36.60841],[127.30013,36.60773],[127.30117,36.60766],[127.30495,36.60437],[127.30618,36.60256],[127.3066,36.60094],[127.30648,36.59964],[127.3047,36.59581],[127.30484,36.59139],[127.30376,36.59005],[127.30353,36.58983],[127.30334,36.59003],[127.30217,36.58879],[127.29986,36.5877],[127.29945,36.58688],[127.29956,36.58633],[127.3,36.58586],[127.30183,36.58532],[127.30249,36.58431],[127.30387,36.5834],[127.30577,36.583],[127.31321,36.58287],[127.31904,36.58373],[127.32144,36.58378],[127.32305,36.58192],[127.32149,36.58131],[127.32163,36.58107],[127.32488,36.58026],[127.32526,36.57957],[127.32476,36.57902],[127.32545,36.57771],[127.32659,36.57652],[127.32723,36.57603],[127.32942,36.57531],[127.32978,36.57488],[127.33124,36.57492],[127.33215,36.57417],[127.33202,36.57347],[127.33251,36.57259],[127.33576,36.57106],[127.33577,36.57061],[127.33655,36.56999],[127.33515,36.5681],[127.33658,36.56535],[127.33702,36.56284],[127.33809,36.56234],[127.34075,36.56365],[127.34235,36.56366],[127.34325,36.56466],[127.34418,36.56455],[127.34441,36.56411],[127.34339,36.56439],[127.34451,36.564],[127.34713,36.56445],[127.34785,36.56386],[127.34899,36.56381],[127.351,36.56221],[127.35312,36.56223],[127.35488,36.56282],[127.35626,36.56168],[127.35765,36.56181],[127.36048,36.56228],[127.36148,36.56384],[127.36205,36.56424],[127.36649,36.564],[127.36801,36.56502],[127.36819,36.56606],[127.36866,36.56637],[127.37076,36.56649],[127.37755,36.56783],[127.37678,36.56642],[127.37396,36.56524],[127.37204,36.56357],[127.37606,36.56441],[127.3771,36.56393],[127.37794,36.56284],[127.3762,36.56156],[127.37649,36.56094],[127.375,36.56021],[127.37317,36.56015],[127.37255,36.55972],[127.3731,36.55913],[127.37359,36.55772],[127.3752,36.55778],[127.37547,36.55723],[127.37604,36.55729],[127.3781,36.55517],[127.37923,36.55259],[127.37871,36.55219],[127.37897,36.55155],[127.37843,36.5511],[127.37852,36.54981],[127.37918,36.54939],[127.38169,36.54888],[127.38319,36.54786],[127.38267,36.54638],[127.38387,36.54548],[127.38393,36.54381],[127.38351,36.54286],[127.38388,36.54153],[127.38509,36.54105],[127.38782,36.54114],[127.38898,36.54039],[127.39128,36.54054],[127.39233,36.54001],[127.39424,36.54028],[127.39547,36.54004],[127.39782,36.54021],[127.40019,36.54178],[127.40182,36.54124],[127.40246,36.53994],[127.40267,36.53864],[127.40325,36.53782],[127.40413,36.53793],[127.40501,36.53731],[127.40538,36.53422],[127.40585,36.53298],[127.40562,36.5314],[127.40706,36.52977],[127.40852,36.52883],[127.40798,36.52781],[127.40841,36.52718],[127.40819,36.52638],[127.40869,36.52529],[127.4086,36.52369],[127.40766,36.52308],[127.4068,36.52317],[127.40618,36.5238],[127.40433,36.52393],[127.40313,36.52333],[127.40149,36.52365],[127.4009,36.52267],[127.39938,36.52169],[127.39789,36.52135],[127.39764,36.52058],[127.40002,36.51965],[127.40036,36.51902],[127.40117,36.51899],[127.40139,36.51848],[127.40375,36.51738],[127.40414,36.51688],[127.40417,36.51552],[127.40535,36.51303],[127.40468,36.51268],[127.40495,36.51195],[127.40623,36.51178],[127.40743,36.5105],[127.40904,36.50975],[127.4085,36.50897],[127.40892,36.50828],[127.40906,36.50664],[127.40759,36.50326],[127.40819,36.50212],[127.409,36.50188],[127.40788,36.50015],[127.40822,36.49955],[127.40943,36.49883],[127.40943,36.49844],[127.41033,36.49835],[127.4108,36.49775],[127.41056,36.49628],[127.40999,36.49597],[127.40983,36.49532],[127.40672,36.49479],[127.40433,36.49371],[127.39982,36.49335],[127.397,36.49235],[127.39612,36.49172],[127.40301,36.48548],[127.40417,36.48098],[127.40416,36.47657],[127.40242,36.47309],[127.40093,36.4733],[127.3989,36.47289],[127.39843,36.47195],[127.39815,36.46844],[127.3986,36.46674],[127.39972,36.46581],[127.39959,36.46482],[127.39901,36.46431],[127.39899,36.46358],[127.40006,36.46045],[127.39988,36.45794],[127.39937,36.45733],[127.39928,36.45638],[127.40023,36.45528],[127.40083,36.45489],[127.40209,36.45603],[127.4031,36.45531],[127.40583,36.45494],[127.41497,36.45471],[127.4247,36.45618],[127.42745,36.45687],[127.43677,36.4564],[127.43704,36.456],[127.43402,36.45615],[127.43395,36.45578],[127.43744,36.45577],[127.44297,36.45095],[127.44716,36.44919],[127.45133,36.44925],[127.45476,36.45027],[127.45841,36.4523],[127.46256,36.45613],[127.46351,36.4603],[127.46378,36.46451],[127.46668,36.47007],[127.47029,36.47366],[127.47243,36.47502],[127.47613,36.47633],[127.48061,36.47721],[127.48403,36.47662],[127.48454,36.47454],[127.48329,36.47001],[127.48161,36.46641],[127.4794,36.46375],[127.47768,36.46052],[127.47748,36.45894],[127.47828,36.45728],[127.48211,36.45389],[127.48454,36.45293],[127.4869,36.45278],[127.49162,36.45335],[127.50059,36.4562],[127.50279,36.45551],[127.50446,36.4519],[127.50348,36.44936],[127.49714,36.44472],[127.4935,36.44119],[127.48972,36.43413],[127.48992,36.43243],[127.49128,36.42953],[127.49335,36.4258],[127.49556,36.4231],[127.49694,36.41949],[127.49742,36.41536],[127.49964,36.4127],[127.50155,36.40865],[127.50448,36.40821],[127.50806,36.40827],[127.5095,36.40862],[127.51047,36.40964],[127.51138,36.41114],[127.51468,36.42302],[127.51451,36.42247],[127.51653,36.42235],[127.51907,36.42004],[127.51993,36.41982],[127.52095,36.42158],[127.52231,36.42189],[127.52322,36.4231],[127.52432,36.42343],[127.52601,36.42193],[127.52604,36.42091],[127.527,36.42118],[127.52821,36.42105],[127.52877,36.41979],[127.52938,36.41922],[127.53479,36.41933],[127.53524,36.41895],[127.53641,36.41945],[127.53655,36.41999],[127.53732,36.42038],[127.53778,36.42012],[127.53962,36.42061],[127.54228,36.41928],[127.54184,36.41569],[127.54289,36.41208],[127.54557,36.40882],[127.54665,36.40877],[127.5501,36.40712],[127.5517,36.40549],[127.5532,36.40122],[127.55632,36.39967],[127.55878,36.39986],[127.55968,36.39822],[127.55743,36.39731],[127.55723,36.39685],[127.55508,36.39519],[127.55402,36.39487],[127.55264,36.39524],[127.55135,36.39502],[127.55003,36.39687],[127.54857,36.39703],[127.54687,36.39643],[127.54361,36.3961],[127.54311,36.39701],[127.5402,36.39712],[127.53983,36.39775],[127.53922,36.3979],[127.53916,36.39719],[127.53743,36.39495],[127.53529,36.39454],[127.53343,36.39355],[127.53317,36.39326],[127.53367,36.39294],[127.53342,36.39175],[127.53177,36.39092],[127.53077,36.3913],[127.53015,36.39119],[127.52906,36.3901],[127.5294,36.38936],[127.52831,36.38903],[127.5268,36.38766],[127.52567,36.38732],[127.52493,36.38751],[127.52458,36.38646],[127.52557,36.38522],[127.5248,36.3838],[127.52498,36.38143],[127.52539,36.38046],[127.52532,36.37971],[127.52589,36.37896],[127.52561,36.37865],[127.52576,36.37754],[127.52488,36.37646],[127.52483,36.37525],[127.52585,36.37398],[127.5259,36.37124],[127.52658,36.37007],[127.52598,36.36801],[127.52497,36.36741],[127.52482,36.3665],[127.52444,36.36645],[127.52409,36.36591],[127.52442,36.3656],[127.52485,36.36363],[127.52437,36.36305],[127.52446,36.36149],[127.52358,36.3604],[127.52368,36.36005],[127.52302,36.35952],[127.52289,36.35863],[127.522,36.35788],[127.52309,36.35635],[127.5224,36.35432],[127.52161,36.35375],[127.52044,36.35143],[127.51937,36.35035],[127.51721,36.34934],[127.51762,36.34815],[127.51728,36.34801],[127.51578,36.34868],[127.51489,36.34778],[127.513,36.34746],[127.51197,36.34612],[127.50915,36.34678],[127.50744,36.34629],[127.50742,36.34539],[127.50803,36.34453],[127.50807,36.34324],[127.50604,36.34231],[127.50454,36.34207],[127.50488,36.34099],[127.50134,36.34007],[127.50056,36.33929],[127.50054,36.33777],[127.50157,36.33623],[127.50108,36.33484],[127.50129,36.33406],[127.50092,36.33293],[127.50172,36.33182],[127.50142,36.33073],[127.5017,36.33018],[127.50164,36.32898],[127.50296,36.32562],[127.50219,36.32387],[127.50153,36.32283],[127.50094,36.32258],[127.49997,36.32077],[127.49598,36.31988],[127.49687,36.31945],[127.497,36.31795],[127.49783,36.31641],[127.49768,36.31568],[127.4958,36.31296],[127.4944,36.31258],[127.4941,36.3121],[127.49509,36.31169],[127.49617,36.31063],[127.49709,36.3085],[127.49819,36.30792],[127.49898,36.30567],[127.49849,36.30494],[127.49783,36.30467],[127.49743,36.30158],[127.49656,36.30114],[127.49602,36.29941],[127.49479,36.30078],[127.49358,36.30096],[127.49348,36.30058],[127.49249,36.30018],[127.49233,36.29973],[127.49161,36.2993],[127.49118,36.29702],[127.4912,36.29659],[127.49268,36.295],[127.49371,36.29247],[127.49408,36.29245],[127.49513,36.29042],[127.49557,36.29011],[127.49541,36.28954],[127.49577,36.28779],[127.49761,36.28654],[127.49779,36.2847],[127.49899,36.28308],[127.49853,36.28132],[127.4973,36.28035],[127.49678,36.27923],[127.49299,36.27631],[127.49262,36.27547],[127.48875,36.27271],[127.48944,36.26983],[127.49025,36.26837],[127.48987,36.26775],[127.48833,36.26722],[127.4877,36.26531],[127.48747,36.26337],[127.48605,36.26125],[127.48646,36.26064],[127.48611,36.25973],[127.48631,36.25922],[127.48725,36.25876],[127.48749,36.25825],[127.48894,36.25836],[127.48974,36.25799],[127.48998,36.25734],[127.4895,36.25594],[127.48965,36.25505],[127.49038,36.25403],[127.48981,36.2538],[127.48761,36.25144],[127.48844,36.25002],[127.48832,36.24966],[127.48878,36.24874],[127.48854,36.24754],[127.48925,36.24705],[127.48941,36.24601],[127.49027,36.245],[127.49176,36.24517],[127.49232,36.24438],[127.49271,36.24306],[127.49227,36.2424],[127.49321,36.24106],[127.49326,36.24052],[127.49265,36.23949],[127.49258,36.23795],[127.49625,36.23835],[127.49923,36.2383],[127.50217,36.23765],[127.50949,36.23892],[127.51033,36.23925],[127.51195,36.24069],[127.51323,36.24067],[127.51368,36.24033],[127.51474,36.24122],[127.51573,36.24054],[127.51813,36.24064],[127.52056,36.2433],[127.52118,36.24384],[127.52189,36.24385],[127.52352,36.24534],[127.52385,36.24649],[127.52623,36.24709],[127.52695,36.24834],[127.52774,36.2485],[127.529,36.24818],[127.52961,36.24862],[127.53044,36.24871],[127.53257,36.25089],[127.53624,36.25123],[127.53681,36.25086],[127.5357,36.24905],[127.53509,36.24732],[127.53645,36.24564],[127.53792,36.24278],[127.54041,36.24182],[127.54228,36.24141],[127.54253,36.24165],[127.54342,36.24155],[127.54722,36.2396],[127.54908,36.23973],[127.54986,36.23842],[127.54878,36.23772],[127.54869,36.23624],[127.54747,36.2323],[127.54609,36.2293],[127.54509,36.22843],[127.54498,36.22715],[127.54533,36.22551],[127.54775,36.22532],[127.55437,36.22619],[127.55603,36.22715],[127.55825,36.22754],[127.56022,36.22877],[127.56158,36.22897],[127.56231,36.2286],[127.56264,36.22789],[127.56328,36.22797],[127.56381,36.22752],[127.56369,36.22769],[127.5657,36.22944],[127.56699,36.23197],[127.56904,36.2326],[127.57024,36.23352],[127.57285,36.23302],[127.57486,36.232],[127.57955,36.2328],[127.58022,36.23185],[127.58168,36.23137],[127.58243,36.23163],[127.58358,36.2313],[127.58481,36.23025],[127.58631,36.22758],[127.58657,36.22506],[127.58712,36.22486],[127.58874,36.2255],[127.59051,36.22529],[127.5906,36.22473],[127.59032,36.2244],[127.59066,36.22257],[127.59111,36.22166],[127.59245,36.22132],[127.59276,36.21982],[127.59464,36.21948],[127.59715,36.21765],[127.59778,36.2175],[127.59802,36.21709],[127.59768,36.21622],[127.59796,36.21433],[127.59732,36.21298],[127.59631,36.21188],[127.59699,36.21157],[127.59747,36.21086],[127.59879,36.21022],[127.59895,36.20959],[127.59843,36.20851],[127.59925,36.20727],[127.59943,36.20513],[127.59966,36.20509],[127.599,36.20335],[127.59928,36.20264],[127.59826,36.20238],[127.59734,36.20027],[127.59533,36.19896],[127.59419,36.19684],[127.59246,36.19535],[127.59361,36.19439],[127.59292,36.19294],[127.59298,36.19223],[127.59456,36.19102],[127.59455,36.1904],[127.59526,36.1898],[127.59538,36.1891],[127.59623,36.18847],[127.59772,36.18487],[127.59494,36.18224],[127.59424,36.18218],[127.59491,36.17962],[127.59399,36.17817],[127.59306,36.17738],[127.5945,36.17553],[127.59555,36.1751],[127.59636,36.17433],[127.59863,36.1738],[127.6008,36.16974],[127.60148,36.16905],[127.6011,36.16825],[127.60109,36.16751],[127.60148,36.16701],[127.60101,36.16329],[127.6012,36.16118],[127.60166,36.16002],[127.5985,36.1549],[127.59767,36.15417],[127.59591,36.15349],[127.59502,36.15262],[127.59433,36.15128],[127.59341,36.15052],[127.59284,36.14763],[127.59205,36.14691],[127.5917,36.14596],[127.59186,36.14561],[127.59095,36.14483],[127.59081,36.14376],[127.59044,36.14333],[127.59054,36.14097],[127.59112,36.13949],[127.59073,36.1387],[127.5909,36.13729],[127.59029,36.13673],[127.59027,36.13578],[127.58947,36.13514],[127.58948,36.1343],[127.59026,36.1329],[127.59131,36.13248],[127.59256,36.1301],[127.5937,36.12935],[127.59375,36.12878],[127.59524,36.12818],[127.59587,36.12573],[127.59634,36.12545],[127.59863,36.12537],[127.5992,36.12294],[127.6032,36.12061],[127.60553,36.1182],[127.60599,36.11679],[127.60764,36.11708],[127.60858,36.11778],[127.60859,36.11844],[127.61009,36.11861],[127.61003,36.11736],[127.6106,36.11659],[127.61076,36.11563],[127.61156,36.11522],[127.61308,36.11181],[127.61478,36.11145],[127.61632,36.11155],[127.6191,36.10889],[127.61899,36.10711],[127.61772,36.10604],[127.61692,36.10488],[127.61717,36.10468],[127.61704,36.10136],[127.61728,36.1001],[127.61827,36.09871],[127.61736,36.09754],[127.6177,36.09617],[127.61734,36.09546],[127.61752,36.09412],[127.61727,36.09358],[127.61924,36.0907],[127.62001,36.09109],[127.62334,36.09069],[127.62418,36.08841],[127.62654,36.08761],[127.62777,36.08656],[127.62827,36.08544],[127.62934,36.08467],[127.62979,36.08383],[127.63215,36.08236],[127.63305,36.08089],[127.63219,36.07964],[127.63466,36.07673],[127.63413,36.07486],[127.6342,36.07362],[127.63739,36.07035],[127.63817,36.06826],[127.63806,36.06867],[127.6391,36.06822],[127.64013,36.06825],[127.64225,36.06739],[127.6435,36.06739],[127.64455,36.06681],[127.64842,36.06258],[127.64846,36.06086],[127.64883,36.05993],[127.64867,36.05897],[127.64905,36.05799],[127.65058,36.05728],[127.65127,36.05751],[127.65223,36.05734],[127.65355,36.05651],[127.65444,36.05662],[127.65422,36.05565],[127.65487,36.05504],[127.65526,36.054],[127.65472,36.05258],[127.65636,36.05093],[127.65632,36.05006],[127.65801,36.04768],[127.65792,36.04691],[127.65837,36.04583],[127.65847,36.04441],[127.65995,36.0422],[127.65924,36.0405],[127.65942,36.03963],[127.66023,36.03854],[127.6609,36.03819],[127.66225,36.03861],[127.66441,36.03751],[127.66803,36.03866],[127.66906,36.03866],[127.6694,36.03962],[127.67053,36.03989],[127.67274,36.04163],[127.67177,36.04325],[127.67092,36.04384],[127.67053,36.04502],[127.67088,36.04603],[127.67163,36.04678],[127.67181,36.04848],[127.6713,36.04925],[127.67029,36.04946],[127.66932,36.05027],[127.66917,36.05115],[127.67076,36.05199],[127.67156,36.05307],[127.67307,36.05362],[127.67552,36.05582],[127.67717,36.0555],[127.67792,36.05668],[127.68084,36.05824],[127.68555,36.06219],[127.68902,36.06267],[127.68892,36.06206],[127.68931,36.06175],[127.69074,36.05803],[127.69154,36.05838],[127.69314,36.05792],[127.69461,36.05898],[127.69509,36.05873],[127.69493,36.05742],[127.69589,36.05432],[127.6952,36.05272],[127.696,36.05143],[127.69604,36.05038],[127.69511,36.0497],[127.69546,36.04727],[127.69502,36.04591],[127.69584,36.04393],[127.69615,36.04382],[127.69646,36.0411],[127.69958,36.03889],[127.70021,36.03659],[127.70175,36.03578],[127.70193,36.03527],[127.70362,36.03441],[127.70574,36.03493],[127.70606,36.0347],[127.70572,36.03399],[127.70722,36.03512],[127.71164,36.0359],[127.71339,36.03573],[127.71734,36.03445],[127.7183,36.03354],[127.71918,36.03186],[127.72239,36.03198],[127.72355,36.03131],[127.72504,36.03242],[127.72798,36.03091],[127.72753,36.0297],[127.72858,36.03092],[127.73083,36.03231],[127.73483,36.03232],[127.73732,36.02982],[127.7391,36.02688],[127.73945,36.02573],[127.74149,36.0248],[127.74223,36.02503],[127.743,36.02609],[127.74356,36.02736],[127.74359,36.02847],[127.74415,36.02887],[127.74548,36.02889],[127.7473,36.0297],[127.74883,36.02887],[127.75162,36.02568],[127.75422,36.02455],[127.75386,36.02406],[127.75431,36.024],[127.7545,36.02445],[127.7552,36.0242],[127.75622,36.02444],[127.75976,36.0256],[127.7616,36.02518],[127.76225,36.02411],[127.76264,36.02157],[127.75929,36.01592],[127.75928,36.01521],[127.75993,36.01438],[127.76156,36.01332],[127.76427,36.01243],[127.76618,36.01221],[127.76883,36.01255],[127.77432,36.01493],[127.77521,36.01506],[127.77527,36.01538],[127.78153,36.01651],[127.78362,36.01642],[127.78762,36.0145],[127.7895,36.01639],[127.79081,36.0188],[127.7923,36.01994],[127.79363,36.01997],[127.79364,36.02079],[127.79419,36.02138],[127.79682,36.02288],[127.79737,36.02448],[127.79727,36.02501],[127.79865,36.02546],[127.79944,36.02607],[127.80108,36.02659],[127.80157,36.02608],[127.80312,36.02666],[127.8035,36.02631],[127.8055,36.02596],[127.80765,36.02731],[127.80842,36.02742],[127.80923,36.02694],[127.81109,36.02737],[127.81154,36.02781],[127.81357,36.02815],[127.81461,36.02901],[127.81627,36.02809],[127.81759,36.02789],[127.8185,36.02813],[127.81912,36.02927],[127.81979,36.0298],[127.82183,36.03031],[127.82259,36.03113],[127.82523,36.03214],[127.82576,36.03294],[127.82603,36.0328],[127.82957,36.03401],[127.8304,36.03523],[127.83704,36.0362],[127.8385,36.03629],[127.83909,36.03588],[127.84196,36.03688],[127.8432,36.03801],[127.84589,36.03912],[127.84857,36.03973],[127.84898,36.03931],[127.85281,36.03911],[127.85359,36.03691],[127.85566,36.03293],[127.85814,36.03243],[127.8606,36.03146],[127.86362,36.02785],[127.86432,36.0257],[127.86615,36.02429],[127.86774,36.02377],[127.87144,36.02383],[127.87266,36.02324],[127.87677,36.02251],[127.87731,36.02341],[127.88059,36.02525],[127.88346,36.02806],[127.88344,36.03234],[127.88491,36.03344],[127.88484,36.03589],[127.8862,36.03572],[127.88752,36.03469],[127.88854,36.03485],[127.88996,36.03573],[127.89156,36.03603],[127.89384,36.03765],[127.89717,36.03735],[127.89753,36.03803],[127.90269,36.0391],[127.90302,36.03937],[127.90329,36.04055],[127.90351,36.04342],[127.90516,36.045],[127.9053,36.04596],[127.90795,36.048],[127.90941,36.05001],[127.91043,36.05065],[127.91179,36.05047],[127.9131,36.0513],[127.91634,36.05447],[127.91708,36.05399],[127.91959,36.05369],[127.92058,36.0541],[127.92279,36.05323],[127.9252,36.05284],[127.92636,36.0518],[127.92772,36.05123],[127.92856,36.05012],[127.93018,36.04944],[127.9325,36.05068],[127.93268,36.0504],[127.93417,36.05098],[127.93629,36.05108],[127.94384,36.05625],[127.94719,36.05718],[127.94768,36.05862],[127.94989,36.05972],[127.9508,36.061],[127.95222,36.06374],[127.95197,36.06471],[127.95348,36.06632],[127.95775,36.06923],[127.96087,36.07034],[127.96118,36.0725],[127.96095,36.0739],[127.96182,36.07582],[127.96183,36.07717],[127.96114,36.07836],[127.96094,36.07964],[127.9614,36.08037],[127.96169,36.08298],[127.96105,36.08314],[127.96083,36.08562],[127.95935,36.086],[127.95873,36.08753],[127.95847,36.09014],[127.95858,36.0909],[127.95961,36.0924],[127.95971,36.09451],[127.96463,36.09555],[127.96504,36.0972],[127.96489,36.09862],[127.96665,36.10026],[127.96869,36.10313],[127.96898,36.10435],[127.96795,36.10728],[127.96576,36.10979],[127.96549,36.11066],[127.96575,36.11189],[127.9652,36.11283],[127.9667,36.11539],[127.96652,36.11683],[127.9668,36.11806],[127.96968,36.12079],[127.97016,36.12188],[127.97298,36.12187],[127.97642,36.12273],[127.9771,36.1231],[127.97713,36.12352],[127.9786,36.12521],[127.9809,36.12535],[127.98407,36.1277],[127.98686,36.12805],[127.98778,36.12882],[127.98846,36.13036],[127.98773,36.13133],[127.98886,36.13283],[127.98822,36.13531],[127.98735,36.13675],[127.98739,36.13775],[127.98797,36.13831],[127.98737,36.13961],[127.98729,36.14087],[127.98788,36.1415],[127.98806,36.1427],[127.98917,36.14397],[127.98798,36.14499],[127.98748,36.14738],[127.99084,36.15014],[127.99047,36.15096],[127.99077,36.15142],[127.99338,36.15186],[127.99337,36.15252],[127.99503,36.15312],[127.9972,36.15547],[127.99634,36.15655],[127.99482,36.15747],[127.99336,36.15746],[127.99268,36.15821],[127.991,36.15842],[127.99048,36.15888],[127.99015,36.16292],[127.98957,36.16373],[127.98967,36.16481],[127.99018,36.16567],[127.98731,36.16646],[127.98656,36.1671],[127.98653,36.16781],[127.98462,36.16887],[127.98416,36.16948],[127.98295,36.16988],[127.98296,36.17038],[127.9826,36.17056],[127.98236,36.17217],[127.98301,36.17405],[127.98263,36.17464],[127.98322,36.17509],[127.98418,36.17693],[127.98393,36.17752],[127.98413,36.17817],[127.98278,36.17821],[127.98134,36.17913],[127.98032,36.18129],[127.98018,36.18264],[127.97917,36.18309],[127.97877,36.18406],[127.97617,36.1864],[127.97623,36.18687],[127.97533,36.18771],[127.97617,36.18842],[127.97649,36.19091],[127.97626,36.19205],[127.97738,36.19233],[127.97876,36.19323],[127.9812,36.19588],[127.98272,36.1963],[127.97991,36.19593],[127.97855,36.19708],[127.97802,36.19811],[127.98171,36.19909],[127.98347,36.20002],[127.98487,36.20135],[127.9888,36.20037],[127.98881,36.19977],[127.98925,36.19985],[127.98921,36.19957],[127.99304,36.20003],[127.99335,36.20092],[127.99311,36.20155],[127.99444,36.20261],[127.99475,36.20421],[127.99674,36.20586],[127.99807,36.20625],[127.99845,36.2073],[127.99878,36.20747],[128.00046,36.20694],[128.00265,36.20716],[128.00275,36.2077],[128.00302,36.20773],[128.00459,36.20725],[128.00637,36.20732],[128.00975,36.20936],[128.01198,36.20867],[128.01351,36.20913],[128.01547,36.20836],[128.01683,36.20869],[128.01754,36.20808],[128.01993,36.20801],[128.02405,36.20665],[128.02425,36.20625],[128.02668,36.20519],[128.0272,36.20462],[128.02802,36.20255],[128.03079,36.20209],[128.03173,36.20102],[128.03176,36.20032],[128.03328,36.20018],[128.03435,36.19926],[128.03481,36.19831],[128.03625,36.19775],[128.0366,36.19623],[128.03741,36.19592],[128.03863,36.19416],[128.03944,36.19468],[128.04002,36.19444],[128.04078,36.19463],[128.04237,36.19653],[128.04299,36.19601],[128.04384,36.1959],[128.04542,36.19627],[128.0458,36.1967],[128.04632,36.19673],[128.04796,36.19861],[128.04991,36.19905],[128.05069,36.19986],[128.05219,36.20061],[128.0529,36.20082],[128.05345,36.20047],[128.05481,36.20046],[128.05551,36.20108],[128.05738,36.20081],[128.05815,36.20125],[128.05785,36.20209],[128.05627,36.20208],[128.05321,36.20461],[128.05183,36.2051],[128.05079,36.206],[128.05041,36.20728],[128.05061,36.20776],[128.04935,36.21073],[128.05017,36.21293],[128.04979,36.21345],[128.05031,36.21469],[128.05009,36.21646],[128.04944,36.2166],[128.04758,36.21614],[128.04222,36.21755],[128.04138,36.21847],[128.04129,36.21915],[128.04047,36.22002],[128.04024,36.2209],[128.03951,36.22134],[128.039,36.22218],[128.03913,36.2229],[128.03995,36.22352],[128.03983,36.22412],[128.04046,36.22468],[128.03938,36.22575],[128.03933,36.22736],[128.03957,36.22771],[128.03934,36.22868],[128.03806,36.22953],[128.03682,36.22972],[128.03667,36.2312],[128.03584,36.23165],[128.0353,36.23263],[128.03401,36.23302],[128.03313,36.23371],[128.0329,36.23527],[128.03161,36.23645],[128.03177,36.23717],[128.0312,36.23774],[128.03071,36.23972],[128.03012,36.2397],[128.0299,36.24001],[128.03226,36.24153],[128.03368,36.24175],[128.03356,36.24212],[128.03565,36.24347],[128.03581,36.24468],[128.03549,36.24613],[128.03768,36.24766],[128.03944,36.25124],[128.04026,36.25203],[128.04268,36.2523],[128.04543,36.2519],[128.04573,36.25212],[128.04551,36.25232],[128.04685,36.25478],[128.04735,36.25655],[128.0464,36.25677],[128.0436,36.2584],[128.04078,36.25859],[128.03374,36.26153],[128.0323,36.26192],[128.03181,36.26169],[128.03133,36.262],[128.03114,36.26312],[128.03001,36.26452],[128.02897,36.26499],[128.02814,36.26476],[128.02692,36.26535],[128.02622,36.2679],[128.01903,36.26729],[128.0156,36.2683],[128.01517,36.26943],[128.01134,36.27195],[128.00907,36.27201],[128.00648,36.27033],[128.00553,36.26991],[128.00469,36.26995],[128.00422,36.26898],[128.00325,36.26808],[128.00163,36.26745],[128.00123,36.26681],[128.00048,36.26644],[127.9984,36.26841],[127.99752,36.26799],[127.99628,36.26813],[127.99441,36.26744],[127.99316,36.26655],[127.99262,36.26554],[127.99186,36.26524],[127.99172,36.26415],[127.99053,36.26338],[127.98902,36.26331],[127.98777,36.26385],[127.98708,36.26373],[127.98626,36.26305],[127.98393,36.26284],[127.98115,36.26371],[127.97868,36.26092],[127.97765,36.26062],[127.97672,36.25929],[127.97796,36.25731],[127.97792,36.25664],[127.97864,36.25608],[127.97832,36.25459],[127.97199,36.25213],[127.97056,36.2504],[127.96811,36.25033],[127.9658,36.25187],[127.96482,36.25318],[127.96248,36.25206],[127.96017,36.25237],[127.95945,36.25327],[127.95794,36.25412],[127.95735,36.25512],[127.95631,36.25545],[127.95541,36.25674],[127.95461,36.25722],[127.94925,36.25665],[127.94834,36.25748],[127.94825,36.25871],[127.94863,36.25934],[127.94867,36.26042],[127.94816,36.26229],[127.94848,36.26313],[127.94781,36.26464],[127.94787,36.26627],[127.94736,36.26724],[127.94578,36.26703],[127.9449,36.26723],[127.9428,36.26673],[127.94225,36.26729],[127.93958,36.2681],[127.93872,36.26885],[127.93793,36.26906],[127.93714,36.27004],[127.93693,36.27111],[127.93439,36.27256],[127.93378,36.27592],[127.93266,36.27674],[127.93194,36.27673],[127.93091,36.27801],[127.92648,36.27868],[127.92553,36.27952],[127.92353,36.27871],[127.91843,36.28022],[127.9155,36.28187],[127.91153,36.28319],[127.90811,36.28551],[127.90712,36.28649],[127.90557,36.29122],[127.90637,36.29269],[127.90611,36.29531],[127.90544,36.297],[127.90563,36.2986],[127.90429,36.30145],[127.90288,36.301],[127.89846,36.29758],[127.89477,36.29371],[127.89357,36.29265],[127.8921,36.29193],[127.89175,36.29112],[127.88991,36.28924],[127.88871,36.28736],[127.88744,36.28438],[127.88683,36.28371],[127.88585,36.2802],[127.8836,36.27642],[127.88264,36.27375],[127.87643,36.27579],[127.87045,36.27658],[127.86824,36.27634],[127.86739,36.2766],[127.86484,36.27563],[127.86087,36.27708],[127.86008,36.27646],[127.85539,36.27529],[127.85291,36.27388],[127.85232,36.27383],[127.85099,36.27446],[127.85087,36.27477],[127.8514,36.27546],[127.85059,36.27693],[127.85088,36.27797],[127.84952,36.28119],[127.85024,36.2821],[127.85028,36.28312],[127.84943,36.28547],[127.84976,36.28637],[127.84948,36.28646],[127.84918,36.2888],[127.84666,36.29142],[127.84565,36.29369],[127.84581,36.2968],[127.84647,36.2978],[127.84653,36.29894],[127.84693,36.29972],[127.84686,36.30076],[127.84508,36.3032],[127.84516,36.30438],[127.84447,36.30542],[127.84328,36.30614],[127.84266,36.30738],[127.84157,36.30821],[127.84148,36.31],[127.84282,36.31207],[127.84465,36.31335],[127.84424,36.31505],[127.84532,36.31638],[127.84577,36.31812],[127.84661,36.31804],[127.84885,36.31896],[127.84919,36.31976],[127.85039,36.32025],[127.8507,36.32081],[127.85151,36.32401],[127.85123,36.32673],[127.85202,36.32734],[127.85216,36.32816],[127.85186,36.32891],[127.85256,36.32963],[127.85258,36.33004],[127.85203,36.33041],[127.85282,36.33196],[127.85361,36.33175],[127.8546,36.33064],[127.8567,36.33128],[127.85686,36.33193],[127.86035,36.33369],[127.86189,36.33308],[127.86153,36.33552],[127.86243,36.33627],[127.86431,36.33536],[127.86576,36.33558],[127.86596,36.33703],[127.86781,36.33729],[127.86845,36.33883],[127.86999,36.33987],[127.87015,36.34094],[127.87071,36.34175],[127.87015,36.34349],[127.87194,36.3441],[127.87363,36.34511],[127.87461,36.34504],[127.87545,36.34559],[127.87599,36.34533],[127.87706,36.34568],[127.8789,36.3453],[127.87933,36.34495],[127.88042,36.34536],[127.88134,36.34507],[127.88261,36.34592],[127.88278,36.34774],[127.88371,36.34905],[127.88512,36.34911],[127.88551,36.35016],[127.88505,36.35246],[127.88516,36.35372],[127.88564,36.3547],[127.89084,36.35657],[127.89109,36.35815],[127.89088,36.35893],[127.89127,36.35969],[127.89023,36.36123],[127.88833,36.36276],[127.88653,36.36361],[127.88586,36.36488],[127.88595,36.36559],[127.88541,36.36603],[127.88559,36.36666],[127.88522,36.36889],[127.88386,36.36987],[127.88367,36.37064],[127.87981,36.37138],[127.88047,36.37237],[127.88202,36.37304],[127.8831,36.37417],[127.88365,36.37572],[127.88313,36.37736],[127.88417,36.38001],[127.88336,36.38056],[127.8822,36.38205],[127.88083,36.38217],[127.88042,36.38278],[127.8792,36.38336],[127.87878,36.38496],[127.87825,36.38562],[127.87856,36.38643],[127.87759,36.38768],[127.87735,36.38857],[127.87645,36.38921],[127.87572,36.39059],[127.87482,36.39104],[127.87153,36.39074],[127.87115,36.39121],[127.87002,36.39158],[127.86913,36.39154],[127.86855,36.3911],[127.86672,36.39163],[127.86464,36.39147],[127.86364,36.39269],[127.8629,36.39297],[127.86301,36.39356],[127.86568,36.39418],[127.86631,36.39476],[127.86561,36.3956],[127.86582,36.39643],[127.86528,36.39678],[127.86527,36.39809],[127.8646,36.39855],[127.86391,36.39978],[127.8643,36.40158],[127.86387,36.40304],[127.86734,36.40313],[127.8681,36.40363],[127.86951,36.40364],[127.87011,36.40425],[127.87093,36.40433],[127.87216,36.40506],[127.87332,36.40611],[127.87367,36.40657],[127.8734,36.40691],[127.87322,36.40955],[127.87469,36.41123],[127.87539,36.41131],[127.87577,36.41312],[127.87551,36.41331],[127.87569,36.41435],[127.87707,36.41572],[127.87907,36.41661],[127.88097,36.42004],[127.88228,36.42086],[127.88271,36.42217],[127.88272,36.42435],[127.87851,36.42437],[127.87778,36.42394],[127.87368,36.42385],[127.87299,36.42428],[127.8738,36.42615],[127.87486,36.42707],[127.87545,36.42707],[127.8756,36.428],[127.87523,36.42897],[127.87547,36.42967],[127.87478,36.43096],[127.87512,36.43286],[127.8746,36.43334],[127.8745,36.43472],[127.87335,36.43636],[127.87358,36.43765],[127.87424,36.43831],[127.87224,36.44079],[127.87142,36.44104],[127.87139,36.44157],[127.87261,36.44167],[127.87313,36.44225],[127.87376,36.44473],[127.87342,36.44539],[127.87392,36.44729],[127.87477,36.44882],[127.87738,36.44939],[127.87832,36.45049],[127.87858,36.45236],[127.87924,36.45294],[127.87968,36.45407],[127.87879,36.45513],[127.87898,36.45774],[127.87984,36.4582],[127.8807,36.46052],[127.88196,36.46184],[127.88023,36.46487],[127.87906,36.46575],[127.87837,36.46708],[127.88082,36.46852],[127.88022,36.47123],[127.88096,36.4723],[127.88032,36.474],[127.88238,36.47587],[127.88194,36.47776],[127.88131,36.47839],[127.88062,36.48063],[127.87868,36.48127],[127.87738,36.48243],[127.87528,36.48317],[127.87609,36.48837],[127.88036,36.48997],[127.87975,36.49129],[127.88047,36.49327],[127.88201,36.49316],[127.88524,36.49364],[127.8862,36.493],[127.88734,36.49327],[127.88802,36.49295],[127.88871,36.49314],[127.89024,36.49486],[127.89285,36.49601],[127.89388,36.49733],[127.89475,36.49791],[127.89486,36.49836],[127.89761,36.49848],[127.89867,36.49928],[127.90082,36.50002],[127.90088,36.50117],[127.90132,36.5019],[127.90462,36.50402],[127.90511,36.50518],[127.90611,36.50614],[127.90634,36.50694],[127.90614,36.50802],[127.90533,36.50845],[127.90535,36.50898],[127.90422,36.50961],[127.90318,36.51101],[127.90239,36.51307],[127.90305,36.51488],[127.90339,36.51727],[127.90209,36.5185],[127.90137,36.51871],[127.90107,36.51946],[127.90216,36.52071],[127.90113,36.52299],[127.90127,36.52418],[127.90091,36.52501],[127.90145,36.5264],[127.9026,36.52745],[127.90246,36.52807],[127.89959,36.52936],[127.89896,36.53028],[127.89635,36.5312],[127.89452,36.53028],[127.89297,36.53052],[127.8905,36.5325],[127.88917,36.53308],[127.88872,36.53369],[127.88768,36.53349],[127.88334,36.5349],[127.87901,36.53471],[127.87675,36.53647],[127.87596,36.53672],[127.87609,36.53702],[127.87545,36.5379],[127.87512,36.54001],[127.87441,36.54086],[127.87291,36.54184],[127.87048,36.54282],[127.87094,36.54399],[127.87098,36.54554],[127.87237,36.54873],[127.87299,36.55133],[127.87281,36.55298],[127.87199,36.55431],[127.87032,36.55915],[127.86908,36.55981],[127.86647,36.56042],[127.86602,36.56181],[127.86456,36.56401],[127.86022,36.56592],[127.86042,36.56795],[127.85744,36.56955],[127.85236,36.57115],[127.84889,36.57091],[127.84483,36.56911],[127.84326,36.56898],[127.84262,36.57054],[127.84015,36.57014],[127.83868,36.57043],[127.83707,36.5701],[127.83611,36.57052],[127.83541,36.5722],[127.83421,36.57312],[127.83016,36.57428],[127.82912,36.57326],[127.8277,36.57079],[127.82736,36.57152],[127.82447,36.57091],[127.82362,36.57177],[127.8219,36.57254],[127.82155,36.5731],[127.81818,36.57468],[127.81741,36.57591],[127.81681,36.5759],[127.81675,36.5773],[127.8162,36.57808],[127.81535,36.57768],[127.81297,36.57951],[127.81134,36.57945],[127.81033,36.57996],[127.80924,36.5799],[127.80902,36.58039],[127.80809,36.58015],[127.80589,36.58148],[127.8049,36.58139],[127.80414,36.58347],[127.80346,36.5836],[127.80298,36.58429],[127.8016,36.58449],[127.80061,36.58532],[127.80048,36.58615],[127.79848,36.58644],[127.79848,36.58727],[127.79958,36.58855],[127.79943,36.58953],[127.79855,36.5908],[127.79763,36.59128],[127.79759,36.5919],[127.79659,36.59266],[127.79615,36.59526],[127.79723,36.59705],[127.79694,36.59785],[127.79711,36.59905],[127.79742,36.6003],[127.79847,36.60208],[127.79918,36.60238],[127.80198,36.60185],[127.80319,36.60214],[127.80464,36.60328],[127.80648,36.60365],[127.8072,36.60461],[127.80796,36.60503],[127.80835,36.6058],[127.81207,36.60758],[127.81431,36.60744],[127.81594,36.60824],[127.81857,36.6083],[127.82086,36.61054],[127.8213,36.61143],[127.821,36.61331],[127.82212,36.61292],[127.82204,36.61266],[127.82274,36.61234],[127.82399,36.61237],[127.82489,36.61178],[127.82665,36.61142],[127.82752,36.61077],[127.82906,36.61156],[127.82994,36.61262],[127.83108,36.61248],[127.83229,36.61276],[127.83437,36.61116],[127.83524,36.61118],[127.83745,36.61009],[127.83766,36.60937],[127.83907,36.60885],[127.83964,36.60893],[127.8407,36.60829],[127.84542,36.61091],[127.84726,36.61112],[127.8498,36.61312],[127.85161,36.61325],[127.85519,36.61188],[127.8583,36.61353],[127.85573,36.61758],[127.8538,36.61821],[127.85301,36.61803],[127.85119,36.61835],[127.84981,36.61958],[127.84982,36.62117],[127.84884,36.62218],[127.84798,36.6239],[127.84784,36.62494],[127.8506,36.62915],[127.85056,36.63125],[127.84675,36.63399],[127.84891,36.63463],[127.85082,36.63455],[127.85137,36.63477],[127.85211,36.63579],[127.8528,36.63545],[127.85303,36.63481],[127.85507,36.63492],[127.85658,36.63447],[127.85944,36.63541],[127.86129,36.63556],[127.86197,36.6361],[127.86224,36.63711],[127.86307,36.63768],[127.86353,36.6407],[127.86541,36.64129],[127.86714,36.64344],[127.86711,36.64413],[127.87013,36.64552],[127.8697,36.64691],[127.87,36.64797],[127.86987,36.64882],[127.87233,36.65025],[127.87344,36.6522],[127.87394,36.65505],[127.87603,36.65631],[127.87966,36.65677],[127.87994,36.65676],[127.87998,36.65505],[127.88097,36.65294],[127.88191,36.64874],[127.88199,36.64642],[127.88281,36.64521],[127.88357,36.64463],[127.88384,36.64479],[127.88448,36.64412],[127.88428,36.64376],[127.88449,36.64266],[127.8849,36.64224],[127.88716,36.64122],[127.88821,36.64045],[127.88871,36.63965],[127.88866,36.63673],[127.88746,36.63529],[127.88724,36.63447],[127.88805,36.63322],[127.8879,36.6308],[127.8891,36.62885],[127.89007,36.62844],[127.89275,36.62817],[127.89542,36.62668],[127.89691,36.6263],[127.90028,36.62666],[127.90149,36.62755],[127.90224,36.62759],[127.90344,36.62735],[127.90577,36.62591],[127.90859,36.62593],[127.90921,36.62471],[127.90837,36.62355],[127.90863,36.62217],[127.91044,36.61912],[127.9118,36.61454],[127.91392,36.61222],[127.91816,36.6094],[127.9188,36.60868],[127.91849,36.60685],[127.91872,36.60343],[127.91996,36.60112],[127.92122,36.60164],[127.92395,36.60202],[127.92386,36.60254],[127.9262,36.60297],[127.92486,36.60406],[127.92509,36.6047],[127.92489,36.60784],[127.92424,36.60983],[127.92438,36.61099],[127.92397,36.61277],[127.92443,36.61345],[127.92409,36.61545],[127.9251,36.61644],[127.92857,36.61706],[127.93238,36.61874],[127.93288,36.62041],[127.93139,36.62459],[127.93249,36.62641],[127.93285,36.62874],[127.93596,36.633],[127.93522,36.63494],[127.93381,36.63608],[127.93431,36.64109],[127.93546,36.64287],[127.93573,36.64418],[127.939,36.64599],[127.93921,36.64706],[127.9387,36.64877],[127.93908,36.65275],[127.93407,36.65332],[127.93164,36.6554],[127.9316,36.65963],[127.93227,36.66141],[127.93221,36.66452],[127.92983,36.6666],[127.92957,36.66877],[127.92777,36.66895],[127.92319,36.66812],[127.92187,36.6686],[127.92028,36.66857],[127.91771,36.66785],[127.91586,36.67184],[127.91507,36.67239],[127.9145,36.67478],[127.91297,36.67767],[127.91003,36.67793],[127.90857,36.67948],[127.90376,36.68055],[127.90171,36.68053],[127.9008,36.68112],[127.90037,36.6822],[127.89895,36.68224],[127.89716,36.68129],[127.89517,36.68109],[127.89145,36.68243],[127.88957,36.68117],[127.88965,36.68057],[127.88762,36.67863],[127.88501,36.67944],[127.88431,36.67916],[127.88292,36.67943],[127.88194,36.68002],[127.88104,36.67896],[127.88001,36.67871],[127.87822,36.67959],[127.87726,36.67973],[127.87707,36.68078],[127.87429,36.68196],[127.87467,36.6826],[127.87574,36.68307],[127.87759,36.68235],[127.8784,36.68236],[127.87889,36.68293],[127.88019,36.6832],[127.88077,36.68371],[127.88198,36.68345],[127.88184,36.68593],[127.88144,36.68642],[127.88067,36.68663],[127.88091,36.68732],[127.88141,36.68769],[127.88263,36.68784],[127.88411,36.68757],[127.88583,36.68825],[127.88686,36.69065],[127.88858,36.69186],[127.89084,36.69231],[127.89418,36.69216],[127.89447,36.69331],[127.8938,36.69465],[127.89419,36.69491],[127.89541,36.69469],[127.89817,36.69312],[127.90131,36.69312],[127.90376,36.6936],[127.90739,36.69259],[127.90928,36.69327],[127.91272,36.69265],[127.91435,36.69301],[127.91515,36.69387],[127.91585,36.69399],[127.91731,36.69333],[127.9182,36.69237],[127.92261,36.69213],[127.92516,36.69123],[127.92646,36.69033],[127.92892,36.69084],[127.92977,36.69223],[127.93059,36.69257],[127.93159,36.69442],[127.93181,36.69557],[127.93166,36.69756],[127.93086,36.70136],[127.93357,36.70649],[127.93459,36.70571],[127.93809,36.70688],[127.93898,36.70656],[127.9429,36.70689],[127.94461,36.70604],[127.9457,36.70641],[127.94648,36.70621],[127.94953,36.70805],[127.9492,36.70847],[127.94918,36.70925],[127.94963,36.71264],[127.94886,36.71401],[127.94965,36.71599],[127.94915,36.71732],[127.94874,36.71755],[127.94933,36.71874],[127.94918,36.71988],[127.95145,36.72062],[127.95361,36.72268],[127.95485,36.72716],[127.95426,36.72822],[127.95534,36.72949],[127.95543,36.73083],[127.95499,36.73142],[127.9551,36.73185],[127.95665,36.73349],[127.95697,36.73559],[127.95846,36.73684],[127.96055,36.73719],[127.96316,36.73339],[127.96824,36.73129],[127.96927,36.73142],[127.97072,36.73091],[127.97184,36.72937],[127.97193,36.72862],[127.97315,36.7262],[127.97362,36.72614],[127.97506,36.72478],[127.97651,36.72425],[127.97619,36.72363],[127.97767,36.72219],[127.98025,36.72008],[127.98245,36.71955],[127.98365,36.71851],[127.98481,36.71864],[127.98685,36.71755],[127.99017,36.71722],[127.99099,36.71742],[127.99146,36.718],[127.99346,36.71753],[127.99514,36.71818],[127.99744,36.71832],[127.99934,36.7174],[128.00194,36.71726],[128.0037,36.71995],[128.00417,36.7212],[128.0061,36.72302],[128.00597,36.72404],[128.00695,36.72483],[128.00651,36.72545],[128.00868,36.72657],[128.00936,36.72837],[128.01127,36.72961],[128.01484,36.73019],[128.01581,36.72872],[128.01727,36.72761],[128.01955,36.72502],[128.01939,36.7237],[128.02093,36.72193],[128.02232,36.72157],[128.02578,36.71906],[128.02881,36.71946],[128.03086,36.71929],[128.03191,36.71878],[128.03309,36.71723],[128.03473,36.71613],[128.03676,36.71493],[128.03796,36.715],[128.03936,36.71396],[128.04341,36.71232],[128.0456,36.71072],[128.04646,36.7094],[128.04903,36.70801],[128.05217,36.70776],[128.05662,36.70884],[128.0587,36.70895],[128.06382,36.70803],[128.06729,36.70829],[128.07038,36.7077],[128.07108,36.70852],[128.07272,36.71189],[128.07149,36.71561],[128.07057,36.71645],[128.06994,36.71822],[128.06822,36.72029],[128.06779,36.72127],[128.06799,36.72223],[128.06396,36.72481],[128.0626,36.72612],[128.062,36.72603],[128.06064,36.72688],[128.05846,36.73016],[128.05725,36.73108],[128.0561,36.7303],[128.05556,36.73042],[128.05391,36.7319],[128.05278,36.7334],[128.05207,36.73516],[128.05072,36.73671],[128.04627,36.73915],[128.04235,36.74068],[128.03839,36.74365],[128.0363,36.74441],[128.03438,36.74556],[128.03363,36.74669],[128.03232,36.74758],[128.03262,36.74938],[128.03236,36.75055],[128.03273,36.75265],[128.03237,36.75517],[128.03422,36.75737],[128.03452,36.75811],[128.03579,36.75902],[128.03736,36.76104],[128.03893,36.76401],[128.04052,36.76603],[128.0412,36.76834],[128.04215,36.76842],[128.0448,36.77105],[128.04468,36.7746],[128.04587,36.77695],[128.04577,36.778],[128.04691,36.77861],[128.04563,36.7813],[128.04556,36.78244],[128.04831,36.78322],[128.04876,36.78362],[128.05006,36.7856],[128.0512,36.78884],[128.05324,36.79168],[128.05498,36.79266],[128.05573,36.79595],[128.05526,36.79684],[128.05613,36.79842],[128.05554,36.79944],[128.05493,36.80398],[128.05397,36.8052],[128.05408,36.80561],[128.05501,36.8061],[128.05795,36.80701],[128.05774,36.80831],[128.05683,36.80913],[128.0569,36.80956],[128.05781,36.80992],[128.05783,36.81024],[128.05737,36.81047],[128.05769,36.81175],[128.05823,36.81207],[128.05864,36.81315],[128.05926,36.81359],[128.05923,36.81638],[128.05964,36.81677],[128.06212,36.81723],[128.06345,36.81696],[128.0642,36.81744],[128.06569,36.81718],[128.06632,36.8168],[128.06736,36.81677],[128.07067,36.81455],[128.0718,36.81455],[128.07443,36.81282],[128.07561,36.81162],[128.07716,36.81098],[128.07798,36.81007],[128.07804,36.8095],[128.0791,36.80853],[128.08267,36.80683],[128.08434,36.80493],[128.08537,36.8042],[128.08506,36.80312],[128.08429,36.80286],[128.08386,36.80223],[128.08416,36.80118],[128.08383,36.7993],[128.08799,36.79723],[128.09007,36.79664],[128.0935,36.79678],[128.09344,36.8005],[128.09293,36.80163],[128.09296,36.80286],[128.09537,36.80398],[128.09625,36.80373],[128.09768,36.80484],[128.09943,36.80509],[128.10195,36.80629],[128.10585,36.80595],[128.10708,36.80731],[128.10818,36.81044],[128.10827,36.81351],[128.10981,36.81577],[128.10925,36.8162],[128.10988,36.82147],[128.11055,36.82159],[128.11291,36.82101],[128.11845,36.82149],[128.11902,36.82304],[128.12266,36.82327],[128.12634,36.825],[128.12893,36.8248],[128.12988,36.82515],[128.13082,36.82615],[128.13305,36.82738],[128.13398,36.82844],[128.13398,36.83077],[128.13357,36.8328],[128.13869,36.83278],[128.14106,36.83348],[128.14178,36.83334],[128.14262,36.83239],[128.14335,36.83085],[128.14422,36.83017],[128.14745,36.82936],[128.149,36.82863],[128.14984,36.82758],[128.15068,36.82426],[128.15143,36.82324],[128.15313,36.82244],[128.15534,36.822],[128.15834,36.82232],[128.16,36.82202],[128.16263,36.82099],[128.16535,36.82111],[128.16815,36.82185],[128.17132,36.8221],[128.17522,36.82085],[128.1848,36.81663],[128.18827,36.81628],[128.19079,36.81642],[128.19368,36.81712],[128.20367,36.81335],[128.20717,36.81242],[128.21186,36.81171],[128.21422,36.8117],[128.21537,36.812],[128.21621,36.81246],[128.21672,36.81325],[128.21634,36.81444],[128.21733,36.81828],[128.21732,36.81937],[128.21639,36.82073],[128.21639,36.82251],[128.21589,36.82433],[128.21584,36.82787],[128.21545,36.82925],[128.21434,36.83081],[128.21472,36.83235],[128.21422,36.83361],[128.21451,36.83485],[128.2136,36.838],[128.21301,36.83913],[128.21112,36.84117],[128.21072,36.84243],[128.21076,36.84549],[128.21125,36.8469],[128.21275,36.84918],[128.21254,36.84973],[128.21666,36.84929],[128.22039,36.84832],[128.22211,36.84726],[128.22378,36.84671],[128.23013,36.84537],[128.23702,36.84535],[128.23684,36.8476],[128.23794,36.8487],[128.23871,36.85018],[128.23623,36.85184],[128.2344,36.85468],[128.23423,36.85599],[128.23465,36.85629],[128.23454,36.85764],[128.23524,36.85825],[128.23546,36.8589],[128.23523,36.85938],[128.23535,36.86095],[128.23466,36.86283],[128.23604,36.86332],[128.2372,36.86438],[128.2395,36.8651],[128.23967,36.86775],[128.24102,36.87021],[128.24037,36.87131],[128.24088,36.87211],[128.24184,36.87233],[128.24685,36.86933],[128.24928,36.86874],[128.25162,36.8675],[128.25196,36.86702],[128.2553,36.86628],[128.25638,36.86664],[128.25712,36.86588],[128.25942,36.86509],[128.26121,36.86499],[128.26314,36.86412],[128.26503,36.86414],[128.26574,36.86321],[128.26727,36.86262],[128.26857,36.86033],[128.2702,36.8601],[128.27097,36.8593],[128.27494,36.85806],[128.27618,36.85714],[128.27902,36.85673],[128.2802,36.85699],[128.28243,36.8564],[128.28565,36.84978],[128.28551,36.84731],[128.28656,36.84503],[128.28945,36.84356],[128.29016,36.84275],[128.29068,36.84123],[128.29294,36.83947],[128.29562,36.83534],[128.29786,36.83474],[128.29883,36.83352],[128.30164,36.83266],[128.30431,36.83051],[128.30463,36.82958],[128.30584,36.82892],[128.308,36.82863],[128.30893,36.829],[128.31071,36.82847],[128.31031,36.82701],[128.31092,36.826],[128.31152,36.82585],[128.3116,36.82504],[128.31302,36.82506],[128.31377,36.82355],[128.31504,36.82333],[128.31575,36.82276],[128.31631,36.82126],[128.31536,36.81975],[128.31592,36.81912],[128.31579,36.81742],[128.31645,36.81666],[128.31826,36.81693],[128.32085,36.81564],[128.32418,36.81596],[128.32725,36.8168],[128.32965,36.81617],[128.33279,36.81698],[128.33446,36.81696],[128.33726,36.81562],[128.341,36.81457],[128.34824,36.81302],[128.35123,36.81294],[128.35318,36.81245],[128.35418,36.81121],[128.35676,36.81062],[128.35684,36.80929],[128.35729,36.80864],[128.35687,36.80677],[128.35708,36.80632],[128.35807,36.80564],[128.35872,36.80564],[128.35978,36.80447],[128.36251,36.803],[128.3635,36.80281],[128.36408,36.80222],[128.36477,36.80275],[128.36633,36.80311],[128.3684,36.80208],[128.37275,36.80541],[128.37331,36.80767],[128.37455,36.80827],[128.37539,36.8092],[128.37638,36.8095],[128.37771,36.81097],[128.37865,36.8111],[128.38126,36.81388],[128.3848,36.81381],[128.38763,36.81436],[128.3921,36.8144],[128.39436,36.81487],[128.39963,36.81287],[128.40199,36.81268],[128.40341,36.81214],[128.40607,36.81192],[128.40819,36.81227],[128.41297,36.81127],[128.41553,36.81229],[128.42048,36.81151],[128.42114,36.81181],[128.42525,36.81478],[128.42593,36.8159],[128.42604,36.81837],[128.42748,36.81926],[128.42801,36.82087],[128.42996,36.82246],[128.43116,36.82295],[128.43205,36.82407],[128.4326,36.82582],[128.43361,36.82762],[128.43319,36.82891],[128.43432,36.8329],[128.43411,36.83414],[128.43935,36.83632],[128.4415,36.8376],[128.44246,36.83911],[128.44245,36.84029],[128.44703,36.84365],[128.44716,36.84616],[128.44903,36.84784],[128.44873,36.84971],[128.44802,36.85095],[128.44824,36.85142],[128.44698,36.85265],[128.44666,36.85337],[128.44794,36.85552],[128.44793,36.85633],[128.44729,36.85681],[128.44788,36.85864],[128.4478,36.86147],[128.44913,36.86287],[128.448,36.86439],[128.44334,36.86845],[128.44248,36.86822],[128.43955,36.87113],[128.43843,36.87327],[128.43644,36.87365],[128.43171,36.87554],[128.42924,36.87554],[128.42822,36.87506],[128.42638,36.87553],[128.4249,36.87647],[128.42397,36.87653],[128.42478,36.87939],[128.42705,36.88126],[128.42756,36.88222],[128.42743,36.88266],[128.4278,36.88332],[128.42748,36.88371],[128.42816,36.88477],[128.42784,36.88508],[128.42793,36.88577],[128.42679,36.88924],[128.42814,36.8911],[128.42897,36.89145],[128.42904,36.89206],[128.43188,36.89287],[128.4336,36.89544],[128.43616,36.89708],[128.43651,36.89833],[128.43805,36.89962],[128.43857,36.90063],[128.43919,36.90057],[128.44028,36.90125],[128.44016,36.90287],[128.44102,36.90421],[128.44114,36.90544],[128.44306,36.9102],[128.4431,36.9124],[128.44475,36.91369],[128.44438,36.91511],[128.44517,36.91741],[128.44283,36.91985],[128.44314,36.92285],[128.44226,36.92493],[128.44222,36.92615],[128.44159,36.92735],[128.44546,36.92813],[128.44607,36.92876],[128.45044,36.93079],[128.45198,36.93053],[128.45267,36.93072],[128.45598,36.93405],[128.4582,36.9343],[128.4604,36.93401],[128.46019,36.93772],[128.46087,36.93924],[128.46144,36.93956],[128.46204,36.94144],[128.46342,36.94376],[128.46278,36.94738],[128.46707,36.95073],[128.46717,36.95145],[128.47642,36.95726],[128.48144,36.9579],[128.4849,36.95747],[128.48598,36.96096],[128.48583,36.96168],[128.48642,36.96218],[128.48956,36.96373],[128.49087,36.96369],[128.49385,36.96442],[128.49628,36.96572],[128.49921,36.96675],[128.50007,36.96752],[128.50226,36.96789],[128.50673,36.97008],[128.50642,36.97319],[128.50975,36.97462],[128.51461,36.97758],[128.51387,36.9804],[128.51462,36.98252],[128.51562,36.98358],[128.51547,36.98682],[128.51693,36.98691],[128.51771,36.9874],[128.52274,36.98864],[128.52323,36.98914],[128.52423,36.98921],[128.52603,36.99007],[128.5272,36.99007],[128.52968,36.99081],[128.53053,36.99041],[128.53553,36.99022],[128.53791,36.99139],[128.5387,36.9909],[128.54195,36.99219],[128.54303,36.99209],[128.54421,36.99257],[128.5457,36.99434],[128.5473,36.99381],[128.54785,36.99454],[128.55473,36.99829],[128.55471,36.9989],[128.55561,37.00008],[128.55575,37.00283],[128.55508,37.00357],[128.5556,37.00414],[128.55594,37.0057],[128.55756,37.00578],[128.5615,37.00772],[128.56292,37.00789],[128.56346,37.01013],[128.56741,37.01151],[128.56817,37.01242],[128.56914,37.01277],[128.57034,37.014],[128.57127,37.01593],[128.57165,37.01761],[128.57141,37.01813],[128.57194,37.01855],[128.57207,37.01948],[128.57291,37.0208],[128.57261,37.02197],[128.57142,37.02287],[128.56913,37.02373],[128.56882,37.02457],[128.56693,37.026],[128.56662,37.02794],[128.56687,37.02937],[128.56618,37.03034],[128.56541,37.03072],[128.56564,37.03153],[128.56786,37.03387],[128.56929,37.03488],[128.56995,37.03479],[128.57158,37.03565],[128.57297,37.03594],[128.57433,37.03543],[128.57574,37.03571],[128.57773,37.03557],[128.57773,37.03655],[128.57886,37.03837],[128.58056,37.0392],[128.58213,37.04264],[128.58353,37.04373],[128.58603,37.04295],[128.58666,37.04357],[128.58746,37.04313],[128.59074,37.0431],[128.59248,37.04189],[128.59412,37.04205],[128.59683,37.04177],[128.59796,37.04224],[128.59806,37.04311],[128.60164,37.0441],[128.60424,37.04381],[128.60516,37.04333],[128.60679,37.0434],[128.60713,37.04436],[128.6067,37.04495],[128.60666,37.04617],[128.60792,37.04741],[128.6071,37.04975],[128.60817,37.05168],[128.60844,37.05281],[128.60976,37.05203],[128.61774,37.05066],[128.62171,37.04908],[128.62208,37.04791],[128.62174,37.04668],[128.62283,37.04534],[128.62467,37.04547],[128.62608,37.04381],[128.62827,37.04214],[128.63292,37.0405],[128.63281,37.04171],[128.63331,37.04208],[128.63409,37.04567],[128.63453,37.04655],[128.63583,37.04771],[128.63659,37.04922],[128.63648,37.04984],[128.63775,37.05103],[128.63786,37.05155],[128.63717,37.0518],[128.63674,37.05243],[128.63758,37.05304],[128.63904,37.0525],[128.63935,37.054],[128.64174,37.05528],[128.64267,37.05685],[128.64437,37.05872],[128.64469,37.05965],[128.64613,37.06109],[128.64955,37.06277],[128.65043,37.06254],[128.65158,37.06322],[128.65187,37.06349],[128.65155,37.06435],[128.65225,37.06558],[128.65308,37.06571],[128.65216,37.06543],[128.6506,37.06583],[128.64822,37.06768],[128.64696,37.06809],[128.64593,37.0691],[128.64467,37.06905],[128.64267,37.07076],[128.64046,37.07104],[128.6391,37.07066],[128.6374,37.07226],[128.63631,37.07196],[128.63436,37.0707],[128.63352,37.07232],[128.62821,37.07516],[128.62822,37.07652],[128.6273,37.07747],[128.62765,37.07839],[128.62775,37.08049],[128.62828,37.08133],[128.62456,37.08443],[128.62395,37.0858],[128.62264,37.0874],[128.62065,37.08583],[128.61766,37.08514],[128.61754,37.08423],[128.61503,37.08188],[128.61402,37.08124],[128.61202,37.08068],[128.6113,37.07982],[128.6105,37.08008],[128.60992,37.07991],[128.60797,37.07751],[128.6064,37.07667],[128.60594,37.0768],[128.60568,37.07741],[128.60493,37.07797],[128.60513,37.07918],[128.60488,37.07936],[128.60298,37.07838],[128.60164,37.07845],[128.60101,37.07887],[128.60069,37.07955],[128.60086,37.08082],[128.60201,37.0822],[128.60162,37.08306],[128.59913,37.08307],[128.59959,37.08258],[128.59922,37.08209],[128.59827,37.08247],[128.5969,37.08242],[128.59504,37.08154],[128.59398,37.08086],[128.59403,37.0797],[128.59356,37.07884],[128.5931,37.07839],[128.59185,37.07816],[128.59083,37.07837],[128.59016,37.07915],[128.58868,37.07998],[128.58709,37.07997],[128.5832,37.08075],[128.58173,37.08167],[128.57441,37.08132],[128.57419,37.08212],[128.57334,37.08296],[128.57223,37.08383],[128.57037,37.08447],[128.57091,37.08622],[128.56918,37.08671],[128.56741,37.08824],[128.56483,37.08866],[128.56331,37.08965],[128.5617,37.09024],[128.55864,37.08867],[128.55668,37.08723],[128.55385,37.08659],[128.55046,37.08655],[128.54975,37.08619],[128.5471,37.08728],[128.54532,37.0877],[128.54447,37.08759],[128.54156,37.08903],[128.53813,37.08963],[128.53775,37.09],[128.53683,37.09014],[128.53557,37.09187],[128.53517,37.09302],[128.5354,37.09383],[128.53416,37.09708],[128.53414,37.09811],[128.53117,37.10001],[128.52771,37.10153],[128.52494,37.10146],[128.52184,37.10309],[128.52073,37.10224],[128.51933,37.10228],[128.51843,37.10189],[128.51552,37.10325],[128.51447,37.10135],[128.51365,37.10603],[128.5122,37.10943],[128.51119,37.11087],[128.51076,37.11395],[128.51013,37.11396],[128.50667,37.11544],[128.50607,37.11629],[128.50342,37.11849],[128.50298,37.11967],[128.49833,37.12374],[128.49655,37.12579],[128.49561,37.12562],[128.49385,37.1246],[128.49262,37.12461],[128.491,37.12382],[128.48953,37.12172],[128.48945,37.12101],[128.48685,37.12007],[128.48556,37.11777],[128.48452,37.11741],[128.48404,37.11648],[128.48239,37.11496],[128.48176,37.11418],[128.48187,37.1127],[128.48087,37.11169],[128.47928,37.11133],[128.47781,37.11015],[128.47322,37.11016],[128.4723,37.10984],[128.46817,37.11021],[128.46618,37.10992],[128.46632,37.10972],[128.46235,37.11046],[128.46167,37.11016],[128.4612,37.11047],[128.45805,37.11028],[128.45673,37.11068],[128.45531,37.11185],[128.45252,37.11172],[128.45084,37.11236],[128.45029,37.11222],[128.44836,37.11014],[128.44666,37.10902],[128.44645,37.10829],[128.44532,37.10747],[128.4448,37.10627],[128.44269,37.10924],[128.43982,37.10996],[128.43614,37.11199],[128.43514,37.11148],[128.43555,37.10951],[128.43058,37.10675],[128.43007,37.10531],[128.43012,37.10367],[128.4247,37.10246],[128.42306,37.10325],[128.423,37.10412],[128.42259,37.10473],[128.42262,37.10689],[128.42216,37.10779],[128.42257,37.10939],[128.42216,37.11016],[128.42356,37.11224],[128.42105,37.1137],[128.42075,37.11494],[128.41989,37.1163],[128.41974,37.11722],[128.42002,37.118],[128.41847,37.11981],[128.41615,37.12082],[128.41514,37.12025],[128.41311,37.12101],[128.41195,37.12198],[128.41104,37.12213],[128.40729,37.12638],[128.40575,37.12699],[128.396,37.12859],[128.39683,37.12937],[128.39703,37.13007],[128.3979,37.13062],[128.39809,37.13165],[128.40079,37.13333],[128.40088,37.13409],[128.40179,37.13481],[128.40132,37.13543],[128.40187,37.13678],[128.40147,37.1376],[128.40182,37.13852],[128.40338,37.13914],[128.40366,37.13962],[128.40241,37.14155],[128.40204,37.14329],[128.40104,37.14553],[128.40087,37.14688],[128.39934,37.14774],[128.39848,37.14773],[128.39637,37.14857],[128.39608,37.14935],[128.39563,37.14944],[128.39533,37.14999],[128.39537,37.15054],[128.39419,37.15147],[128.39353,37.15139],[128.39318,37.15173],[128.39321,37.15253],[128.39253,37.15339],[128.3928,37.1548],[128.39107,37.15512],[128.38876,37.15462],[128.38834,37.15525],[128.38613,37.15648],[128.38608,37.15688],[128.38435,37.15812],[128.3837,37.15821],[128.38332,37.1566],[128.38222,37.15594],[128.38185,37.15522],[128.38147,37.15599],[128.38125,37.15547],[128.38051,37.15499],[128.37875,37.15469],[128.37877,37.15384],[128.37809,37.15308],[128.37816,37.15174],[128.37708,37.15167],[128.37672,37.1517],[128.37583,37.15331],[128.37413,37.15349],[128.36931,37.15512],[128.36839,37.15444],[128.36789,37.15443],[128.36535,37.15764],[128.36442,37.15763],[128.36446,37.15624],[128.36258,37.15394],[128.36217,37.1527],[128.35972,37.15022],[128.35828,37.15228],[128.35559,37.1536],[128.35398,37.15567],[128.35151,37.15741],[128.3508,37.15757],[128.35051,37.15703],[128.34875,37.15699],[128.34822,37.15651],[128.34763,37.1565],[128.34704,37.15718],[128.34538,37.1561],[128.34343,37.15631],[128.34259,37.15594],[128.34201,37.15621],[128.34139,37.15739],[128.34049,37.15809],[128.33896,37.15775],[128.33848,37.15814],[128.33709,37.15785],[128.3355,37.15725],[128.33475,37.15652],[128.33446,37.15598],[128.33491,37.15512],[128.33347,37.15248],[128.33305,37.15256],[128.33067,37.15034],[128.32922,37.15201],[128.32784,37.15301],[128.32747,37.15294],[128.32704,37.15109],[128.32613,37.14995],[128.32599,37.14911],[128.32473,37.14807],[128.32305,37.14851],[128.32202,37.14922],[128.31978,37.14726],[128.31853,37.14784],[128.31672,37.14756],[128.31211,37.145],[128.31111,37.14578],[128.30951,37.14493],[128.30922,37.14396],[128.30932,37.1428],[128.3074,37.14064],[128.30588,37.13953],[128.30636,37.13753],[128.30099,37.13595],[128.30073,37.13527],[128.29834,37.13419],[128.29623,37.13411],[128.29571,37.13603],[128.2939,37.13767],[128.29267,37.1393],[128.29062,37.13985],[128.28889,37.14123],[128.28653,37.14188],[128.28558,37.14245],[128.28497,37.14237],[128.28469,37.14315],[128.28185,37.14307],[128.27993,37.14246],[128.27759,37.14416],[128.27672,37.14614],[128.27526,37.14647],[128.27329,37.14763],[128.27226,37.14895],[128.27227,37.15116],[128.27059,37.15423],[128.26724,37.15603],[128.2662,37.15603],[128.26592,37.15787],[128.26444,37.16042],[128.26632,37.16127],[128.27038,37.16177],[128.27005,37.16488],[128.27072,37.16636],[128.2732,37.16835],[128.27367,37.16964],[128.27499,37.17021],[128.27592,37.17106],[128.27645,37.17228],[128.2763,37.17268],[128.27841,37.17213],[128.28111,37.1734],[128.28218,37.17243],[128.28243,37.17179],[128.28781,37.1713],[128.28968,37.17015],[128.29215,37.17046],[128.29587,37.17155],[128.29807,37.17166],[128.29729,37.17403],[128.2973,37.17615],[128.29606,37.17846],[128.29562,37.18329],[128.29765,37.18366],[128.29992,37.18358],[128.30264,37.18662],[128.30599,37.18707],[128.30639,37.18626],[128.30766,37.186],[128.30841,37.18654],[128.30866,37.18747],[128.31049,37.18734],[128.3111,37.18984],[128.3142,37.19],[128.31299,37.19114],[128.31371,37.19333],[128.31285,37.19505],[128.3132,37.19576],[128.31308,37.19648],[128.31339,37.19678],[128.31404,37.19669],[128.31506,37.19712],[128.31508,37.19676],[128.3188,37.19644],[128.31951,37.196],[128.32176,37.19555],[128.32185,37.19666],[128.3215,37.19758],[128.32243,37.19835],[128.3247,37.19748],[128.32492,37.197],[128.32574,37.19693],[128.32729,37.19827],[128.3275,37.1996],[128.32964,37.20226],[128.32969,37.2032],[128.32924,37.20427],[128.3287,37.20461],[128.32865,37.20519],[128.32879,37.20618],[128.32988,37.2078],[128.33002,37.21035],[128.33101,37.21256],[128.33292,37.21453],[128.3334,37.21579],[128.32999,37.21624],[128.32897,37.21682],[128.32707,37.21681],[128.32476,37.21821],[128.32383,37.21923],[128.32101,37.21936],[128.32006,37.21986],[128.31868,37.22165],[128.31632,37.22245],[128.31659,37.22339],[128.31404,37.22269],[128.3137,37.222],[128.3126,37.22146],[128.31015,37.21926],[128.30914,37.21746],[128.30795,37.21711],[128.30485,37.21724],[128.30367,37.21683],[128.30138,37.2169],[128.30125,37.21658],[128.29998,37.21624],[128.29704,37.21634],[128.29498,37.216],[128.29469,37.21563],[128.29365,37.21595],[128.29128,37.2146],[128.28985,37.21505],[128.28818,37.21507],[128.28465,37.21167],[128.28395,37.21018],[128.28253,37.21027],[128.28044,37.20943],[128.27854,37.2101],[128.27479,37.20965],[128.27286,37.20986],[128.27102,37.20878],[128.2684,37.20792],[128.26704,37.20909],[128.26651,37.2106],[128.26169,37.21412],[128.25979,37.21641],[128.25884,37.21823],[128.25798,37.22124],[128.25719,37.22197],[128.25687,37.22283],[128.25395,37.22507],[128.25393,37.22595],[128.25263,37.22714],[128.25265,37.22798],[128.25194,37.22822],[128.25093,37.22958],[128.25022,37.22974],[128.24812,37.22895],[128.2443,37.22654],[128.24372,37.22701],[128.24234,37.22732],[128.24179,37.22716],[128.24132,37.22759],[128.24092,37.22744],[128.2404,37.22844],[128.23912,37.22906],[128.23758,37.22888],[128.23742,37.22932],[128.23565,37.22864],[128.23446,37.22734],[128.23368,37.22754],[128.23302,37.22702],[128.22924,37.22757],[128.2285,37.22803],[128.22829,37.22905],[128.22862,37.23018],[128.22718,37.23122],[128.22681,37.23235],[128.22623,37.23284],[128.22435,37.23294],[128.22402,37.23389],[128.22363,37.23391],[128.22284,37.23533],[128.22283,37.23632],[128.22197,37.23729],[128.22185,37.23811],[128.22031,37.2403],[128.21768,37.24082],[128.21581,37.24177],[128.21478,37.24184],[128.21461,37.24237],[128.21502,37.24361],[128.21465,37.24607],[128.21202,37.24536],[128.21024,37.24579],[128.20814,37.24796],[128.2078,37.24882],[128.20118,37.24897],[128.2002,37.24724],[128.19658,37.24574],[128.19466,37.24574],[128.19317,37.24524],[128.18923,37.24203],[128.18616,37.24011],[128.18419,37.23828],[128.17824,37.23554],[128.1771,37.23392],[128.17599,37.23372],[128.17556,37.23318],[128.1741,37.23261],[128.17362,37.23101],[128.17491,37.22924],[128.17604,37.22835],[128.17488,37.22685],[128.17399,37.22637],[128.17357,37.22558],[128.17253,37.22494],[128.17307,37.21906],[128.17213,37.21803],[128.16967,37.21781],[128.16828,37.21596],[128.16702,37.21522],[128.16706,37.2148],[128.16448,37.21346],[128.16404,37.21331],[128.16296,37.21385],[128.16166,37.21486],[128.16146,37.2154],[128.15802,37.21631],[128.15467,37.21567],[128.15416,37.21586],[128.15254,37.21745],[128.15086,37.22074],[128.14881,37.22068],[128.14689,37.22232],[128.14561,37.22184],[128.14232,37.22434],[128.14204,37.2286],[128.14055,37.22955],[128.13844,37.22997],[128.1329,37.2298],[128.13231,37.23018],[128.13226,37.23093],[128.13045,37.23229],[128.12957,37.23375],[128.12799,37.23361],[128.12761,37.23423],[128.12532,37.23454],[128.12459,37.23382],[128.12463,37.23326],[128.124,37.23259],[128.1233,37.23096],[128.12151,37.22933],[128.12167,37.22895],[128.12127,37.22768],[128.1208,37.2273],[128.12182,37.22641],[128.12236,37.2252],[128.11844,37.22284],[128.11551,37.22027],[128.11478,37.21842],[128.11521,37.21664],[128.11426,37.21526],[128.11417,37.21305],[128.11326,37.21238],[128.11222,37.21078],[128.11122,37.21031],[128.11182,37.20893],[128.11164,37.20781],[128.11036,37.20691],[128.10935,37.20661],[128.1087,37.20567],[128.10701,37.20509],[128.10317,37.20286],[128.1,37.2017],[128.09926,37.20187],[128.09646,37.2005],[128.0954,37.20044],[128.09506,37.19992],[128.09257,37.19928],[128.08827,37.19941],[128.08565,37.19703],[128.07946,37.19474],[128.07754,37.1937],[128.07649,37.19388],[128.07392,37.19311],[128.07201,37.19449],[128.07003,37.19449],[128.06577,37.19389],[128.06356,37.19282],[128.06288,37.19282],[128.06047,37.19409],[128.0572,37.19304],[128.05547,37.19224],[128.05473,37.19153],[128.05182,37.19091],[128.04981,37.18958],[128.04703,37.18964],[128.04377,37.19089],[128.04107,37.18899],[128.03865,37.18912],[128.03587,37.18979],[128.03391,37.19141],[128.03222,37.19388],[128.03224,37.19804],[128.03162,37.19934],[128.02952,37.20087],[128.0283,37.20232],[128.02835,37.20304],[128.02954,37.20367],[128.03053,37.20703],[128.03114,37.20781],[128.03223,37.20815],[128.03277,37.20872],[128.03308,37.21081],[128.03688,37.21276],[128.0371,37.21339],[128.03888,37.21471],[128.03875,37.21604],[128.03608,37.21861],[128.03344,37.21952],[128.03284,37.22012],[128.03205,37.22135],[128.03213,37.2238],[128.02879,37.22451],[128.02771,37.22513],[128.02671,37.22509],[128.02583,37.22597],[128.02301,37.22563],[128.0211,37.2303],[128.02093,37.23285],[128.01992,37.23657],[128.01995,37.24138],[128.01922,37.24438],[128.01826,37.24571],[128.01659,37.2469],[128.01575,37.24669],[128.01391,37.24704],[128.01259,37.24769],[128.01084,37.25003],[128.009,37.25065],[128.00797,37.25212],[128.00643,37.25252],[128.00566,37.25231],[128.00127,37.25361],[128.0004,37.25344],[127.99979,37.25388],[127.99973,37.25446],[127.999,37.25486],[127.99537,37.25431],[127.99423,37.25357],[127.99277,37.25483],[127.99031,37.25551],[127.98837,37.2571],[127.98694,37.25784],[127.98546,37.25814],[127.98471,37.25769],[127.98316,37.25744],[127.98261,37.25685],[127.98158,37.25685]],[[127.94437,37.01989],[127.94521,37.01997],[127.95019,37.02076],[127.95266,37.02163],[127.95749,37.02411],[127.95981,37.02423],[127.96316,37.02302],[127.96762,37.01836],[127.97425,37.01487],[127.9766,37.01273],[127.97789,37.01213],[127.98393,37.01122],[127.98761,37.00958],[127.99043,37.00753],[127.99481,37.00238],[127.99733,37.00026],[128.00094,36.99427],[128.00153,36.99296],[128.001,36.99063],[128.00134,36.98841],[128.00234,36.9858],[128.0022,36.98513],[128.00384,36.98231],[128.00707,36.97856],[128.00926,36.97248],[128.01472,36.97045],[128.01903,36.97063],[128.02271,36.97007],[128.02485,36.96912],[128.02705,36.96761],[128.02688,36.9672],[128.02829,36.96542],[128.02431,36.96449],[128.02257,36.96302],[128.0219,36.96298],[128.02149,36.96223],[128.02017,36.96222],[128.0199,36.96158],[128.01884,36.96136],[128.01906,36.96074],[128.01865,36.95957],[128.0175,36.95968],[128.01583,36.95892],[128.01525,36.95895],[128.01462,36.9584],[128.01388,36.95861],[128.01277,36.95817],[128.01069,36.95535],[128.00982,36.9551],[128.0067,36.95311],[128.00539,36.95109],[128.00384,36.95037],[128.00164,36.95163],[127.9996,36.95394],[127.99816,36.9544],[127.99708,36.95593],[127.99439,36.95582],[127.99054,36.95414],[127.9893,36.9527],[127.98764,36.95217],[127.98695,36.95281],[127.98297,36.95319],[127.98136,36.95413],[127.97793,36.95351],[127.97757,36.95269],[127.97777,36.95107],[127.97899,36.9479],[127.9805,36.94657],[127.98203,36.946],[127.98598,36.94161],[127.98311,36.94074],[127.98192,36.93985],[127.98075,36.93815],[127.98071,36.93585],[127.98112,36.93488],[127.9825,36.93316],[127.98292,36.93093],[127.98274,36.93034],[127.98079,36.93029],[127.9785,36.92908],[127.97544,36.92882],[127.97387,36.92815],[127.97342,36.92902],[127.97169,36.93039],[127.97079,36.93072],[127.96911,36.9305],[127.96869,36.93174],[127.96802,36.93206],[127.96727,36.9334],[127.96697,36.93463],[127.96547,36.93548],[127.96169,36.93495],[127.95953,36.93515],[127.95724,36.93472],[127.95514,36.93516],[127.95355,36.93507],[127.9518,36.93356],[127.95098,36.93338],[127.94964,36.93362],[127.94846,36.93325],[127.94556,36.93412],[127.94595,36.93512],[127.94565,36.93571],[127.94588,36.93634],[127.94519,36.93702],[127.94397,36.93692],[127.94278,36.93773],[127.94173,36.93794],[127.93952,36.93753],[127.93731,36.93772],[127.93565,36.93728],[127.93538,36.93669],[127.93287,36.93558],[127.93189,36.93453],[127.93152,36.93273],[127.93134,36.93226],[127.93104,36.9323],[127.93134,36.93189],[127.93052,36.93151],[127.93017,36.93],[127.92916,36.92872],[127.92036,36.92257],[127.9188,36.92042],[127.91782,36.91801],[127.91592,36.91598],[127.91431,36.915],[127.91261,36.91549],[127.9112,36.9155],[127.90875,36.91495],[127.9071,36.91518],[127.90617,36.91577],[127.90494,36.91757],[127.90453,36.9177],[127.90267,36.91777],[127.90115,36.91729],[127.90082,36.91777],[127.90004,36.91794],[127.89856,36.91765],[127.89838,36.91866],[127.89687,36.91865],[127.8968,36.9191],[127.8958,36.92016],[127.89571,36.92104],[127.89471,36.92198],[127.88779,36.9231],[127.88415,36.9251],[127.88112,36.92557],[127.8803,36.92622],[127.87767,36.92585],[127.87519,36.92795],[127.87453,36.92937],[127.87273,36.93073],[127.87225,36.93266],[127.87256,36.93339],[127.87146,36.93458],[127.87235,36.93545],[127.87416,36.93546],[127.8746,36.9362],[127.87567,36.93667],[127.87602,36.93719],[127.87597,36.93825],[127.8795,36.94152],[127.87945,36.94251],[127.87823,36.94354],[127.87498,36.94435],[127.87468,36.94465],[127.87518,36.94525],[127.87507,36.94763],[127.87545,36.94847],[127.8765,36.94951],[127.87791,36.95021],[127.87877,36.95254],[127.87464,36.95497],[127.8762,36.95669],[127.87674,36.95644],[127.87977,36.95711],[127.8805,36.95884],[127.87997,36.95917],[127.87991,36.95986],[127.88025,36.96016],[127.88089,36.95993],[127.88176,36.96033],[127.88035,36.96065],[127.87955,36.9616],[127.87492,36.96322],[127.87321,36.96332],[127.8731,36.96374],[127.87391,36.96354],[127.87601,36.96429],[127.87716,36.96517],[127.8775,36.96612],[127.87839,36.96687],[127.87864,36.9681],[127.87841,36.9693],[127.87904,36.97132],[127.87865,36.97304],[127.87944,36.97426],[127.88049,36.97451],[127.88322,36.97416],[127.88721,36.97433],[127.88977,36.976],[127.89027,36.97698],[127.89059,36.97949],[127.8903,36.98154],[127.88967,36.9831],[127.89035,36.98774],[127.8907,36.98772],[127.89093,36.98827],[127.89072,36.98946],[127.8941,36.98961],[127.89682,36.98913],[127.89942,36.99001],[127.90352,36.98974],[127.90351,36.99234],[127.9051,36.99567],[127.91077,37.00019],[127.91132,37.00096],[127.91247,37.01002],[127.9115,37.01176],[127.91203,37.0139],[127.91298,37.01536],[127.92048,37.01951],[127.92224,37.01997],[127.93969,37.01953],[127.94437,37.01989]],[[127.58473,36.91717],[127.58511,36.91683],[127.58635,36.91597],[127.58609,36.91483],[127.58671,36.91361],[127.58626,36.91273],[127.58753,36.91066],[127.58875,36.91085],[127.58986,36.90963],[127.59187,36.90897],[127.5922,36.90813],[127.5914,36.90665],[127.59171,36.90618],[127.5916,36.90548],[127.59313,36.90329],[127.59223,36.90246],[127.59198,36.90161],[127.5931,36.8997],[127.59119,36.89782],[127.59107,36.89629],[127.59003,36.89536],[127.59028,36.89427],[127.59097,36.89366],[127.59095,36.89306],[127.58924,36.89087],[127.58893,36.88959],[127.58912,36.88852],[127.58863,36.88653],[127.58788,36.8862],[127.58724,36.88529],[127.58619,36.88523],[127.58574,36.88481],[127.58545,36.88308],[127.58575,36.88253],[127.58503,36.8812],[127.58434,36.88077],[127.58358,36.87849],[127.58319,36.87801],[127.58134,36.87712],[127.57776,36.87978],[127.57708,36.87938],[127.57591,36.87999],[127.57494,36.8788],[127.57344,36.87767],[127.57229,36.8774],[127.57195,36.87857],[127.57149,36.87842],[127.57196,36.87886],[127.57187,36.88092],[127.56917,36.88516],[127.56825,36.88582],[127.56696,36.88604],[127.56716,36.88521],[127.56676,36.88477],[127.56639,36.88323],[127.56667,36.8827],[127.56437,36.88235],[127.56317,36.8825],[127.56266,36.88223],[127.56142,36.88281],[127.56058,36.88491],[127.56078,36.88567],[127.55976,36.88659],[127.55827,36.88633],[127.55751,36.88572],[127.55653,36.88634],[127.55565,36.88616],[127.55519,36.88842],[127.55484,36.88868],[127.55563,36.89046],[127.55521,36.89132],[127.55265,36.89248],[127.55258,36.89303],[127.55185,36.89392],[127.55083,36.89218],[127.5506,36.89077],[127.55,36.88989],[127.54931,36.88953],[127.54846,36.8902],[127.54835,36.89082],[127.54523,36.89166],[127.54434,36.89132],[127.5446,36.89017],[127.54241,36.88958],[127.54152,36.88771],[127.54041,36.88707],[127.5398,36.8862],[127.53959,36.8852],[127.53982,36.88461],[127.5387,36.88323],[127.53797,36.88298],[127.53728,36.88329],[127.53632,36.88033],[127.5365,36.87937],[127.53684,36.8792],[127.53529,36.87754],[127.53442,36.87708],[127.53384,36.87598],[127.53542,36.87217],[127.5353,36.87134],[127.53414,36.87117],[127.53374,36.8698],[127.53208,36.8687],[127.53175,36.86786],[127.53202,36.86697],[127.53117,36.86658],[127.52919,36.86667],[127.52881,36.86636],[127.52844,36.86742],[127.52643,36.87046],[127.5259,36.87098],[127.525,36.87108],[127.52384,36.87178],[127.52207,36.87161],[127.52195,36.87192],[127.51992,36.87263],[127.51914,36.87145],[127.51769,36.87145],[127.5164,36.87231],[127.51217,36.87287],[127.51224,36.87309],[127.50732,36.87303],[127.5073,36.87407],[127.50696,36.87438],[127.50477,36.87333],[127.50361,36.87063],[127.50414,36.8693],[127.50544,36.86904],[127.5059,36.86859],[127.50603,36.86686],[127.50679,36.86511],[127.50525,36.86402],[127.50395,36.86248],[127.50286,36.86203],[127.50121,36.86307],[127.49667,36.86424],[127.49471,36.86555],[127.4897,36.86805],[127.48517,36.86839],[127.48408,36.86874],[127.48249,36.86944],[127.4805,36.87112],[127.47837,36.87329],[127.47701,36.87523],[127.476,36.87802],[127.47321,36.88021],[127.47157,36.88241],[127.47349,36.88249],[127.47339,36.8845],[127.47384,36.88466],[127.47357,36.88524],[127.47407,36.88551],[127.47395,36.88694],[127.4759,36.88827],[127.47712,36.88989],[127.47703,36.89131],[127.47656,36.8919],[127.47739,36.89329],[127.47688,36.89394],[127.47674,36.89448],[127.47702,36.89481],[127.47663,36.89552],[127.47553,36.89649],[127.47547,36.8975],[127.47603,36.898],[127.47694,36.89815],[127.47742,36.89896],[127.47846,36.89966],[127.4784,36.90073],[127.48084,36.902],[127.48373,36.90427],[127.48387,36.90478],[127.48511,36.90478],[127.48551,36.90544],[127.48552,36.90747],[127.4868,36.90726],[127.48769,36.90927],[127.48871,36.91004],[127.4867,36.91376],[127.48339,36.91657],[127.48338,36.9178],[127.48281,36.91928],[127.48213,36.92012],[127.48048,36.92121],[127.48011,36.92243],[127.4779,36.92549],[127.47778,36.92607],[127.47803,36.92672],[127.47902,36.92701],[127.48031,36.92881],[127.48086,36.93138],[127.48044,36.93275],[127.48126,36.9338],[127.48266,36.93478],[127.48267,36.93648],[127.48342,36.93724],[127.4849,36.9376],[127.48614,36.93868],[127.48949,36.93852],[127.48965,36.93894],[127.49059,36.93898],[127.49222,36.93856],[127.49281,36.93876],[127.49405,36.93789],[127.49437,36.93729],[127.49584,36.93668],[127.4966,36.93578],[127.49851,36.93492],[127.4989,36.93398],[127.49992,36.9332],[127.49963,36.93213],[127.50259,36.93231],[127.50347,36.93282],[127.50499,36.93301],[127.50745,36.9314],[127.50761,36.9304],[127.50875,36.92986],[127.50884,36.92923],[127.51044,36.93058],[127.51177,36.93082],[127.51377,36.93229],[127.51482,36.93364],[127.51628,36.93431],[127.51769,36.93602],[127.51836,36.93749],[127.51968,36.93824],[127.52073,36.93813],[127.52531,36.93967],[127.52589,36.94003],[127.52674,36.94147],[127.52889,36.94159],[127.52951,36.94193],[127.53073,36.94385],[127.53053,36.94437],[127.53199,36.94671],[127.53404,36.94816],[127.53449,36.95009],[127.53535,36.95047],[127.5356,36.95022],[127.53659,36.95023],[127.53711,36.95051],[127.53855,36.953],[127.53846,36.95338],[127.53915,36.95396],[127.53963,36.95399],[127.53972,36.95461],[127.541,36.95523],[127.54113,36.95557],[127.54247,36.95571],[127.54255,36.95616],[127.5428,36.95498],[127.54453,36.95379],[127.54446,36.95313],[127.54496,36.95172],[127.54431,36.9507],[127.54431,36.94963],[127.54457,36.94828],[127.54543,36.94725],[127.54438,36.94616],[127.54569,36.94584],[127.54706,36.94599],[127.54804,36.94544],[127.54878,36.94485],[127.5483,36.9445],[127.54968,36.94336],[127.55001,36.94195],[127.55063,36.94173],[127.5524,36.94192],[127.5532,36.94239],[127.55353,36.94179],[127.5545,36.9417],[127.55677,36.94229],[127.55697,36.94361],[127.55765,36.94364],[127.55853,36.94464],[127.55878,36.94577],[127.56029,36.94667],[127.56062,36.94726],[127.56314,36.94703],[127.56333,36.94945],[127.5647,36.94914],[127.56596,36.94976],[127.56721,36.94971],[127.56736,36.94944],[127.56972,36.94904],[127.57157,36.94951],[127.57332,36.94888],[127.5747,36.95007],[127.57546,36.95144],[127.57755,36.95168],[127.57769,36.95227],[127.57741,36.95271],[127.57776,36.95375],[127.57822,36.95367],[127.58014,36.95213],[127.58038,36.95148],[127.5822,36.94974],[127.58445,36.94852],[127.58564,36.94696],[127.58587,36.94605],[127.58518,36.94455],[127.58526,36.94356],[127.58361,36.94259],[127.58252,36.94139],[127.58027,36.93404],[127.5794,36.93277],[127.57862,36.93259],[127.57817,36.93212],[127.57715,36.93047],[127.57723,36.92928],[127.57671,36.92791],[127.57957,36.92864],[127.58226,36.92843],[127.58317,36.92642],[127.58367,36.92623],[127.58376,36.92452],[127.58417,36.92411],[127.58391,36.92296],[127.58428,36.92272],[127.58469,36.92087],[127.58532,36.92041],[127.58544,36.91865],[127.58488,36.91809],[127.58473,36.91717]],[[127.48606,36.72213],[127.4861,36.72217],[127.48628,36.7224],[127.48684,36.72175],[127.48677,36.72105],[127.48506,36.71886],[127.48598,36.71803],[127.48809,36.71743],[127.48881,36.71662],[127.48952,36.71677],[127.49158,36.71621],[127.49211,36.71566],[127.49436,36.71574],[127.49489,36.71534],[127.49755,36.7177],[127.49855,36.71737],[127.49958,36.71758],[127.50122,36.71681],[127.50068,36.71532],[127.49996,36.71451],[127.49865,36.71398],[127.49926,36.7137],[127.49931,36.71325],[127.49896,36.71306],[127.49958,36.71244],[127.50016,36.71242],[127.50049,36.7119],[127.50205,36.71145],[127.5011,36.71013],[127.50136,36.70917],[127.50093,36.70897],[127.50047,36.70807],[127.5003,36.7075],[127.50058,36.70705],[127.49995,36.70651],[127.49937,36.70669],[127.49637,36.70559],[127.4964,36.70523],[127.49745,36.7041],[127.49855,36.70348],[127.49885,36.70288],[127.49775,36.70058],[127.49797,36.69858],[127.49679,36.6962],[127.49641,36.69168],[127.49679,36.69106],[127.49852,36.69141],[127.49994,36.69135],[127.50074,36.69095],[127.50168,36.69115],[127.50186,36.69091],[127.49998,36.68915],[127.49972,36.68748],[127.4991,36.68646],[127.49867,36.68454],[127.49971,36.68453],[127.50214,36.68332],[127.50373,36.68306],[127.50605,36.68025],[127.50576,36.67984],[127.50593,36.67947],[127.50709,36.67899],[127.50749,36.67825],[127.50822,36.67823],[127.50922,36.67749],[127.51035,36.67721],[127.51104,36.67549],[127.51181,36.6747],[127.51235,36.67423],[127.51273,36.67455],[127.51431,36.67417],[127.51562,36.67292],[127.51549,36.67234],[127.51625,36.67188],[127.51754,36.67141],[127.51963,36.67151],[127.5203,36.67075],[127.52072,36.67085],[127.52239,36.66954],[127.52443,36.6691],[127.52471,36.66855],[127.52634,36.66812],[127.52719,36.66729],[127.52859,36.66746],[127.52965,36.66614],[127.53209,36.66641],[127.53291,36.66558],[127.53271,36.66593],[127.53321,36.66656],[127.53377,36.66666],[127.53383,36.66719],[127.53506,36.66774],[127.53598,36.66915],[127.53694,36.66954],[127.53776,36.66901],[127.53883,36.66939],[127.53972,36.66911],[127.54018,36.66948],[127.55019,36.66613],[127.55186,36.66445],[127.55366,36.66435],[127.55369,36.66234],[127.55283,36.66204],[127.55179,36.66005],[127.54981,36.6586],[127.54957,36.65753],[127.54863,36.65607],[127.54887,36.6557],[127.54872,36.65494],[127.54797,36.65447],[127.54809,36.6536],[127.54893,36.65226],[127.54845,36.65251],[127.54818,36.65201],[127.54637,36.65186],[127.54505,36.65102],[127.54484,36.6503],[127.54539,36.64965],[127.54526,36.6477],[127.54791,36.64779],[127.54844,36.64825],[127.55093,36.64867],[127.55257,36.64798],[127.55385,36.64788],[127.55345,36.64577],[127.55358,36.64482],[127.55426,36.64386],[127.55482,36.64386],[127.55521,36.64289],[127.55503,36.64224],[127.55747,36.63735],[127.55659,36.63599],[127.55651,36.6347],[127.55786,36.63339],[127.55861,36.63206],[127.55646,36.63036],[127.55725,36.62835],[127.55708,36.62749],[127.55754,36.62666],[127.55486,36.62442],[127.55393,36.62086],[127.55434,36.61965],[127.55367,36.61878],[127.55349,36.61733],[127.55304,36.61679],[127.55059,36.61541],[127.549,36.61267],[127.54795,36.60888],[127.54528,36.60674],[127.54522,36.60599],[127.54336,36.60234],[127.54322,36.60085],[127.54269,36.6006],[127.54286,36.59986],[127.54263,36.59958],[127.54219,36.59939],[127.54114,36.59972],[127.54028,36.59946],[127.53798,36.59976],[127.53469,36.601],[127.53339,36.60183],[127.52397,36.6016],[127.52382,36.60115],[127.52285,36.60083],[127.52235,36.6],[127.52202,36.59859],[127.52109,36.59697],[127.52099,36.59576],[127.51979,36.5949],[127.51965,36.59392],[127.51446,36.59271],[127.51397,36.59307],[127.51273,36.59306],[127.51246,36.59225],[127.51122,36.5917],[127.51036,36.59165],[127.51022,36.59191],[127.50965,36.59139],[127.5088,36.59145],[127.50695,36.59016],[127.50341,36.58986],[127.50385,36.58709],[127.50358,36.58697],[127.50127,36.58775],[127.50007,36.58663],[127.49892,36.58837],[127.49131,36.58466],[127.49255,36.58321],[127.49167,36.58256],[127.49112,36.58313],[127.49019,36.58313],[127.4896,36.58235],[127.4882,36.58194],[127.48603,36.58237],[127.48557,36.58265],[127.48634,36.58383],[127.48566,36.58403],[127.4837,36.58264],[127.48263,36.58307],[127.48044,36.58266],[127.48008,36.58175],[127.47938,36.5819],[127.47884,36.58126],[127.47528,36.58081],[127.47407,36.58108],[127.47389,36.58171],[127.47462,36.58328],[127.47418,36.58445],[127.47618,36.58701],[127.476,36.59049],[127.47644,36.59102],[127.47628,36.59175],[127.47713,36.59329],[127.47705,36.59457],[127.47535,36.59499],[127.47453,36.59582],[127.4733,36.59617],[127.47326,36.59755],[127.47427,36.59868],[127.47038,36.5998],[127.46827,36.59956],[127.46603,36.59993],[127.46477,36.60138],[127.46355,36.60165],[127.46046,36.60144],[127.45938,36.6005],[127.45763,36.60106],[127.457,36.60172],[127.45447,36.60168],[127.45433,36.59991],[127.45528,36.5987],[127.45404,36.59853],[127.45225,36.59757],[127.45184,36.59627],[127.44841,36.59428],[127.4473,36.5959],[127.4448,36.59729],[127.44334,36.5992],[127.44366,36.60024],[127.44291,36.60291],[127.443,36.60356],[127.44232,36.60425],[127.44219,36.60564],[127.44149,36.60588],[127.44078,36.60557],[127.43952,36.6042],[127.43972,36.60378],[127.43914,36.60331],[127.4391,36.60216],[127.43843,36.60193],[127.43811,36.60233],[127.43585,36.60253],[127.43423,36.60153],[127.4344,36.59996],[127.43384,36.59865],[127.43186,36.5992],[127.42765,36.59955],[127.42676,36.60039],[127.42651,36.60023],[127.42631,36.59873],[127.42466,36.59838],[127.4243,36.59771],[127.42377,36.59754],[127.42231,36.59747],[127.42161,36.59649],[127.42077,36.59677],[127.41948,36.5966],[127.41909,36.59723],[127.41958,36.59922],[127.41893,36.59998],[127.41887,36.60079],[127.4184,36.60118],[127.4187,36.60237],[127.41654,36.60329],[127.41633,36.60361],[127.41675,36.60455],[127.41542,36.60486],[127.41542,36.60607],[127.41601,36.60669],[127.41464,36.6067],[127.41161,36.60491],[127.41122,36.60385],[127.40725,36.60102],[127.40724,36.59991],[127.40627,36.59833],[127.40245,36.59696],[127.40102,36.59604],[127.40053,36.59404],[127.39804,36.59054],[127.39494,36.58851],[127.39202,36.58584],[127.39023,36.58534],[127.38753,36.58541],[127.38727,36.58627],[127.38514,36.5865],[127.38385,36.5881],[127.38387,36.58892],[127.3831,36.58864],[127.38127,36.58671],[127.38081,36.58753],[127.37893,36.58816],[127.37722,36.58797],[127.37691,36.58678],[127.37552,36.58721],[127.37423,36.5871],[127.37281,36.58807],[127.37179,36.58939],[127.37132,36.59005],[127.3715,36.59022],[127.37089,36.59177],[127.36782,36.59334],[127.36579,36.59362],[127.36606,36.59425],[127.36561,36.59549],[127.36595,36.59685],[127.3677,36.59931],[127.36764,36.60055],[127.36859,36.60075],[127.36914,36.60154],[127.36923,36.60232],[127.36856,36.60432],[127.36885,36.60758],[127.37028,36.6083],[127.37198,36.60828],[127.37257,36.60864],[127.37363,36.60801],[127.3737,36.60763],[127.37498,36.60741],[127.37536,36.60647],[127.37631,36.6059],[127.37718,36.60568],[127.37843,36.60684],[127.37733,36.60856],[127.37729,36.60951],[127.37604,36.61035],[127.37652,36.61105],[127.3761,36.61177],[127.37654,36.61197],[127.37683,36.61409],[127.37796,36.61378],[127.37835,36.61411],[127.3783,36.61492],[127.37855,36.61512],[127.37798,36.61621],[127.37851,36.6175],[127.37929,36.61792],[127.37936,36.61875],[127.37841,36.62011],[127.37842,36.62079],[127.37715,36.62112],[127.37543,36.62278],[127.37493,36.62378],[127.3756,36.62377],[127.37553,36.62405],[127.37298,36.62522],[127.3731,36.62792],[127.37359,36.62888],[127.3745,36.62869],[127.3753,36.62906],[127.37949,36.62857],[127.38036,36.62886],[127.38093,36.62959],[127.38166,36.62876],[127.38174,36.62804],[127.38224,36.62846],[127.38258,36.6276],[127.38152,36.62665],[127.38202,36.62666],[127.38267,36.62553],[127.3856,36.62523],[127.38763,36.6244],[127.3898,36.62471],[127.39325,36.62645],[127.39429,36.62594],[127.39618,36.6267],[127.39769,36.62609],[127.40006,36.62652],[127.40151,36.62632],[127.40271,36.62709],[127.40352,36.62838],[127.40608,36.62877],[127.40734,36.63036],[127.40704,36.63263],[127.40569,36.63229],[127.40354,36.63228],[127.40162,36.63151],[127.40114,36.63071],[127.40126,36.63031],[127.39968,36.6296],[127.39764,36.6299],[127.39675,36.6296],[127.39585,36.63018],[127.39374,36.63023],[127.392,36.63079],[127.39128,36.6303],[127.38929,36.63105],[127.39039,36.63312],[127.38998,36.6345],[127.39034,36.63674],[127.38943,36.63877],[127.38781,36.63955],[127.38713,36.64033],[127.38763,36.64153],[127.3871,36.6414],[127.38473,36.64316],[127.38364,36.6426],[127.38175,36.64285],[127.37848,36.6453],[127.37942,36.64609],[127.37918,36.64643],[127.37814,36.6466],[127.37833,36.64812],[127.3769,36.65207],[127.37675,36.65699],[127.37694,36.65865],[127.37734,36.65929],[127.37971,36.66101],[127.38051,36.66126],[127.38326,36.66111],[127.38829,36.6601],[127.39064,36.65995],[127.39239,36.6603],[127.39506,36.66166],[127.39658,36.66349],[127.39688,36.66497],[127.39626,36.67113],[127.39517,36.66983],[127.39538,36.67264],[127.3986,36.67596],[127.40341,36.68002],[127.40915,36.68092],[127.41689,36.68099],[127.41957,36.68073],[127.42034,36.68038],[127.42665,36.68097],[127.43676,36.68257],[127.43526,36.68323],[127.43506,36.68375],[127.43702,36.68347],[127.44274,36.68485],[127.44664,36.68527],[127.44611,36.68573],[127.4475,36.68641],[127.44869,36.68894],[127.44955,36.69222],[127.45155,36.69305],[127.45279,36.69449],[127.45378,36.69489],[127.45881,36.69519],[127.46218,36.69586],[127.46202,36.69613],[127.46383,36.69717],[127.46445,36.69869],[127.46382,36.70077],[127.4639,36.70195],[127.46446,36.70415],[127.46523,36.70437],[127.46532,36.70508],[127.46482,36.70668],[127.46506,36.70758],[127.46632,36.70852],[127.4673,36.71034],[127.46806,36.71034],[127.47317,36.7149],[127.47735,36.71721],[127.47832,36.71874],[127.47921,36.72199],[127.48103,36.72208],[127.48438,36.72162],[127.48606,36.72213]],[[127.47763,36.71759],[127.47764,36.71759],[127.47764,36.71759],[127.47763,36.71759]],[[127.55018,36.89922],[127.55018,36.89922],[127.55018,36.89922],[127.55018,36.89922]]]}}]}