{"type":"FeatureCollection","features":[{"type":"Feature","properties":{"zoneId":"Z000200525","zoneName":"미원중학구","zoneType":"middle","level":"중학교","kind":"dedicated","oneWay":false,"sggCode":"111","eduCode":"8011000","eduName":"충청북도청주교육지원청","updatedAt":"2022-01-18"},"geometry":{"type":"Polygon","coordinates":[[[127.66279,36.7037],[127.6632,36.70392],[127.66247,36.70528],[127.66328,36.70583],[127.6638,36.70689],[127.66485,36.70785],[127.66469,36.70904],[127.66501,36.70949],[127.66495,36.71063],[127.66528,36.71094],[127.66358,36.71318],[127.66361,36.71424],[127.66261,36.71498],[127.66129,36.71467],[127.66125,36.71408],[127.6597,36.71246],[127.65949,36.71136],[127.65909,36.71126],[127.65903,36.70988],[127.65758,36.70797],[127.65585,36.70655],[127.65539,36.70581],[127.65557,36.70561],[127.65483,36.70489],[127.65483,36.7044],[127.65216,36.70305],[127.65119,36.70202],[127.65011,36.70209],[127.64939,36.70163],[127.64775,36.70128],[127.64513,36.70213],[127.64423,36.70287],[127.6424,36.70262],[127.64131,36.70404],[127.64122,36.70566],[127.63895,36.70686],[127.63824,36.70797],[127.63375,36.70892],[127.63333,36.70883],[127.6329,36.7079],[127.63096,36.70778],[127.62982,36.70727],[127.62737,36.70747],[127.62662,36.70641],[127.62584,36.70664],[127.62497,36.7063],[127.623,36.70462],[127.61905,36.70719],[127.61793,36.70745],[127.61732,36.70724],[127.61661,36.70617],[127.61478,36.70482],[127.61471,36.70308],[127.61424,36.70181],[127.61342,36.70065],[127.61297,36.70065],[127.61201,36.69965],[127.60546,36.69895],[127.60367,36.69803],[127.602,36.69795],[127.60056,36.69846],[127.59935,36.6981],[127.5984,36.69738],[127.59761,36.69731],[127.59747,36.6962],[127.59631,36.69587],[127.59596,36.69545],[127.59599,36.69487],[127.59458,36.69317],[127.5907,36.69162],[127.59065,36.69035],[127.59126,36.6895],[127.59166,36.68809],[127.5911,36.68745],[127.58949,36.68727],[127.58831,36.6859],[127.58686,36.68534],[127.58588,36.68344],[127.58605,36.68242],[127.58714,36.68152],[127.58623,36.68034],[127.58645,36.67994],[127.58628,36.67916],[127.58513,36.67849],[127.58526,36.67783],[127.5841,36.67617],[127.58494,36.67476],[127.58455,36.67378],[127.58382,36.67352],[127.58356,36.6725],[127.58438,36.67233],[127.58655,36.66934],[127.58649,36.6681],[127.58824,36.66613],[127.5883,36.66527],[127.58795,36.66493],[127.58891,36.66256],[127.58852,36.66148],[127.58879,36.66087],[127.5877,36.65905],[127.58759,36.65767],[127.58643,36.65573],[127.58667,36.65541],[127.5865,36.65324],[127.58553,36.65307],[127.58476,36.6522],[127.58402,36.65053],[127.58412,36.64935],[127.583,36.64877],[127.58261,36.64695],[127.5827,36.6458],[127.58182,36.64493],[127.58159,36.64412],[127.58213,36.64305],[127.58164,36.64197],[127.58216,36.64167],[127.58219,36.64097],[127.58312,36.63924],[127.5824,36.63832],[127.58243,36.63732],[127.58136,36.63573],[127.58118,36.63375],[127.58013,36.63379],[127.57961,36.63317],[127.57974,36.63152],[127.58099,36.62998],[127.58057,36.63002],[127.58036,36.62923],[127.57831,36.62928],[127.57757,36.62859],[127.57658,36.62845],[127.57519,36.62872],[127.57095,36.63109],[127.56781,36.6307],[127.56603,36.63217],[127.55983,36.63268],[127.5586,36.63209],[127.55762,36.63103],[127.55646,36.63036],[127.55725,36.62835],[127.55708,36.62749],[127.55804,36.62604],[127.56121,36.62348],[127.56274,36.62317],[127.56319,36.62224],[127.56427,36.62192],[127.5664,36.62211],[127.56923,36.62169],[127.57013,36.62114],[127.57096,36.62117],[127.57205,36.62034],[127.57358,36.62029],[127.57429,36.6199],[127.57527,36.61797],[127.57643,36.61699],[127.57643,36.6162],[127.57553,36.61471],[127.5773,36.61417],[127.57749,36.61348],[127.57938,36.6126],[127.58025,36.6117],[127.58066,36.61012],[127.58142,36.60986],[127.58188,36.60896],[127.58364,36.6078],[127.58451,36.6068],[127.58577,36.60666],[127.58659,36.60743],[127.58677,36.60809],[127.58759,36.60856],[127.58845,36.60742],[127.5904,36.60628],[127.59107,36.6049],[127.59284,36.60372],[127.59367,36.60374],[127.59437,36.60446],[127.59579,36.60371],[127.59791,36.60453],[127.59935,36.60563],[127.60139,36.60539],[127.60495,36.60685],[127.60816,36.60695],[127.60891,36.60838],[127.60874,36.6105],[127.61084,36.60981],[127.61184,36.61003],[127.61339,36.60877],[127.61417,36.60861],[127.61691,36.61042],[127.61853,36.61081],[127.61907,36.61129],[127.61925,36.61212],[127.62191,36.61281],[127.62228,36.61344],[127.62348,36.61366],[127.62587,36.6124],[127.62582,36.61203],[127.62761,36.61162],[127.6278,36.611],[127.62877,36.61104],[127.62809,36.61076],[127.62795,36.61002],[127.62888,36.60935],[127.62919,36.60795],[127.62881,36.60691],[127.62911,36.60657],[127.62832,36.60525],[127.62857,36.60383],[127.62826,36.60357],[127.62835,36.60314],[127.62918,36.60278],[127.62951,36.60301],[127.62982,36.60251],[127.62992,36.60201],[127.62921,36.60112],[127.63049,36.60055],[127.63059,36.59952],[127.63028,36.59928],[127.63062,36.59786],[127.63135,36.59673],[127.63256,36.59621],[127.63302,36.59664],[127.63333,36.59809],[127.63567,36.60023],[127.63773,36.60028],[127.64052,36.60161],[127.64373,36.60523],[127.64625,36.60659],[127.64766,36.60545],[127.64868,36.60553],[127.65126,36.60476],[127.65238,36.60486],[127.65249,36.603],[127.65291,36.60278],[127.65306,36.60131],[127.65401,36.60036],[127.65561,36.60017],[127.65897,36.60135],[127.65958,36.60127],[127.65976,36.60191],[127.66064,36.60261],[127.66545,36.60241],[127.66588,36.6006],[127.66784,36.59957],[127.66851,36.59845],[127.6685,36.59766],[127.66914,36.59678],[127.66862,36.59454],[127.66925,36.59496],[127.67,36.59489],[127.67224,36.59571],[127.67341,36.59572],[127.67417,36.59536],[127.67639,36.59666],[127.67542,36.59673],[127.67669,36.59669],[127.67884,36.59588],[127.6791,36.5945],[127.68012,36.594],[127.68053,36.59239],[127.68201,36.5918],[127.68313,36.5924],[127.68402,36.59201],[127.68704,36.59206],[127.68894,36.59137],[127.68915,36.59065],[127.69012,36.5905],[127.69191,36.58935],[127.69325,36.58927],[127.69368,36.58863],[127.69461,36.58849],[127.6978,36.58909],[127.69856,36.58972],[127.70242,36.59113],[127.7032,36.59162],[127.70341,36.5928],[127.70423,36.59346],[127.70435,36.5942],[127.70558,36.59515],[127.70966,36.59605],[127.71139,36.59738],[127.71138,36.59843],[127.71184,36.59907],[127.71315,36.5997],[127.71318,36.60121],[127.71381,36.60202],[127.71495,36.6018],[127.716,36.60236],[127.71917,36.60199],[127.7202,36.60267],[127.72125,36.60235],[127.72171,36.60184],[127.7229,36.6022],[127.72487,36.6015],[127.72644,36.59997],[127.72698,36.60021],[127.72776,36.60178],[127.72874,36.60231],[127.72965,36.6017],[127.73111,36.60165],[127.73367,36.60017],[127.73649,36.60002],[127.73715,36.59932],[127.73701,36.59717],[127.73596,36.59571],[127.73675,36.59481],[127.73734,36.59262],[127.74102,36.59126],[127.74129,36.59064],[127.74192,36.59024],[127.74192,36.5895],[127.74155,36.58911],[127.74205,36.58818],[127.74289,36.58744],[127.74369,36.58722],[127.74586,36.58525],[127.74974,36.58659],[127.75204,36.58845],[127.75438,36.58936],[127.7552,36.59008],[127.76132,36.59049],[127.76224,36.59114],[127.76304,36.59127],[127.76355,36.59099],[127.76472,36.59195],[127.7655,36.59189],[127.76645,36.59349],[127.76919,36.59382],[127.76877,36.59403],[127.76872,36.59566],[127.76928,36.59647],[127.7689,36.59759],[127.76952,36.59802],[127.76943,36.59936],[127.76978,36.60117],[127.76875,36.60338],[127.77126,36.60552],[127.76949,36.60399],[127.76869,36.6052],[127.76874,36.60642],[127.76686,36.60849],[127.76676,36.60931],[127.76571,36.61056],[127.76491,36.61063],[127.76463,36.61305],[127.76143,36.61532],[127.76028,36.61662],[127.75955,36.6167],[127.75907,36.61731],[127.75667,36.6183],[127.75234,36.62154],[127.75134,36.62146],[127.75025,36.62188],[127.75067,36.62275],[127.74948,36.62299],[127.74997,36.62564],[127.74909,36.62393],[127.74884,36.62413],[127.74935,36.62507],[127.7492,36.62612],[127.74762,36.62725],[127.74551,36.62803],[127.74426,36.62907],[127.74426,36.63037],[127.7436,36.6311],[127.74518,36.63224],[127.74099,36.63266],[127.74003,36.63315],[127.74066,36.63428],[127.74022,36.63494],[127.7393,36.63572],[127.7377,36.63643],[127.73858,36.63929],[127.73894,36.63961],[127.73896,36.64005],[127.7381,36.64128],[127.73477,36.63965],[127.73317,36.6406],[127.73147,36.64232],[127.7298,36.64316],[127.72757,36.64371],[127.72585,36.64468],[127.72419,36.64882],[127.72479,36.64958],[127.72337,36.6513],[127.72116,36.65124],[127.72012,36.65187],[127.7191,36.65198],[127.71781,36.65134],[127.71553,36.65162],[127.71268,36.65033],[127.71121,36.65259],[127.70936,36.65404],[127.706,36.65425],[127.70424,36.65545],[127.6977,36.65703],[127.69665,36.65684],[127.69615,36.65574],[127.694,36.65588],[127.69305,36.65546],[127.6915,36.65628],[127.691,36.65605],[127.68899,36.65656],[127.68649,36.65775],[127.68642,36.65959],[127.68715,36.66059],[127.68649,36.66157],[127.68642,36.66261],[127.68771,36.66553],[127.68847,36.66557],[127.6878,36.6668],[127.68849,36.66773],[127.68679,36.66929],[127.68723,36.67026],[127.68308,36.67424],[127.68122,36.6737],[127.68005,36.67467],[127.67934,36.67609],[127.67894,36.67626],[127.67975,36.6777],[127.67947,36.67842],[127.67836,36.67927],[127.67788,36.68109],[127.67682,36.68239],[127.67823,36.68408],[127.67971,36.68469],[127.681,36.68653],[127.68112,36.68704],[127.67927,36.68764],[127.67968,36.68952],[127.68114,36.69009],[127.67989,36.69154],[127.6808,36.69191],[127.67904,36.69411],[127.67746,36.69474],[127.67632,36.69637],[127.67464,36.69717],[127.67377,36.69802],[127.67261,36.69787],[127.66886,36.69895],[127.66721,36.69869],[127.66599,36.69997],[127.66497,36.70036],[127.66491,36.70082],[127.66382,36.70182],[127.66279,36.7037]]]}},{"type":"Feature","properties":{"zoneId":"Z000210322","zoneName":"미원중학구가덕중학구공동학구","zoneType":"middle","level":"중학교","kind":"shared","oneWay":false,"sggCode":"111","eduCode":"8011000","eduName":"충청북도청주교육지원청","updatedAt":"2022-01-18"},"geometry":{"type":"Polygon","coordinates":[[[127.63256,36.59621],[127.63135,36.59673],[127.63062,36.59786],[127.63028,36.59928],[127.63059,36.59952],[127.63049,36.60055],[127.62921,36.60112],[127.62992,36.60201],[127.62982,36.60251],[127.62951,36.60301],[127.62918,36.60278],[127.62835,36.60314],[127.62826,36.60357],[127.62857,36.60383],[127.62832,36.60525],[127.62911,36.60657],[127.62881,36.60691],[127.62919,36.60795],[127.62888,36.60935],[127.62795,36.61002],[127.62809,36.61076],[127.62877,36.61104],[127.6278,36.611],[127.62761,36.61162],[127.62582,36.61203],[127.62587,36.6124],[127.62348,36.61366],[127.62228,36.61344],[127.62191,36.61281],[127.61925,36.61212],[127.61907,36.61129],[127.61853,36.61081],[127.61691,36.61042],[127.61417,36.60861],[127.61339,36.60877],[127.61184,36.61003],[127.61084,36.60981],[127.60874,36.6105],[127.60891,36.60838],[127.60816,36.60695],[127.60495,36.60685],[127.60139,36.60539],[127.59935,36.60563],[127.59791,36.60453],[127.59579,36.60371],[127.59437,36.60446],[127.59367,36.60374],[127.59258,36.60378],[127.59107,36.6049],[127.5904,36.60628],[127.58845,36.60742],[127.58735,36.60852],[127.58577,36.60666],[127.58451,36.6068],[127.58346,36.60557],[127.58424,36.60292],[127.585,36.60229],[127.5847,36.60122],[127.58551,36.59996],[127.58585,36.5981],[127.58546,36.5976],[127.58594,36.5965],[127.58517,36.59605],[127.58435,36.59446],[127.58573,36.59388],[127.58463,36.59192],[127.58526,36.59098],[127.58486,36.59035],[127.58483,36.58898],[127.58303,36.58806],[127.5829,36.58753],[127.58237,36.58729],[127.58167,36.5863],[127.58145,36.58545],[127.58053,36.58479],[127.58282,36.58391],[127.58303,36.58349],[127.58553,36.58328],[127.58742,36.58446],[127.59113,36.58566],[127.59301,36.5844],[127.59574,36.58383],[127.59925,36.58491],[127.60187,36.58535],[127.6059,36.58271],[127.60611,36.5817],[127.6076,36.58031],[127.60724,36.57938],[127.60761,36.57779],[127.60838,36.57743],[127.60879,36.5768],[127.61013,36.57647],[127.61252,36.57513],[127.61431,36.5734],[127.61507,36.57399],[127.61571,36.57534],[127.61776,36.57754],[127.62038,36.57809],[127.62103,36.57858],[127.62237,36.57818],[127.62268,36.57876],[127.62207,36.5797],[127.62218,36.58106],[127.62406,36.58214],[127.62564,36.58358],[127.62657,36.58499],[127.62692,36.58481],[127.62854,36.586],[127.63043,36.58649],[127.63056,36.58829],[127.63183,36.58893],[127.63188,36.58947],[127.63025,36.59179],[127.63063,36.59297],[127.63017,36.59362],[127.63226,36.59513],[127.63256,36.59621]]]}},{"type":"Feature","properties":{"zoneId":"Z000200537","zoneName":"산척중학구","zoneType":"middle","level":"중학교","kind":"dedicated","oneWay":false,"sggCode":"130","eduCode":"8021000","eduName":"충청북도충주교육지원청","updatedAt":"2022-01-18"},"geometry":{"type":"Polygon","coordinates":[[[127.97536,37.14162],[127.97536,37.14162],[127.9749,37.14219],[127.97369,37.14156],[127.97097,37.14178],[127.96984,37.13989],[127.96968,37.1388],[127.97043,37.13749],[127.96825,37.13604],[127.96761,37.13592],[127.96732,37.13484],[127.96599,37.13409],[127.96522,37.1332],[127.9633,37.13231],[127.96178,37.13039],[127.96221,37.13003],[127.96162,37.12898],[127.95985,37.12823],[127.95692,37.1279],[127.95521,37.12814],[127.953,37.12503],[127.95351,37.12443],[127.95278,37.12297],[127.95399,37.12224],[127.95426,37.12116],[127.95472,37.12068],[127.95519,37.11764],[127.95438,37.11587],[127.9536,37.11558],[127.95361,37.1153],[127.9519,37.11393],[127.95324,37.11272],[127.95392,37.11264],[127.95588,37.11041],[127.95517,37.10721],[127.95417,37.10603],[127.95519,37.10461],[127.95502,37.10392],[127.95567,37.10341],[127.95459,37.10206],[127.95474,37.10173],[127.95379,37.10053],[127.95379,37.10001],[127.95459,37.09918],[127.95719,37.0995],[127.9575,37.09815],[127.958,37.09792],[127.95773,37.09625],[127.95696,37.09559],[127.95685,37.09429],[127.95557,37.09363],[127.95518,37.09305],[127.95541,37.09157],[127.95454,37.09111],[127.95441,37.09033],[127.95352,37.09041],[127.95299,37.09091],[127.95132,37.09153],[127.95027,37.09109],[127.94977,37.09049],[127.94872,37.09099],[127.9486,37.08965],[127.94703,37.0893],[127.94569,37.08794],[127.94361,37.08947],[127.94046,37.08795],[127.93901,37.08568],[127.93543,37.08341],[127.93294,37.08304],[127.93256,37.08263],[127.9308,37.08196],[127.92868,37.0824],[127.92764,37.08184],[127.92716,37.08191],[127.92702,37.08161],[127.92607,37.08166],[127.92581,37.08138],[127.92527,37.08153],[127.92302,37.08097],[127.92341,37.08023],[127.92304,37.07895],[127.92262,37.07865],[127.92303,37.07665],[127.92183,37.07644],[127.92223,37.07464],[127.92426,37.07506],[127.92322,37.07383],[127.92326,37.07351],[127.92353,37.07323],[127.92588,37.07309],[127.92538,37.07278],[127.92698,37.07226],[127.92683,37.07118],[127.92744,37.06982],[127.92705,37.06854],[127.92753,37.06819],[127.9277,37.06712],[127.92699,37.0656],[127.92749,37.0641],[127.92652,37.06178],[127.92685,37.06077],[127.92646,37.06008],[127.92699,37.05933],[127.92662,37.05885],[127.92836,37.05904],[127.93007,37.05981],[127.93104,37.05946],[127.93178,37.06032],[127.93199,37.06122],[127.93336,37.06076],[127.93432,37.05994],[127.93568,37.05991],[127.93593,37.06027],[127.93711,37.06031],[127.93744,37.05984],[127.93899,37.0598],[127.93967,37.05921],[127.9394,37.05854],[127.93968,37.05785],[127.94057,37.05772],[127.94133,37.05841],[127.9421,37.05848],[127.94321,37.05742],[127.94405,37.05779],[127.94471,37.05755],[127.94592,37.05827],[127.94667,37.06005],[127.94756,37.05964],[127.94843,37.06013],[127.95088,37.06019],[127.95354,37.06274],[127.95376,37.0631],[127.95349,37.06364],[127.95498,37.06414],[127.95508,37.0637],[127.95681,37.06324],[127.95749,37.06234],[127.95911,37.06151],[127.95993,37.05756],[127.96031,37.05742],[127.96134,37.05816],[127.96302,37.05748],[127.96444,37.05571],[127.96604,37.05611],[127.96669,37.05588],[127.96711,37.0549],[127.96698,37.05341],[127.96863,37.05206],[127.96916,37.05276],[127.97381,37.054],[127.97587,37.05307],[127.97802,37.0537],[127.97863,37.05361],[127.9805,37.05516],[127.9859,37.05477],[127.98731,37.05578],[127.9893,37.0566],[127.99158,37.05874],[127.99248,37.05874],[127.99359,37.05982],[127.99735,37.05955],[127.99912,37.0585],[128.00177,37.05864],[128.00538,37.05763],[128.00713,37.0575],[128.00865,37.05784],[128.01021,37.05891],[128.01385,37.05815],[128.0174,37.05898],[128.01886,37.06005],[128.02026,37.05979],[128.02476,37.06197],[128.02659,37.06183],[128.02909,37.0625],[128.03313,37.06153],[128.03665,37.06282],[128.03977,37.0632],[128.04092,37.06287],[128.0405,37.05905],[128.04062,37.05753],[128.04154,37.05641],[128.04202,37.05395],[128.04398,37.05071],[128.04478,37.0498],[128.04572,37.04982],[128.04796,37.04917],[128.04957,37.04713],[128.05115,37.04654],[128.05321,37.04417],[128.05599,37.04341],[128.05855,37.04397],[128.06036,37.04482],[128.06241,37.04451],[128.06294,37.04415],[128.064,37.04419],[128.06532,37.04367],[128.06983,37.04547],[128.07065,37.04621],[128.07147,37.04783],[128.0731,37.0479],[128.07373,37.04862],[128.07754,37.04899],[128.07887,37.04847],[128.0807,37.04842],[128.08116,37.04897],[128.08124,37.04996],[128.08377,37.05553],[128.08381,37.05616],[128.08293,37.05741],[128.08259,37.05904],[128.0831,37.06007],[128.08413,37.06087],[128.08406,37.0618],[128.08473,37.06219],[128.08491,37.0631],[128.08548,37.06356],[128.08579,37.06571],[128.08443,37.06702],[128.084,37.0683],[128.08206,37.07079],[128.08305,37.07233],[128.08279,37.07383],[128.08412,37.0741],[128.08532,37.075],[128.08526,37.07605],[128.08253,37.07808],[128.08203,37.07952],[128.081,37.08008],[128.07912,37.08232],[128.07705,37.08289],[128.0757,37.08434],[128.07342,37.08463],[128.07276,37.08539],[128.07188,37.08575],[128.07024,37.08572],[128.0691,37.08641],[128.06804,37.08633],[128.06685,37.08577],[128.06456,37.0868],[128.06296,37.08712],[128.06172,37.08664],[128.06067,37.08674],[128.06071,37.08843],[128.05929,37.08886],[128.05894,37.08946],[128.0596,37.0915],[128.06323,37.09597],[128.06309,37.09668],[128.06168,37.09749],[128.05944,37.09764],[128.05274,37.09693],[128.05152,37.09925],[128.04736,37.1027],[128.04553,37.10481],[128.04551,37.10598],[128.04597,37.10657],[128.048,37.10707],[128.04849,37.10839],[128.04825,37.10924],[128.04644,37.11189],[128.04597,37.11534],[128.04526,37.11571],[128.04372,37.11562],[128.03965,37.11248],[128.03715,37.11191],[128.03639,37.11206],[128.03342,37.11397],[128.02382,37.11573],[128.02168,37.11658],[128.01991,37.1179],[128.0179,37.11423],[128.01556,37.11123],[128.01342,37.11053],[128.01206,37.10764],[128.01194,37.10625],[128.01255,37.10486],[128.01229,37.10324],[128.01093,37.10173],[128.01158,37.10071],[128.01151,37.09955],[128.01313,37.09816],[128.01068,37.09797],[128.00969,37.09854],[128.00699,37.09888],[128.00505,37.09889],[128.00388,37.09845],[128.003,37.09949],[128.00152,37.10044],[127.99957,37.10586],[127.99918,37.10822],[127.99562,37.10994],[127.9942,37.10902],[127.99311,37.11011],[127.99141,37.11077],[127.98714,37.11098],[127.98588,37.11168],[127.9854,37.11244],[127.98565,37.11333],[127.98505,37.11421],[127.98491,37.11499],[127.98529,37.11641],[127.9847,37.11817],[127.98603,37.12036],[127.9862,37.12342],[127.98524,37.12423],[127.98509,37.12506],[127.98534,37.12671],[127.98616,37.1274],[127.98711,37.12891],[127.98663,37.13121],[127.98596,37.13155],[127.9826,37.13119],[127.98164,37.13253],[127.98066,37.13605],[127.97873,37.1383],[127.97746,37.14104],[127.97692,37.14141],[127.97536,37.14162]]]}},{"type":"Feature","properties":{"zoneId":"Z000210174","zoneName":"청안중학구괴산오성중학구공동학구","zoneType":"middle","level":"중학교","kind":"shared","oneWay":false,"sggCode":"760","eduCode":"8092000","eduName":"충청북도괴산증평교육지원청","updatedAt":"2018-02-26"},"geometry":{"type":"Polygon","coordinates":[[[127.67371,36.79943],[127.67371,36.79943],[127.67355,36.80074],[127.67157,36.79938],[127.66845,36.79971],[127.66444,36.79898],[127.66217,36.79915],[127.66174,36.79908],[127.66131,36.79781],[127.66038,36.79708],[127.65929,36.79732],[127.65884,36.79697],[127.657,36.79708],[127.65607,36.79681],[127.65445,36.79531],[127.65356,36.79544],[127.65313,36.79519],[127.65179,36.79628],[127.65137,36.79593],[127.65008,36.79588],[127.64821,36.7967],[127.64724,36.79519],[127.64618,36.79463],[127.64589,36.79599],[127.64487,36.79624],[127.64418,36.79606],[127.64384,36.79639],[127.64413,36.79775],[127.64365,36.7992],[127.64162,36.79995],[127.6407,36.79936],[127.64056,36.79849],[127.63812,36.79558],[127.63699,36.79528],[127.63608,36.79427],[127.63471,36.7935],[127.63309,36.79386],[127.62695,36.7942],[127.62736,36.79321],[127.62715,36.79189],[127.62534,36.79141],[127.62629,36.79044],[127.62599,36.78982],[127.62548,36.78932],[127.62377,36.78948],[127.62267,36.78835],[127.62182,36.78787],[127.62094,36.78787],[127.62089,36.78524],[127.62136,36.78354],[127.6207,36.78191],[127.62046,36.78019],[127.62083,36.77859],[127.62211,36.77852],[127.62294,36.77904],[127.62339,36.77884],[127.62361,36.77814],[127.62467,36.77701],[127.62539,36.77686],[127.62603,36.77712],[127.62724,36.77662],[127.62752,36.77639],[127.62737,36.77572],[127.62786,36.775],[127.62805,36.77358],[127.62931,36.77346],[127.62834,36.77164],[127.62824,36.77019],[127.62704,36.76814],[127.62703,36.76724],[127.62549,36.76574],[127.62538,36.76459],[127.62478,36.76315],[127.62408,36.76243],[127.62411,36.76106],[127.62367,36.76075],[127.62376,36.76051],[127.62538,36.75977],[127.62613,36.75975],[127.62625,36.75895],[127.62702,36.75884],[127.62735,36.75806],[127.62725,36.75736],[127.62809,36.75642],[127.6294,36.75623],[127.62945,36.75587],[127.62996,36.75563],[127.62983,36.75492],[127.63038,36.75478],[127.6307,36.75419],[127.63153,36.75406],[127.63282,36.75231],[127.6337,36.75185],[127.63464,36.75221],[127.63553,36.75209],[127.63574,36.75098],[127.63496,36.7487],[127.63578,36.74829],[127.63537,36.74694],[127.63658,36.74539],[127.63581,36.74453],[127.63589,36.74395],[127.63659,36.74342],[127.63602,36.74131],[127.63727,36.74016],[127.63746,36.73919],[127.63822,36.73924],[127.63893,36.73814],[127.63848,36.73675],[127.63867,36.73296],[127.63967,36.73196],[127.64135,36.73176],[127.64233,36.73233],[127.64372,36.73214],[127.64434,36.73246],[127.6458,36.73242],[127.64686,36.73325],[127.65,36.73266],[127.65045,36.73341],[127.65023,36.73367],[127.65105,36.734],[127.65106,36.73499],[127.65192,36.73515],[127.65218,36.73551],[127.65427,36.73517],[127.65432,36.73437],[127.6554,36.734],[127.65567,36.7334],[127.65681,36.73258],[127.65969,36.73208],[127.66206,36.73245],[127.66344,36.73154],[127.6645,36.72999],[127.66581,36.72973],[127.66666,36.72852],[127.66691,36.72752],[127.66836,36.72658],[127.66988,36.72506],[127.67141,36.72267],[127.67253,36.72188],[127.67451,36.72127],[127.67548,36.72],[127.6774,36.71979],[127.67954,36.71761],[127.67955,36.71708],[127.68376,36.71734],[127.68453,36.71967],[127.68605,36.72066],[127.68689,36.72049],[127.68794,36.7195],[127.68805,36.71788],[127.68779,36.71755],[127.688,36.71706],[127.69007,36.7141],[127.69269,36.71207],[127.69435,36.71198],[127.69567,36.71086],[127.6973,36.71026],[127.69984,36.7107],[127.70087,36.71019],[127.70145,36.71024],[127.7022,36.71124],[127.70197,36.7126],[127.7022,36.71322],[127.70327,36.71367],[127.70357,36.71439],[127.70426,36.71478],[127.70625,36.7149],[127.70861,36.71579],[127.71048,36.71533],[127.71077,36.71615],[127.71188,36.71699],[127.71346,36.71647],[127.7168,36.7171],[127.71893,36.7164],[127.71958,36.7159],[127.72232,36.71606],[127.7238,36.7153],[127.72571,36.71644],[127.72822,36.71631],[127.72874,36.7159],[127.72961,36.71585],[127.73033,36.71668],[127.72938,36.71856],[127.72866,36.72147],[127.72801,36.72281],[127.72783,36.72433],[127.72641,36.72481],[127.72541,36.72708],[127.72514,36.72864],[127.72321,36.73037],[127.72326,36.73128],[127.72274,36.7324],[127.7216,36.73279],[127.7215,36.73314],[127.72216,36.73395],[127.72177,36.73428],[127.7218,36.73471],[127.72239,36.73569],[127.7225,36.73681],[127.72072,36.73791],[127.71976,36.73936],[127.71849,36.73981],[127.71749,36.74132],[127.71915,36.74261],[127.72038,36.74193],[127.72234,36.74269],[127.72281,36.74235],[127.72434,36.7425],[127.72464,36.7427],[127.72386,36.74328],[127.72415,36.74335],[127.72384,36.74381],[127.72397,36.7447],[127.72446,36.74563],[127.72534,36.74573],[127.72473,36.74593],[127.72484,36.74685],[127.72333,36.75124],[127.72142,36.7531],[127.72084,36.75474],[127.71943,36.75569],[127.71838,36.75742],[127.71914,36.75802],[127.71977,36.75927],[127.71904,36.76123],[127.71938,36.76216],[127.71904,36.76311],[127.71913,36.76564],[127.7196,36.76649],[127.72042,36.76708],[127.72076,36.76841],[127.71949,36.77039],[127.7195,36.77135],[127.71993,36.77198],[127.71938,36.774],[127.71705,36.77413],[127.71612,36.77454],[127.71572,36.77531],[127.70963,36.77953],[127.70869,36.77906],[127.70763,36.7796],[127.70461,36.78025],[127.70164,36.78182],[127.70078,36.78169],[127.70046,36.78217],[127.6997,36.78229],[127.69881,36.78305],[127.69758,36.78351],[127.69619,36.78374],[127.69388,36.78276],[127.69278,36.78316],[127.69118,36.78238],[127.68974,36.7824],[127.68837,36.78073],[127.68712,36.78176],[127.68541,36.7825],[127.68381,36.7826],[127.68251,36.78373],[127.68143,36.78682],[127.68184,36.78995],[127.6802,36.79115],[127.67963,36.79228],[127.67825,36.79289],[127.67749,36.79581],[127.67627,36.79593],[127.67569,36.79672],[127.67504,36.79701],[127.67486,36.79834],[127.6743,36.79915],[127.67371,36.79943]]]}},{"type":"Feature","properties":{"zoneId":"Z000200580","zoneName":"칠성중학구","zoneType":"middle","level":"중학교","kind":"dedicated","oneWay":false,"sggCode":"760","eduCode":"8092000","eduName":"충청북도괴산증평교육지원청","updatedAt":"2016-08-12"},"geometry":{"type":"Polygon","coordinates":[[[127.88676,36.80877],[127.88651,36.80903],[127.88562,36.80931],[127.88437,36.80776],[127.88369,36.80783],[127.88151,36.80706],[127.88073,36.8074],[127.87994,36.80625],[127.87699,36.80473],[127.87687,36.80345],[127.87637,36.80256],[127.87643,36.80148],[127.87449,36.80108],[127.87413,36.8013],[127.87262,36.80044],[127.87178,36.80045],[127.8713,36.79974],[127.8683,36.80102],[127.86648,36.80313],[127.86452,36.80422],[127.86145,36.80368],[127.8607,36.8034],[127.86008,36.80262],[127.8568,36.80367],[127.85354,36.80321],[127.85128,36.80257],[127.84893,36.80136],[127.84684,36.80177],[127.84633,36.80131],[127.84261,36.80173],[127.84119,36.80257],[127.83992,36.8023],[127.83789,36.80175],[127.83702,36.8008],[127.83483,36.79986],[127.83506,36.79825],[127.83433,36.79782],[127.83281,36.79814],[127.83172,36.79978],[127.83096,36.79978],[127.82963,36.80071],[127.82916,36.80025],[127.82735,36.8004],[127.82727,36.80093],[127.82586,36.80196],[127.82596,36.80236],[127.82531,36.80312],[127.82337,36.80332],[127.8222,36.80408],[127.82107,36.8039],[127.82109,36.80338],[127.82059,36.80312],[127.82077,36.80266],[127.81941,36.80201],[127.81916,36.80054],[127.81938,36.80011],[127.81895,36.79912],[127.81928,36.79839],[127.81869,36.79765],[127.81858,36.79657],[127.81597,36.79533],[127.81239,36.79261],[127.81207,36.79139],[127.81256,36.78925],[127.81224,36.78778],[127.81246,36.78688],[127.81436,36.7851],[127.81635,36.78436],[127.81564,36.78378],[127.81571,36.7825],[127.81536,36.78144],[127.81468,36.78072],[127.81455,36.77995],[127.81351,36.77969],[127.81309,36.77869],[127.81528,36.77675],[127.81532,36.77494],[127.81688,36.77412],[127.81932,36.77505],[127.82013,36.77477],[127.82051,36.77381],[127.8218,36.77314],[127.8212,36.7704],[127.82021,36.76912],[127.82069,36.76799],[127.82055,36.76499],[127.82168,36.76288],[127.82175,36.76133],[127.82329,36.76164],[127.82446,36.76151],[127.82628,36.75923],[127.82632,36.75856],[127.82752,36.75639],[127.82729,36.75534],[127.82762,36.75363],[127.82973,36.75111],[127.82918,36.75048],[127.8292,36.74908],[127.82892,36.74854],[127.82935,36.74662],[127.82901,36.74594],[127.82799,36.74564],[127.82664,36.74433],[127.82659,36.7425],[127.82696,36.74177],[127.82647,36.74101],[127.82476,36.74032],[127.82442,36.73955],[127.82321,36.7386],[127.82424,36.73606],[127.82627,36.7332],[127.8254,36.73226],[127.82531,36.73154],[127.82592,36.73081],[127.8265,36.7289],[127.82725,36.7238],[127.82816,36.72379],[127.829,36.7249],[127.83379,36.72306],[127.83535,36.72397],[127.8359,36.7248],[127.83905,36.72491],[127.84233,36.7222],[127.84381,36.71998],[127.84364,36.71882],[127.84439,36.71783],[127.84533,36.71691],[127.84672,36.71696],[127.84753,36.71559],[127.84935,36.71548],[127.85049,36.71622],[127.85131,36.71636],[127.85451,36.71599],[127.85526,36.71569],[127.85629,36.71407],[127.85836,36.71277],[127.85878,36.71169],[127.86487,36.70999],[127.86696,36.71035],[127.86895,36.70862],[127.87377,36.70746],[127.87598,36.70655],[127.88062,36.71054],[127.88374,36.71262],[127.8862,36.71305],[127.888,36.71305],[127.88987,36.71258],[127.89136,36.71041],[127.89463,36.71029],[127.89593,36.70948],[127.8972,36.70944],[127.90239,36.70477],[127.90347,36.7049],[127.90621,36.70418],[127.90939,36.70474],[127.91201,36.70419],[127.91289,36.70521],[127.91469,36.70517],[127.91523,36.70607],[127.91725,36.70727],[127.91876,36.70636],[127.91976,36.70696],[127.92204,36.70703],[127.92336,36.70657],[127.9235,36.70588],[127.92472,36.70599],[127.92563,36.70558],[127.92628,36.7047],[127.93195,36.70344],[127.93357,36.70649],[127.93459,36.70571],[127.93809,36.70688],[127.93898,36.70656],[127.9429,36.70689],[127.94461,36.70604],[127.9457,36.70641],[127.94648,36.70621],[127.94953,36.70805],[127.9492,36.70847],[127.94918,36.70925],[127.94963,36.71264],[127.94886,36.71401],[127.94965,36.71599],[127.94915,36.71732],[127.94874,36.71755],[127.94933,36.71874],[127.94918,36.71988],[127.95145,36.72062],[127.95361,36.72268],[127.95485,36.72716],[127.95426,36.72822],[127.95534,36.72949],[127.95539,36.73111],[127.95499,36.73142],[127.95516,36.732],[127.95665,36.73349],[127.95697,36.73559],[127.95846,36.73684],[127.95986,36.73699],[127.95983,36.73798],[127.96084,36.73915],[127.96036,36.73983],[127.95925,36.74],[127.9582,36.74075],[127.95707,36.74017],[127.9553,36.74113],[127.95283,36.74131],[127.95046,36.74256],[127.94695,36.74357],[127.94439,36.74542],[127.94493,36.74692],[127.94396,36.74898],[127.94369,36.75015],[127.94407,36.75161],[127.94352,36.753],[127.94204,36.7548],[127.94074,36.75704],[127.94028,36.75852],[127.93861,36.7605],[127.93727,36.76369],[127.9371,36.76582],[127.93603,36.76746],[127.93511,36.76801],[127.93476,36.76928],[127.93442,36.76943],[127.93377,36.77089],[127.93366,36.77224],[127.92955,36.77459],[127.92859,36.77485],[127.92707,36.77749],[127.92563,36.77773],[127.92164,36.77672],[127.92047,36.77707],[127.91935,36.77644],[127.91825,36.77705],[127.91725,36.77711],[127.91572,36.7807],[127.91566,36.78136],[127.91608,36.78251],[127.91646,36.78272],[127.91319,36.78319],[127.91002,36.7843],[127.90808,36.78452],[127.906,36.78633],[127.90391,36.78915],[127.90217,36.78961],[127.90183,36.7902],[127.89786,36.79161],[127.89865,36.79396],[127.89769,36.79433],[127.89687,36.79572],[127.89704,36.79695],[127.89499,36.7984],[127.89572,36.79987],[127.89582,36.80309],[127.8964,36.80433],[127.89405,36.80548],[127.89365,36.8072],[127.89264,36.80888],[127.88986,36.80746],[127.88753,36.80882],[127.88676,36.80877]]]}},{"type":"Feature","properties":{"zoneId":"Z000210053","zoneName":"영동읍학교군심천중학구공동학구","zoneType":"middle","level":"중학교","kind":"shared","oneWay":false,"sggCode":"740","eduCode":"8071000","eduName":"충청북도영동교육지원청","updatedAt":"2016-08-12"},"geometry":{"type":"Polygon","coordinates":[[[127.76562,36.24929],[127.76528,36.24947],[127.76437,36.24962],[127.76385,36.25015],[127.76309,36.25005],[127.76294,36.24864],[127.76242,36.24759],[127.76284,36.24698],[127.76174,36.24608],[127.76247,36.2452],[127.76249,36.24464],[127.76157,36.24363],[127.76144,36.24252],[127.76085,36.24257],[127.76036,36.24139],[127.75957,36.24101],[127.75935,36.24043],[127.75978,36.23887],[127.75957,36.23747],[127.76081,36.23735],[127.76455,36.23445],[127.76463,36.23198],[127.76397,36.23041],[127.76363,36.23022],[127.76418,36.22933],[127.76356,36.22742],[127.76387,36.22705],[127.76357,36.22591],[127.76372,36.22493],[127.765,36.22412],[127.76534,36.22299],[127.76637,36.22303],[127.76881,36.22179],[127.77214,36.22182],[127.77323,36.222],[127.77398,36.22332],[127.77618,36.22288],[127.77743,36.22328],[127.77898,36.22277],[127.77899,36.22213],[127.78147,36.22116],[127.78212,36.22161],[127.78289,36.22158],[127.78372,36.22115],[127.78572,36.22088],[127.78583,36.2206],[127.78845,36.2215],[127.78924,36.22101],[127.79071,36.22111],[127.79244,36.22229],[127.7932,36.22242],[127.79393,36.22142],[127.79514,36.22089],[127.79635,36.22213],[127.79698,36.22336],[127.79768,36.22388],[127.79687,36.22455],[127.79566,36.2268],[127.7961,36.22924],[127.79552,36.22984],[127.79664,36.23099],[127.79672,36.23155],[127.79528,36.23391],[127.79709,36.23447],[127.79853,36.23591],[127.79873,36.2366],[127.79772,36.23948],[127.79867,36.24112],[127.79694,36.24167],[127.79657,36.24111],[127.79513,36.24031],[127.79205,36.23995],[127.79109,36.23922],[127.79244,36.23767],[127.79167,36.23767],[127.79032,36.2387],[127.78701,36.242],[127.78609,36.24129],[127.78378,36.24071],[127.78224,36.23918],[127.78204,36.2382],[127.78152,36.23784],[127.78041,36.23782],[127.77985,36.23815],[127.77913,36.23908],[127.77925,36.23969],[127.77518,36.23901],[127.77454,36.23992],[127.77473,36.24139],[127.7743,36.24233],[127.77478,36.24255],[127.77346,36.244],[127.77319,36.24506],[127.77213,36.2452],[127.77089,36.2448],[127.7697,36.24693],[127.76844,36.24806],[127.76845,36.24863],[127.76752,36.24864],[127.76768,36.24897],[127.76637,36.24935],[127.76562,36.24929]]]}},{"type":"Feature","properties":{"zoneId":"Z000210175","zoneName":"괴산중학구괴산오성중학구공동학구","zoneType":"middle","level":"중학교","kind":"shared","oneWay":false,"sggCode":"760","eduCode":"8092000","eduName":"충청북도괴산증평교육지원청","updatedAt":"2018-02-26"},"geometry":{"type":"Polygon","coordinates":[[[127.69822,36.88028],[127.69822,36.88028],[127.69803,36.88061],[127.69656,36.88005],[127.69397,36.88005],[127.69349,36.87967],[127.6932,36.87874],[127.69176,36.87867],[127.69215,36.87787],[127.69165,36.87731],[127.69184,36.87667],[127.69086,36.87397],[127.69021,36.87334],[127.69025,36.87234],[127.68977,36.87155],[127.68771,36.87058],[127.68689,36.86911],[127.68621,36.86893],[127.68588,36.86849],[127.68565,36.8657],[127.68616,36.86515],[127.68596,36.86472],[127.68624,36.86339],[127.68716,36.86249],[127.68711,36.86134],[127.6868,36.86118],[127.68652,36.85987],[127.68611,36.85936],[127.68409,36.85902],[127.6833,36.85672],[127.68359,36.85617],[127.68294,36.85545],[127.68206,36.85498],[127.68034,36.85303],[127.67979,36.85311],[127.67873,36.85261],[127.67777,36.85157],[127.67784,36.85095],[127.67843,36.85036],[127.67809,36.84954],[127.67832,36.84864],[127.67787,36.84803],[127.67776,36.8455],[127.67726,36.84334],[127.67832,36.84059],[127.68033,36.83868],[127.68048,36.83726],[127.68187,36.83402],[127.68169,36.83365],[127.68253,36.83302],[127.68198,36.83218],[127.68238,36.83125],[127.68189,36.82856],[127.68269,36.82769],[127.68209,36.82575],[127.68246,36.82514],[127.68212,36.82399],[127.6822,36.82233],[127.68256,36.82155],[127.6836,36.82191],[127.68328,36.82106],[127.68415,36.82002],[127.68524,36.81942],[127.68729,36.81955],[127.68883,36.81924],[127.69008,36.81803],[127.69261,36.81658],[127.69261,36.81529],[127.69332,36.81477],[127.69471,36.81424],[127.69573,36.81442],[127.69634,36.81391],[127.69971,36.81286],[127.70025,36.81233],[127.70145,36.81207],[127.70201,36.81107],[127.70417,36.81029],[127.70716,36.80748],[127.70688,36.80518],[127.70565,36.80321],[127.70747,36.8015],[127.70949,36.80049],[127.70868,36.79931],[127.70853,36.79846],[127.70693,36.79712],[127.70464,36.797],[127.70414,36.79642],[127.7025,36.7959],[127.69952,36.79262],[127.69915,36.79159],[127.69945,36.7907],[127.6985,36.79026],[127.6977,36.78904],[127.69769,36.78606],[127.69689,36.7852],[127.697,36.78352],[127.69832,36.78331],[127.6997,36.78229],[127.70046,36.78217],[127.70078,36.78169],[127.70164,36.78182],[127.70461,36.78025],[127.70763,36.7796],[127.70869,36.77906],[127.70963,36.77953],[127.71572,36.77531],[127.71612,36.77454],[127.71705,36.77413],[127.71938,36.774],[127.71993,36.77198],[127.7195,36.77135],[127.71949,36.77039],[127.72076,36.76841],[127.72042,36.76708],[127.7196,36.76649],[127.71913,36.76564],[127.71904,36.76311],[127.71938,36.76216],[127.71904,36.76123],[127.71977,36.75927],[127.71914,36.75802],[127.71838,36.75742],[127.71943,36.75569],[127.72084,36.75474],[127.72142,36.7531],[127.72333,36.75124],[127.72484,36.74685],[127.72473,36.74593],[127.72534,36.74573],[127.72446,36.74563],[127.72397,36.7447],[127.72384,36.74381],[127.72415,36.74335],[127.72386,36.74328],[127.72464,36.7427],[127.72434,36.7425],[127.72281,36.74235],[127.72234,36.74269],[127.72038,36.74193],[127.71915,36.74261],[127.71841,36.74226],[127.71749,36.74132],[127.71849,36.73981],[127.71976,36.73936],[127.72072,36.73791],[127.7225,36.73681],[127.72423,36.73756],[127.72527,36.73724],[127.72797,36.73762],[127.72966,36.73703],[127.73039,36.73753],[127.73116,36.73868],[127.73269,36.73788],[127.73388,36.73848],[127.7338,36.73893],[127.73447,36.74028],[127.73556,36.74029],[127.73685,36.74127],[127.73713,36.74186],[127.73915,36.74267],[127.7398,36.74326],[127.74175,36.74293],[127.74219,36.7423],[127.74405,36.74124],[127.74633,36.74108],[127.74696,36.73947],[127.74769,36.73888],[127.74891,36.73596],[127.74867,36.73414],[127.74703,36.73316],[127.74707,36.7323],[127.748,36.73009],[127.74732,36.72855],[127.74789,36.72828],[127.74837,36.72726],[127.74991,36.7258],[127.75125,36.72499],[127.75308,36.72467],[127.75375,36.72401],[127.75444,36.72232],[127.75667,36.72013],[127.75704,36.71907],[127.75808,36.71828],[127.76001,36.71816],[127.76176,36.71698],[127.76277,36.71597],[127.76323,36.71483],[127.76531,36.71324],[127.76889,36.71211],[127.76928,36.71169],[127.77054,36.71201],[127.77497,36.71158],[127.77642,36.71115],[127.77732,36.71046],[127.77845,36.71047],[127.77971,36.70977],[127.78342,36.70914],[127.78449,36.70944],[127.7871,36.70851],[127.78772,36.7092],[127.78899,36.70903],[127.78978,36.70832],[127.79207,36.70732],[127.79397,36.70682],[127.79437,36.70702],[127.79506,36.70642],[127.799,36.70496],[127.7997,36.70755],[127.80081,36.70858],[127.80101,36.71231],[127.80074,36.71292],[127.80108,36.7136],[127.80486,36.71006],[127.80509,36.7103],[127.80656,36.70968],[127.8119,36.70888],[127.81402,36.70801],[127.81467,36.70665],[127.81523,36.70658],[127.81628,36.70707],[127.81784,36.70705],[127.82011,36.70567],[127.8226,36.70494],[127.82377,36.70528],[127.82456,36.70603],[127.82485,36.70697],[127.82588,36.70738],[127.82616,36.70721],[127.8262,36.70643],[127.82678,36.70602],[127.8269,36.70515],[127.82759,36.70461],[127.83086,36.70449],[127.83075,36.70545],[127.83022,36.70621],[127.83264,36.70868],[127.8357,36.70715],[127.83735,36.70941],[127.83814,36.70918],[127.8402,36.71091],[127.84241,36.71131],[127.84405,36.71022],[127.84483,36.71046],[127.84658,36.70984],[127.84697,36.71011],[127.84698,36.71178],[127.84848,36.71351],[127.8483,36.71412],[127.84867,36.71552],[127.84753,36.71559],[127.84672,36.71696],[127.84533,36.71691],[127.84439,36.71783],[127.84364,36.71882],[127.84381,36.71998],[127.84233,36.7222],[127.83905,36.72491],[127.8359,36.7248],[127.83535,36.72397],[127.83379,36.72306],[127.829,36.7249],[127.82816,36.72379],[127.82725,36.7238],[127.8265,36.7289],[127.82592,36.73081],[127.82531,36.73154],[127.8254,36.73226],[127.82627,36.7332],[127.82424,36.73606],[127.82321,36.7386],[127.82442,36.73955],[127.82476,36.74032],[127.82647,36.74101],[127.82696,36.74177],[127.82659,36.7425],[127.82664,36.74433],[127.82799,36.74564],[127.82901,36.74594],[127.82935,36.74662],[127.82892,36.74854],[127.8292,36.74908],[127.82918,36.75048],[127.82973,36.75111],[127.82762,36.75363],[127.82729,36.75534],[127.82752,36.75639],[127.82632,36.75856],[127.82628,36.75923],[127.82446,36.76151],[127.82329,36.76164],[127.82175,36.76133],[127.82168,36.76288],[127.82055,36.76499],[127.82069,36.76799],[127.82021,36.76912],[127.8212,36.7704],[127.8218,36.77314],[127.82051,36.77381],[127.82013,36.77477],[127.81932,36.77505],[127.81688,36.77412],[127.81532,36.77494],[127.81528,36.77675],[127.81309,36.77869],[127.81351,36.77969],[127.81455,36.77995],[127.81468,36.78072],[127.81536,36.78144],[127.81571,36.7825],[127.81564,36.78378],[127.81635,36.78436],[127.81436,36.7851],[127.81246,36.78688],[127.81224,36.78778],[127.81256,36.78925],[127.81207,36.79139],[127.81239,36.79261],[127.81341,36.79344],[127.81597,36.79533],[127.81858,36.79657],[127.81869,36.79765],[127.81928,36.79839],[127.81895,36.79912],[127.81938,36.80011],[127.81916,36.80054],[127.81941,36.80201],[127.82077,36.80266],[127.82059,36.80312],[127.82109,36.80338],[127.82107,36.8039],[127.8222,36.80408],[127.82337,36.80332],[127.82531,36.80312],[127.82596,36.80236],[127.82586,36.80196],[127.82727,36.80093],[127.82735,36.8004],[127.82916,36.80025],[127.82963,36.80071],[127.83096,36.79978],[127.83172,36.79978],[127.83281,36.79814],[127.83464,36.79782],[127.83506,36.79825],[127.83483,36.79986],[127.83555,36.79997],[127.83702,36.8008],[127.83783,36.80172],[127.83899,36.80211],[127.84119,36.80257],[127.84261,36.80173],[127.84633,36.80131],[127.84684,36.80177],[127.84893,36.80136],[127.85128,36.80257],[127.85354,36.80321],[127.8568,36.80367],[127.86008,36.80262],[127.8607,36.8034],[127.86145,36.80368],[127.86452,36.80422],[127.8637,36.80577],[127.86228,36.80661],[127.86278,36.80941],[127.8626,36.80977],[127.85966,36.81156],[127.8603,36.81206],[127.86143,36.81456],[127.86042,36.81471],[127.85901,36.81681],[127.85734,36.81815],[127.85665,36.81828],[127.85562,36.8175],[127.8547,36.8175],[127.85125,36.8204],[127.84963,36.82194],[127.84923,36.82331],[127.84823,36.82475],[127.84787,36.82633],[127.84629,36.82789],[127.84467,36.82804],[127.84276,36.82903],[127.84224,36.82792],[127.84183,36.82803],[127.84225,36.83091],[127.84353,36.83357],[127.84447,36.83417],[127.84873,36.83517],[127.85497,36.83785],[127.85637,36.84029],[127.85576,36.84211],[127.85491,36.84248],[127.85124,36.84278],[127.84726,36.84415],[127.84585,36.84585],[127.84479,36.84552],[127.8442,36.85112],[127.84436,36.8531],[127.8427,36.85302],[127.84207,36.85229],[127.84231,36.85193],[127.84113,36.8505],[127.84096,36.84991],[127.84126,36.84942],[127.84219,36.84879],[127.84171,36.84739],[127.84183,36.84665],[127.84086,36.84522],[127.83988,36.84541],[127.83811,36.84673],[127.83636,36.84736],[127.83567,36.84727],[127.83553,36.84684],[127.83432,36.84661],[127.8326,36.84449],[127.83099,36.84456],[127.83078,36.84394],[127.83015,36.8438],[127.829,36.8437],[127.82841,36.84421],[127.82811,36.84411],[127.82756,36.84482],[127.82551,36.84495],[127.82391,36.84573],[127.82308,36.84728],[127.82213,36.84717],[127.82151,36.84756],[127.82055,36.84761],[127.82016,36.84868],[127.81916,36.84973],[127.81755,36.85028],[127.81753,36.85128],[127.81574,36.85366],[127.81606,36.85508],[127.81461,36.85515],[127.8141,36.85616],[127.81291,36.85627],[127.81282,36.85691],[127.81085,36.85677],[127.80991,36.85625],[127.80879,36.85798],[127.80773,36.85846],[127.80723,36.8582],[127.80536,36.85899],[127.80169,36.85838],[127.80059,36.85753],[127.79955,36.85844],[127.79887,36.85836],[127.79785,36.85885],[127.79727,36.85968],[127.79664,36.86152],[127.79643,36.86388],[127.79495,36.86379],[127.79403,36.8641],[127.79258,36.86371],[127.79159,36.86382],[127.79005,36.86479],[127.78918,36.86456],[127.78804,36.86346],[127.7875,36.86349],[127.78589,36.86515],[127.78454,36.86513],[127.78386,36.86565],[127.78075,36.86468],[127.78033,36.86538],[127.77915,36.86607],[127.77927,36.86641],[127.77777,36.86766],[127.77767,36.86874],[127.77607,36.87058],[127.7748,36.87151],[127.77134,36.87142],[127.77052,36.87075],[127.76916,36.87038],[127.76816,36.87121],[127.76831,36.87199],[127.76669,36.87478],[127.76505,36.87606],[127.76489,36.87661],[127.76247,36.87749],[127.76092,36.87675],[127.76085,36.87591],[127.7586,36.87384],[127.75757,36.87403],[127.75645,36.87363],[127.75429,36.87349],[127.75339,36.87372],[127.75247,36.87477],[127.75054,36.87332],[127.74881,36.87383],[127.74793,36.87442],[127.74762,36.87623],[127.74543,36.87803],[127.74348,36.87744],[127.7395,36.87864],[127.73798,36.87785],[127.73751,36.87865],[127.73524,36.87994],[127.73328,36.87943],[127.73189,36.87865],[127.73038,36.87852],[127.72828,36.87938],[127.72797,36.87996],[127.72664,36.87961],[127.72522,36.88007],[127.72403,36.87967],[127.72374,36.87864],[127.72279,36.87814],[127.71965,36.87747],[127.71867,36.87806],[127.71624,36.87716],[127.71536,36.87747],[127.71449,36.87879],[127.71345,36.87845],[127.71313,36.87891],[127.71143,36.87878],[127.71053,36.87813],[127.70856,36.87838],[127.70814,36.878],[127.70772,36.87592],[127.70691,36.87615],[127.7069,36.87651],[127.70554,36.87662],[127.70406,36.87762],[127.70258,36.87811],[127.70019,36.87822],[127.69916,36.87981],[127.69822,36.88028]]]}},{"type":"Feature","properties":{"zoneId":"Z000210057","zoneName":"증평읍학교군괴산중학구괴산오성중학구공동학구","zoneType":"middle","level":"중학교","kind":"shared","oneWay":false,"sggCode":"760","eduCode":"8092000","eduName":"충청북도괴산증평교육지원청","updatedAt":"2018-02-27"},"geometry":{"type":"Polygon","coordinates":[[[127.65441,36.86042],[127.65441,36.86042],[127.65349,36.86093],[127.6524,36.86087],[127.65075,36.85985],[127.64907,36.85972],[127.64853,36.85997],[127.64781,36.85931],[127.64444,36.85796],[127.64443,36.857],[127.64342,36.85683],[127.64202,36.85575],[127.64111,36.85383],[127.64025,36.85317],[127.63909,36.85044],[127.63812,36.84974],[127.6378,36.84874],[127.63733,36.8459],[127.63781,36.84565],[127.63821,36.84463],[127.63918,36.84358],[127.63889,36.84289],[127.63914,36.84256],[127.63843,36.84183],[127.63859,36.84111],[127.6379,36.84013],[127.63659,36.83914],[127.63671,36.8384],[127.63605,36.83762],[127.63616,36.83713],[127.6356,36.8367],[127.63406,36.83642],[127.63399,36.83476],[127.63349,36.83409],[127.63266,36.83146],[127.63168,36.8305],[127.6309,36.83041],[127.63061,36.82905],[127.63013,36.82855],[127.63055,36.82781],[127.63044,36.82565],[127.62952,36.82449],[127.62998,36.82263],[127.62929,36.82157],[127.62971,36.82119],[127.63022,36.81923],[127.62986,36.81848],[127.63058,36.81727],[127.6301,36.81624],[127.63132,36.81501],[127.63239,36.81459],[127.63508,36.81256],[127.63543,36.81116],[127.63498,36.80881],[127.63422,36.80826],[127.63401,36.8073],[127.63458,36.80686],[127.63538,36.80715],[127.63592,36.80654],[127.63551,36.80539],[127.63608,36.80464],[127.64013,36.80344],[127.64034,36.80154],[127.64168,36.8013],[127.64194,36.80074],[127.64159,36.80049],[127.64162,36.79995],[127.64365,36.7992],[127.64413,36.79775],[127.64384,36.79639],[127.64418,36.79606],[127.64487,36.79624],[127.64589,36.79599],[127.64618,36.79463],[127.64724,36.79519],[127.64821,36.7967],[127.65008,36.79588],[127.65137,36.79593],[127.65179,36.79628],[127.65313,36.79519],[127.65356,36.79544],[127.65445,36.79531],[127.65607,36.79681],[127.657,36.79708],[127.65884,36.79697],[127.65929,36.79732],[127.66038,36.79708],[127.66131,36.79781],[127.66174,36.79908],[127.66444,36.79898],[127.66845,36.79971],[127.67157,36.79938],[127.67355,36.80074],[127.67371,36.79943],[127.6743,36.79915],[127.67486,36.79834],[127.67504,36.79701],[127.67569,36.79672],[127.67627,36.79593],[127.67749,36.79581],[127.67825,36.79289],[127.67963,36.79228],[127.6802,36.79115],[127.68184,36.78995],[127.68143,36.78682],[127.68287,36.78316],[127.68381,36.7826],[127.68541,36.7825],[127.68651,36.78204],[127.68837,36.78073],[127.68974,36.7824],[127.69118,36.78238],[127.69278,36.78316],[127.69388,36.78276],[127.69619,36.78374],[127.697,36.78352],[127.69689,36.7852],[127.69769,36.78606],[127.6977,36.78904],[127.6985,36.79026],[127.69945,36.7907],[127.69915,36.79159],[127.69952,36.79262],[127.7025,36.7959],[127.70414,36.79642],[127.70464,36.797],[127.70693,36.79712],[127.70853,36.79846],[127.70868,36.79931],[127.70949,36.80049],[127.70747,36.8015],[127.70565,36.80321],[127.70688,36.80518],[127.70716,36.80748],[127.70417,36.81029],[127.70201,36.81107],[127.70145,36.81207],[127.70025,36.81233],[127.69971,36.81286],[127.69634,36.81391],[127.69573,36.81442],[127.69471,36.81424],[127.69332,36.81477],[127.69261,36.81529],[127.69261,36.81658],[127.69008,36.81803],[127.68883,36.81924],[127.68729,36.81955],[127.68524,36.81942],[127.68415,36.82002],[127.68328,36.82106],[127.6836,36.82191],[127.68256,36.82155],[127.6822,36.82233],[127.68212,36.82399],[127.68246,36.82514],[127.68209,36.82575],[127.68269,36.82769],[127.68189,36.82856],[127.68238,36.83125],[127.68198,36.83218],[127.68253,36.83302],[127.68169,36.83365],[127.68187,36.83402],[127.68048,36.83726],[127.68033,36.83868],[127.67832,36.84059],[127.67726,36.84309],[127.67787,36.84803],[127.67832,36.84864],[127.67809,36.84954],[127.67839,36.85058],[127.67784,36.85095],[127.67606,36.8509],[127.67603,36.85195],[127.67476,36.85313],[127.67244,36.85346],[127.67132,36.85474],[127.66921,36.85495],[127.66849,36.85668],[127.66736,36.85718],[127.6671,36.85771],[127.66564,36.85807],[127.66408,36.85779],[127.66319,36.858],[127.66139,36.85978],[127.65875,36.86033],[127.65756,36.86025],[127.65721,36.86062],[127.65645,36.86072],[127.6554,36.8608],[127.65441,36.86042]]]}},{"type":"Feature","properties":{"zoneId":"Z000201387","zoneName":"단양소백산중학구","zoneType":"middle","level":"중학교","kind":"dedicated","oneWay":false,"sggCode":"800","eduCode":"8111000","eduName":"충청북도단양교육지원청","updatedAt":"2017-02-22"},"geometry":{"type":"Polygon","coordinates":[[[128.3841,37.15798],[128.3841,37.15798],[128.3837,37.15821],[128.38332,37.1566],[128.38222,37.15594],[128.38185,37.15522],[128.38147,37.15599],[128.38125,37.15547],[128.38051,37.15499],[128.37875,37.15469],[128.37877,37.15384],[128.37809,37.15308],[128.37816,37.15174],[128.37708,37.15167],[128.37672,37.1517],[128.37583,37.15331],[128.37413,37.15349],[128.36931,37.15512],[128.36839,37.15444],[128.36789,37.15443],[128.36535,37.15764],[128.36442,37.15763],[128.36446,37.15624],[128.36258,37.15394],[128.36217,37.1527],[128.35972,37.15022],[128.35828,37.15228],[128.35559,37.1536],[128.35398,37.15567],[128.35151,37.15741],[128.3508,37.15757],[128.35051,37.15703],[128.34875,37.15699],[128.34822,37.15651],[128.34763,37.1565],[128.34704,37.15718],[128.34538,37.1561],[128.34343,37.15631],[128.34259,37.15594],[128.34201,37.15621],[128.34139,37.15739],[128.34049,37.15809],[128.33896,37.15775],[128.33818,37.15809],[128.3355,37.15725],[128.33475,37.15652],[128.33446,37.15598],[128.33491,37.15512],[128.33347,37.15248],[128.33305,37.15256],[128.33067,37.15034],[128.32922,37.15201],[128.32784,37.15301],[128.32747,37.15294],[128.32704,37.15109],[128.32613,37.14995],[128.32599,37.14911],[128.32473,37.14807],[128.32306,37.14851],[128.32202,37.14922],[128.31979,37.14726],[128.31853,37.14784],[128.31672,37.14756],[128.31211,37.145],[128.31111,37.14578],[128.30952,37.14493],[128.30922,37.14396],[128.30932,37.1428],[128.3074,37.14064],[128.30588,37.13953],[128.30636,37.13753],[128.30099,37.13595],[128.30073,37.13527],[128.29834,37.13419],[128.29964,37.13373],[128.30001,37.13205],[128.30109,37.1313],[128.30221,37.12953],[128.30346,37.12894],[128.30374,37.12829],[128.30311,37.12696],[128.30357,37.12467],[128.30332,37.12199],[128.30381,37.1186],[128.30419,37.11731],[128.30495,37.1162],[128.30582,37.11551],[128.30837,37.11451],[128.30895,37.1119],[128.3084,37.11067],[128.30842,37.10986],[128.3065,37.10897],[128.30569,37.10679],[128.30569,37.10574],[128.30602,37.10514],[128.30468,37.10298],[128.3046,37.10197],[128.30383,37.10033],[128.30068,37.09853],[128.29998,37.0985],[128.29877,37.09942],[128.29786,37.09878],[128.29535,37.09858],[128.29394,37.09806],[128.29571,37.0958],[128.29705,37.09506],[128.2982,37.09374],[128.29883,37.09266],[128.29873,37.09149],[128.29905,37.09112],[128.30133,37.08977],[128.30882,37.08372],[128.31095,37.0802],[128.31134,37.07899],[128.31234,37.07815],[128.31463,37.07732],[128.31545,37.07659],[128.31603,37.07522],[128.31907,37.07245],[128.32278,37.06669],[128.3231,37.06576],[128.3234,37.06197],[128.32245,37.0611],[128.32228,37.06049],[128.3225,37.06025],[128.32355,37.05985],[128.32398,37.05916],[128.32623,37.05854],[128.32774,37.05872],[128.32857,37.05915],[128.33152,37.05902],[128.3308,37.05732],[128.33151,37.05514],[128.33198,37.05428],[128.3333,37.05332],[128.3358,37.05044],[128.33721,37.047],[128.33884,37.0456],[128.33973,37.04565],[128.3407,37.04506],[128.34331,37.04474],[128.3448,37.04276],[128.34604,37.04197],[128.34807,37.0412],[128.35045,37.04095],[128.35176,37.04182],[128.35288,37.04308],[128.35624,37.04249],[128.35784,37.04269],[128.35992,37.04414],[128.3615,37.0438],[128.36376,37.04387],[128.36798,37.0454],[128.37101,37.04566],[128.37241,37.04455],[128.3733,37.03881],[128.37372,37.03825],[128.37546,37.03796],[128.37829,37.03654],[128.37948,37.03579],[128.38072,37.03434],[128.37988,37.03289],[128.37968,37.03111],[128.37818,37.0295],[128.37803,37.02803],[128.37723,37.02621],[128.37722,37.02443],[128.3751,37.02355],[128.37477,37.02251],[128.37521,37.02033],[128.37855,37.01983],[128.38141,37.02014],[128.38213,37.01366],[128.3836,37.01146],[128.3845,37.01141],[128.3873,37.00874],[128.38941,37.00538],[128.38945,37.00395],[128.38914,37.00308],[128.38832,37.0034],[128.38707,37.00139],[128.38432,36.99973],[128.38509,36.99709],[128.38505,36.99622],[128.38604,36.99561],[128.38871,36.99507],[128.38943,36.99444],[128.38953,36.99318],[128.38982,36.99283],[128.39184,36.9927],[128.39338,36.99201],[128.39596,36.9928],[128.39743,36.99211],[128.40056,36.99221],[128.4008,36.99269],[128.40263,36.99311],[128.40307,36.9935],[128.40462,36.99361],[128.40752,36.99256],[128.40898,36.99137],[128.41044,36.991],[128.41093,36.99123],[128.41312,36.99028],[128.41565,36.98733],[128.41672,36.98701],[128.42043,36.9872],[128.42052,36.98516],[128.42021,36.98485],[128.42007,36.98335],[128.4218,36.98127],[128.42498,36.9812],[128.42583,36.98089],[128.42674,36.97927],[128.42703,36.97763],[128.42855,36.97683],[128.42943,36.97575],[128.42983,36.97447],[128.4304,36.97399],[128.43233,36.97331],[128.43451,36.97201],[128.43647,36.97184],[128.44022,36.96943],[128.44153,36.96743],[128.44483,36.96512],[128.44583,36.96533],[128.44778,36.96507],[128.4491,36.9655],[128.45064,36.96437],[128.45592,36.96323],[128.45912,36.96156],[128.46235,36.96178],[128.46339,36.96233],[128.46811,36.96164],[128.46878,36.96099],[128.47467,36.96058],[128.47604,36.95988],[128.47657,36.95807],[128.47705,36.95744],[128.48144,36.9579],[128.4849,36.95747],[128.48598,36.96096],[128.48583,36.96168],[128.48642,36.96218],[128.48956,36.96373],[128.49087,36.96369],[128.49385,36.96442],[128.49628,36.96572],[128.49921,36.96675],[128.50007,36.96752],[128.50226,36.96789],[128.50673,36.97008],[128.50642,36.97319],[128.50974,36.97462],[128.51461,36.97758],[128.51387,36.9804],[128.51462,36.98252],[128.51562,36.98358],[128.51547,36.98682],[128.51488,36.98779],[128.51067,36.98998],[128.50957,36.99096],[128.50926,36.99278],[128.50429,36.99441],[128.50386,36.9953],[128.5018,36.99565],[128.49972,36.99771],[128.49696,36.99937],[128.49675,37.00028],[128.49566,37.00172],[128.49202,37.00375],[128.492,37.00483],[128.49269,37.00557],[128.49358,37.00774],[128.49351,37.00819],[128.49072,37.00938],[128.48884,37.01123],[128.48773,37.01163],[128.48638,37.01267],[128.48481,37.01406],[128.48474,37.01478],[128.48356,37.01611],[128.48274,37.01681],[128.48206,37.0169],[128.4818,37.01781],[128.48031,37.01925],[128.48008,37.01983],[128.47819,37.02064],[128.47768,37.02119],[128.47732,37.022],[128.47823,37.02359],[128.4775,37.02422],[128.47653,37.02683],[128.47584,37.02784],[128.4758,37.03095],[128.47489,37.03164],[128.47509,37.03362],[128.47221,37.03442],[128.47111,37.03528],[128.4698,37.03496],[128.46654,37.03736],[128.46407,37.03781],[128.46152,37.04058],[128.46027,37.043],[128.46082,37.04517],[128.46302,37.04666],[128.46072,37.05002],[128.46048,37.05141],[128.45588,37.05437],[128.45683,37.05576],[128.45705,37.05903],[128.45764,37.05993],[128.45778,37.06231],[128.46094,37.06536],[128.46105,37.06616],[128.46306,37.06753],[128.46312,37.06804],[128.46168,37.0712],[128.45739,37.07105],[128.456,37.07021],[128.45444,37.06994],[128.4546,37.06937],[128.45105,37.06857],[128.43994,37.06797],[128.44066,37.06932],[128.44305,37.07164],[128.44318,37.07348],[128.44584,37.07527],[128.44706,37.0776],[128.44777,37.07825],[128.44823,37.07934],[128.44849,37.08262],[128.4501,37.08454],[128.45238,37.08423],[128.45529,37.08621],[128.45662,37.08808],[128.45783,37.08832],[128.45876,37.08898],[128.45952,37.09199],[128.46028,37.09248],[128.46042,37.09317],[128.46121,37.09421],[128.46202,37.0945],[128.46259,37.09542],[128.46314,37.09557],[128.46417,37.09707],[128.4658,37.09781],[128.46671,37.0998],[128.46693,37.10117],[128.46832,37.1033],[128.46954,37.10378],[128.47037,37.10487],[128.47377,37.1072],[128.47728,37.10919],[128.47781,37.11015],[128.47322,37.11016],[128.4723,37.10984],[128.46817,37.11021],[128.46618,37.10992],[128.46632,37.10972],[128.46235,37.11046],[128.46167,37.11016],[128.4612,37.11047],[128.45805,37.11028],[128.45673,37.11068],[128.45531,37.11185],[128.45252,37.11172],[128.45084,37.11236],[128.45029,37.11222],[128.44836,37.11014],[128.44666,37.10902],[128.44645,37.10829],[128.44532,37.10747],[128.4448,37.10627],[128.44269,37.10924],[128.43982,37.10996],[128.43614,37.11199],[128.43514,37.11148],[128.43555,37.10951],[128.43058,37.10675],[128.43007,37.10531],[128.43012,37.10367],[128.42504,37.10248],[128.42306,37.10325],[128.423,37.10412],[128.42259,37.10473],[128.42262,37.10689],[128.42216,37.10779],[128.42257,37.10939],[128.42216,37.11016],[128.42356,37.11224],[128.42105,37.1137],[128.42075,37.11494],[128.41989,37.1163],[128.41974,37.11722],[128.42002,37.118],[128.41847,37.11981],[128.41615,37.12082],[128.41514,37.12025],[128.41311,37.12101],[128.41195,37.12198],[128.41104,37.12213],[128.40729,37.12638],[128.40575,37.12699],[128.396,37.12859],[128.39683,37.12937],[128.39703,37.13007],[128.3979,37.13062],[128.39809,37.13165],[128.40079,37.13333],[128.40088,37.13409],[128.40179,37.13481],[128.40132,37.13543],[128.40187,37.13678],[128.40147,37.1376],[128.40182,37.13852],[128.40338,37.13914],[128.40366,37.13962],[128.40241,37.14155],[128.40204,37.14329],[128.40104,37.14553],[128.40087,37.14688],[128.39934,37.14774],[128.39848,37.14773],[128.39637,37.14857],[128.39608,37.14935],[128.39563,37.14944],[128.39533,37.14999],[128.39537,37.15054],[128.39419,37.15147],[128.39353,37.15139],[128.39318,37.15173],[128.39321,37.15253],[128.39253,37.15339],[128.3928,37.1548],[128.39107,37.15512],[128.38876,37.15462],[128.38834,37.15525],[128.38613,37.15648],[128.38608,37.15688],[128.38448,37.15805],[128.3841,37.15798]]]}},{"type":"Feature","properties":{"zoneId":"Z000200549","zoneName":"제천덕산중학구","zoneType":"middle","level":"중학교","kind":"dedicated","oneWay":false,"sggCode":"150","eduCode":"8031000","eduName":"충청북도제천교육지원청","updatedAt":"2016-08-12"},"geometry":{"type":"Polygon","coordinates":[[[128.1469,36.93849],[128.14676,36.93882],[128.14325,36.93785],[128.14258,36.93738],[128.1411,36.93774],[128.14014,36.93713],[128.13879,36.93687],[128.13738,36.93676],[128.13693,36.93707],[128.13613,36.93648],[128.13413,36.93732],[128.13267,36.93845],[128.1321,36.93717],[128.13074,36.93647],[128.12997,36.93658],[128.12944,36.93627],[128.12881,36.93702],[128.12704,36.93733],[128.12651,36.937],[128.12596,36.93488],[128.1253,36.93409],[128.12225,36.9322],[128.11776,36.93108],[128.11654,36.93047],[128.11394,36.93079],[128.11382,36.9301],[128.11163,36.92886],[128.11142,36.92704],[128.11188,36.92531],[128.11076,36.92438],[128.10656,36.92257],[128.1061,36.92165],[128.10427,36.91972],[128.10491,36.91538],[128.10557,36.91446],[128.10708,36.9134],[128.10619,36.91151],[128.10586,36.90176],[128.10704,36.89293],[128.10705,36.8858],[128.10493,36.88362],[128.10457,36.88171],[128.10512,36.87899],[128.10604,36.87791],[128.10657,36.87612],[128.10643,36.87541],[128.10781,36.87456],[128.10817,36.87364],[128.10937,36.8729],[128.11134,36.87234],[128.11258,36.87145],[128.11344,36.86985],[128.11528,36.86816],[128.11793,36.86687],[128.12078,36.86615],[128.12284,36.86444],[128.12198,36.86402],[128.12143,36.86321],[128.12192,36.8623],[128.12162,36.86095],[128.12573,36.85741],[128.12553,36.85631],[128.12598,36.8546],[128.12251,36.85327],[128.12107,36.85224],[128.11864,36.85206],[128.1154,36.85035],[128.11239,36.84711],[128.11145,36.84368],[128.11884,36.84434],[128.12299,36.84314],[128.13115,36.84373],[128.13113,36.8414],[128.13289,36.83905],[128.13528,36.8389],[128.13764,36.83939],[128.13709,36.83772],[128.13633,36.83289],[128.13869,36.83278],[128.14106,36.83348],[128.14178,36.83334],[128.14262,36.83239],[128.14335,36.83085],[128.14422,36.83017],[128.14745,36.82936],[128.149,36.82863],[128.14984,36.82758],[128.15068,36.82426],[128.15143,36.82324],[128.15313,36.82244],[128.15534,36.822],[128.15834,36.82232],[128.16,36.82202],[128.16263,36.82099],[128.16535,36.82111],[128.16815,36.82185],[128.17132,36.8221],[128.17522,36.82085],[128.1848,36.81663],[128.18827,36.81628],[128.19079,36.81642],[128.19368,36.81712],[128.20367,36.81335],[128.20717,36.81242],[128.21186,36.81171],[128.21422,36.8117],[128.21621,36.81246],[128.21672,36.81325],[128.21634,36.81443],[128.21733,36.81828],[128.21732,36.81937],[128.21639,36.82073],[128.21639,36.82251],[128.21589,36.82433],[128.21584,36.82787],[128.21545,36.82925],[128.21434,36.83081],[128.21472,36.83235],[128.21422,36.83361],[128.21451,36.83485],[128.2136,36.838],[128.21301,36.83913],[128.21112,36.84117],[128.21072,36.84243],[128.21076,36.84549],[128.21125,36.8469],[128.21275,36.84918],[128.21254,36.84973],[128.21666,36.84929],[128.22039,36.84832],[128.22211,36.84726],[128.22378,36.84671],[128.23013,36.84537],[128.23702,36.84535],[128.23684,36.8476],[128.23794,36.8487],[128.23871,36.85018],[128.23623,36.85184],[128.2344,36.85468],[128.23423,36.85599],[128.23465,36.85629],[128.23454,36.85764],[128.23524,36.85825],[128.23546,36.8589],[128.23523,36.85938],[128.23535,36.86095],[128.23466,36.86283],[128.23604,36.86332],[128.2372,36.86438],[128.2395,36.8651],[128.23967,36.86775],[128.24102,36.87021],[128.24037,36.87131],[128.24088,36.87211],[128.24174,36.8722],[128.24283,36.87345],[128.24251,36.87802],[128.24282,36.87844],[128.24063,36.87921],[128.23893,36.88064],[128.23672,36.88124],[128.23549,36.88229],[128.23432,36.88242],[128.23131,36.88185],[128.2291,36.88269],[128.22858,36.88445],[128.22643,36.8864],[128.22441,36.88679],[128.22257,36.88749],[128.22219,36.88797],[128.22045,36.88846],[128.21873,36.88834],[128.21829,36.88934],[128.21887,36.8899],[128.21841,36.89187],[128.21776,36.89287],[128.21751,36.89515],[128.21656,36.89617],[128.21603,36.89614],[128.21497,36.89715],[128.21369,36.89723],[128.21016,36.89666],[128.20954,36.89693],[128.20837,36.89841],[128.20783,36.8985],[128.20717,36.89931],[128.207,36.90058],[128.20655,36.90133],[128.20442,36.90078],[128.20305,36.89987],[128.19953,36.89897],[128.19649,36.89932],[128.1959,36.89874],[128.19596,36.89828],[128.19543,36.89813],[128.19442,36.89815],[128.19243,36.89747],[128.19086,36.89793],[128.1916,36.89984],[128.19103,36.90059],[128.19107,36.90186],[128.19063,36.90299],[128.18977,36.90433],[128.1905,36.90705],[128.18869,36.90811],[128.18799,36.90911],[128.18485,36.91186],[128.18256,36.91298],[128.18197,36.91422],[128.18213,36.91643],[128.18174,36.91662],[128.18144,36.91763],[128.18033,36.91853],[128.1763,36.91871],[128.17473,36.91927],[128.17393,36.92065],[128.17331,36.92098],[128.17207,36.92128],[128.16864,36.92123],[128.16778,36.92162],[128.16751,36.92347],[128.16792,36.92496],[128.16866,36.92573],[128.16853,36.92723],[128.16928,36.92945],[128.16779,36.93003],[128.1663,36.93014],[128.16585,36.93085],[128.16347,36.93034],[128.1607,36.92756],[128.15961,36.92768],[128.15818,36.92845],[128.15694,36.92798],[128.15656,36.92818],[128.15636,36.92898],[128.15451,36.92954],[128.15229,36.92958],[128.15079,36.93108],[128.15073,36.9334],[128.15099,36.93407],[128.14981,36.93531],[128.14791,36.93634],[128.1469,36.93849]]]}},{"type":"Feature","properties":{"zoneId":"Z000210051","zoneName":"청풍중수산중공동학구","zoneType":"middle","level":"중학교","kind":"shared","oneWay":false,"sggCode":"150","eduCode":"8031000","eduName":"충청북도제천교육지원청","updatedAt":"2016-08-12"},"geometry":{"type":"Polygon","coordinates":[[[128.21749,37.00517],[128.21749,37.00517],[128.21451,37.00462],[128.21366,37.00483],[128.21126,37.00354],[128.20526,37.00142],[128.2042,37.00187],[128.20296,37.00063],[128.20241,37.00062],[128.20125,36.99928],[128.20159,36.99789],[128.19926,36.99648],[128.19796,36.99506],[128.19702,36.99363],[128.19698,36.99218],[128.19513,36.99163],[128.19427,36.99086],[128.19301,36.99044],[128.19286,36.98965],[128.19203,36.98982],[128.19097,36.98866],[128.18837,36.98701],[128.18822,36.98646],[128.18722,36.98567],[128.18462,36.98547],[128.18385,36.98455],[128.18334,36.98467],[128.18293,36.98416],[128.18904,36.98003],[128.19197,36.97885],[128.19534,36.97649],[128.19657,36.9748],[128.20143,36.97137],[128.2067,36.96864],[128.2119,36.96233],[128.21411,36.96005],[128.21762,36.95739],[128.21931,36.95561],[128.22196,36.94962],[128.22382,36.94784],[128.22599,36.9465],[128.23174,36.94678],[128.2335,36.94745],[128.23721,36.94723],[128.24236,36.94582],[128.24384,36.9492],[128.24562,36.95034],[128.24704,36.95121],[128.24944,36.95075],[128.25047,36.95173],[128.25104,36.95301],[128.25253,36.95359],[128.2539,36.95511],[128.25506,36.95439],[128.25671,36.95465],[128.25813,36.95431],[128.25966,36.95485],[128.26041,36.95564],[128.26189,36.95628],[128.2627,36.95735],[128.26659,36.96078],[128.26512,36.96144],[128.26455,36.96195],[128.26389,36.96354],[128.26198,36.96466],[128.26261,36.96601],[128.2623,36.96683],[128.26159,36.96767],[128.26001,36.96846],[128.26047,36.97085],[128.25999,36.97276],[128.25938,36.973],[128.25989,36.97576],[128.25935,36.97864],[128.25855,36.98112],[128.25797,36.98148],[128.25702,36.98473],[128.25649,36.98484],[128.25584,36.9865],[128.25711,36.98755],[128.25758,36.98845],[128.2575,36.98976],[128.25806,36.99074],[128.25777,36.99157],[128.2581,36.99182],[128.25851,36.99333],[128.25677,36.99575],[128.25462,36.99647],[128.25391,36.99748],[128.25177,36.99754],[128.24994,36.99823],[128.24671,37.00019],[128.24462,37.00095],[128.24262,37.00063],[128.23824,37.00097],[128.23248,37.00071],[128.23191,37.00104],[128.23022,37.0002],[128.22885,37.00053],[128.22751,37.00145],[128.2253,37.00184],[128.22393,37.00338],[128.2187,37.00435],[128.21749,37.00517]]]}},{"type":"Feature","properties":{"zoneId":"Z000210044","zoneName":"한국교원대부설미호중학구부강학구공동학구","zoneType":"middle","level":"중학교","kind":"shared","oneWay":false,"sggCode":"113","eduCode":"8011000","eduName":"충청북도청주교육지원청","updatedAt":"2016-08-12"},"geometry":{"type":"Polygon","coordinates":[[[127.36413,36.57457],[127.36413,36.57457],[127.36068,36.57598],[127.35925,36.57494],[127.3591,36.57453],[127.35753,36.57408],[127.35637,36.57205],[127.35499,36.57255],[127.35417,36.57324],[127.35135,36.5736],[127.35014,36.57424],[127.34812,36.5738],[127.34672,36.57287],[127.34587,36.57277],[127.34623,36.57137],[127.34678,36.57068],[127.34594,36.56862],[127.34497,36.56728],[127.34586,36.56634],[127.34692,36.56593],[127.34699,36.56443],[127.34785,36.56386],[127.34899,36.56381],[127.351,36.56221],[127.35312,36.56223],[127.35488,36.56282],[127.35626,36.56168],[127.35666,36.56169],[127.36048,36.56228],[127.36148,36.56384],[127.3624,36.56443],[127.36649,36.564],[127.36801,36.56502],[127.36819,36.56606],[127.36866,36.56637],[127.37076,36.56649],[127.37664,36.56785],[127.37685,36.56801],[127.3761,36.56954],[127.3751,36.57325],[127.37451,36.57351],[127.37331,36.57308],[127.37331,36.5728],[127.37242,36.57288],[127.37111,36.57393],[127.36698,36.57423],[127.36555,36.57452],[127.36543,36.57495],[127.36413,36.57457]]]}},{"type":"Feature","properties":{"zoneId":"Z000200573","zoneName":"괴산오성중학구","zoneType":"middle","level":"중학교","kind":"dedicated","oneWay":false,"sggCode":"760","eduCode":"8092000","eduName":"충청북도괴산증평교육지원청","updatedAt":"2016-12-05"},"geometry":{"type":"Polygon","coordinates":[[[127.80067,36.94755],[127.80002,36.94733],[127.79983,36.94753],[127.79901,36.94727],[127.79856,36.94668],[127.79636,36.94672],[127.79494,36.94591],[127.79488,36.94407],[127.79385,36.9434],[127.79378,36.94305],[127.79291,36.94293],[127.79339,36.94071],[127.79269,36.93948],[127.79163,36.93866],[127.78803,36.93719],[127.78841,36.93379],[127.78681,36.93196],[127.78774,36.93153],[127.78842,36.93064],[127.78813,36.92912],[127.78768,36.92883],[127.78905,36.92863],[127.78843,36.92683],[127.78899,36.92612],[127.78748,36.92593],[127.78626,36.92494],[127.7852,36.92457],[127.78392,36.92481],[127.78145,36.92416],[127.78191,36.92301],[127.78303,36.92275],[127.78283,36.92221],[127.7837,36.91984],[127.78356,36.91867],[127.78415,36.91762],[127.78486,36.9173],[127.7856,36.91744],[127.78674,36.91582],[127.78953,36.91568],[127.7905,36.91685],[127.79169,36.91658],[127.79316,36.91687],[127.79436,36.91623],[127.79463,36.91554],[127.79377,36.91441],[127.79564,36.91339],[127.79622,36.91252],[127.79626,36.9108],[127.79697,36.91043],[127.79715,36.90982],[127.79793,36.90942],[127.79827,36.9088],[127.79829,36.90817],[127.79774,36.90729],[127.79752,36.90518],[127.79762,36.90408],[127.79847,36.90275],[127.79288,36.90356],[127.79152,36.90414],[127.79116,36.90449],[127.79205,36.90601],[127.79176,36.90683],[127.78487,36.90588],[127.78648,36.9035],[127.78964,36.90266],[127.79211,36.90115],[127.79235,36.89896],[127.79188,36.89761],[127.78943,36.89687],[127.78928,36.8959],[127.78712,36.89449],[127.78763,36.89322],[127.78748,36.89252],[127.78821,36.88931],[127.78817,36.8878],[127.78864,36.88633],[127.78935,36.88554],[127.78882,36.88262],[127.78826,36.88208],[127.78774,36.88063],[127.78569,36.88008],[127.78513,36.87964],[127.78338,36.88038],[127.78232,36.87971],[127.7789,36.87924],[127.77852,36.87878],[127.77764,36.87855],[127.77593,36.87853],[127.77481,36.87788],[127.77281,36.87795],[127.77079,36.87756],[127.76993,36.87613],[127.76669,36.87478],[127.76831,36.87199],[127.76816,36.87121],[127.76916,36.87038],[127.77052,36.87075],[127.77134,36.87142],[127.7748,36.87151],[127.77607,36.87058],[127.77767,36.86874],[127.77777,36.86766],[127.77927,36.86641],[127.77915,36.86607],[127.78033,36.86538],[127.78075,36.86468],[127.78386,36.86565],[127.78454,36.86513],[127.78589,36.86515],[127.7875,36.86349],[127.78804,36.86346],[127.78918,36.86456],[127.79005,36.86479],[127.79159,36.86382],[127.79258,36.86371],[127.79403,36.8641],[127.79495,36.86379],[127.79643,36.86388],[127.79664,36.86152],[127.79727,36.85968],[127.79785,36.85885],[127.79887,36.85836],[127.79955,36.85844],[127.80059,36.85753],[127.80169,36.85838],[127.80536,36.85899],[127.80723,36.8582],[127.80773,36.85846],[127.80879,36.85798],[127.80991,36.85625],[127.81085,36.85677],[127.81282,36.85691],[127.81291,36.85627],[127.8141,36.85616],[127.81461,36.85515],[127.81606,36.85508],[127.81574,36.85366],[127.81753,36.85128],[127.81755,36.85028],[127.81916,36.84973],[127.82016,36.84868],[127.82055,36.84761],[127.82151,36.84756],[127.82213,36.84717],[127.82308,36.84728],[127.82391,36.84573],[127.82551,36.84495],[127.82756,36.84482],[127.82811,36.84411],[127.82841,36.84421],[127.829,36.8437],[127.83078,36.84394],[127.83099,36.84456],[127.8326,36.84449],[127.83432,36.84661],[127.83553,36.84684],[127.83567,36.84727],[127.83636,36.84736],[127.83811,36.84673],[127.83988,36.84541],[127.84086,36.84522],[127.84183,36.84665],[127.84171,36.84739],[127.84219,36.84879],[127.84126,36.84942],[127.84096,36.84991],[127.84113,36.8505],[127.84231,36.85193],[127.84207,36.85229],[127.8427,36.85302],[127.84436,36.8531],[127.8442,36.85112],[127.84479,36.84552],[127.84585,36.84585],[127.84726,36.84415],[127.85124,36.84278],[127.85546,36.84233],[127.85637,36.84029],[127.85526,36.83814],[127.85414,36.83736],[127.85223,36.83687],[127.84859,36.83512],[127.84447,36.83417],[127.84353,36.83357],[127.84225,36.83091],[127.84183,36.82803],[127.84224,36.82792],[127.84276,36.82903],[127.84467,36.82804],[127.84629,36.82789],[127.84787,36.82633],[127.84823,36.82475],[127.84923,36.82331],[127.84963,36.82194],[127.85125,36.8204],[127.8547,36.8175],[127.85562,36.8175],[127.85665,36.81828],[127.85734,36.81815],[127.85901,36.81681],[127.86042,36.81471],[127.86143,36.81456],[127.8603,36.81206],[127.85966,36.81156],[127.8626,36.80977],[127.86278,36.80941],[127.86228,36.80661],[127.8637,36.80577],[127.86483,36.80388],[127.86648,36.80313],[127.8683,36.80102],[127.86961,36.8004],[127.8713,36.79974],[127.87178,36.80045],[127.87262,36.80044],[127.87413,36.8013],[127.87449,36.80108],[127.87643,36.80148],[127.87637,36.80256],[127.87687,36.80345],[127.87702,36.80478],[127.87994,36.80625],[127.88073,36.8074],[127.88151,36.80706],[127.88369,36.80783],[127.88437,36.80776],[127.88562,36.80931],[127.88676,36.80877],[127.88753,36.80882],[127.88986,36.80746],[127.89264,36.80888],[127.89365,36.8072],[127.89405,36.80548],[127.8964,36.80433],[127.89725,36.80465],[127.8987,36.80608],[127.89968,36.80488],[127.90133,36.80551],[127.90263,36.80548],[127.90422,36.80147],[127.90506,36.80048],[127.9062,36.80065],[127.90663,36.80213],[127.90783,36.80394],[127.90842,36.80677],[127.90972,36.80822],[127.91139,36.81137],[127.91297,36.81246],[127.91424,36.81404],[127.91439,36.81577],[127.91591,36.8164],[127.91667,36.8172],[127.91988,36.81763],[127.92264,36.81728],[127.92382,36.81848],[127.92524,36.81906],[127.92746,36.81829],[127.92895,36.81721],[127.92835,36.81609],[127.92818,36.81095],[127.92903,36.8098],[127.92911,36.80888],[127.93317,36.805],[127.93273,36.80269],[127.93296,36.80185],[127.93375,36.80113],[127.93428,36.79884],[127.9356,36.7982],[127.93728,36.79683],[127.93609,36.78927],[127.93749,36.78705],[127.93929,36.7881],[127.94218,36.78889],[127.94604,36.78926],[127.9487,36.79132],[127.95176,36.79009],[127.95598,36.7908],[127.95628,36.79097],[127.95669,36.79322],[127.95831,36.79352],[127.9598,36.79464],[127.96074,36.79478],[127.96175,36.79443],[127.96369,36.79482],[127.96402,36.79647],[127.96368,36.79789],[127.96289,36.79888],[127.96284,36.79968],[127.9643,36.80079],[127.96439,36.80167],[127.96493,36.80226],[127.9655,36.804],[127.96666,36.80429],[127.96869,36.80546],[127.97003,36.80657],[127.97015,36.80785],[127.97334,36.80994],[127.97459,36.80978],[127.97459,36.81163],[127.97562,36.81293],[127.97753,36.81392],[127.97928,36.81398],[127.98062,36.81514],[127.98241,36.81598],[127.98247,36.81683],[127.9831,36.81787],[127.98175,36.82027],[127.98238,36.82198],[127.98185,36.82343],[127.976,36.82371],[127.97239,36.82547],[127.9717,36.82635],[127.97159,36.82806],[127.9731,36.82979],[127.97446,36.8332],[127.97531,36.83454],[127.97716,36.83614],[127.97567,36.83812],[127.97536,36.83975],[127.97434,36.84208],[127.97367,36.84204],[127.97225,36.84319],[127.97128,36.84495],[127.97028,36.84527],[127.97038,36.84754],[127.9693,36.8483],[127.9669,36.85095],[127.96788,36.85311],[127.96807,36.85533],[127.96892,36.85673],[127.9679,36.85768],[127.96844,36.8586],[127.96937,36.85935],[127.96269,36.86164],[127.96064,36.86513],[127.95801,36.86712],[127.95726,36.86736],[127.95668,36.86843],[127.954,36.8693],[127.94992,36.87227],[127.94842,36.87278],[127.94651,36.87237],[127.94546,36.8735],[127.94514,36.87491],[127.94546,36.87562],[127.94692,36.87636],[127.94788,36.87749],[127.94766,36.8785],[127.94941,36.88287],[127.94994,36.88302],[127.95108,36.88435],[127.95189,36.88473],[127.95126,36.88623],[127.94985,36.887],[127.94595,36.8881],[127.94005,36.88775],[127.93749,36.88844],[127.9352,36.88779],[127.93669,36.8889],[127.93419,36.88793],[127.93487,36.88769],[127.93377,36.88741],[127.93224,36.88757],[127.93129,36.88805],[127.93089,36.88773],[127.93038,36.88797],[127.92922,36.88613],[127.92746,36.88549],[127.92699,36.8846],[127.92649,36.88461],[127.9243,36.88291],[127.9198,36.88132],[127.91773,36.88105],[127.91697,36.88197],[127.91628,36.88213],[127.91519,36.88312],[127.9137,36.88567],[127.91003,36.88651],[127.90925,36.88581],[127.90846,36.88584],[127.90814,36.88617],[127.90652,36.88643],[127.90578,36.88701],[127.90449,36.88722],[127.90359,36.88794],[127.90365,36.89201],[127.90314,36.89258],[127.90317,36.89355],[127.90122,36.89602],[127.90068,36.8974],[127.90007,36.89643],[127.89595,36.89294],[127.89392,36.89196],[127.89265,36.89153],[127.88304,36.89016],[127.88151,36.89585],[127.8722,36.8956],[127.87024,36.89656],[127.86786,36.89708],[127.86399,36.89623],[127.86086,36.89944],[127.85986,36.89979],[127.85905,36.90285],[127.85859,36.90329],[127.85833,36.90492],[127.85593,36.90633],[127.85505,36.90724],[127.85284,36.908],[127.85244,36.90928],[127.85159,36.90941],[127.85094,36.90901],[127.84606,36.90925],[127.84401,36.91057],[127.84375,36.91114],[127.84147,36.91121],[127.84054,36.91228],[127.83915,36.91259],[127.83793,36.91366],[127.83811,36.91422],[127.83975,36.91583],[127.84209,36.9174],[127.84176,36.91816],[127.83996,36.91983],[127.84088,36.92106],[127.84241,36.92168],[127.84193,36.92233],[127.84182,36.9233],[127.8424,36.92387],[127.84244,36.9254],[127.84316,36.9266],[127.843,36.92771],[127.83985,36.93003],[127.83768,36.93011],[127.83664,36.93049],[127.83538,36.92995],[127.83474,36.93083],[127.83466,36.93202],[127.83356,36.93314],[127.83241,36.93347],[127.83224,36.93506],[127.83181,36.93538],[127.8323,36.93695],[127.83345,36.9374],[127.83311,36.93785],[127.83294,36.93985],[127.8316,36.94018],[127.83043,36.93983],[127.82942,36.94047],[127.82619,36.94042],[127.82581,36.94217],[127.82466,36.94196],[127.82406,36.9428],[127.82157,36.94344],[127.82106,36.94259],[127.82031,36.94245],[127.82022,36.94145],[127.81938,36.94107],[127.816,36.94127],[127.81498,36.94055],[127.81194,36.94074],[127.80944,36.93958],[127.80829,36.94106],[127.80771,36.9411],[127.80716,36.94159],[127.80731,36.94424],[127.8066,36.94595],[127.80278,36.94667],[127.80067,36.94755]]]}},{"type":"Feature","properties":{"zoneId":"Z000210045","zoneName":"한국교원대부설미호중학구연동학구공동학구","zoneType":"middle","level":"중학교","kind":"shared","oneWay":false,"sggCode":"113","eduCode":"8011000","eduName":"충청북도청주교육지원청","updatedAt":"2016-08-12"},"geometry":{"type":"Polygon","coordinates":[[[127.34587,36.57277],[127.34587,36.57277],[127.34541,36.57358],[127.34328,36.57519],[127.34206,36.57566],[127.34074,36.57492],[127.34016,36.57426],[127.34002,36.57203],[127.33803,36.5716],[127.33515,36.5681],[127.33658,36.56535],[127.33702,36.56284],[127.33824,36.56235],[127.34075,36.56365],[127.34235,36.56366],[127.34325,36.56466],[127.34418,36.56455],[127.34441,36.56411],[127.34339,36.56439],[127.34451,36.564],[127.34699,36.56443],[127.34692,36.56593],[127.34586,36.56634],[127.34497,36.56728],[127.34594,36.56862],[127.34678,36.57068],[127.34623,36.57137],[127.34587,36.57277]]]}},{"type":"Feature","properties":{"zoneId":"Z000200547","zoneName":"송학중학구","zoneType":"middle","level":"중학교","kind":"dedicated","oneWay":false,"sggCode":"150","eduCode":"8031000","eduName":"충청북도제천교육지원청","updatedAt":"2022-08-23"},"geometry":{"type":"MultiPolygon","coordinates":[[[[128.20395,37.24899],[128.2037,37.24901],[128.20118,37.24897],[128.2002,37.24724],[128.19968,37.24699],[128.19658,37.24574],[128.19466,37.24574],[128.19317,37.24524],[128.18923,37.24203],[128.18616,37.24011],[128.18419,37.23828],[128.17824,37.23554],[128.1771,37.23392],[128.17599,37.23372],[128.17556,37.23318],[128.1741,37.23261],[128.17362,37.23101],[128.17491,37.22924],[128.17604,37.22835],[128.17488,37.22685],[128.17399,37.22637],[128.17357,37.22558],[128.17253,37.22494],[128.17307,37.21906],[128.17213,37.21803],[128.16967,37.21781],[128.16828,37.21596],[128.16702,37.21522],[128.16706,37.2148],[128.17132,37.21197],[128.17341,37.20749],[128.17522,37.20603],[128.17625,37.20463],[128.17618,37.20394],[128.17678,37.20314],[128.17819,37.20319],[128.17981,37.20236],[128.18104,37.20248],[128.18348,37.20372],[128.18576,37.20319],[128.18743,37.20238],[128.18786,37.20185],[128.19064,37.20221],[128.19564,37.20329],[128.19633,37.20396],[128.19688,37.20583],[128.19881,37.20669],[128.20558,37.20497],[128.20877,37.20469],[128.20945,37.20375],[128.21074,37.203],[128.21317,37.20197],[128.21388,37.20198],[128.21508,37.19928],[128.21576,37.19883],[128.21689,37.19604],[128.21775,37.19488],[128.21947,37.19418],[128.21961,37.19292],[128.22014,37.19188],[128.22213,37.18989],[128.22138,37.18889],[128.22135,37.18673],[128.22324,37.18545],[128.22504,37.18366],[128.22617,37.18154],[128.22624,37.18133],[128.22552,37.18115],[128.22599,37.18065],[128.22634,37.17932],[128.22627,37.1788],[128.22566,37.17851],[128.22517,37.17738],[128.22563,37.17601],[128.22882,37.17681],[128.22897,37.17632],[128.23025,37.17733],[128.23167,37.17724],[128.23374,37.17811],[128.23466,37.17774],[128.23514,37.17804],[128.23782,37.1781],[128.23857,37.17749],[128.24027,37.17718],[128.24254,37.17761],[128.24304,37.17821],[128.2439,37.17854],[128.24814,37.17835],[128.25121,37.17911],[128.25564,37.17905],[128.25698,37.17967],[128.25772,37.18089],[128.26017,37.18153],[128.26051,37.18279],[128.26106,37.18336],[128.2637,37.18457],[128.26817,37.18787],[128.27419,37.18946],[128.27655,37.1886],[128.2763,37.18606],[128.27571,37.18487],[128.27613,37.18472],[128.27621,37.18357],[128.27716,37.18244],[128.27916,37.18171],[128.28038,37.18298],[128.28071,37.18298],[128.28162,37.18223],[128.28179,37.18086],[128.2831,37.18054],[128.2828,37.17978],[128.28124,37.17875],[128.27999,37.17704],[128.28031,37.17609],[128.28105,37.17558],[128.28111,37.1734],[128.28218,37.17243],[128.28243,37.17179],[128.28781,37.1713],[128.28968,37.17015],[128.29215,37.17046],[128.29587,37.17155],[128.29807,37.17166],[128.29729,37.17403],[128.2973,37.17615],[128.29606,37.17846],[128.29562,37.18329],[128.29765,37.18366],[128.29992,37.18358],[128.30264,37.18662],[128.30599,37.18707],[128.30639,37.18626],[128.30766,37.186],[128.30841,37.18654],[128.30866,37.18747],[128.31049,37.18734],[128.3111,37.18984],[128.3142,37.19],[128.31299,37.19114],[128.31371,37.19333],[128.31285,37.19505],[128.3132,37.19576],[128.31308,37.19648],[128.31339,37.19678],[128.31404,37.19669],[128.31506,37.19712],[128.31508,37.19676],[128.3188,37.19644],[128.31951,37.196],[128.32176,37.19555],[128.32185,37.19666],[128.3215,37.19758],[128.32243,37.19835],[128.3247,37.19748],[128.32492,37.197],[128.32574,37.19693],[128.32639,37.19729],[128.32746,37.1985],[128.3275,37.1996],[128.32964,37.20226],[128.32969,37.2032],[128.32924,37.20427],[128.3287,37.20461],[128.32876,37.20607],[128.32988,37.2078],[128.32985,37.20965],[128.33055,37.21174],[128.33292,37.21453],[128.3334,37.21579],[128.32999,37.21624],[128.32897,37.21682],[128.32707,37.21681],[128.32476,37.21821],[128.32383,37.21923],[128.32101,37.21936],[128.32006,37.21986],[128.31868,37.22165],[128.31632,37.22245],[128.31659,37.22339],[128.31404,37.22269],[128.3137,37.222],[128.3126,37.22146],[128.31015,37.21926],[128.30914,37.21746],[128.30795,37.21711],[128.30485,37.21724],[128.30367,37.21683],[128.30138,37.2169],[128.30125,37.21658],[128.29998,37.21624],[128.29704,37.21634],[128.29498,37.216],[128.29469,37.21563],[128.29365,37.21595],[128.29128,37.2146],[128.28985,37.21505],[128.28818,37.21507],[128.28465,37.21167],[128.28395,37.21018],[128.28253,37.21027],[128.28044,37.20943],[128.27854,37.2101],[128.27479,37.20965],[128.27286,37.20986],[128.27102,37.20878],[128.2684,37.20792],[128.26704,37.20909],[128.26651,37.2106],[128.26169,37.21412],[128.25979,37.21641],[128.25884,37.21823],[128.25798,37.22124],[128.25719,37.22197],[128.25687,37.22283],[128.25395,37.22507],[128.25393,37.22595],[128.25263,37.22714],[128.25265,37.22798],[128.25194,37.22822],[128.25093,37.22958],[128.25022,37.22974],[128.24812,37.22895],[128.2443,37.22654],[128.24372,37.22701],[128.24234,37.22732],[128.24179,37.22716],[128.24132,37.22759],[128.24092,37.22744],[128.2404,37.22844],[128.23912,37.22906],[128.23758,37.22888],[128.23742,37.22932],[128.23565,37.22864],[128.23446,37.22734],[128.23368,37.22754],[128.23302,37.22702],[128.22924,37.22757],[128.2285,37.22803],[128.22829,37.22905],[128.22862,37.23018],[128.22718,37.23122],[128.22681,37.23235],[128.22623,37.23284],[128.22435,37.23294],[128.22402,37.23389],[128.22363,37.23391],[128.22284,37.23533],[128.22283,37.23632],[128.22197,37.23729],[128.22185,37.23811],[128.22031,37.2403],[128.21768,37.24082],[128.21581,37.24177],[128.21478,37.24184],[128.21461,37.24237],[128.21502,37.24361],[128.21465,37.24607],[128.21202,37.24536],[128.21024,37.24579],[128.20814,37.24796],[128.2078,37.24882],[128.20395,37.24899]]],[[[128.26042,37.18287],[128.26042,37.18287],[128.26046,37.18286],[128.26047,37.18286],[128.26042,37.18287]]]]}},{"type":"Feature","properties":{"zoneId":"Z000210348","zoneName":"옥천중학구이원중학구안내중학구공동(일방)학구","zoneType":"middle","level":"중학교","kind":"shared","oneWay":true,"sggCode":"730","eduCode":"8061000","eduName":"충청북도옥천교육지원청","updatedAt":"2023-01-17"},"geometry":{"type":"Polygon","coordinates":[[[127.58487,36.41705],[127.58452,36.41724],[127.58387,36.41853],[127.58339,36.41869],[127.58319,36.41826],[127.58338,36.41736],[127.58293,36.41616],[127.58259,36.41561],[127.58152,36.41512],[127.58189,36.41371],[127.58173,36.41158],[127.58053,36.40847],[127.57327,36.40275],[127.56959,36.4004],[127.56955,36.39901],[127.56993,36.39792],[127.56957,36.39669],[127.57112,36.39469],[127.57171,36.39304],[127.57297,36.39182],[127.57725,36.38887],[127.57876,36.38954],[127.58064,36.38974],[127.58121,36.38951],[127.58244,36.38976],[127.58336,36.38917],[127.58391,36.38937],[127.58617,36.38734],[127.58755,36.38532],[127.58757,36.38446],[127.58962,36.38432],[127.58872,36.38373],[127.58865,36.38304],[127.58415,36.37725],[127.58365,36.37608],[127.58293,36.37224],[127.58263,36.36864],[127.58164,36.36703],[127.58021,36.36632],[127.57869,36.36505],[127.57739,36.36506],[127.57659,36.36573],[127.57463,36.36582],[127.57425,36.36525],[127.57251,36.36625],[127.57078,36.36782],[127.56913,36.3674],[127.56878,36.36655],[127.56939,36.36608],[127.56961,36.36536],[127.57274,36.36471],[127.57329,36.36381],[127.57377,36.36392],[127.57496,36.36303],[127.57623,36.36275],[127.57699,36.36124],[127.57962,36.35974],[127.58006,36.35918],[127.58009,36.35819],[127.58148,36.35602],[127.58181,36.35491],[127.58144,36.35403],[127.58188,36.35306],[127.58123,36.35212],[127.58162,36.35127],[127.58094,36.35048],[127.58074,36.34961],[127.58099,36.34913],[127.58003,36.3471],[127.57938,36.34709],[127.57898,36.34751],[127.57768,36.34785],[127.57687,36.34895],[127.575,36.34971],[127.57345,36.35088],[127.57274,36.351],[127.57268,36.35208],[127.57176,36.35273],[127.57069,36.35455],[127.56954,36.35495],[127.56902,36.35457],[127.56947,36.355],[127.56629,36.35579],[127.56428,36.35684],[127.56132,36.35721],[127.56107,36.35687],[127.5596,36.35703],[127.55807,36.3561],[127.5563,36.35594],[127.55533,36.35698],[127.55472,36.3571],[127.55436,36.35776],[127.55362,36.35793],[127.55289,36.35863],[127.54964,36.35977],[127.54866,36.36122],[127.54717,36.36178],[127.54589,36.36076],[127.54394,36.36073],[127.5431,36.36101],[127.54215,36.36241],[127.54168,36.36254],[127.53813,36.36313],[127.53635,36.36267],[127.53479,36.36309],[127.53472,36.36369],[127.53391,36.3639],[127.5338,36.36455],[127.53257,36.36499],[127.53235,36.36588],[127.53079,36.36493],[127.53013,36.36503],[127.52868,36.36406],[127.52808,36.36476],[127.52652,36.36522],[127.52482,36.3665],[127.52444,36.36645],[127.52409,36.36591],[127.52442,36.3656],[127.52485,36.36363],[127.52437,36.36305],[127.52446,36.36149],[127.52358,36.3604],[127.52368,36.36005],[127.52302,36.35952],[127.52289,36.35863],[127.522,36.35788],[127.52309,36.35635],[127.52292,36.35552],[127.5224,36.35432],[127.52161,36.35375],[127.52044,36.35143],[127.51937,36.35035],[127.51721,36.34934],[127.51763,36.34815],[127.51728,36.34801],[127.51578,36.34868],[127.51489,36.34778],[127.513,36.34746],[127.51197,36.34612],[127.50915,36.34678],[127.50744,36.34629],[127.50742,36.34539],[127.50803,36.34453],[127.50807,36.34324],[127.50604,36.34231],[127.50454,36.34207],[127.50488,36.34099],[127.50134,36.34007],[127.50056,36.33929],[127.50054,36.33777],[127.50157,36.33623],[127.50108,36.33484],[127.50129,36.33406],[127.50092,36.33293],[127.50172,36.33182],[127.50142,36.33073],[127.5017,36.33018],[127.50164,36.32898],[127.50296,36.32562],[127.50219,36.32387],[127.50153,36.32283],[127.50094,36.32258],[127.49997,36.32077],[127.49598,36.31988],[127.49687,36.31945],[127.497,36.31795],[127.49783,36.31641],[127.49768,36.31568],[127.4958,36.31296],[127.4944,36.31258],[127.4941,36.3121],[127.49509,36.31169],[127.49617,36.31063],[127.49709,36.3085],[127.49819,36.30792],[127.49898,36.30567],[127.49849,36.30494],[127.49783,36.30467],[127.49743,36.30158],[127.49656,36.30114],[127.49602,36.29941],[127.49479,36.30078],[127.49358,36.30096],[127.49348,36.30058],[127.49249,36.30018],[127.49233,36.29973],[127.49161,36.2993],[127.49118,36.29702],[127.4912,36.29659],[127.49268,36.295],[127.49371,36.29247],[127.49408,36.29245],[127.49513,36.29042],[127.49557,36.29011],[127.49541,36.28954],[127.49577,36.28779],[127.49761,36.28654],[127.49779,36.2847],[127.49899,36.28308],[127.49853,36.28132],[127.4973,36.28035],[127.49678,36.27923],[127.49299,36.27631],[127.49262,36.27547],[127.48875,36.27271],[127.48944,36.26983],[127.49026,36.26837],[127.48987,36.26775],[127.48833,36.26722],[127.4877,36.26531],[127.48747,36.26337],[127.48605,36.26125],[127.48646,36.26064],[127.48611,36.25973],[127.48631,36.25922],[127.48725,36.25876],[127.48749,36.25825],[127.48894,36.25836],[127.48974,36.25799],[127.48998,36.25734],[127.4895,36.25594],[127.48965,36.25505],[127.49038,36.25403],[127.48981,36.2538],[127.48761,36.25144],[127.48845,36.25002],[127.48832,36.24966],[127.48878,36.24874],[127.48854,36.24754],[127.48925,36.24705],[127.48941,36.24601],[127.49027,36.245],[127.49176,36.24517],[127.49232,36.24438],[127.49271,36.24306],[127.49227,36.2424],[127.49322,36.24106],[127.49326,36.24052],[127.49265,36.23949],[127.49258,36.23795],[127.49625,36.23835],[127.49923,36.2383],[127.50217,36.23765],[127.50949,36.23892],[127.51033,36.23925],[127.51195,36.24069],[127.51323,36.24067],[127.51368,36.24033],[127.51474,36.24122],[127.51573,36.24054],[127.51813,36.24064],[127.52056,36.2433],[127.52118,36.24384],[127.52189,36.24385],[127.52352,36.24534],[127.52385,36.24649],[127.52623,36.24709],[127.52695,36.24834],[127.52774,36.2485],[127.529,36.24818],[127.52961,36.24862],[127.53044,36.24871],[127.53257,36.25089],[127.53624,36.25123],[127.53681,36.25086],[127.5357,36.24905],[127.53509,36.24732],[127.53645,36.24564],[127.53792,36.24278],[127.54041,36.24182],[127.54228,36.24141],[127.54253,36.24165],[127.54342,36.24155],[127.54722,36.2396],[127.54908,36.23973],[127.54986,36.23842],[127.54878,36.23772],[127.54869,36.23624],[127.54747,36.2323],[127.54609,36.2293],[127.54509,36.22843],[127.54498,36.22715],[127.54533,36.22551],[127.54775,36.22532],[127.55095,36.22587],[127.55283,36.22586],[127.55437,36.22619],[127.55603,36.22715],[127.55825,36.22754],[127.56022,36.22877],[127.56158,36.22897],[127.56231,36.2286],[127.56264,36.22789],[127.56328,36.22797],[127.56381,36.22752],[127.56369,36.22769],[127.5657,36.22944],[127.56699,36.23197],[127.56904,36.2326],[127.57024,36.23352],[127.56962,36.23468],[127.5694,36.23663],[127.56867,36.23773],[127.56895,36.23826],[127.56845,36.23895],[127.56757,36.24163],[127.56651,36.24271],[127.5671,36.24687],[127.5681,36.24765],[127.5702,36.24694],[127.57209,36.24669],[127.57343,36.24693],[127.57416,36.24797],[127.57482,36.25061],[127.57553,36.25143],[127.57808,36.25239],[127.57981,36.25255],[127.58009,36.25352],[127.58204,36.25324],[127.58316,36.25232],[127.585,36.25253],[127.58639,36.25133],[127.58651,36.2507],[127.5878,36.25005],[127.58947,36.24991],[127.59067,36.2514],[127.59232,36.25183],[127.59403,36.25493],[127.59418,36.25581],[127.59724,36.25744],[127.5986,36.25767],[127.5988,36.25919],[127.59924,36.25954],[127.60059,36.2595],[127.60169,36.259],[127.60417,36.25927],[127.60495,36.25941],[127.60619,36.26024],[127.60785,36.26023],[127.60904,36.26097],[127.61042,36.26109],[127.61156,36.26082],[127.6122,36.26135],[127.61382,36.26164],[127.61435,36.2622],[127.61578,36.26221],[127.6167,36.26302],[127.62086,36.26317],[127.62238,36.26259],[127.62551,36.26343],[127.62731,36.26274],[127.62772,36.26289],[127.62955,36.26203],[127.63073,36.26088],[127.63374,36.26267],[127.63714,36.25972],[127.63763,36.25978],[127.6401,36.26037],[127.64074,36.26093],[127.64255,36.26155],[127.64753,36.26248],[127.64868,36.26307],[127.65217,36.26386],[127.65331,36.26507],[127.65384,36.26523],[127.65573,36.26531],[127.65718,36.26439],[127.6579,36.26519],[127.65818,36.26637],[127.65865,36.26685],[127.6627,36.26753],[127.66313,36.26697],[127.66902,36.26525],[127.66989,36.26396],[127.67253,36.26249],[127.67247,36.26158],[127.67371,36.26162],[127.67449,36.26094],[127.67506,36.26102],[127.67564,36.26034],[127.67638,36.26027],[127.67707,36.26088],[127.6786,36.26087],[127.67938,36.26161],[127.6803,36.26181],[127.68184,36.26094],[127.68432,36.26019],[127.68635,36.2618],[127.68742,36.26218],[127.69147,36.26141],[127.69171,36.26202],[127.69398,36.26317],[127.69598,36.26294],[127.69802,36.26323],[127.6992,36.26272],[127.69941,36.2623],[127.70177,36.26078],[127.7037,36.26023],[127.70658,36.26267],[127.70981,36.26325],[127.71467,36.26313],[127.71347,36.26476],[127.71187,36.26611],[127.71196,36.26698],[127.71146,36.26838],[127.70986,36.26855],[127.70923,36.26897],[127.70847,36.26864],[127.70812,36.26889],[127.70767,36.27044],[127.70806,36.27148],[127.70643,36.27393],[127.70527,36.27475],[127.70507,36.27523],[127.70528,36.27668],[127.7061,36.27794],[127.70632,36.28058],[127.70781,36.28369],[127.70716,36.28538],[127.70754,36.28713],[127.70617,36.28843],[127.70636,36.29045],[127.70572,36.2912],[127.70556,36.29216],[127.70564,36.29333],[127.7061,36.29414],[127.70612,36.29509],[127.7057,36.29623],[127.70596,36.2977],[127.70399,36.3015],[127.70268,36.30226],[127.70276,36.30325],[127.70227,36.30411],[127.70143,36.3044],[127.7015,36.30533],[127.70117,36.30591],[127.7003,36.30617],[127.7001,36.30666],[127.69913,36.30662],[127.70107,36.30912],[127.70277,36.30914],[127.70488,36.30967],[127.70416,36.31049],[127.70441,36.31117],[127.70419,36.31214],[127.7039,36.31216],[127.7045,36.31309],[127.70428,36.31356],[127.70562,36.31466],[127.70725,36.31751],[127.70624,36.31808],[127.70503,36.31964],[127.70385,36.32053],[127.70083,36.32195],[127.70026,36.32165],[127.69859,36.32159],[127.69803,36.32063],[127.69516,36.31786],[127.68844,36.3192],[127.68756,36.32053],[127.68677,36.32019],[127.68567,36.32047],[127.68504,36.32005],[127.68506,36.31934],[127.68465,36.31931],[127.68491,36.31856],[127.68422,36.31868],[127.68397,36.31832],[127.68343,36.31849],[127.68349,36.31875],[127.68292,36.31795],[127.68143,36.31863],[127.68099,36.31798],[127.68007,36.31848],[127.6786,36.31862],[127.67204,36.32285],[127.67086,36.32492],[127.669,36.32648],[127.66737,36.32854],[127.66569,36.33219],[127.66541,36.33461],[127.66281,36.33273],[127.66203,36.33142],[127.66154,36.33238],[127.66128,36.33452],[127.66061,36.33518],[127.66055,36.33482],[127.65931,36.33395],[127.65647,36.33325],[127.65399,36.33329],[127.64959,36.33419],[127.64678,36.33518],[127.64604,36.33729],[127.64603,36.33859],[127.64677,36.34287],[127.64962,36.34745],[127.65041,36.35091],[127.64986,36.35187],[127.64801,36.3532],[127.64828,36.3535],[127.64944,36.35352],[127.64964,36.35395],[127.64916,36.35398],[127.64863,36.35743],[127.64812,36.35837],[127.64749,36.35923],[127.64608,36.36019],[127.6434,36.36131],[127.64224,36.36116],[127.64232,36.35999],[127.64032,36.35927],[127.63937,36.35753],[127.63741,36.35547],[127.63788,36.35738],[127.63771,36.35841],[127.63612,36.35959],[127.63592,36.35853],[127.63754,36.35754],[127.63429,36.35307],[127.63141,36.35037],[127.62876,36.34965],[127.62465,36.34957],[127.6135,36.34805],[127.609,36.34688],[127.60682,36.34609],[127.60574,36.34497],[127.60502,36.34329],[127.60535,36.3414],[127.60402,36.34115],[127.60353,36.34136],[127.60237,36.34049],[127.60144,36.34024],[127.6003,36.34071],[127.60189,36.34038],[127.60239,36.34087],[127.6022,36.34158],[127.6016,36.34208],[127.60267,36.34329],[127.60052,36.34338],[127.60115,36.34545],[127.60358,36.34718],[127.60423,36.34824],[127.60482,36.34828],[127.60546,36.34886],[127.60572,36.35022],[127.60648,36.35041],[127.60767,36.3501],[127.60906,36.3507],[127.60999,36.35192],[127.61138,36.35279],[127.61146,36.35418],[127.61466,36.35511],[127.61718,36.35799],[127.61778,36.35956],[127.61947,36.36093],[127.62026,36.36267],[127.6209,36.3632],[127.62156,36.36326],[127.62162,36.36433],[127.62254,36.3654],[127.62287,36.36727],[127.6221,36.36895],[127.62259,36.37167],[127.62223,36.37214],[127.62232,36.37311],[127.62172,36.37483],[127.6203,36.376],[127.62583,36.37962],[127.6291,36.38034],[127.63413,36.38049],[127.6342,36.38161],[127.63711,36.38156],[127.63781,36.38335],[127.63577,36.38504],[127.63481,36.38504],[127.63384,36.38551],[127.63139,36.3879],[127.63015,36.38821],[127.62991,36.38856],[127.63002,36.38895],[127.63104,36.38914],[127.63154,36.3899],[127.63078,36.39067],[127.63053,36.39144],[127.63097,36.39206],[127.63054,36.39262],[127.63121,36.39334],[127.63311,36.39429],[127.6311,36.39565],[127.6314,36.39908],[127.63102,36.39926],[127.6307,36.40027],[127.62993,36.39935],[127.62838,36.39831],[127.62554,36.39853],[127.62349,36.39627],[127.62207,36.39684],[127.62161,36.39768],[127.62214,36.39876],[127.61789,36.39989],[127.61792,36.40202],[127.61879,36.40311],[127.61876,36.40409],[127.61979,36.40498],[127.61982,36.40577],[127.62026,36.40588],[127.62092,36.40688],[127.62078,36.40756],[127.62175,36.40991],[127.62143,36.41044],[127.61693,36.41101],[127.61719,36.41054],[127.61656,36.40971],[127.61678,36.40919],[127.61643,36.4086],[127.61571,36.40828],[127.6158,36.40736],[127.61451,36.40663],[127.61409,36.40509],[127.61338,36.40421],[127.61182,36.4032],[127.60985,36.40301],[127.60794,36.40323],[127.60759,36.40298],[127.60699,36.40352],[127.604,36.40406],[127.60409,36.40568],[127.6035,36.40743],[127.60467,36.40803],[127.60445,36.40857],[127.6025,36.40954],[127.60143,36.40718],[127.59887,36.40778],[127.59846,36.40821],[127.59904,36.40934],[127.59909,36.41031],[127.59863,36.41196],[127.59785,36.41183],[127.5967,36.4107],[127.59551,36.4112],[127.59398,36.41106],[127.59339,36.41151],[127.59429,36.41287],[127.59401,36.41319],[127.59133,36.41179],[127.5903,36.41186],[127.58972,36.41259],[127.58969,36.41346],[127.58931,36.41353],[127.5882,36.41284],[127.58795,36.41299],[127.58788,36.41411],[127.58842,36.41513],[127.58669,36.41551],[127.5854,36.41519],[127.58517,36.41577],[127.58639,36.41674],[127.5858,36.41732],[127.58487,36.41705]]]}},{"type":"Feature","properties":{"zoneId":"Z000210056","zoneName":"청산중학구옥천중학구공동학구","zoneType":"middle","level":"중학교","kind":"shared","oneWay":false,"sggCode":"730","eduCode":"8061000","eduName":"충청북도옥천교육지원청","updatedAt":"2019-02-27"},"geometry":{"type":"Polygon","coordinates":[[[127.75218,36.30393],[127.75214,36.30415],[127.75154,36.3051],[127.75044,36.30497],[127.75036,36.30418],[127.74874,36.3024],[127.74695,36.30221],[127.74636,36.30075],[127.74595,36.30051],[127.74506,36.30131],[127.74437,36.30106],[127.74383,36.30151],[127.74339,36.3013],[127.74331,36.30076],[127.74186,36.29939],[127.74208,36.29875],[127.74118,36.29785],[127.74045,36.29755],[127.73981,36.2978],[127.73827,36.2964],[127.73514,36.29718],[127.73389,36.29724],[127.73304,36.29669],[127.73163,36.29499],[127.73068,36.29466],[127.73052,36.29397],[127.72951,36.29388],[127.72891,36.29342],[127.72911,36.29199],[127.72851,36.29129],[127.73028,36.2891],[127.72903,36.28804],[127.72863,36.28669],[127.72972,36.28549],[127.73009,36.28419],[127.73136,36.28346],[127.73265,36.28382],[127.73485,36.28193],[127.73603,36.28207],[127.73841,36.28313],[127.7406,36.28238],[127.74325,36.28238],[127.74453,36.28107],[127.74514,36.28096],[127.74621,36.28124],[127.74775,36.28225],[127.74845,36.28203],[127.74932,36.28367],[127.74912,36.2842],[127.75037,36.28578],[127.74926,36.28637],[127.74929,36.28684],[127.74867,36.28732],[127.74854,36.28952],[127.74901,36.29009],[127.75026,36.28993],[127.75115,36.29034],[127.75112,36.29094],[127.7497,36.2926],[127.75179,36.2921],[127.75135,36.29313],[127.75245,36.29345],[127.75295,36.29402],[127.75419,36.29352],[127.75541,36.29394],[127.75664,36.29364],[127.7571,36.29317],[127.76005,36.2928],[127.7608,36.29187],[127.76156,36.2917],[127.76207,36.29193],[127.76284,36.29114],[127.76419,36.29134],[127.76515,36.29186],[127.76603,36.29175],[127.76835,36.2899],[127.76922,36.29031],[127.77181,36.29003],[127.77229,36.29072],[127.77335,36.29131],[127.77433,36.29174],[127.77485,36.2914],[127.77583,36.29189],[127.77537,36.29251],[127.77531,36.2934],[127.77456,36.29435],[127.7727,36.29523],[127.77025,36.29834],[127.76937,36.2974],[127.7682,36.29678],[127.76731,36.2967],[127.76464,36.29824],[127.76274,36.29758],[127.76117,36.29863],[127.76068,36.29845],[127.75953,36.29905],[127.75779,36.29932],[127.75677,36.30009],[127.75574,36.30212],[127.75275,36.3039],[127.75218,36.30393]]]}},{"type":"Feature","properties":{"zoneId":"Z000210055","zoneName":"새너울중학구옥천중학구공동학구","zoneType":"middle","level":"중학교","kind":"shared","oneWay":false,"sggCode":"730","eduCode":"8071000","eduName":"충청북도영동교육지원청","updatedAt":"2019-02-21"},"geometry":{"type":"Polygon","coordinates":[[[127.70725,36.31751],[127.70668,36.31631],[127.70532,36.31431],[127.7048,36.31386],[127.70458,36.31402],[127.70428,36.31356],[127.7045,36.31309],[127.70401,36.3126],[127.7039,36.31216],[127.70419,36.31214],[127.70441,36.31117],[127.70416,36.31049],[127.70488,36.30967],[127.70277,36.30914],[127.70107,36.30912],[127.69913,36.30662],[127.7001,36.30666],[127.7003,36.30617],[127.70117,36.30591],[127.7015,36.30533],[127.70143,36.3044],[127.70227,36.30411],[127.70276,36.30325],[127.70268,36.30226],[127.70399,36.3015],[127.70596,36.2977],[127.7057,36.29623],[127.70612,36.29509],[127.7061,36.29414],[127.70564,36.29333],[127.70556,36.29216],[127.70572,36.2912],[127.70636,36.29045],[127.70617,36.28843],[127.70754,36.28713],[127.70716,36.28538],[127.70781,36.28369],[127.70963,36.28304],[127.71086,36.28396],[127.71269,36.28411],[127.71484,36.28481],[127.71547,36.28399],[127.71742,36.28362],[127.71932,36.28213],[127.71982,36.2811],[127.72072,36.2805],[127.72257,36.28122],[127.72309,36.28186],[127.72219,36.28244],[127.72296,36.28397],[127.7247,36.28427],[127.72647,36.28389],[127.7267,36.28321],[127.72552,36.28263],[127.72488,36.28192],[127.72505,36.28105],[127.72608,36.28024],[127.72777,36.28],[127.73007,36.28016],[127.73079,36.27907],[127.73103,36.27637],[127.73328,36.27501],[127.73544,36.27286],[127.73758,36.27277],[127.73838,36.27227],[127.74003,36.27212],[127.74222,36.27092],[127.74571,36.271],[127.74602,36.2704],[127.7488,36.27002],[127.7497,36.26949],[127.752,36.27002],[127.75211,36.26962],[127.75318,36.26893],[127.75582,36.26792],[127.75801,36.26994],[127.75931,36.27057],[127.76039,36.27061],[127.76163,36.27176],[127.7626,36.2758],[127.76153,36.27609],[127.76188,36.27695],[127.76179,36.27835],[127.76144,36.27861],[127.76223,36.27959],[127.76187,36.28011],[127.7645,36.28241],[127.76416,36.28398],[127.76455,36.28432],[127.76578,36.28449],[127.76581,36.28524],[127.76645,36.28568],[127.76748,36.28573],[127.7685,36.28513],[127.76946,36.28596],[127.7697,36.28684],[127.76922,36.28753],[127.7698,36.28816],[127.76938,36.28883],[127.76936,36.28972],[127.77017,36.29027],[127.76922,36.29031],[127.76835,36.2899],[127.76603,36.29175],[127.76515,36.29186],[127.76419,36.29134],[127.76284,36.29114],[127.76207,36.29193],[127.76156,36.2917],[127.7608,36.29187],[127.76005,36.2928],[127.7571,36.29317],[127.75664,36.29364],[127.75541,36.29394],[127.75372,36.29355],[127.75308,36.29406],[127.752,36.2932],[127.75135,36.29313],[127.75179,36.2921],[127.7497,36.2926],[127.75126,36.29066],[127.75074,36.29],[127.74901,36.29009],[127.74854,36.28952],[127.74867,36.28732],[127.74929,36.28684],[127.74926,36.28637],[127.75037,36.28578],[127.74912,36.2842],[127.74932,36.28367],[127.74845,36.28203],[127.74775,36.28225],[127.74621,36.28124],[127.74514,36.28096],[127.74453,36.28107],[127.74325,36.28238],[127.7406,36.28238],[127.73841,36.28313],[127.73603,36.28207],[127.73485,36.28193],[127.73265,36.28382],[127.73136,36.28346],[127.73009,36.28419],[127.72972,36.28549],[127.72863,36.28669],[127.72903,36.28804],[127.73028,36.2891],[127.72851,36.29129],[127.72911,36.29199],[127.72891,36.29342],[127.72951,36.29388],[127.73052,36.29397],[127.73076,36.29474],[127.73163,36.29499],[127.73304,36.29669],[127.73389,36.29724],[127.7335,36.29829],[127.73133,36.29963],[127.73104,36.30014],[127.7299,36.30039],[127.72993,36.30131],[127.72955,36.30225],[127.72806,36.30185],[127.72561,36.30258],[127.72501,36.30225],[127.72447,36.30235],[127.72263,36.30383],[127.72005,36.30301],[127.71764,36.30101],[127.71641,36.30096],[127.71543,36.30153],[127.71506,36.30221],[127.7154,36.3045],[127.71602,36.30417],[127.71636,36.3046],[127.71664,36.30654],[127.71571,36.30795],[127.71486,36.30858],[127.71429,36.30972],[127.71524,36.31093],[127.71396,36.31151],[127.71395,36.31342],[127.71344,36.31474],[127.71302,36.31556],[127.71101,36.31693],[127.70907,36.31725],[127.70787,36.31703],[127.70725,36.31751]]]}},{"type":"Feature","properties":{"zoneId":"Z000210212","zoneName":"무극중학구생극중학구공동(일방)학구","zoneType":"middle","level":"중학교","kind":"shared","oneWay":true,"sggCode":"770","eduCode":"8101000","eduName":"충청북도음성교육지원청","updatedAt":"2022-11-15"},"geometry":{"type":"Polygon","coordinates":[[[127.53506,37.05182],[127.535,37.05184],[127.53481,37.05196],[127.53494,37.05148],[127.53695,37.0482],[127.53685,37.04581],[127.54014,37.03864],[127.53953,37.03014],[127.53868,37.02935],[127.53883,37.02882],[127.53789,37.02748],[127.5367,37.02669],[127.53648,37.02603],[127.53681,37.02518],[127.53577,37.02342],[127.53562,37.02218],[127.53248,37.01969],[127.53012,37.01687],[127.52996,37.01632],[127.53033,37.01513],[127.53003,37.01478],[127.52891,37.01415],[127.52849,37.01427],[127.52715,37.01349],[127.5266,37.0128],[127.52509,37.01401],[127.52472,37.01494],[127.52346,37.01536],[127.52187,37.01503],[127.52064,37.01394],[127.51901,37.0135],[127.51913,37.01221],[127.51982,37.01052],[127.51928,37.00957],[127.51967,37.00916],[127.5195,37.00752],[127.51889,37.00617],[127.51926,37.00369],[127.5189,37.00304],[127.51855,37.00306],[127.51824,37.00216],[127.51712,37.00157],[127.51657,37.00071],[127.51457,37.00068],[127.51355,37.00006],[127.51416,36.99875],[127.5146,36.99876],[127.5145,36.99738],[127.51557,36.99663],[127.51842,36.99557],[127.51982,36.9959],[127.51818,36.99387],[127.5171,36.99354],[127.51687,36.99251],[127.51735,36.99237],[127.51757,36.99187],[127.51758,36.99067],[127.51383,36.98954],[127.51241,36.98822],[127.51337,36.98812],[127.51425,36.98854],[127.51526,36.98856],[127.51635,36.98776],[127.51741,36.98759],[127.51732,36.98696],[127.51823,36.9864],[127.51962,36.98606],[127.51909,36.9843],[127.52014,36.98384],[127.51989,36.98287],[127.52035,36.98179],[127.52147,36.98157],[127.52129,36.98055],[127.52152,36.98021],[127.52124,36.97996],[127.52379,36.97832],[127.52575,36.97858],[127.52743,36.9784],[127.52824,36.97788],[127.53058,36.97876],[127.53195,36.97885],[127.53273,36.97809],[127.53305,36.97704],[127.53599,36.97666],[127.53714,36.97747],[127.53821,36.9773],[127.53937,36.97663],[127.54049,36.97479],[127.54031,36.97224],[127.54131,36.97068],[127.54038,36.96928],[127.54038,36.96807],[127.54069,36.96781],[127.53994,36.96594],[127.53948,36.9653],[127.53871,36.96499],[127.53844,36.96412],[127.5385,36.96283],[127.53922,36.96212],[127.53569,36.9607],[127.5353,36.96003],[127.53544,36.95901],[127.53489,36.95843],[127.53647,36.95775],[127.53728,36.95794],[127.53809,36.9567],[127.53912,36.95619],[127.53972,36.95461],[127.541,36.95523],[127.54113,36.95557],[127.54247,36.95571],[127.54255,36.95616],[127.5428,36.95498],[127.54453,36.95379],[127.54446,36.95313],[127.54496,36.95172],[127.54431,36.9507],[127.54431,36.94963],[127.54457,36.94828],[127.54543,36.94725],[127.54438,36.94616],[127.54569,36.94584],[127.54706,36.94599],[127.54875,36.94494],[127.54873,36.94469],[127.5482,36.94462],[127.54968,36.94336],[127.55001,36.94195],[127.55115,36.94175],[127.55246,36.94193],[127.5532,36.94239],[127.55353,36.94179],[127.55456,36.9417],[127.55677,36.94229],[127.55697,36.94361],[127.55765,36.94364],[127.55853,36.94464],[127.55878,36.94577],[127.56029,36.94667],[127.56062,36.94726],[127.56314,36.94703],[127.56333,36.94945],[127.5647,36.94914],[127.56596,36.94976],[127.56721,36.94971],[127.56736,36.94944],[127.56972,36.94904],[127.57157,36.94951],[127.57332,36.94888],[127.5747,36.95007],[127.57546,36.95144],[127.57755,36.95168],[127.57769,36.95227],[127.57741,36.95271],[127.57776,36.95375],[127.57877,36.95341],[127.5822,36.94974],[127.58445,36.94852],[127.58564,36.94696],[127.58587,36.94605],[127.58518,36.94455],[127.58526,36.94356],[127.58794,36.94319],[127.58904,36.94247],[127.59135,36.94232],[127.59173,36.94289],[127.59295,36.9428],[127.59428,36.94179],[127.59426,36.94089],[127.59529,36.94056],[127.59592,36.93991],[127.59576,36.93928],[127.59645,36.93877],[127.60166,36.93823],[127.60238,36.93896],[127.60104,36.94073],[127.6023,36.94235],[127.60207,36.94407],[127.6029,36.94503],[127.60306,36.94594],[127.60417,36.94681],[127.60386,36.9481],[127.60438,36.94886],[127.60585,36.94936],[127.60633,36.95016],[127.60847,36.95204],[127.61252,36.95098],[127.6132,36.9515],[127.61573,36.95231],[127.61684,36.95378],[127.61773,36.95364],[127.61838,36.95398],[127.61923,36.95572],[127.61917,36.95729],[127.62,36.9574],[127.62127,36.95815],[127.62125,36.95885],[127.62254,36.95833],[127.62449,36.95925],[127.6265,36.95917],[127.62672,36.96232],[127.62731,36.96264],[127.62779,36.96396],[127.62741,36.96447],[127.62759,36.96499],[127.6267,36.96573],[127.62756,36.96647],[127.6277,36.96792],[127.62834,36.96889],[127.62868,36.96861],[127.62995,36.96868],[127.63087,36.9703],[127.6315,36.97065],[127.63191,36.9706],[127.63256,36.96959],[127.63608,36.96804],[127.63712,36.96723],[127.63787,36.96751],[127.63845,36.96679],[127.64083,36.96548],[127.64137,36.96465],[127.64327,36.96427],[127.64661,36.96269],[127.64767,36.96316],[127.64993,36.96229],[127.65162,36.96275],[127.65278,36.96233],[127.65394,36.9627],[127.65546,36.96186],[127.65615,36.96192],[127.65703,36.9626],[127.6576,36.96253],[127.6585,36.96352],[127.65928,36.96375],[127.65974,36.96448],[127.65929,36.96514],[127.65939,36.96581],[127.66091,36.96553],[127.66159,36.96644],[127.66171,36.96712],[127.66362,36.96831],[127.66466,36.96984],[127.66136,36.97246],[127.6623,36.97467],[127.66182,36.97526],[127.66177,36.97738],[127.66117,36.97784],[127.65948,36.97795],[127.65891,36.97851],[127.65588,36.97983],[127.65559,36.98049],[127.65269,36.98264],[127.6514,36.98259],[127.65,36.98521],[127.64875,36.98652],[127.64767,36.98714],[127.64713,36.98804],[127.64475,36.98883],[127.64356,36.98994],[127.64323,36.99137],[127.64153,36.99502],[127.64164,36.99744],[127.64242,36.99779],[127.643,36.9987],[127.64224,36.99936],[127.64202,37.00053],[127.64287,37.00253],[127.64242,37.00315],[127.6417,37.00322],[127.6387,37.0057],[127.63638,37.00573],[127.6345,37.00649],[127.63451,37.00685],[127.63314,37.00727],[127.63141,37.00908],[127.62993,37.00947],[127.63,37.01072],[127.62763,37.01187],[127.62654,37.01318],[127.62531,37.01297],[127.62529,37.0125],[127.62338,37.01128],[127.62352,37.01064],[127.62241,37.01014],[127.6191,37.00942],[127.6183,37.01052],[127.6159,37.00943],[127.6152,37.01116],[127.60544,37.01401],[127.60197,37.01626],[127.59767,37.01736],[127.59395,37.01742],[127.5939,37.01553],[127.59168,37.01557],[127.59165,37.01455],[127.58997,37.01452],[127.59017,37.01346],[127.58983,37.01227],[127.59028,37.01152],[127.58868,37.01175],[127.58806,37.01231],[127.58802,37.01202],[127.58864,37.01153],[127.59006,37.01121],[127.58885,37.01066],[127.58832,37.0106],[127.58756,37.01215],[127.58701,37.01082],[127.58622,37.01116],[127.58583,37.01218],[127.58568,37.01183],[127.58443,37.01244],[127.58343,37.01172],[127.58277,37.01166],[127.58181,37.01202],[127.58023,37.01324],[127.57957,37.01508],[127.57716,37.01421],[127.57676,37.01511],[127.57615,37.01499],[127.57424,37.01347],[127.57356,37.01331],[127.57116,37.01417],[127.56959,37.01358],[127.56806,37.01361],[127.56723,37.01442],[127.56702,37.01564],[127.56638,37.01565],[127.56584,37.01503],[127.56394,37.01631],[127.56265,37.01676],[127.5619,37.01784],[127.56085,37.01802],[127.56097,37.019],[127.56034,37.01923],[127.5601,37.01976],[127.56039,37.02125],[127.55985,37.02197],[127.56083,37.02265],[127.56009,37.0232],[127.56005,37.02442],[127.55966,37.02476],[127.5598,37.02564],[127.55943,37.02623],[127.55636,37.02672],[127.55604,37.02623],[127.55417,37.02595],[127.55337,37.0269],[127.55325,37.0275],[127.55206,37.02809],[127.55216,37.02849],[127.55157,37.02906],[127.55158,37.02991],[127.55448,37.03237],[127.55514,37.03245],[127.55562,37.03292],[127.55753,37.03277],[127.55917,37.0335],[127.56001,37.03585],[127.55913,37.03633],[127.55907,37.03674],[127.56056,37.03734],[127.56034,37.0386],[127.56092,37.03991],[127.56222,37.04039],[127.56346,37.04024],[127.56567,37.04213],[127.56651,37.04248],[127.56703,37.04444],[127.56674,37.04549],[127.56706,37.0475],[127.56564,37.0464],[127.56245,37.0448],[127.56191,37.04386],[127.55829,37.04232],[127.55683,37.04125],[127.55461,37.04186],[127.55472,37.0428],[127.55562,37.04329],[127.55485,37.04382],[127.555,37.04402],[127.55384,37.04441],[127.55315,37.04504],[127.55215,37.04521],[127.55107,37.04494],[127.54865,37.04643],[127.54777,37.04664],[127.54646,37.04767],[127.54309,37.04907],[127.54222,37.05006],[127.54096,37.05074],[127.5391,37.05087],[127.53506,37.05182]]]}},{"type":"Feature","properties":{"zoneId":"Z000210049","zoneName":"신니중학구음성읍학교군공동학구","zoneType":"middle","level":"중학교","kind":"shared","oneWay":false,"sggCode":"130","eduCode":"8021000","eduName":"충청북도충주교육지원청","updatedAt":"2016-08-12"},"geometry":{"type":"Polygon","coordinates":[[[127.66429,36.98374],[127.66497,36.98449],[127.66617,36.98585],[127.66883,36.98789],[127.6681,36.98938],[127.6701,36.99325],[127.67024,36.99652],[127.67132,36.99744],[127.66509,36.99801],[127.66247,36.99576],[127.6565,36.98888],[127.65194,36.98514],[127.65094,36.98384],[127.6511,36.9828],[127.65269,36.98264],[127.65559,36.98049],[127.65588,36.97983],[127.65891,36.97851],[127.65948,36.97795],[127.66117,36.97784],[127.66169,36.97742],[127.66316,36.98155],[127.66429,36.98374]]]}},{"type":"Feature","properties":{"zoneId":"Z000200528","zoneName":"옥산중학구","zoneType":"middle","level":"중학교","kind":"dedicated","oneWay":false,"sggCode":"113","eduCode":"8011000","eduName":"충청북도청주교육지원청","updatedAt":"2024-02-27"},"geometry":{"type":"Polygon","coordinates":[[[127.31857,36.72433],[127.31857,36.72433],[127.31801,36.72492],[127.31685,36.72438],[127.31242,36.72378],[127.30944,36.72458],[127.30925,36.7241],[127.31109,36.72385],[127.31091,36.72319],[127.31009,36.7227],[127.30873,36.72078],[127.30881,36.72019],[127.30799,36.71813],[127.30843,36.71682],[127.308,36.71644],[127.3079,36.71565],[127.3089,36.71408],[127.30814,36.71389],[127.3077,36.71338],[127.30789,36.71307],[127.30695,36.71158],[127.30721,36.71102],[127.3061,36.70827],[127.30711,36.7079],[127.30702,36.70759],[127.30765,36.70662],[127.30742,36.70589],[127.30811,36.70531],[127.30804,36.7049],[127.3084,36.70481],[127.30712,36.7037],[127.30558,36.70306],[127.30503,36.70245],[127.30446,36.70244],[127.30349,36.70129],[127.30132,36.69998],[127.29748,36.69914],[127.29735,36.69854],[127.29655,36.69765],[127.29574,36.69773],[127.29461,36.69718],[127.29331,36.69702],[127.29201,36.6973],[127.28949,36.69541],[127.28874,36.69428],[127.28793,36.6938],[127.28706,36.69272],[127.28567,36.69199],[127.28529,36.69067],[127.28695,36.69042],[127.28802,36.68955],[127.2886,36.68964],[127.28954,36.68819],[127.29214,36.68709],[127.29555,36.68662],[127.29666,36.68577],[127.29957,36.68593],[127.30082,36.68524],[127.30183,36.68574],[127.30442,36.68504],[127.30456,36.68414],[127.30599,36.68287],[127.30676,36.6827],[127.30763,36.68202],[127.30724,36.67952],[127.30753,36.67832],[127.30623,36.67547],[127.30521,36.67424],[127.30556,36.67354],[127.30549,36.67284],[127.30609,36.67225],[127.30585,36.67057],[127.30485,36.66809],[127.30516,36.6674],[127.30586,36.66743],[127.30687,36.66633],[127.3084,36.66656],[127.30928,36.66631],[127.31001,36.66673],[127.31152,36.66662],[127.31197,36.66536],[127.31433,36.66439],[127.31496,36.66508],[127.31701,36.66578],[127.31794,36.66559],[127.31926,36.66591],[127.31946,36.66684],[127.32092,36.66797],[127.32268,36.66837],[127.3234,36.66785],[127.32457,36.66582],[127.32484,36.66415],[127.32551,36.66379],[127.32822,36.66405],[127.32896,36.66358],[127.32993,36.66353],[127.33106,36.66207],[127.33156,36.66206],[127.33215,36.66137],[127.33271,36.65975],[127.33318,36.6596],[127.3331,36.65879],[127.33423,36.65703],[127.33465,36.65746],[127.3369,36.65755],[127.33821,36.65593],[127.34069,36.65571],[127.342,36.65629],[127.34322,36.65613],[127.34463,36.65639],[127.34523,36.65614],[127.34594,36.65666],[127.34623,36.65775],[127.34586,36.6583],[127.34538,36.65793],[127.34471,36.65797],[127.34562,36.65887],[127.34789,36.65983],[127.34982,36.65992],[127.35116,36.65829],[127.35219,36.6559],[127.35216,36.64975],[127.35179,36.64881],[127.35048,36.64738],[127.35041,36.64639],[127.34918,36.64524],[127.34887,36.6433],[127.34919,36.64284],[127.3507,36.64217],[127.35458,36.6425],[127.35619,36.64167],[127.35772,36.63986],[127.35775,36.63868],[127.35692,36.63688],[127.35861,36.63753],[127.35991,36.63754],[127.35996,36.63803],[127.36186,36.64038],[127.36627,36.64459],[127.37686,36.65261],[127.37694,36.65865],[127.37754,36.65948],[127.37969,36.661],[127.38173,36.66126],[127.38829,36.66009],[127.39064,36.65995],[127.39239,36.6603],[127.39506,36.66166],[127.39658,36.66349],[127.39688,36.66497],[127.39626,36.67113],[127.39517,36.66983],[127.39538,36.67264],[127.3986,36.67596],[127.40199,36.67867],[127.40257,36.67957],[127.40355,36.68006],[127.40915,36.68092],[127.41657,36.681],[127.41945,36.68075],[127.42034,36.68038],[127.42231,36.6805],[127.43676,36.68257],[127.43526,36.68323],[127.43494,36.68409],[127.43314,36.68484],[127.43165,36.68463],[127.43146,36.68933],[127.42575,36.68918],[127.42587,36.69081],[127.42445,36.69207],[127.42431,36.69278],[127.42376,36.69325],[127.42375,36.69388],[127.4232,36.69442],[127.42055,36.69565],[127.4212,36.69621],[127.40893,36.70544],[127.40869,36.70658],[127.41076,36.70865],[127.41072,36.71006],[127.4088,36.71009],[127.40815,36.70973],[127.40743,36.7087],[127.40598,36.70876],[127.40538,36.7091],[127.4062,36.71012],[127.40594,36.71045],[127.40013,36.71239],[127.39958,36.71385],[127.39863,36.71478],[127.3947,36.7173],[127.39019,36.71788],[127.38708,36.71765],[127.38162,36.71531],[127.38069,36.71441],[127.37847,36.7133],[127.37473,36.7125],[127.37394,36.71299],[127.37207,36.7131],[127.36851,36.71448],[127.36583,36.71565],[127.36534,36.71624],[127.3637,36.71666],[127.36265,36.71776],[127.3588,36.71783],[127.3588,36.71739],[127.35598,36.71726],[127.35308,36.71762],[127.35262,36.71793],[127.35235,36.71776],[127.35185,36.71837],[127.35065,36.71892],[127.33948,36.71889],[127.33453,36.72058],[127.33352,36.72122],[127.33169,36.72126],[127.33008,36.72174],[127.32667,36.72363],[127.32618,36.72424],[127.32495,36.72421],[127.32428,36.72369],[127.3202,36.72367],[127.31857,36.72433]]]}},{"type":"Feature","properties":{"zoneId":"Z000210387","zoneName":"제1학교군가덕중문의중미원중 공동(일방)학교군(구)","zoneType":"middle","level":"중학교","kind":"shared","oneWay":true,"sggCode":"111","eduCode":"8011000","eduName":"충청북도청주교육지원청","updatedAt":"2024-02-27"},"geometry":{"type":"Polygon","coordinates":[[[127.5827,36.68463],[127.58218,36.68427],[127.5816,36.68463],[127.58074,36.68424],[127.5792,36.6842],[127.57865,36.68346],[127.57764,36.68305],[127.57735,36.68199],[127.57675,36.68144],[127.57575,36.68125],[127.57373,36.6798],[127.57354,36.67887],[127.57276,36.67822],[127.57254,36.6776],[127.57079,36.67769],[127.56951,36.67734],[127.56865,36.67673],[127.56837,36.67573],[127.56699,36.67436],[127.5658,36.67426],[127.56554,36.67458],[127.56309,36.67411],[127.56194,36.67429],[127.56003,36.67525],[127.55889,36.67402],[127.55703,36.67375],[127.55653,36.6741],[127.55512,36.67396],[127.55272,36.67293],[127.54946,36.67296],[127.54862,36.67349],[127.54752,36.67239],[127.54716,36.67151],[127.54577,36.67118],[127.54463,36.67029],[127.54429,36.66947],[127.54316,36.6687],[127.54224,36.66864],[127.54167,36.66911],[127.54104,36.66904],[127.54018,36.66948],[127.53972,36.66911],[127.53883,36.66939],[127.53776,36.66901],[127.53694,36.66954],[127.53598,36.66915],[127.53506,36.66774],[127.53383,36.66719],[127.53377,36.66666],[127.53321,36.66656],[127.53271,36.66593],[127.53323,36.66491],[127.5338,36.66463],[127.53158,36.66329],[127.5283,36.66262],[127.52648,36.66055],[127.5256,36.66059],[127.52498,36.66019],[127.52473,36.65863],[127.52421,36.65787],[127.52221,36.65704],[127.52168,36.65644],[127.51989,36.65589],[127.51844,36.65487],[127.51571,36.65452],[127.51433,36.65325],[127.5134,36.65341],[127.51293,36.65295],[127.50956,36.65324],[127.50901,36.65264],[127.50842,36.65254],[127.506,36.64991],[127.50618,36.64874],[127.50654,36.64837],[127.50569,36.64739],[127.50491,36.64733],[127.50444,36.64549],[127.50399,36.64495],[127.50341,36.64435],[127.50228,36.64441],[127.50091,36.64374],[127.50133,36.64171],[127.50119,36.64101],[127.50171,36.64061],[127.5017,36.64012],[127.50122,36.63916],[127.50055,36.63861],[127.49929,36.63799],[127.49715,36.63797],[127.49551,36.63718],[127.49508,36.63666],[127.49219,36.63614],[127.49199,36.63657],[127.49075,36.63679],[127.4905,36.63649],[127.49136,36.62855],[127.49496,36.62777],[127.49602,36.62532],[127.49605,36.62496],[127.49359,36.62492],[127.49154,36.62436],[127.49293,36.6232],[127.49331,36.62217],[127.49364,36.61792],[127.4975,36.61083],[127.49805,36.606],[127.50095,36.60589],[127.50363,36.60173],[127.50558,36.59739],[127.49802,36.5963],[127.49774,36.59248],[127.49833,36.59068],[127.49909,36.5896],[127.49851,36.58894],[127.50036,36.58601],[127.50297,36.58424],[127.50414,36.58094],[127.50408,36.57773],[127.5047,36.576],[127.50758,36.5741],[127.50892,36.57416],[127.50953,36.57042],[127.50961,36.56989],[127.50903,36.56941],[127.50786,36.56531],[127.50849,36.56328],[127.50857,36.56121],[127.50624,36.55624],[127.50411,36.5535],[127.50426,36.55084],[127.50461,36.55107],[127.50576,36.54909],[127.50726,36.54791],[127.50806,36.54654],[127.5095,36.54581],[127.51122,36.54415],[127.51337,36.54333],[127.51918,36.54264],[127.52104,36.54304],[127.52279,36.54414],[127.52397,36.54553],[127.52706,36.54768],[127.52658,36.54839],[127.52606,36.54798],[127.52606,36.54819],[127.5244,36.54847],[127.52303,36.55059],[127.52068,36.55186],[127.52053,36.55256],[127.52087,36.55421],[127.52149,36.55443],[127.521,36.55677],[127.52143,36.55763],[127.52347,36.55794],[127.52425,36.55848],[127.52442,36.55999],[127.52514,36.56072],[127.52469,36.5616],[127.52585,36.56357],[127.5267,36.56354],[127.5278,36.56408],[127.52874,36.56582],[127.53013,36.56607],[127.53071,36.56665],[127.53216,36.5672],[127.53296,36.56802],[127.53377,36.56786],[127.53646,36.57059],[127.53658,36.57154],[127.53875,36.57187],[127.53936,36.57304],[127.54082,36.57368],[127.54324,36.57668],[127.54355,36.57772],[127.54287,36.57915],[127.54325,36.57962],[127.54473,36.57973],[127.5459,36.58058],[127.54565,36.58096],[127.54582,36.58252],[127.54527,36.5829],[127.54609,36.58375],[127.54562,36.58503],[127.54528,36.58511],[127.54546,36.58583],[127.54433,36.58815],[127.54562,36.58995],[127.54549,36.59179],[127.54343,36.59418],[127.54259,36.59671],[127.54135,36.5979],[127.54224,36.59941],[127.54286,36.59986],[127.54269,36.6006],[127.54322,36.60085],[127.54336,36.60234],[127.54522,36.60599],[127.54528,36.60674],[127.54795,36.60888],[127.549,36.61267],[127.55059,36.61541],[127.55304,36.61679],[127.55349,36.61733],[127.55367,36.61878],[127.55434,36.61965],[127.55393,36.62086],[127.55486,36.62442],[127.55754,36.62666],[127.55708,36.62749],[127.55725,36.62835],[127.55657,36.63054],[127.55762,36.63103],[127.5586,36.63209],[127.55983,36.63268],[127.56079,36.63274],[127.56603,36.63217],[127.56781,36.6307],[127.57095,36.63109],[127.57519,36.62872],[127.57658,36.62845],[127.57757,36.62859],[127.57831,36.62928],[127.58036,36.62923],[127.58057,36.63002],[127.58099,36.62998],[127.57974,36.63152],[127.57961,36.63317],[127.58013,36.63379],[127.58118,36.63375],[127.58136,36.63573],[127.58243,36.63732],[127.5824,36.63832],[127.58312,36.63924],[127.58219,36.64097],[127.58216,36.64167],[127.58164,36.64197],[127.58213,36.64305],[127.58159,36.64412],[127.58182,36.64493],[127.5827,36.6458],[127.58261,36.64695],[127.583,36.64877],[127.58412,36.64935],[127.58402,36.65053],[127.58476,36.6522],[127.58553,36.65307],[127.5865,36.65324],[127.58667,36.65541],[127.58643,36.65573],[127.58759,36.65767],[127.5877,36.65905],[127.58874,36.66056],[127.58852,36.66148],[127.58891,36.66256],[127.58795,36.66493],[127.5883,36.66527],[127.58824,36.66613],[127.58649,36.6681],[127.58655,36.66934],[127.58438,36.67233],[127.58356,36.6725],[127.58382,36.67352],[127.58455,36.67378],[127.58494,36.67476],[127.5841,36.67617],[127.58526,36.67783],[127.58513,36.67849],[127.58628,36.67916],[127.58645,36.67994],[127.58623,36.68034],[127.58714,36.68152],[127.58605,36.68242],[127.58588,36.68344],[127.5827,36.68463]]]}},{"type":"Feature","properties":{"zoneId":"Z000210211","zoneName":"무극중학구생극중학구동성중학구공동(일방)학구","zoneType":"middle","level":"중학교","kind":"shared","oneWay":true,"sggCode":"770","eduCode":"8101000","eduName":"충청북도음성교육지원청","updatedAt":"2022-11-15"},"geometry":{"type":"Polygon","coordinates":[[[127.54253,36.95597],[127.54253,36.956],[127.54247,36.95571],[127.54113,36.95557],[127.541,36.95523],[127.53972,36.95461],[127.53963,36.95399],[127.53915,36.95396],[127.53846,36.95338],[127.53855,36.953],[127.53711,36.95051],[127.53659,36.95023],[127.5356,36.95022],[127.53535,36.95047],[127.53449,36.95009],[127.53404,36.94816],[127.53199,36.94671],[127.53053,36.94437],[127.53073,36.94385],[127.53,36.94248],[127.52889,36.94159],[127.53201,36.93998],[127.53339,36.93723],[127.53404,36.93692],[127.53582,36.93679],[127.53847,36.9377],[127.54037,36.93762],[127.54043,36.93855],[127.54362,36.93844],[127.54604,36.93913],[127.54659,36.93964],[127.5491,36.93981],[127.55032,36.94085],[127.55636,36.94169],[127.55642,36.94093],[127.55576,36.9407],[127.55553,36.94007],[127.55625,36.93912],[127.55615,36.93857],[127.55778,36.93668],[127.55993,36.93574],[127.56113,36.93558],[127.56186,36.93394],[127.5641,36.93529],[127.56543,36.93505],[127.56655,36.93535],[127.56706,36.93589],[127.5679,36.9354],[127.57081,36.93518],[127.57182,36.93541],[127.57294,36.93639],[127.57662,36.93608],[127.57887,36.93493],[127.58058,36.93475],[127.58226,36.94083],[127.58361,36.94259],[127.58526,36.94356],[127.58518,36.94455],[127.58587,36.94605],[127.58564,36.94696],[127.58445,36.94852],[127.5822,36.94974],[127.57877,36.95341],[127.57776,36.95375],[127.57741,36.95271],[127.57769,36.95227],[127.57755,36.95168],[127.57546,36.95144],[127.5747,36.95007],[127.57332,36.94888],[127.57157,36.94951],[127.56972,36.94904],[127.56736,36.94944],[127.56721,36.94971],[127.56596,36.94976],[127.5647,36.94914],[127.56333,36.94945],[127.56314,36.94703],[127.56062,36.94726],[127.56029,36.94667],[127.55878,36.94577],[127.55853,36.94464],[127.55765,36.94364],[127.55697,36.94361],[127.55677,36.94229],[127.5545,36.9417],[127.55353,36.94179],[127.5532,36.94239],[127.5524,36.94192],[127.55063,36.94173],[127.55001,36.94195],[127.54968,36.94336],[127.5483,36.9445],[127.54878,36.94485],[127.54804,36.94544],[127.54706,36.94599],[127.54569,36.94584],[127.54438,36.94616],[127.54543,36.94725],[127.54457,36.94828],[127.54431,36.94963],[127.54431,36.9507],[127.54496,36.95172],[127.54446,36.95313],[127.54453,36.95379],[127.5428,36.95498],[127.54253,36.95597]]]}},{"type":"Feature","properties":{"zoneId":"Z000210047","zoneName":"한국교원대부설미호중학구옥산중학구공동학구","zoneType":"middle","level":"중학교","kind":"shared","oneWay":false,"sggCode":"113","eduCode":"8011000","eduName":"충청북도청주교육지원청","updatedAt":"2016-08-12"},"geometry":{"type":"Polygon","coordinates":[[[127.37814,36.64661],[127.37817,36.64665],[127.37833,36.64812],[127.37722,36.65067],[127.37686,36.65261],[127.36627,36.64459],[127.36186,36.64038],[127.35996,36.63803],[127.35991,36.63754],[127.36256,36.63748],[127.36662,36.63875],[127.36736,36.63935],[127.36841,36.64101],[127.36984,36.6421],[127.37319,36.64401],[127.37629,36.64511],[127.37814,36.64661]]]}},{"type":"Feature","properties":{"zoneId":"Z000200554","zoneName":"보은중학구","zoneType":"middle","level":"중학교","kind":"dedicated","oneWay":false,"sggCode":"720","eduCode":"8051000","eduName":"충청북도보은교육지원청","updatedAt":"2018-02-23"},"geometry":{"type":"Polygon","coordinates":[[[127.68869,36.56124],[127.68813,36.56144],[127.68781,36.56226],[127.68588,36.56285],[127.68379,36.56236],[127.68226,36.56083],[127.68172,36.5609],[127.68034,36.55997],[127.68093,36.55889],[127.68247,36.55764],[127.68275,36.55584],[127.68452,36.5558],[127.68505,36.55452],[127.68739,36.55234],[127.68768,36.55091],[127.68737,36.54846],[127.68681,36.54738],[127.68726,36.54633],[127.68688,36.5456],[127.6873,36.54548],[127.68723,36.54479],[127.6877,36.54391],[127.68945,36.54352],[127.69005,36.54268],[127.68933,36.54133],[127.69052,36.53965],[127.6866,36.53983],[127.68721,36.53896],[127.68699,36.53765],[127.68424,36.53803],[127.68335,36.53737],[127.68163,36.53715],[127.68112,36.53663],[127.6802,36.53654],[127.68012,36.5358],[127.68055,36.53498],[127.68025,36.5342],[127.68037,36.53203],[127.68001,36.53168],[127.6804,36.53053],[127.68019,36.52912],[127.67915,36.5279],[127.67682,36.52772],[127.67498,36.52717],[127.67455,36.52625],[127.67265,36.52615],[127.67199,36.52566],[127.67155,36.52657],[127.6697,36.52738],[127.66934,36.52704],[127.66756,36.5269],[127.66564,36.52608],[127.6647,36.52647],[127.66266,36.52466],[127.66231,36.5238],[127.66177,36.52367],[127.66137,36.52303],[127.66111,36.52149],[127.6608,36.52123],[127.66127,36.52079],[127.6615,36.51953],[127.66126,36.51875],[127.66064,36.51828],[127.66156,36.51776],[127.66158,36.51719],[127.66052,36.51605],[127.65926,36.51589],[127.65972,36.51443],[127.65936,36.51318],[127.65974,36.51248],[127.65944,36.51054],[127.66022,36.50762],[127.6616,36.50633],[127.66245,36.50602],[127.66295,36.50467],[127.66269,36.50387],[127.66346,36.50352],[127.66347,36.50281],[127.66457,36.50244],[127.66621,36.49809],[127.66521,36.49759],[127.6627,36.49765],[127.66232,36.49735],[127.6611,36.49728],[127.65876,36.4963],[127.65838,36.49667],[127.65692,36.49686],[127.65526,36.49652],[127.6549,36.49666],[127.65483,36.4974],[127.65352,36.49803],[127.65071,36.49767],[127.64979,36.49845],[127.64906,36.49838],[127.64823,36.49775],[127.64818,36.49862],[127.64894,36.50031],[127.6477,36.50167],[127.64759,36.5026],[127.64814,36.50485],[127.646,36.50603],[127.64529,36.50679],[127.64528,36.50777],[127.64593,36.50913],[127.64531,36.50979],[127.64435,36.50953],[127.64273,36.5079],[127.64012,36.50799],[127.6398,36.50737],[127.63873,36.50689],[127.63889,36.50641],[127.63817,36.50448],[127.63647,36.50287],[127.63624,36.50157],[127.63507,36.50134],[127.63463,36.50028],[127.63323,36.5012],[127.63137,36.50159],[127.63067,36.50103],[127.63083,36.50035],[127.63012,36.49931],[127.6287,36.49902],[127.62855,36.49814],[127.63098,36.49746],[127.63236,36.49661],[127.63322,36.49563],[127.63541,36.49436],[127.63609,36.49421],[127.63703,36.49452],[127.63749,36.49439],[127.63777,36.49388],[127.6391,36.49373],[127.6402,36.49292],[127.64014,36.49241],[127.64046,36.49199],[127.64224,36.49101],[127.64155,36.48949],[127.64235,36.48816],[127.64336,36.48753],[127.64365,36.48598],[127.64504,36.48457],[127.64367,36.48232],[127.64238,36.48168],[127.64152,36.48065],[127.6424,36.47972],[127.64281,36.47835],[127.6427,36.47768],[127.64439,36.47563],[127.64372,36.47524],[127.64382,36.47427],[127.64357,36.47393],[127.6422,36.47346],[127.64164,36.47282],[127.64191,36.47127],[127.64253,36.47071],[127.64229,36.47046],[127.64276,36.47],[127.64074,36.46899],[127.64098,36.46834],[127.64051,36.46788],[127.64066,36.46697],[127.64165,36.46625],[127.64155,36.46546],[127.64096,36.465],[127.64133,36.46414],[127.64099,36.46382],[127.63993,36.46396],[127.63902,36.46341],[127.63866,36.46366],[127.63754,36.4635],[127.63685,36.46267],[127.63672,36.46171],[127.6362,36.4614],[127.63051,36.46248],[127.62948,36.46336],[127.62878,36.46306],[127.62859,36.46243],[127.62693,36.46129],[127.62456,36.46022],[127.62434,36.45956],[127.62335,36.45894],[127.62305,36.45798],[127.62166,36.45811],[127.62134,36.45763],[127.62193,36.45575],[127.62273,36.45528],[127.62321,36.45416],[127.62456,36.45283],[127.62626,36.45223],[127.62782,36.45233],[127.63044,36.45174],[127.632,36.45133],[127.63294,36.45062],[127.63458,36.45168],[127.63526,36.45269],[127.63863,36.45037],[127.63983,36.45116],[127.63825,36.44971],[127.63697,36.4454],[127.63561,36.44433],[127.63564,36.44212],[127.63523,36.4416],[127.63472,36.44156],[127.63295,36.44197],[127.63163,36.44057],[127.63166,36.44015],[127.63311,36.43852],[127.63493,36.4379],[127.63761,36.43564],[127.63923,36.43603],[127.63965,36.43686],[127.63942,36.4375],[127.63996,36.43816],[127.64011,36.44029],[127.64117,36.44176],[127.64136,36.44256],[127.64195,36.44331],[127.64295,36.44362],[127.64373,36.44507],[127.64474,36.44529],[127.64695,36.44482],[127.64764,36.44309],[127.64843,36.44237],[127.65009,36.44314],[127.65097,36.44318],[127.65097,36.44224],[127.65143,36.44148],[127.6522,36.44096],[127.6524,36.44033],[127.65399,36.43866],[127.65479,36.43877],[127.65539,36.43786],[127.65622,36.43768],[127.65643,36.438],[127.65777,36.43806],[127.65821,36.43877],[127.65817,36.43931],[127.65897,36.43968],[127.65925,36.44036],[127.65922,36.44015],[127.65982,36.4402],[127.66067,36.44067],[127.66132,36.44057],[127.66192,36.44113],[127.66195,36.44242],[127.66402,36.44083],[127.66404,36.4392],[127.66618,36.43993],[127.6679,36.43956],[127.66874,36.43971],[127.66901,36.44125],[127.66952,36.44174],[127.66945,36.44245],[127.67035,36.4416],[127.6729,36.44048],[127.67583,36.43828],[127.67618,36.43724],[127.68033,36.4363],[127.68043,36.43487],[127.67978,36.43399],[127.68006,36.43331],[127.67986,36.43217],[127.68035,36.43189],[127.68039,36.43023],[127.67952,36.42969],[127.67875,36.4282],[127.67884,36.42757],[127.67846,36.42701],[127.6788,36.42654],[127.67854,36.42588],[127.6787,36.4246],[127.67973,36.42366],[127.68037,36.42154],[127.68059,36.42051],[127.68009,36.41992],[127.68132,36.41854],[127.6836,36.41745],[127.68617,36.4184],[127.69205,36.41678],[127.69347,36.41707],[127.69344,36.41658],[127.69386,36.41622],[127.69503,36.41598],[127.69684,36.41474],[127.6978,36.41475],[127.70012,36.41384],[127.70415,36.41484],[127.70536,36.41644],[127.70623,36.41953],[127.70598,36.42081],[127.70615,36.42134],[127.70559,36.4217],[127.70526,36.42293],[127.70565,36.42405],[127.70545,36.4256],[127.70586,36.42592],[127.70578,36.42691],[127.70525,36.42751],[127.70545,36.42787],[127.70502,36.42819],[127.70564,36.42948],[127.70714,36.43076],[127.70706,36.432],[127.70603,36.43302],[127.70591,36.4339],[127.70753,36.43922],[127.70754,36.44005],[127.70709,36.44079],[127.70772,36.44403],[127.70736,36.44466],[127.70788,36.44575],[127.70769,36.44643],[127.70962,36.44675],[127.71037,36.44719],[127.71124,36.44938],[127.71103,36.45066],[127.7132,36.45121],[127.7147,36.45212],[127.7163,36.45155],[127.71928,36.45173],[127.71969,36.45236],[127.72081,36.45259],[127.72332,36.45236],[127.72379,36.45176],[127.72436,36.45197],[127.7263,36.45303],[127.72652,36.45361],[127.72603,36.45435],[127.72619,36.45472],[127.72584,36.45496],[127.7267,36.45646],[127.73652,36.4573],[127.73706,36.45439],[127.73658,36.4526],[127.73531,36.45],[127.73533,36.44812],[127.73574,36.44717],[127.73747,36.44556],[127.7433,36.44129],[127.74501,36.43777],[127.74806,36.43442],[127.74817,36.43523],[127.75006,36.43289],[127.75072,36.43308],[127.75137,36.43145],[127.76083,36.43442],[127.76086,36.4355],[127.76197,36.43569],[127.76326,36.43787],[127.76466,36.43825],[127.76567,36.43818],[127.76721,36.43884],[127.76771,36.43955],[127.76766,36.44036],[127.76937,36.44051],[127.77006,36.44101],[127.77027,36.44199],[127.77146,36.44277],[127.77133,36.44375],[127.77217,36.44531],[127.77223,36.44625],[127.77159,36.44631],[127.77058,36.44706],[127.77122,36.44789],[127.77168,36.44938],[127.77161,36.45125],[127.77321,36.4526],[127.77367,36.45228],[127.77717,36.45338],[127.77695,36.45424],[127.77739,36.45444],[127.77725,36.45546],[127.7781,36.45696],[127.77898,36.45753],[127.77802,36.45781],[127.77653,36.45947],[127.7757,36.46102],[127.77473,36.4612],[127.77435,36.46214],[127.77504,36.46292],[127.7752,36.46465],[127.77596,36.46692],[127.77546,36.46709],[127.77472,36.4681],[127.77619,36.46951],[127.77624,36.4708],[127.77491,36.47083],[127.77449,36.47148],[127.77404,36.47263],[127.77405,36.47374],[127.77331,36.47535],[127.77424,36.47617],[127.7753,36.4765],[127.77565,36.47755],[127.77555,36.47903],[127.77434,36.47952],[127.77455,36.48008],[127.77377,36.48116],[127.77337,36.48415],[127.77373,36.48529],[127.77582,36.48581],[127.77722,36.4867],[127.78068,36.48698],[127.7821,36.48771],[127.78385,36.4879],[127.7846,36.48733],[127.78666,36.48711],[127.7897,36.48542],[127.79225,36.48914],[127.79114,36.48948],[127.79012,36.49089],[127.7904,36.49217],[127.79012,36.49325],[127.79107,36.49392],[127.79107,36.49477],[127.78982,36.49623],[127.78972,36.49733],[127.79021,36.49896],[127.78903,36.50089],[127.78884,36.50245],[127.78763,36.50278],[127.78606,36.50403],[127.7852,36.50365],[127.78361,36.50403],[127.78189,36.504],[127.77972,36.50522],[127.7791,36.50605],[127.77747,36.50657],[127.77692,36.50707],[127.77607,36.50697],[127.77606,36.50993],[127.77441,36.51168],[127.77456,36.51271],[127.77486,36.51286],[127.77371,36.51432],[127.77338,36.51532],[127.77469,36.51604],[127.77321,36.51829],[127.77245,36.52013],[127.77173,36.52088],[127.77168,36.52407],[127.77042,36.52581],[127.77077,36.52742],[127.77051,36.528],[127.76976,36.52844],[127.76834,36.53034],[127.76759,36.53018],[127.7668,36.53056],[127.76769,36.53156],[127.76759,36.53242],[127.76712,36.53302],[127.76774,36.53382],[127.76683,36.53528],[127.76712,36.53571],[127.76631,36.5363],[127.76511,36.53661],[127.76125,36.53958],[127.75868,36.53954],[127.75519,36.53775],[127.75374,36.53738],[127.75265,36.53752],[127.74959,36.53659],[127.74565,36.53451],[127.74353,36.53296],[127.74249,36.5329],[127.74151,36.53198],[127.74018,36.5317],[127.73708,36.53171],[127.73375,36.53364],[127.73056,36.53353],[127.72927,36.53444],[127.7273,36.53525],[127.72723,36.53632],[127.72542,36.53642],[127.72353,36.53534],[127.72129,36.53615],[127.72072,36.53682],[127.72001,36.5367],[127.71916,36.53731],[127.71825,36.53736],[127.71845,36.53759],[127.71663,36.536],[127.71505,36.53654],[127.71341,36.53598],[127.71157,36.53701],[127.71031,36.53728],[127.70978,36.53695],[127.70917,36.53742],[127.70898,36.53891],[127.70856,36.53961],[127.70635,36.54031],[127.70494,36.54168],[127.70512,36.54369],[127.70465,36.54454],[127.70573,36.54713],[127.70742,36.5489],[127.70751,36.54979],[127.70835,36.55061],[127.70845,36.5511],[127.70612,36.55301],[127.70575,36.55399],[127.70457,36.55529],[127.70355,36.55493],[127.70169,36.55552],[127.69999,36.55533],[127.6991,36.55633],[127.69827,36.55589],[127.69629,36.5568],[127.6958,36.55891],[127.69524,36.55913],[127.69478,36.56035],[127.69105,36.55992],[127.69032,36.5592],[127.68979,36.55986],[127.68955,36.56092],[127.68869,36.56124]]]}},{"type":"Feature","properties":{"zoneId":"Z000200567","zoneName":"학산중학구","zoneType":"middle","level":"중학교","kind":"dedicated","oneWay":false,"sggCode":"740","eduCode":"8071000","eduName":"충청북도영동교육지원청","updatedAt":"2016-08-12"},"geometry":{"type":"Polygon","coordinates":[[[127.71321,36.12595],[127.71316,36.12596],[127.71245,36.12609],[127.71041,36.12541],[127.71015,36.12381],[127.70987,36.12374],[127.70989,36.1241],[127.70902,36.12297],[127.7067,36.12216],[127.70688,36.12146],[127.70659,36.11994],[127.70486,36.11855],[127.70419,36.11623],[127.70317,36.11543],[127.7025,36.11433],[127.70143,36.11376],[127.70208,36.11384],[127.70175,36.11361],[127.701,36.11424],[127.70039,36.11366],[127.69985,36.11359],[127.69828,36.11475],[127.69687,36.11636],[127.69516,36.11741],[127.69288,36.11815],[127.69218,36.11748],[127.69074,36.1169],[127.68994,36.11584],[127.68937,36.11408],[127.69001,36.11311],[127.6905,36.11289],[127.69021,36.11224],[127.68851,36.11107],[127.68823,36.11056],[127.68841,36.11012],[127.68808,36.1098],[127.68701,36.10911],[127.68557,36.10876],[127.6855,36.10738],[127.68336,36.10912],[127.68182,36.10981],[127.68154,36.11087],[127.68084,36.11157],[127.67883,36.11122],[127.67844,36.1116],[127.67781,36.11134],[127.67765,36.1117],[127.67672,36.11192],[127.67658,36.11291],[127.67722,36.11412],[127.67658,36.11494],[127.6767,36.11581],[127.67549,36.11574],[127.6747,36.11504],[127.67406,36.11517],[127.67361,36.11599],[127.67249,36.11598],[127.67271,36.11625],[127.67124,36.11562],[127.67015,36.11777],[127.66908,36.11769],[127.6656,36.11872],[127.66414,36.11818],[127.66405,36.11752],[127.66371,36.11736],[127.66221,36.11739],[127.66059,36.11827],[127.65899,36.11836],[127.65822,36.11908],[127.65462,36.12067],[127.65421,36.12033],[127.65305,36.12168],[127.64972,36.12157],[127.6452,36.12193],[127.6435,36.12168],[127.64298,36.12204],[127.64144,36.12109],[127.64052,36.1197],[127.63948,36.11967],[127.6388,36.12007],[127.63565,36.11882],[127.63462,36.11912],[127.63409,36.11876],[127.63319,36.11908],[127.63036,36.11753],[127.63035,36.11639],[127.62815,36.11648],[127.62464,36.11886],[127.62354,36.11947],[127.62271,36.11953],[127.61948,36.11792],[127.61826,36.11776],[127.61703,36.11608],[127.61523,36.11641],[127.61073,36.11619],[127.61076,36.11563],[127.61156,36.11522],[127.61219,36.11408],[127.61308,36.11181],[127.61478,36.11145],[127.61632,36.11155],[127.6191,36.10889],[127.61899,36.10711],[127.61772,36.10604],[127.61692,36.10488],[127.61717,36.10468],[127.61704,36.10136],[127.61728,36.1001],[127.61827,36.09871],[127.61736,36.09754],[127.6177,36.09617],[127.61734,36.09546],[127.61752,36.09412],[127.61727,36.09358],[127.61862,36.0913],[127.61924,36.0907],[127.62001,36.09109],[127.62334,36.09069],[127.62418,36.08841],[127.62654,36.08761],[127.62777,36.08656],[127.62827,36.08544],[127.62934,36.08467],[127.62979,36.08383],[127.63215,36.08236],[127.63305,36.08089],[127.63219,36.07964],[127.63466,36.07673],[127.63413,36.07486],[127.6342,36.07362],[127.63739,36.07035],[127.6383,36.06794],[127.63806,36.06867],[127.6391,36.06822],[127.64013,36.06825],[127.64225,36.06739],[127.6435,36.06739],[127.64455,36.06681],[127.64842,36.06258],[127.64846,36.06086],[127.64883,36.05993],[127.64867,36.05897],[127.64905,36.05799],[127.65058,36.05728],[127.65127,36.05751],[127.65223,36.05734],[127.65355,36.05651],[127.65444,36.05662],[127.65422,36.05565],[127.65487,36.05504],[127.65526,36.054],[127.65472,36.05258],[127.65636,36.05093],[127.65632,36.05006],[127.65801,36.04768],[127.65792,36.04691],[127.65837,36.04583],[127.65847,36.04441],[127.65995,36.0422],[127.65924,36.0405],[127.65942,36.03963],[127.66023,36.03854],[127.6609,36.03819],[127.66225,36.03861],[127.66441,36.03751],[127.66803,36.03866],[127.66906,36.03866],[127.6694,36.03962],[127.67053,36.03989],[127.67274,36.04163],[127.67177,36.04325],[127.67092,36.04384],[127.67053,36.04502],[127.67088,36.04603],[127.67163,36.04678],[127.67181,36.04848],[127.6713,36.04925],[127.67029,36.04946],[127.66932,36.05027],[127.66917,36.05115],[127.67076,36.05199],[127.67156,36.05307],[127.67307,36.05362],[127.67552,36.05582],[127.67717,36.0555],[127.67792,36.05668],[127.68084,36.05824],[127.68555,36.06219],[127.68902,36.06267],[127.68892,36.06206],[127.68931,36.06175],[127.69074,36.05803],[127.69154,36.05838],[127.69314,36.05792],[127.69461,36.05898],[127.69706,36.05986],[127.70825,36.06255],[127.70963,36.06252],[127.71117,36.06339],[127.7123,36.06479],[127.71399,36.06414],[127.7147,36.06227],[127.7156,36.06152],[127.71594,36.05922],[127.71553,36.05856],[127.71552,36.0575],[127.71607,36.05661],[127.71717,36.05648],[127.71798,36.05564],[127.7213,36.05388],[127.72219,36.054],[127.72533,36.05479],[127.72635,36.05601],[127.73134,36.05626],[127.73165,36.05739],[127.73436,36.05733],[127.7347,36.05775],[127.73563,36.05784],[127.7366,36.05767],[127.7411,36.05901],[127.74447,36.06101],[127.74512,36.06197],[127.74626,36.06201],[127.74648,36.0627],[127.74692,36.06264],[127.74761,36.0634],[127.74844,36.06507],[127.75004,36.06516],[127.75384,36.06769],[127.75463,36.06893],[127.75623,36.06946],[127.76033,36.07303],[127.76143,36.07477],[127.76294,36.07815],[127.76301,36.07935],[127.76377,36.08017],[127.76229,36.08084],[127.76203,36.08144],[127.75949,36.08354],[127.75684,36.08456],[127.75551,36.08562],[127.75555,36.0862],[127.75494,36.08644],[127.75477,36.0877],[127.75263,36.08971],[127.75228,36.09052],[127.75247,36.09092],[127.75183,36.09157],[127.75187,36.09258],[127.75141,36.09328],[127.75156,36.09527],[127.75115,36.09675],[127.75174,36.09779],[127.75135,36.09822],[127.75145,36.09902],[127.74887,36.10063],[127.7485,36.1015],[127.74888,36.10422],[127.74769,36.10632],[127.74292,36.10547],[127.74246,36.105],[127.7405,36.10454],[127.73947,36.10363],[127.73747,36.10416],[127.7364,36.10401],[127.73423,36.10645],[127.73334,36.10864],[127.7312,36.10856],[127.73058,36.10911],[127.72888,36.10842],[127.72795,36.10914],[127.72771,36.11027],[127.72629,36.11087],[127.72545,36.11082],[127.72536,36.11197],[127.72456,36.11232],[127.72368,36.11383],[127.72383,36.11412],[127.72319,36.11481],[127.72282,36.11625],[127.72303,36.11646],[127.72259,36.11737],[127.72047,36.11814],[127.71918,36.11803],[127.71887,36.11964],[127.71788,36.12021],[127.71734,36.12139],[127.71649,36.12192],[127.71608,36.12361],[127.71549,36.12424],[127.71459,36.12456],[127.71398,36.12602],[127.71321,36.12595]]]}},{"type":"Feature","properties":{"zoneId":"Z000210040","zoneName":"오창중학구진천중학구공동학구","zoneType":"middle","level":"중학교","kind":"shared","oneWay":false,"sggCode":"750","eduCode":"8011000","eduName":"충청북도청주교육지원청","updatedAt":"2016-08-12"},"geometry":{"type":"Polygon","coordinates":[[[127.4446,36.82017],[127.44454,36.82017],[127.44281,36.82023],[127.44153,36.81946],[127.4408,36.81937],[127.44052,36.81969],[127.43951,36.81967],[127.43896,36.8176],[127.43836,36.81735],[127.43861,36.81681],[127.44049,36.81615],[127.44088,36.81553],[127.4422,36.816],[127.44659,36.81559],[127.44926,36.81419],[127.44972,36.8136],[127.4487,36.81132],[127.44875,36.81078],[127.4469,36.80806],[127.44612,36.8076],[127.44509,36.80764],[127.44262,36.80685],[127.44204,36.80623],[127.43978,36.80576],[127.43865,36.80502],[127.43839,36.80389],[127.43935,36.80315],[127.43972,36.79998],[127.44091,36.7986],[127.44111,36.79798],[127.441,36.79716],[127.44074,36.79707],[127.44176,36.79426],[127.44147,36.79323],[127.44036,36.79217],[127.44057,36.79148],[127.4396,36.7911],[127.43982,36.79052],[127.4375,36.79041],[127.43661,36.79088],[127.4341,36.78987],[127.43361,36.78877],[127.43175,36.78877],[127.43067,36.7896],[127.43184,36.79046],[127.43226,36.79167],[127.43116,36.79262],[127.43069,36.794],[127.43002,36.79454],[127.42938,36.79442],[127.42872,36.7955],[127.4273,36.796],[127.42614,36.79591],[127.42519,36.79676],[127.42433,36.79618],[127.42301,36.7961],[127.42234,36.79648],[127.41996,36.79687],[127.41942,36.79667],[127.41815,36.79768],[127.41719,36.79802],[127.41728,36.79862],[127.4167,36.79956],[127.41701,36.79994],[127.41606,36.80078],[127.4127,36.80111],[127.41218,36.80087],[127.41074,36.80129],[127.4091,36.80229],[127.40648,36.80191],[127.40331,36.80085],[127.40219,36.801],[127.4009,36.79924],[127.40118,36.79875],[127.4008,36.79782],[127.40172,36.79515],[127.40057,36.7945],[127.39944,36.79227],[127.39731,36.79115],[127.39674,36.79028],[127.39649,36.7884],[127.396,36.78784],[127.39675,36.78593],[127.39564,36.78535],[127.39498,36.78409],[127.39573,36.78231],[127.39643,36.78191],[127.39746,36.78214],[127.39982,36.78086],[127.39991,36.78019],[127.40156,36.77879],[127.40179,36.77805],[127.40124,36.77719],[127.4019,36.77571],[127.40326,36.77507],[127.40332,36.77447],[127.40444,36.77467],[127.40638,36.77383],[127.40865,36.77388],[127.40941,36.7732],[127.41085,36.77283],[127.41228,36.77285],[127.41266,36.77331],[127.41295,36.77322],[127.41425,36.77138],[127.41391,36.76985],[127.41504,36.76784],[127.41686,36.76632],[127.41708,36.76547],[127.41684,36.76426],[127.41718,36.76353],[127.42038,36.76093],[127.42015,36.75835],[127.4197,36.75766],[127.42144,36.75764],[127.42231,36.758],[127.42254,36.75845],[127.42446,36.75876],[127.42455,36.75772],[127.42694,36.7576],[127.427,36.75648],[127.42503,36.75593],[127.42513,36.75535],[127.42478,36.75482],[127.42537,36.75391],[127.42518,36.75352],[127.42584,36.75291],[127.42587,36.75224],[127.42675,36.75193],[127.42711,36.75081],[127.42782,36.75108],[127.43008,36.75093],[127.43054,36.75168],[127.43205,36.75198],[127.43274,36.75146],[127.4357,36.75153],[127.43615,36.75213],[127.43712,36.75228],[127.43738,36.75291],[127.43808,36.7533],[127.43912,36.75324],[127.44018,36.75249],[127.44135,36.75218],[127.44178,36.75131],[127.44172,36.75026],[127.44243,36.7494],[127.44316,36.74947],[127.44372,36.74873],[127.44575,36.74968],[127.4472,36.74886],[127.44894,36.7489],[127.44974,36.74933],[127.45094,36.74942],[127.44945,36.75373],[127.44861,36.75465],[127.44948,36.75603],[127.44993,36.7562],[127.44989,36.75906],[127.4509,36.75998],[127.45095,36.761],[127.45692,36.76466],[127.45764,36.76526],[127.45764,36.76571],[127.45844,36.76579],[127.46039,36.76991],[127.46088,36.76976],[127.46174,36.77026],[127.46407,36.76969],[127.46585,36.76995],[127.46672,36.7695],[127.46736,36.76993],[127.46829,36.76931],[127.47041,36.76882],[127.47373,36.77015],[127.47466,36.77118],[127.47748,36.77305],[127.47939,36.77352],[127.48116,36.77441],[127.4806,36.77548],[127.4818,36.776],[127.48353,36.77621],[127.4878,36.77543],[127.49045,36.7738],[127.49131,36.77413],[127.49114,36.7749],[127.49208,36.77643],[127.49422,36.77683],[127.49464,36.77788],[127.49727,36.77994],[127.49359,36.78099],[127.48811,36.78337],[127.48173,36.78719],[127.48044,36.78868],[127.47699,36.7914],[127.47692,36.79178],[127.47773,36.79234],[127.47954,36.79293],[127.48134,36.7926],[127.48352,36.79143],[127.48466,36.79116],[127.48616,36.79137],[127.48731,36.79209],[127.48849,36.79399],[127.48829,36.7977],[127.48747,36.80035],[127.48655,36.80055],[127.48596,36.80029],[127.48246,36.8012],[127.48199,36.80093],[127.48195,36.80028],[127.48137,36.79963],[127.47956,36.80004],[127.47893,36.79894],[127.4773,36.79932],[127.4767,36.79863],[127.47577,36.79869],[127.47552,36.79966],[127.47496,36.80033],[127.47056,36.80056],[127.46963,36.80011],[127.46806,36.80144],[127.46723,36.80153],[127.46471,36.80266],[127.46396,36.80341],[127.46309,36.80299],[127.46207,36.80367],[127.46182,36.8045],[127.46208,36.80491],[127.4618,36.80535],[127.46283,36.8064],[127.46247,36.80736],[127.46302,36.80809],[127.46251,36.80999],[127.46289,36.81026],[127.46247,36.81139],[127.45923,36.81133],[127.45781,36.81221],[127.45627,36.81223],[127.45405,36.81287],[127.45221,36.81558],[127.45128,36.81625],[127.45101,36.81678],[127.4514,36.81739],[127.45107,36.81773],[127.45108,36.81835],[127.4495,36.81814],[127.44856,36.81842],[127.44742,36.82026],[127.44642,36.82002],[127.4446,36.82017]]]}},{"type":"Feature","properties":{"zoneId":"Z000210390","zoneName":"제천시학교군송학중학구공동(일방)학구","zoneType":"middle","level":"중학교","kind":"shared","oneWay":true,"sggCode":"150","eduCode":"8031000","eduName":"충청북도제천교육지원청","updatedAt":"2024-03-19"},"geometry":{"type":"MultiPolygon","coordinates":[[[[128.20558,37.20497],[128.20467,37.20537],[128.20339,37.20543],[128.20191,37.20609],[128.19881,37.20669],[128.19688,37.20583],[128.19633,37.20396],[128.19564,37.20329],[128.19448,37.20322],[128.19403,37.20285],[128.18786,37.20185],[128.18743,37.20238],[128.18576,37.20319],[128.18348,37.20372],[128.18104,37.20248],[128.17981,37.20236],[128.17963,37.20203],[128.18043,37.20083],[128.17975,37.20038],[128.17906,37.19799],[128.17636,37.19536],[128.1766,37.19069],[128.17351,37.18802],[128.17395,37.18763],[128.17327,37.18765],[128.17278,37.18699],[128.16936,37.18629],[128.16855,37.18582],[128.16642,37.18351],[128.1657,37.18321],[128.16512,37.18253],[128.16535,37.1817],[128.16482,37.17942],[128.16388,37.17791],[128.16389,37.17696],[128.16161,37.17562],[128.16024,37.17433],[128.15663,37.17234],[128.15418,37.17221],[128.15334,37.17169],[128.15053,37.17172],[128.14876,37.17047],[128.1484,37.16952],[128.14761,37.16948],[128.1466,37.16852],[128.14169,37.15504],[128.14347,37.15173],[128.14431,37.15153],[128.14472,37.15183],[128.14653,37.15053],[128.14711,37.14954],[128.14622,37.14814],[128.1471,37.14711],[128.14745,37.14591],[128.14717,37.14554],[128.14859,37.14276],[128.14879,37.14093],[128.15044,37.14141],[128.15259,37.14379],[128.15319,37.14328],[128.15405,37.14319],[128.15459,37.14253],[128.15539,37.14236],[128.15718,37.14059],[128.15803,37.14013],[128.15852,37.1404],[128.15907,37.13963],[128.15926,37.13812],[128.16011,37.13733],[128.15999,37.13625],[128.15823,37.13534],[128.15751,37.13527],[128.15539,37.13401],[128.15575,37.13328],[128.1551,37.13198],[128.15475,37.13228],[128.15582,37.12958],[128.15419,37.12971],[128.15279,37.13038],[128.15246,37.12993],[128.15047,37.13105],[128.14942,37.12976],[128.15115,37.12803],[128.15073,37.12785],[128.15066,37.12743],[128.1519,37.12635],[128.15187,37.12564],[128.15336,37.1245],[128.1533,37.12326],[128.15402,37.12277],[128.15428,37.12133],[128.15463,37.12103],[128.15544,37.12146],[128.15559,37.1223],[128.1561,37.12244],[128.15739,37.12197],[128.15842,37.12099],[128.162,37.12141],[128.16555,37.12081],[128.16843,37.11977],[128.16857,37.11902],[128.1683,37.1182],[128.16952,37.11771],[128.17011,37.11649],[128.16951,37.11469],[128.17063,37.11334],[128.17091,37.11241],[128.1688,37.10904],[128.16993,37.10846],[128.17061,37.10769],[128.17121,37.10589],[128.17055,37.10492],[128.17081,37.10437],[128.17234,37.10438],[128.17276,37.10393],[128.17385,37.10372],[128.175,37.10305],[128.17525,37.10207],[128.17473,37.10147],[128.17513,37.10128],[128.17411,37.09983],[128.17427,37.09885],[128.17474,37.09837],[128.17469,37.09771],[128.17355,37.0972],[128.17315,37.09621],[128.17175,37.09652],[128.17105,37.097],[128.16968,37.09655],[128.16942,37.0962],[128.16635,37.09685],[128.16542,37.09644],[128.16542,37.09533],[128.16608,37.09293],[128.16532,37.09245],[128.16551,37.09155],[128.1649,37.09065],[128.16268,37.09021],[128.15854,37.09148],[128.1577,37.09085],[128.15664,37.09098],[128.15598,37.09071],[128.15606,37.08928],[128.15547,37.08803],[128.15625,37.08653],[128.15463,37.08593],[128.15457,37.08524],[128.15307,37.08387],[128.15072,37.08394],[128.1487,37.08321],[128.14745,37.08155],[128.14566,37.08101],[128.14522,37.08055],[128.14389,37.08031],[128.1427,37.07895],[128.14141,37.07843],[128.14037,37.07756],[128.13629,37.07719],[128.13605,37.0769],[128.13408,37.07665],[128.13247,37.07608],[128.13154,37.07537],[128.13004,37.07505],[128.12855,37.07415],[128.12779,37.07401],[128.12628,37.07474],[128.1249,37.07227],[128.12505,37.07199],[128.12441,37.07132],[128.12308,37.07158],[128.12217,37.07114],[128.12128,37.07142],[128.12074,37.07114],[128.11827,37.07125],[128.11558,37.07069],[128.11455,37.0696],[128.11433,37.06892],[128.1128,37.06824],[128.11236,37.06761],[128.11132,37.0673],[128.11069,37.06503],[128.10831,37.06591],[128.10765,37.06697],[128.10706,37.06718],[128.10615,37.06744],[128.10423,37.06693],[128.10308,37.06833],[128.10069,37.06956],[128.0987,37.06994],[128.09766,37.06944],[128.09674,37.07073],[128.09426,37.07192],[128.09277,37.07331],[128.08929,37.07322],[128.08881,37.07369],[128.08575,37.07504],[128.08412,37.0741],[128.08279,37.07383],[128.08305,37.07233],[128.08206,37.07079],[128.084,37.0683],[128.08443,37.06702],[128.08578,37.06558],[128.08548,37.06356],[128.08491,37.0631],[128.08473,37.06219],[128.08406,37.0618],[128.08413,37.06087],[128.0831,37.06007],[128.08259,37.05904],[128.08293,37.05741],[128.08381,37.05616],[128.08377,37.05553],[128.08124,37.04996],[128.08116,37.04897],[128.0807,37.04842],[128.08209,37.04827],[128.08277,37.04764],[128.08278,37.04624],[128.08401,37.04526],[128.08449,37.04443],[128.08424,37.04361],[128.08448,37.04261],[128.0835,37.04205],[128.08346,37.03895],[128.08418,37.03778],[128.08568,37.03696],[128.08648,37.03587],[128.08668,37.03503],[128.0888,37.03137],[128.08862,37.03083],[128.08734,37.03008],[128.08614,37.0282],[128.08763,37.0274],[128.08802,37.02561],[128.09006,37.02442],[128.09043,37.02333],[128.09534,37.02295],[128.09733,37.02352],[128.09937,37.02287],[128.10088,37.02143],[128.10301,37.02111],[128.10584,37.01924],[128.1065,37.01958],[128.10676,37.02147],[128.10974,37.02056],[128.11245,37.02062],[128.11505,37.01882],[128.11668,37.01987],[128.12283,37.02169],[128.13532,37.02257],[128.1387,37.02334],[128.14638,37.02394],[128.14619,37.02516],[128.14697,37.02536],[128.14722,37.02785],[128.14847,37.02984],[128.14936,37.03381],[128.15036,37.03498],[128.15042,37.0372],[128.14961,37.03779],[128.14968,37.03926],[128.14995,37.0399],[128.15057,37.03976],[128.15127,37.04015],[128.15299,37.04027],[128.15408,37.03919],[128.15555,37.03841],[128.15875,37.03874],[128.15998,37.0385],[128.16026,37.03638],[128.16195,37.0355],[128.16383,37.03577],[128.16449,37.03532],[128.16498,37.03666],[128.16593,37.03658],[128.16685,37.03695],[128.16743,37.03665],[128.16812,37.03727],[128.16901,37.03676],[128.17048,37.03704],[128.17221,37.03801],[128.17245,37.0391],[128.17372,37.03903],[128.17548,37.03953],[128.1779,37.03859],[128.17973,37.03825],[128.18009,37.0412],[128.18219,37.04247],[128.18497,37.042],[128.18887,37.04053],[128.18965,37.03987],[128.19027,37.03998],[128.19124,37.03923],[128.19157,37.0385],[128.19553,37.0357],[128.19696,37.03563],[128.19798,37.03496],[128.20057,37.03451],[128.20125,37.03506],[128.20378,37.03554],[128.20441,37.03663],[128.2054,37.03744],[128.20573,37.03867],[128.20735,37.03971],[128.20855,37.03978],[128.21042,37.03931],[128.21469,37.03744],[128.21712,37.03739],[128.21777,37.03804],[128.21824,37.0395],[128.21999,37.0416],[128.22083,37.042],[128.21933,37.04454],[128.21898,37.04584],[128.21942,37.04631],[128.22,37.04633],[128.22037,37.04709],[128.22014,37.04872],[128.22107,37.04957],[128.22103,37.05004],[128.21886,37.05178],[128.21903,37.05312],[128.21784,37.05434],[128.22132,37.05558],[128.2219,37.05609],[128.22181,37.05681],[128.22226,37.05778],[128.22497,37.05872],[128.22475,37.06033],[128.2252,37.06101],[128.22537,37.06234],[128.2306,37.06323],[128.23099,37.06375],[128.23171,37.06386],[128.23326,37.06491],[128.23544,37.06484],[128.23681,37.06542],[128.23766,37.06701],[128.2383,37.06712],[128.23853,37.06781],[128.2387,37.06987],[128.23827,37.07121],[128.23873,37.07229],[128.23938,37.07284],[128.23941,37.0736],[128.24214,37.07483],[128.24413,37.07625],[128.24679,37.07692],[128.24925,37.07511],[128.25086,37.07611],[128.25097,37.078],[128.25278,37.07978],[128.2541,37.08024],[128.25521,37.08203],[128.25714,37.08279],[128.26014,37.08259],[128.26042,37.08194],[128.26139,37.08204],[128.26176,37.08266],[128.2635,37.08372],[128.2651,37.08431],[128.2655,37.08484],[128.26626,37.08489],[128.26813,37.08718],[128.26911,37.08758],[128.26955,37.08741],[128.26988,37.08836],[128.26895,37.08873],[128.26894,37.08848],[128.26813,37.08841],[128.26692,37.08743],[128.26594,37.08837],[128.26436,37.08816],[128.26473,37.08879],[128.2645,37.08914],[128.26294,37.0903],[128.26233,37.09029],[128.26122,37.09366],[128.26153,37.09566],[128.25961,37.09913],[128.25637,37.10024],[128.25637,37.10146],[128.25787,37.10239],[128.25911,37.10409],[128.26005,37.10427],[128.26176,37.10622],[128.2632,37.10707],[128.26264,37.10802],[128.26326,37.10856],[128.26388,37.10788],[128.26447,37.1083],[128.2656,37.10781],[128.26595,37.1083],[128.26694,37.10864],[128.26638,37.1099],[128.26734,37.1113],[128.26713,37.11281],[128.26736,37.11353],[128.26857,37.1135],[128.27023,37.11271],[128.27052,37.1134],[128.2702,37.11431],[128.27039,37.11543],[128.27304,37.11703],[128.27406,37.11702],[128.27451,37.11638],[128.2776,37.11581],[128.27869,37.11387],[128.27778,37.11077],[128.27928,37.10986],[128.28051,37.10812],[128.2821,37.10893],[128.28595,37.10549],[128.28607,37.10416],[128.28711,37.10218],[128.29064,37.1009],[128.29259,37.09967],[128.29394,37.09806],[128.29535,37.09858],[128.29786,37.09878],[128.29877,37.09942],[128.29998,37.0985],[128.30068,37.09853],[128.30383,37.10033],[128.3046,37.10197],[128.30468,37.10298],[128.30602,37.10514],[128.30569,37.10574],[128.30569,37.10679],[128.3065,37.10897],[128.30842,37.10986],[128.3084,37.11067],[128.30895,37.1119],[128.30837,37.11451],[128.30582,37.11551],[128.30419,37.11731],[128.30339,37.12131],[128.30357,37.12467],[128.30311,37.12696],[128.30374,37.12829],[128.30346,37.12894],[128.30221,37.12953],[128.30109,37.1313],[128.30001,37.13205],[128.29964,37.13373],[128.29826,37.13422],[128.29623,37.13411],[128.29571,37.13603],[128.2939,37.13767],[128.29267,37.1393],[128.29062,37.13985],[128.28889,37.14123],[128.28654,37.14188],[128.28558,37.14245],[128.28497,37.14237],[128.28469,37.14315],[128.28185,37.14307],[128.27993,37.14246],[128.27759,37.14416],[128.27672,37.14614],[128.27424,37.14696],[128.27329,37.14763],[128.27226,37.14895],[128.27227,37.15116],[128.27059,37.15423],[128.26724,37.15603],[128.2662,37.15603],[128.26592,37.15787],[128.26445,37.16039],[128.25167,37.16116],[128.25156,37.16222],[128.25081,37.16342],[128.25054,37.16465],[128.25001,37.1649],[128.24915,37.1661],[128.24835,37.16852],[128.24712,37.16975],[128.24728,37.17019],[128.24583,37.17225],[128.24522,37.17215],[128.24444,37.17266],[128.24363,37.17264],[128.24316,37.17315],[128.24302,37.17384],[128.24347,37.17503],[128.24311,37.17578],[128.24141,37.17641],[128.24099,37.17736],[128.23927,37.17724],[128.23782,37.1781],[128.23514,37.17804],[128.23466,37.17774],[128.23374,37.17811],[128.23167,37.17724],[128.23025,37.17733],[128.22897,37.17632],[128.22882,37.17681],[128.22563,37.17601],[128.22517,37.17738],[128.22566,37.17851],[128.22627,37.1788],[128.22634,37.17932],[128.22599,37.18065],[128.22552,37.18115],[128.22624,37.18133],[128.22504,37.18366],[128.22324,37.18545],[128.22135,37.18673],[128.22138,37.18889],[128.22213,37.18989],[128.22014,37.19188],[128.21961,37.19292],[128.21947,37.19418],[128.21775,37.19488],[128.21689,37.19604],[128.21576,37.19883],[128.21508,37.19928],[128.21388,37.20198],[128.21317,37.20197],[128.21074,37.203],[128.20945,37.20375],[128.20877,37.20469],[128.20558,37.20497]]],[[[128.24937,37.07519],[128.24925,37.07511],[128.24925,37.07511],[128.24926,37.07507],[128.24937,37.07519]]]]}},{"type":"Feature","properties":{"zoneId":"Z000210391","zoneName":"제천시학교군송학중학구공동학구","zoneType":"middle","level":"중학교","kind":"shared","oneWay":false,"sggCode":"150","eduCode":"8031000","eduName":"충청북도제천교육지원청","updatedAt":"2024-03-19"},"geometry":{"type":"Polygon","coordinates":[[[128.26445,37.16039],[128.26444,37.16042],[128.26632,37.16127],[128.27039,37.16177],[128.27005,37.16488],[128.27072,37.16636],[128.2732,37.16835],[128.27367,37.16964],[128.27499,37.17021],[128.27592,37.17106],[128.27645,37.17228],[128.2763,37.17268],[128.27842,37.17213],[128.28111,37.1734],[128.28105,37.17558],[128.28031,37.17609],[128.27999,37.17704],[128.28124,37.17875],[128.2828,37.17978],[128.2831,37.18054],[128.28179,37.18086],[128.28162,37.18223],[128.28071,37.18298],[128.28038,37.18298],[128.27916,37.18171],[128.27716,37.18244],[128.27621,37.18357],[128.27613,37.18472],[128.27571,37.18487],[128.2763,37.18606],[128.27655,37.1886],[128.27369,37.18944],[128.26817,37.18787],[128.2637,37.18457],[128.26106,37.18336],[128.26051,37.18279],[128.26017,37.18153],[128.25772,37.18089],[128.25698,37.17967],[128.25564,37.17905],[128.25121,37.17911],[128.24814,37.17835],[128.24392,37.17854],[128.24304,37.17821],[128.24255,37.1776],[128.24099,37.17736],[128.24141,37.17641],[128.24311,37.17578],[128.24347,37.17503],[128.24302,37.17384],[128.24316,37.17315],[128.24363,37.17264],[128.24444,37.17266],[128.24522,37.17215],[128.24583,37.17225],[128.24728,37.17019],[128.24712,37.16975],[128.24835,37.16852],[128.24915,37.1661],[128.25001,37.1649],[128.25054,37.16465],[128.25081,37.16342],[128.25156,37.16222],[128.25167,37.16116],[128.26445,37.16039]]]}},{"type":"Feature","properties":{"zoneId":"Z000200560","zoneName":"청산중학구","zoneType":"middle","level":"중학교","kind":"dedicated","oneWay":false,"sggCode":"730","eduCode":"8061000","eduName":"충청북도옥천교육지원청","updatedAt":"2016-08-12"},"geometry":{"type":"Polygon","coordinates":[[[127.79213,36.38761],[127.79186,36.3878],[127.79065,36.389],[127.78656,36.38723],[127.78339,36.38708],[127.78231,36.38752],[127.78138,36.38887],[127.7788,36.38881],[127.77741,36.38826],[127.77712,36.38753],[127.77583,36.38731],[127.77295,36.38761],[127.77079,36.38748],[127.76851,36.38889],[127.76894,36.38765],[127.76868,36.38568],[127.7692,36.38522],[127.76844,36.38416],[127.76818,36.38281],[127.76839,36.38263],[127.76601,36.38283],[127.76526,36.38254],[127.76481,36.38278],[127.76303,36.38235],[127.76049,36.38372],[127.76021,36.38368],[127.76018,36.38296],[127.75876,36.38346],[127.75963,36.38172],[127.75859,36.37828],[127.7573,36.3772],[127.75531,36.37644],[127.755,36.37548],[127.75305,36.3736],[127.75125,36.37344],[127.74949,36.37197],[127.75098,36.36926],[127.75074,36.36815],[127.74902,36.36641],[127.74638,36.36606],[127.74361,36.36507],[127.7376,36.36631],[127.7372,36.36605],[127.73698,36.36461],[127.73566,36.36446],[127.73592,36.3642],[127.7341,36.36108],[127.73412,36.36002],[127.7349,36.35815],[127.72841,36.35632],[127.72814,36.35495],[127.72908,36.35163],[127.72903,36.34982],[127.72715,36.34939],[127.72227,36.34998],[127.7222,36.3492],[127.72137,36.34854],[127.7204,36.34787],[127.71934,36.34774],[127.71661,36.34574],[127.71583,36.34582],[127.71465,36.34668],[127.7108,36.34812],[127.71,36.34974],[127.70623,36.34901],[127.70123,36.3468],[127.70092,36.34598],[127.70109,36.34383],[127.70066,36.34176],[127.6998,36.34061],[127.69946,36.33953],[127.69977,36.33949],[127.70002,36.33845],[127.70103,36.33733],[127.70268,36.3365],[127.70256,36.33464],[127.70335,36.33276],[127.70201,36.33129],[127.70171,36.33063],[127.70185,36.32979],[127.70065,36.32758],[127.70015,36.32536],[127.70032,36.32449],[127.70105,36.32357],[127.70066,36.32233],[127.70145,36.32159],[127.70385,36.32053],[127.70503,36.31964],[127.70624,36.31808],[127.70787,36.31703],[127.70907,36.31725],[127.71101,36.31693],[127.71302,36.31556],[127.71395,36.31342],[127.71396,36.31151],[127.71524,36.31093],[127.71429,36.30972],[127.71486,36.30858],[127.71571,36.30795],[127.71664,36.30654],[127.71636,36.3046],[127.71602,36.30417],[127.7154,36.3045],[127.71506,36.30221],[127.71543,36.30153],[127.71641,36.30096],[127.71764,36.30101],[127.72005,36.30301],[127.72263,36.30383],[127.72447,36.30235],[127.72501,36.30225],[127.72561,36.30258],[127.72806,36.30185],[127.72955,36.30225],[127.72993,36.30131],[127.7299,36.30039],[127.73104,36.30014],[127.73133,36.29963],[127.73315,36.29866],[127.73389,36.29724],[127.73588,36.29708],[127.73827,36.2964],[127.73981,36.2978],[127.74045,36.29755],[127.74118,36.29785],[127.74208,36.29875],[127.74186,36.29939],[127.74331,36.30076],[127.74339,36.3013],[127.74383,36.30151],[127.74437,36.30106],[127.74506,36.30131],[127.74597,36.30052],[127.74636,36.30075],[127.74695,36.30221],[127.74874,36.3024],[127.75036,36.30418],[127.75044,36.30497],[127.75154,36.3051],[127.75218,36.30393],[127.75275,36.3039],[127.75586,36.30202],[127.75677,36.30009],[127.75779,36.29932],[127.75953,36.29905],[127.76068,36.29845],[127.76117,36.29863],[127.76274,36.29758],[127.76464,36.29824],[127.76731,36.2967],[127.76861,36.29686],[127.77025,36.29834],[127.7727,36.29523],[127.77456,36.29435],[127.77531,36.2934],[127.77537,36.29251],[127.7768,36.2902],[127.77961,36.28942],[127.78095,36.28969],[127.78168,36.28942],[127.78236,36.29008],[127.78378,36.29039],[127.78469,36.28939],[127.78542,36.2892],[127.78541,36.28891],[127.78678,36.28815],[127.78775,36.2886],[127.78811,36.28983],[127.78907,36.29097],[127.79136,36.29125],[127.79445,36.2905],[127.79482,36.29119],[127.79464,36.29215],[127.79505,36.29381],[127.7948,36.29474],[127.7951,36.29499],[127.79531,36.29626],[127.79471,36.29724],[127.79526,36.29772],[127.79669,36.29749],[127.79958,36.29829],[127.80113,36.29777],[127.80151,36.29945],[127.80141,36.3002],[127.80036,36.30144],[127.80052,36.30302],[127.80133,36.30371],[127.80351,36.30407],[127.80395,36.30474],[127.80515,36.305],[127.80687,36.3069],[127.80705,36.30759],[127.80831,36.30881],[127.80852,36.30942],[127.80907,36.30946],[127.80952,36.30888],[127.81065,36.30894],[127.81152,36.30858],[127.81322,36.30872],[127.81374,36.30804],[127.81437,36.30817],[127.81718,36.31008],[127.81814,36.31182],[127.81902,36.31165],[127.81905,36.30944],[127.81947,36.30889],[127.81927,36.3086],[127.81973,36.30701],[127.82036,36.30569],[127.82098,36.30517],[127.82163,36.30579],[127.82316,36.30644],[127.82257,36.30769],[127.82347,36.30822],[127.82382,36.3089],[127.8246,36.30913],[127.82503,36.31009],[127.82583,36.31031],[127.8287,36.31009],[127.83228,36.31135],[127.83506,36.31117],[127.8355,36.31176],[127.83531,36.31275],[127.83643,36.31348],[127.83819,36.31407],[127.84052,36.31565],[127.84125,36.31553],[127.84285,36.31593],[127.84426,36.31664],[127.84519,36.31644],[127.84591,36.31823],[127.84661,36.31804],[127.84885,36.31896],[127.84919,36.31976],[127.85039,36.32025],[127.85151,36.32401],[127.85123,36.32673],[127.85202,36.32734],[127.85216,36.32816],[127.85186,36.32891],[127.85256,36.32963],[127.85258,36.33004],[127.85203,36.33041],[127.85282,36.33196],[127.85361,36.33175],[127.8546,36.33064],[127.8567,36.33128],[127.85686,36.33193],[127.86035,36.33369],[127.86189,36.33308],[127.86153,36.33552],[127.86243,36.33627],[127.86431,36.33536],[127.86576,36.33558],[127.86596,36.33703],[127.86781,36.33729],[127.86845,36.33883],[127.86999,36.33987],[127.87015,36.34094],[127.87071,36.34175],[127.87015,36.34349],[127.87194,36.3441],[127.87363,36.34511],[127.87461,36.34504],[127.87545,36.34559],[127.87599,36.34533],[127.87706,36.34568],[127.8789,36.3453],[127.87933,36.34495],[127.88042,36.34536],[127.88134,36.34507],[127.88261,36.34592],[127.88278,36.34774],[127.88371,36.34905],[127.88512,36.34911],[127.88551,36.35016],[127.88505,36.35246],[127.88516,36.35372],[127.88564,36.3547],[127.89084,36.35657],[127.89109,36.35815],[127.89088,36.35893],[127.89127,36.35969],[127.89023,36.36123],[127.88833,36.36276],[127.88653,36.36361],[127.88586,36.36488],[127.88595,36.36559],[127.88541,36.36603],[127.88559,36.36666],[127.88522,36.36889],[127.88386,36.36987],[127.88367,36.37064],[127.88007,36.37121],[127.8799,36.37145],[127.87891,36.3713],[127.8765,36.37164],[127.87499,36.37081],[127.87191,36.37213],[127.87049,36.37365],[127.86649,36.37308],[127.86414,36.37344],[127.86318,36.37428],[127.86051,36.37393],[127.85949,36.37429],[127.8584,36.37396],[127.85635,36.37241],[127.85475,36.37244],[127.85321,36.3711],[127.85036,36.37193],[127.84848,36.37155],[127.84771,36.3716],[127.84722,36.37198],[127.84188,36.37164],[127.8407,36.37236],[127.84036,36.37223],[127.83797,36.37327],[127.83722,36.37325],[127.83591,36.36929],[127.83494,36.36897],[127.83264,36.36915],[127.83253,36.36962],[127.83159,36.37038],[127.83199,36.37325],[127.83163,36.37398],[127.83045,36.3743],[127.8286,36.37404],[127.82757,36.37547],[127.82439,36.377],[127.82399,36.37868],[127.82304,36.37906],[127.82318,36.37956],[127.8228,36.37992],[127.81915,36.3809],[127.81856,36.38165],[127.81327,36.38175],[127.81034,36.38238],[127.80747,36.38202],[127.80289,36.38254],[127.80062,36.38245],[127.79989,36.38371],[127.79741,36.38356],[127.79476,36.38468],[127.79403,36.38626],[127.79213,36.38761]]]}},{"type":"Feature","properties":{"zoneId":"Z000200562","zoneName":"심천중학구","zoneType":"middle","level":"중학교","kind":"dedicated","oneWay":false,"sggCode":"740","eduCode":"8071000","eduName":"충청북도영동교육지원청","updatedAt":"2016-08-12"},"geometry":{"type":"Polygon","coordinates":[[[127.71777,36.2831],[127.71771,36.28328],[127.71742,36.28362],[127.71547,36.28399],[127.71484,36.28481],[127.71269,36.28411],[127.71086,36.28396],[127.70963,36.28304],[127.70781,36.28369],[127.70632,36.28058],[127.7061,36.27794],[127.70503,36.27573],[127.70527,36.27475],[127.70643,36.27393],[127.70806,36.27148],[127.70767,36.27044],[127.70812,36.26889],[127.70847,36.26864],[127.70923,36.26897],[127.70986,36.26855],[127.71146,36.26838],[127.71196,36.26698],[127.71187,36.26611],[127.71347,36.26476],[127.71467,36.26313],[127.70981,36.26325],[127.70658,36.26267],[127.70371,36.26023],[127.70497,36.2599],[127.70786,36.25826],[127.70953,36.25633],[127.70969,36.25404],[127.71037,36.25258],[127.71031,36.25063],[127.71058,36.25019],[127.71025,36.24837],[127.71055,36.2474],[127.70865,36.2457],[127.70858,36.2453],[127.70957,36.2434],[127.70724,36.24312],[127.70721,36.23977],[127.70433,36.24032],[127.70165,36.24014],[127.6994,36.23907],[127.69928,36.23824],[127.70027,36.23548],[127.70008,36.23103],[127.69918,36.22743],[127.69642,36.22341],[127.69194,36.219],[127.69033,36.2181],[127.68703,36.21779],[127.68262,36.21901],[127.67923,36.2208],[127.6765,36.22148],[127.67367,36.22333],[127.67253,36.22222],[127.66999,36.22341],[127.66854,36.22327],[127.66609,36.22374],[127.66375,36.2233],[127.66429,36.22166],[127.66609,36.22022],[127.66733,36.21972],[127.66693,36.21777],[127.66776,36.21546],[127.67026,36.21085],[127.67148,36.21033],[127.67101,36.20741],[127.67155,36.20651],[127.67145,36.20519],[127.67349,36.20367],[127.67483,36.20353],[127.67513,36.20289],[127.67606,36.20238],[127.67605,36.20187],[127.67666,36.20129],[127.67832,36.20028],[127.67986,36.19792],[127.68005,36.19546],[127.68151,36.19364],[127.68183,36.19162],[127.68223,36.1911],[127.68242,36.18809],[127.68115,36.18692],[127.67989,36.18424],[127.67813,36.1815],[127.67747,36.18146],[127.67683,36.18056],[127.6761,36.17798],[127.67632,36.1771],[127.67839,36.17416],[127.68129,36.17343],[127.68189,36.17314],[127.6823,36.17244],[127.68231,36.17139],[127.68175,36.16981],[127.68025,36.16837],[127.68173,36.16671],[127.68229,36.16554],[127.68321,36.16684],[127.68459,36.16755],[127.68409,36.16691],[127.68462,36.16656],[127.68763,36.16982],[127.68993,36.17161],[127.691,36.17187],[127.69219,36.17267],[127.6924,36.17204],[127.69404,36.17072],[127.6946,36.16975],[127.6971,36.16966],[127.69804,36.16931],[127.69878,36.16834],[127.69981,36.16825],[127.69965,36.16703],[127.70003,36.16622],[127.7017,36.16451],[127.70217,36.16326],[127.70193,36.16267],[127.70342,36.1617],[127.70534,36.16228],[127.70522,36.16276],[127.70655,36.1641],[127.71268,36.16339],[127.71467,36.16433],[127.71505,36.16505],[127.7159,36.16567],[127.71847,36.1649],[127.71965,36.16508],[127.71993,36.16561],[127.72261,36.16578],[127.72405,36.16715],[127.72493,36.1673],[127.72877,36.16562],[127.73076,36.16427],[127.73097,36.16487],[127.73295,36.16558],[127.73513,36.16821],[127.73444,36.17081],[127.73372,36.17229],[127.73309,36.17279],[127.7328,36.17407],[127.73418,36.17507],[127.73457,36.17636],[127.73537,36.17705],[127.73551,36.17973],[127.73673,36.18093],[127.73642,36.18439],[127.73553,36.18773],[127.73618,36.18961],[127.737,36.19009],[127.73682,36.19101],[127.73782,36.19175],[127.73829,36.19257],[127.73848,36.19369],[127.73845,36.19439],[127.73754,36.19504],[127.73671,36.19766],[127.73801,36.19857],[127.739,36.19853],[127.73925,36.19915],[127.74104,36.19935],[127.74051,36.20245],[127.74055,36.20423],[127.74637,36.20477],[127.74634,36.20624],[127.74752,36.2073],[127.7498,36.20698],[127.75151,36.20854],[127.75187,36.2098],[127.753,36.20979],[127.75412,36.21066],[127.75364,36.21238],[127.75523,36.21354],[127.75557,36.21502],[127.75485,36.21616],[127.75271,36.21713],[127.75231,36.2182],[127.75279,36.21988],[127.75238,36.22157],[127.75232,36.2233],[127.75264,36.22376],[127.75527,36.22442],[127.7556,36.22481],[127.75827,36.22358],[127.76,36.22148],[127.76187,36.22164],[127.76166,36.22262],[127.76259,36.22319],[127.76307,36.22462],[127.76384,36.22514],[127.76357,36.22591],[127.76387,36.22705],[127.76356,36.22742],[127.76418,36.22933],[127.76363,36.23022],[127.76397,36.23041],[127.76463,36.23198],[127.76455,36.23445],[127.76081,36.23735],[127.75957,36.23747],[127.75978,36.23887],[127.75935,36.24043],[127.75957,36.24101],[127.76036,36.24139],[127.76085,36.24257],[127.76144,36.24252],[127.76157,36.24363],[127.76249,36.24464],[127.76247,36.2452],[127.76174,36.24608],[127.76284,36.24698],[127.76242,36.24759],[127.76294,36.24864],[127.76309,36.25005],[127.76228,36.2507],[127.7619,36.25189],[127.76238,36.2535],[127.76164,36.25597],[127.76123,36.25653],[127.75865,36.2574],[127.7572,36.25956],[127.75732,36.26041],[127.75694,36.26118],[127.75713,36.26305],[127.7564,36.2639],[127.75522,36.26443],[127.75289,36.26476],[127.75177,36.26528],[127.74974,36.26519],[127.74729,36.26557],[127.7418,36.26511],[127.73637,36.26391],[127.73431,36.26255],[127.73312,36.26296],[127.73267,36.26368],[127.73338,36.26786],[127.73269,36.26893],[127.73137,36.26962],[127.7313,36.27026],[127.73192,36.27096],[127.73045,36.27206],[127.7311,36.27292],[127.73134,36.27452],[127.73084,36.27512],[127.73066,36.27624],[127.73038,36.27622],[127.73103,36.27637],[127.73079,36.27907],[127.73039,36.27984],[127.73007,36.28016],[127.72777,36.28],[127.72608,36.28024],[127.72505,36.28105],[127.72486,36.28155],[127.7251,36.28233],[127.7267,36.28321],[127.72647,36.28389],[127.72605,36.28401],[127.7247,36.28427],[127.72296,36.28397],[127.72219,36.28244],[127.72309,36.28186],[127.72257,36.28122],[127.72113,36.28054],[127.72046,36.28061],[127.71982,36.2811],[127.71932,36.28213],[127.71777,36.2831]]]}},{"type":"Feature","properties":{"zoneId":"Z000200586","zoneName":"생극중학구","zoneType":"middle","level":"중학교","kind":"dedicated","oneWay":false,"sggCode":"770","eduCode":"8101000","eduName":"충청북도음성교육지원청","updatedAt":"2016-08-12"},"geometry":{"type":"Polygon","coordinates":[[[127.58181,37.075],[127.58112,37.07515],[127.58083,37.0754],[127.57798,37.07534],[127.57709,37.07392],[127.57598,37.07359],[127.57549,37.07311],[127.57525,37.07227],[127.57436,37.07134],[127.57375,37.07149],[127.57416,37.07115],[127.57331,37.06953],[127.57203,37.06913],[127.5704,37.06788],[127.57064,37.06739],[127.57026,37.06636],[127.56874,37.06534],[127.56721,37.06354],[127.56619,37.06334],[127.56577,37.06283],[127.56593,37.06223],[127.56496,37.06059],[127.56472,37.05924],[127.56664,37.05695],[127.56826,37.05591],[127.56762,37.05415],[127.56776,37.05288],[127.56712,37.05243],[127.56715,37.05175],[127.56799,37.0507],[127.56799,37.04914],[127.56897,37.04897],[127.56954,37.04817],[127.56849,37.04757],[127.56706,37.0475],[127.56674,37.04549],[127.56703,37.04444],[127.56648,37.04245],[127.56567,37.04213],[127.56346,37.04024],[127.56222,37.04039],[127.56092,37.03991],[127.56034,37.0386],[127.56056,37.03734],[127.55907,37.03674],[127.55913,37.03633],[127.56001,37.03585],[127.55915,37.03348],[127.55753,37.03277],[127.55562,37.03292],[127.55514,37.03245],[127.55448,37.03237],[127.55158,37.02991],[127.55157,37.02906],[127.55216,37.02849],[127.55206,37.02809],[127.55325,37.0275],[127.55337,37.0269],[127.55417,37.02595],[127.55604,37.02623],[127.55636,37.02672],[127.55943,37.02623],[127.5598,37.02564],[127.55966,37.02476],[127.56005,37.02442],[127.56009,37.0232],[127.56083,37.02265],[127.55985,37.02197],[127.56039,37.02125],[127.5601,37.01976],[127.56034,37.01923],[127.56097,37.019],[127.56085,37.01802],[127.5619,37.01784],[127.56265,37.01676],[127.56394,37.01631],[127.56584,37.01503],[127.56638,37.01565],[127.56702,37.01564],[127.56723,37.01442],[127.56806,37.01361],[127.56959,37.01358],[127.57116,37.01417],[127.57356,37.01331],[127.57424,37.01347],[127.57615,37.01499],[127.57676,37.01511],[127.57716,37.01421],[127.57957,37.01508],[127.58023,37.01324],[127.58181,37.01202],[127.58277,37.01166],[127.58343,37.01172],[127.58443,37.01244],[127.58568,37.01183],[127.58583,37.01218],[127.58622,37.01116],[127.58701,37.01082],[127.58756,37.01215],[127.58832,37.0106],[127.58885,37.01066],[127.59006,37.01121],[127.58864,37.01153],[127.58802,37.01202],[127.58806,37.01231],[127.58868,37.01175],[127.59028,37.01152],[127.58983,37.01227],[127.59017,37.01346],[127.58997,37.01452],[127.59165,37.01455],[127.59168,37.01557],[127.5939,37.01553],[127.59395,37.01742],[127.59767,37.01736],[127.60197,37.01626],[127.60544,37.01401],[127.6152,37.01116],[127.6159,37.00943],[127.6183,37.01052],[127.6191,37.00942],[127.62241,37.01014],[127.62352,37.01064],[127.62338,37.01128],[127.62529,37.0125],[127.62531,37.01297],[127.62654,37.01318],[127.62763,37.01187],[127.63,37.01072],[127.62993,37.00947],[127.63141,37.00908],[127.63314,37.00727],[127.63451,37.00685],[127.6345,37.00649],[127.63638,37.00573],[127.6387,37.0057],[127.6417,37.00322],[127.64242,37.00315],[127.64287,37.00253],[127.64231,37.00147],[127.64206,36.99994],[127.64224,36.99936],[127.643,36.9987],[127.64242,36.99779],[127.64164,36.99744],[127.64153,36.99502],[127.64323,36.99137],[127.64356,36.98994],[127.64475,36.98883],[127.64713,36.98804],[127.64767,36.98714],[127.64814,36.98708],[127.65,36.98521],[127.65093,36.98381],[127.65194,36.98514],[127.65369,36.98656],[127.6537,36.98708],[127.65267,36.98824],[127.65255,36.98923],[127.6529,36.9899],[127.65256,36.99169],[127.65446,36.99455],[127.6539,36.99524],[127.65323,36.99749],[127.65536,36.99966],[127.65562,37.00051],[127.65505,37.00139],[127.657,37.00216],[127.65741,37.003],[127.65906,37.00346],[127.66552,37.00307],[127.6652,37.00429],[127.66308,37.00432],[127.66168,37.00622],[127.66073,37.00693],[127.65986,37.00811],[127.65935,37.00964],[127.65951,37.01021],[127.65729,37.01092],[127.65714,37.01215],[127.65671,37.0129],[127.6561,37.0132],[127.65724,37.01415],[127.65647,37.01514],[127.65629,37.01591],[127.657,37.01652],[127.65736,37.01818],[127.65785,37.01872],[127.65844,37.01871],[127.65937,37.0194],[127.66095,37.02149],[127.66274,37.02259],[127.66462,37.02319],[127.66472,37.024],[127.66429,37.02508],[127.66483,37.02593],[127.66483,37.02664],[127.66429,37.03057],[127.66648,37.03205],[127.66659,37.03264],[127.66745,37.0332],[127.66865,37.03328],[127.67024,37.03436],[127.67203,37.03467],[127.67157,37.03726],[127.67209,37.03802],[127.67196,37.04023],[127.66918,37.04149],[127.66846,37.04259],[127.66736,37.04239],[127.66639,37.04266],[127.66419,37.04208],[127.66254,37.04234],[127.66157,37.04319],[127.65985,37.04349],[127.6576,37.04605],[127.65694,37.04623],[127.65425,37.05001],[127.65299,37.0503],[127.65178,37.05134],[127.65038,37.05163],[127.65034,37.05195],[127.64844,37.05312],[127.64667,37.05364],[127.64529,37.05358],[127.6448,37.05419],[127.64393,37.05453],[127.64329,37.05433],[127.64054,37.05576],[127.63985,37.05661],[127.63821,37.05727],[127.63589,37.05617],[127.63559,37.05574],[127.63395,37.05581],[127.63337,37.05669],[127.63299,37.05664],[127.63199,37.05733],[127.63213,37.05845],[127.63133,37.05901],[127.63089,37.06171],[127.62842,37.06224],[127.62786,37.06321],[127.6283,37.06586],[127.62774,37.06617],[127.62763,37.06809],[127.62818,37.07063],[127.62769,37.0715],[127.62842,37.07225],[127.62821,37.07283],[127.62769,37.07295],[127.62598,37.07217],[127.62589,37.07166],[127.62326,37.06945],[127.62302,37.06854],[127.62354,37.06798],[127.62309,37.06633],[127.62248,37.06571],[127.62176,37.06563],[127.61993,37.06388],[127.61785,37.0642],[127.61791,37.06466],[127.61696,37.06502],[127.61697,37.06566],[127.61645,37.06573],[127.61613,37.06664],[127.61566,37.06686],[127.6155,37.0666],[127.61482,37.06665],[127.61401,37.0675],[127.61337,37.06773],[127.61307,37.06752],[127.61237,37.06926],[127.61132,37.06847],[127.61006,37.06807],[127.60879,37.06692],[127.6082,37.0659],[127.6082,37.065],[127.60778,37.06466],[127.60729,37.06526],[127.60541,37.06558],[127.60378,37.06663],[127.60473,37.06596],[127.60402,37.06451],[127.60191,37.06355],[127.60092,37.06169],[127.59556,37.06344],[127.59276,37.06565],[127.59107,37.06623],[127.58958,37.06753],[127.58829,37.06898],[127.58829,37.06988],[127.58778,37.07127],[127.58866,37.073],[127.58723,37.0745],[127.58527,37.07452],[127.58305,37.07547],[127.58228,37.07527],[127.58237,37.07476],[127.58181,37.075]]]}},{"type":"Feature","properties":{"zoneId":"Z000210062","zoneName":"단양소백산중학구매포중학구공동학구","zoneType":"middle","level":"중학교","kind":"shared","oneWay":false,"sggCode":"800","eduCode":"8111000","eduName":"충청북도단양교육지원청","updatedAt":"2017-02-22"},"geometry":{"type":"Polygon","coordinates":[[[128.33884,37.0456],[128.338,37.04633],[128.33721,37.047],[128.33665,37.04886],[128.33557,37.05053],[128.33538,37.04956],[128.33447,37.04804],[128.33241,37.04663],[128.33155,37.04536],[128.3319,37.04414],[128.33259,37.04354],[128.33255,37.04325],[128.33175,37.04211],[128.33109,37.03975],[128.32963,37.03754],[128.33024,37.03698],[128.33192,37.03345],[128.33619,37.02957],[128.33647,37.02878],[128.33789,37.02794],[128.33932,37.02399],[128.3399,37.02364],[128.34036,37.0228],[128.3419,37.02172],[128.3426,37.02172],[128.3431,37.02117],[128.34301,37.02009],[128.34333,37.01934],[128.34607,37.01649],[128.34546,37.0163],[128.34545,37.0157],[128.34611,37.01413],[128.34743,37.01428],[128.34863,37.01389],[128.34888,37.01331],[128.35114,37.01212],[128.35128,37.01118],[128.35252,37.01094],[128.35358,37.00997],[128.35512,37.00976],[128.35471,37.00796],[128.3578,37.00815],[128.35913,37.00793],[128.36394,37.00487],[128.36856,37.00277],[128.37148,37.00084],[128.3765,36.99888],[128.37887,36.99859],[128.38191,36.99898],[128.38623,37.00071],[128.38768,37.00209],[128.38832,37.0034],[128.38914,37.00308],[128.38945,37.00395],[128.38941,37.00538],[128.3873,37.00874],[128.3845,37.01141],[128.3836,37.01146],[128.38213,37.01366],[128.38141,37.02014],[128.37855,37.01983],[128.37521,37.02033],[128.37477,37.02251],[128.3751,37.02355],[128.37722,37.02443],[128.37723,37.02621],[128.37803,37.02803],[128.37818,37.0295],[128.37968,37.03111],[128.37988,37.03289],[128.38072,37.03434],[128.37948,37.03579],[128.37829,37.03654],[128.37546,37.03796],[128.37372,37.03825],[128.3733,37.03881],[128.37241,37.04455],[128.37101,37.04566],[128.36798,37.0454],[128.36376,37.04387],[128.3615,37.0438],[128.35992,37.04414],[128.35784,37.04269],[128.35624,37.04249],[128.35288,37.04308],[128.35176,37.04182],[128.35045,37.04095],[128.34807,37.0412],[128.34604,37.04197],[128.3448,37.04276],[128.34331,37.04474],[128.3407,37.04506],[128.33973,37.04565],[128.33884,37.0456]]]}},{"type":"Feature","properties":{"zoneId":"Z000200592","zoneName":"매포중학구","zoneType":"middle","level":"중학교","kind":"dedicated","oneWay":false,"sggCode":"800","eduCode":"8111000","eduName":"충청북도단양교육지원청","updatedAt":"2023-02-14"},"geometry":{"type":"Polygon","coordinates":[[[128.24925,37.07511],[128.24925,37.07511],[128.24679,37.07692],[128.24413,37.07625],[128.24214,37.07483],[128.23941,37.0736],[128.23938,37.07284],[128.23873,37.07229],[128.23827,37.07121],[128.2387,37.06987],[128.23853,37.06781],[128.2383,37.06712],[128.23766,37.06701],[128.23681,37.06542],[128.23544,37.06484],[128.23326,37.06491],[128.23171,37.06386],[128.23099,37.06375],[128.2306,37.06323],[128.22537,37.06234],[128.2252,37.06101],[128.22475,37.06033],[128.22497,37.05872],[128.22226,37.05778],[128.22181,37.05681],[128.2219,37.05609],[128.22132,37.05558],[128.21784,37.05434],[128.21903,37.05312],[128.21886,37.05178],[128.22103,37.05004],[128.22107,37.04957],[128.22014,37.04872],[128.22037,37.04709],[128.22,37.04633],[128.21942,37.04631],[128.21898,37.04584],[128.21933,37.04454],[128.22083,37.042],[128.21999,37.0416],[128.21824,37.0395],[128.21777,37.03804],[128.21712,37.03739],[128.22171,37.03597],[128.22443,37.03431],[128.22478,37.03319],[128.22406,37.03137],[128.22408,37.03059],[128.22525,37.02809],[128.22505,37.02721],[128.22656,37.02613],[128.2266,37.02534],[128.22805,37.02448],[128.23056,37.02459],[128.23276,37.02518],[128.23457,37.02486],[128.23748,37.02525],[128.23849,37.02509],[128.23991,37.02412],[128.2404,37.02412],[128.24172,37.02255],[128.24335,37.02152],[128.24345,37.02109],[128.2439,37.02108],[128.24452,37.01999],[128.24438,37.01968],[128.24571,37.01828],[128.24589,37.01674],[128.24709,37.01507],[128.24833,37.0144],[128.24838,37.01324],[128.24889,37.01263],[128.25054,37.01171],[128.25105,37.01061],[128.25206,37.01046],[128.25288,37.00972],[128.25397,37.00937],[128.2545,37.0083],[128.25402,37.00782],[128.25524,37.00714],[128.25508,37.00695],[128.25607,37.00554],[128.25583,37.00475],[128.25658,37.00411],[128.25678,37.00307],[128.25732,37.00235],[128.25687,37.00203],[128.2576,37.00015],[128.25713,36.99893],[128.256,36.99803],[128.25425,36.99785],[128.25391,36.99748],[128.25462,36.99647],[128.25677,36.99575],[128.25851,36.99333],[128.2581,36.99182],[128.25777,36.99157],[128.25806,36.99074],[128.2575,36.98976],[128.25758,36.98845],[128.25953,36.98739],[128.26217,36.98775],[128.26559,36.98619],[128.26956,36.98533],[128.27293,36.98374],[128.27393,36.98414],[128.27596,36.98331],[128.27775,36.9832],[128.27847,36.98273],[128.28008,36.98362],[128.28086,36.98211],[128.28166,36.98217],[128.28332,36.98128],[128.28371,36.98072],[128.28475,36.9813],[128.28615,36.98055],[128.28843,36.98149],[128.28946,36.98132],[128.29243,36.9817],[128.29364,36.98148],[128.29415,36.98253],[128.29678,36.98255],[128.29901,36.98215],[128.30024,36.98312],[128.30232,36.98361],[128.30283,36.9833],[128.30707,36.98308],[128.30743,36.98108],[128.30816,36.97989],[128.31155,36.97896],[128.3132,36.97949],[128.31473,36.97942],[128.31794,36.98195],[128.31874,36.98161],[128.32205,36.98144],[128.32326,36.98258],[128.32333,36.98309],[128.32541,36.98464],[128.32772,36.98518],[128.32737,36.9867],[128.32922,36.98911],[128.329,36.9898],[128.33131,36.99112],[128.33268,36.99354],[128.33364,36.9939],[128.33428,36.99457],[128.33414,36.99494],[128.33618,36.99576],[128.33695,36.99678],[128.34126,36.99627],[128.34399,36.99452],[128.34736,36.99709],[128.34603,36.99823],[128.34514,36.99965],[128.34503,37.00181],[128.34557,37.00385],[128.34609,37.00461],[128.34841,37.0065],[128.34954,37.00693],[128.35474,37.00753],[128.35468,37.00845],[128.35512,37.00976],[128.35358,37.00997],[128.35252,37.01094],[128.35128,37.01118],[128.35114,37.01212],[128.34888,37.01331],[128.34863,37.01389],[128.34743,37.01428],[128.34611,37.01413],[128.34545,37.0157],[128.34546,37.0163],[128.34607,37.01649],[128.34333,37.01934],[128.34301,37.02009],[128.3431,37.02117],[128.3426,37.02172],[128.3419,37.02172],[128.34036,37.0228],[128.33898,37.02459],[128.33864,37.02631],[128.33789,37.02794],[128.33647,37.02878],[128.33619,37.02957],[128.33147,37.03402],[128.33024,37.03698],[128.32963,37.03754],[128.33109,37.03975],[128.33175,37.04211],[128.33255,37.04325],[128.33259,37.04354],[128.3319,37.04414],[128.33155,37.04536],[128.33241,37.04663],[128.33447,37.04804],[128.33538,37.04956],[128.33557,37.05053],[128.3333,37.05332],[128.33198,37.05428],[128.33099,37.05611],[128.3308,37.05732],[128.33152,37.05902],[128.32857,37.05915],[128.32774,37.05872],[128.32623,37.05854],[128.32398,37.05916],[128.32355,37.05985],[128.32228,37.06049],[128.32245,37.0611],[128.3234,37.06197],[128.32342,37.06295],[128.3231,37.06576],[128.32182,37.06826],[128.31957,37.06707],[128.31735,37.06552],[128.31704,37.06492],[128.31592,37.06409],[128.3138,37.06286],[128.3108,37.06321],[128.30986,37.06305],[128.30819,37.05941],[128.30735,37.05605],[128.30564,37.05499],[128.30421,37.05457],[128.30198,37.05473],[128.30022,37.05591],[128.29887,37.05822],[128.29901,37.0596],[128.29964,37.0601],[128.29897,37.06212],[128.29796,37.06247],[128.29753,37.0633],[128.29664,37.06372],[128.29614,37.06316],[128.29375,37.06264],[128.29223,37.06266],[128.28858,37.06073],[128.28894,37.05997],[128.2854,37.05768],[128.28352,37.05576],[128.28237,37.0551],[128.28223,37.05464],[128.28112,37.05375],[128.28076,37.05307],[128.28105,37.05215],[128.2801,37.05093],[128.27724,37.05219],[128.27647,37.05293],[128.27252,37.05317],[128.271,37.054],[128.27023,37.05701],[128.2708,37.05734],[128.26779,37.06045],[128.26619,37.06109],[128.26367,37.06108],[128.26298,37.06226],[128.26158,37.06296],[128.26127,37.06378],[128.26016,37.06459],[128.259,37.06521],[128.25754,37.06507],[128.25763,37.06581],[128.25683,37.06612],[128.25471,37.0661],[128.254,37.06701],[128.2537,37.06879],[128.25316,37.06943],[128.25137,37.06917],[128.24958,37.06997],[128.24851,37.07111],[128.24914,37.07199],[128.24934,37.07302],[128.24889,37.07465],[128.24925,37.07511]]]}},{"type":"Feature","properties":{"zoneId":"Z000210365","zoneName":"제천시학교군단양소백산중학구매포중학구공동학구","zoneType":"middle","level":"중학교","kind":"shared","oneWay":false,"sggCode":"800","eduCode":"8111000","eduName":"충청북도단양교육지원청","updatedAt":"2023-02-14"},"geometry":{"type":"Polygon","coordinates":[[[128.27611,37.11599],[128.27542,37.11619],[128.27451,37.11638],[128.27406,37.11702],[128.27304,37.11703],[128.2719,37.11616],[128.27085,37.11589],[128.27019,37.11485],[128.27052,37.1134],[128.27023,37.11271],[128.26857,37.1135],[128.26736,37.11353],[128.26713,37.11281],[128.26734,37.1113],[128.26638,37.1099],[128.26694,37.10864],[128.26595,37.1083],[128.2656,37.10781],[128.26447,37.1083],[128.26388,37.10788],[128.26326,37.10856],[128.26264,37.10802],[128.2632,37.10707],[128.26176,37.10622],[128.26005,37.10427],[128.25911,37.10409],[128.25787,37.10239],[128.25637,37.10146],[128.25637,37.10024],[128.25961,37.09913],[128.26153,37.09566],[128.26122,37.09366],[128.26233,37.09029],[128.26294,37.0903],[128.2645,37.08914],[128.26473,37.08879],[128.26436,37.08816],[128.26457,37.08804],[128.26594,37.08837],[128.26692,37.08743],[128.26813,37.08841],[128.26894,37.08848],[128.26895,37.08873],[128.26988,37.08836],[128.26955,37.08741],[128.26911,37.08758],[128.26813,37.08718],[128.26626,37.08489],[128.2655,37.08484],[128.2651,37.08431],[128.2635,37.08372],[128.26176,37.08266],[128.26139,37.08204],[128.26042,37.08194],[128.26014,37.08259],[128.25714,37.08279],[128.25521,37.08203],[128.2541,37.08024],[128.25278,37.07978],[128.25097,37.078],[128.25086,37.07611],[128.24889,37.07465],[128.24934,37.07302],[128.24914,37.07199],[128.24851,37.07111],[128.24958,37.06997],[128.25071,37.06939],[128.2518,37.06917],[128.25316,37.06943],[128.2537,37.06879],[128.254,37.06701],[128.25471,37.0661],[128.25683,37.06612],[128.25763,37.06581],[128.25754,37.06507],[128.259,37.06521],[128.26016,37.06459],[128.26127,37.06378],[128.26158,37.06296],[128.26298,37.06226],[128.26367,37.06108],[128.26619,37.06109],[128.26779,37.06045],[128.2708,37.05734],[128.27023,37.05701],[128.271,37.054],[128.27252,37.05317],[128.27647,37.05293],[128.27724,37.05219],[128.2801,37.05093],[128.28105,37.05215],[128.28076,37.05307],[128.28112,37.05375],[128.28223,37.05464],[128.28237,37.0551],[128.28352,37.05576],[128.2854,37.05768],[128.28894,37.05997],[128.28858,37.06073],[128.29223,37.06266],[128.29375,37.06264],[128.29614,37.06316],[128.29664,37.06372],[128.29753,37.0633],[128.29796,37.06247],[128.29897,37.06212],[128.29964,37.0601],[128.29901,37.0596],[128.29887,37.05822],[128.30022,37.05591],[128.30198,37.05473],[128.30421,37.05457],[128.30564,37.05499],[128.30735,37.05605],[128.30819,37.05941],[128.30986,37.06305],[128.3108,37.06321],[128.3138,37.06286],[128.31592,37.06409],[128.31704,37.06492],[128.31735,37.06552],[128.31957,37.06707],[128.32184,37.06823],[128.31907,37.07245],[128.31603,37.07522],[128.31545,37.07659],[128.31463,37.07732],[128.31234,37.07815],[128.31134,37.07899],[128.31095,37.0802],[128.30882,37.08372],[128.30133,37.08977],[128.29905,37.09112],[128.29873,37.09149],[128.29883,37.09266],[128.2982,37.09374],[128.29705,37.09506],[128.29571,37.0958],[128.29397,37.09807],[128.29337,37.09845],[128.29306,37.09926],[128.29064,37.1009],[128.28711,37.10218],[128.28607,37.10416],[128.28595,37.10549],[128.28465,37.1069],[128.2821,37.10893],[128.28051,37.10812],[128.27928,37.10986],[128.27778,37.11077],[128.27869,37.11387],[128.2776,37.11581],[128.27611,37.11599]]]}},{"type":"Feature","properties":{"zoneId":"Z000210063","zoneName":"단양중학구단성중학구매포중학구공동학구","zoneType":"middle","level":"중학교","kind":"shared","oneWay":false,"sggCode":"800","eduCode":"8111000","eduName":"충청북도단양교육지원청","updatedAt":"2016-08-12"},"geometry":{"type":"Polygon","coordinates":[[[128.25843,36.98776],[128.25758,36.98845],[128.25711,36.98755],[128.25584,36.9865],[128.25649,36.98484],[128.25702,36.98473],[128.25797,36.98148],[128.25855,36.98112],[128.25935,36.97864],[128.25989,36.97576],[128.25938,36.973],[128.25999,36.97276],[128.26047,36.97085],[128.26001,36.96846],[128.26159,36.96767],[128.2623,36.96683],[128.26261,36.96601],[128.26198,36.96466],[128.26389,36.96354],[128.26455,36.96195],[128.26512,36.96144],[128.26809,36.95966],[128.26846,36.95785],[128.26899,36.95707],[128.27192,36.95497],[128.27406,36.95194],[128.27261,36.95029],[128.27256,36.94937],[128.2728,36.94821],[128.27262,36.94671],[128.27364,36.9464],[128.27487,36.94526],[128.27505,36.9443],[128.27457,36.941],[128.27473,36.94005],[128.2739,36.93715],[128.27326,36.93638],[128.27346,36.93333],[128.28035,36.93291],[128.28361,36.93134],[128.28516,36.93021],[128.28524,36.92798],[128.28577,36.92795],[128.2857,36.92661],[128.28795,36.92518],[128.29059,36.9258],[128.29187,36.92664],[128.2946,36.92953],[128.29676,36.93249],[128.30238,36.9381],[128.30462,36.94081],[128.30827,36.94193],[128.31004,36.94182],[128.31014,36.94137],[128.3119,36.94275],[128.31093,36.94342],[128.31237,36.94462],[128.3139,36.94525],[128.31676,36.94819],[128.31747,36.94936],[128.32757,36.95367],[128.33006,36.95515],[128.33557,36.95928],[128.33526,36.96072],[128.33586,36.96128],[128.33597,36.96209],[128.33554,36.96387],[128.33581,36.96545],[128.33559,36.96804],[128.33694,36.97103],[128.33801,36.97262],[128.33952,36.97374],[128.34057,36.97315],[128.3401,36.97497],[128.34113,36.97814],[128.34196,36.97915],[128.33955,36.98047],[128.33726,36.98099],[128.33524,36.9819],[128.33333,36.98289],[128.33282,36.98355],[128.32772,36.98518],[128.32541,36.98464],[128.32333,36.98309],[128.32326,36.98258],[128.32205,36.98144],[128.31874,36.98161],[128.31794,36.98195],[128.31473,36.97942],[128.3132,36.97949],[128.31155,36.97896],[128.30816,36.97989],[128.30743,36.98108],[128.30707,36.98308],[128.30283,36.9833],[128.30232,36.98361],[128.30024,36.98312],[128.29901,36.98215],[128.29678,36.98255],[128.29415,36.98253],[128.29364,36.98148],[128.29243,36.9817],[128.28946,36.98132],[128.28843,36.98149],[128.28615,36.98055],[128.28475,36.9813],[128.28371,36.98072],[128.28332,36.98128],[128.28166,36.98217],[128.28086,36.98211],[128.28008,36.98362],[128.27847,36.98273],[128.27775,36.9832],[128.27596,36.98331],[128.27393,36.98414],[128.27293,36.98374],[128.26956,36.98533],[128.26559,36.98619],[128.26217,36.98775],[128.25953,36.98739],[128.25843,36.98776]]]}},{"type":"Feature","properties":{"zoneId":"Z000200523","zoneName":"내수중학구","zoneType":"middle","level":"중학교","kind":"dedicated","oneWay":false,"sggCode":"114","eduCode":"8011000","eduName":"충청북도청주교육지원청","updatedAt":"2016-08-12"},"geometry":{"type":"Polygon","coordinates":[[[127.53402,36.77117],[127.5338,36.7715],[127.53008,36.7704],[127.51859,36.76934],[127.51602,36.7685],[127.51517,36.76863],[127.50929,36.76684],[127.50774,36.76719],[127.5076,36.76785],[127.50277,36.7655],[127.4996,36.7583],[127.49352,36.7531],[127.48772,36.74654],[127.48632,36.74395],[127.4855,36.74034],[127.48489,36.73882],[127.48391,36.7375],[127.48829,36.73688],[127.48998,36.73436],[127.48925,36.73179],[127.48817,36.7299],[127.48737,36.72664],[127.48803,36.72642],[127.48877,36.72708],[127.4901,36.7295],[127.49128,36.73027],[127.49475,36.73181],[127.49802,36.73194],[127.49784,36.72653],[127.49693,36.72067],[127.49797,36.72095],[127.49831,36.72053],[127.49754,36.7177],[127.49855,36.71737],[127.49958,36.71758],[127.50179,36.71679],[127.50238,36.71545],[127.50491,36.71435],[127.50652,36.71437],[127.50739,36.71571],[127.50774,36.71578],[127.50939,36.71413],[127.51059,36.714],[127.51152,36.71455],[127.51228,36.71461],[127.51382,36.71817],[127.51385,36.71993],[127.51351,36.72121],[127.51403,36.72225],[127.51526,36.72228],[127.51584,36.72294],[127.51688,36.72319],[127.51668,36.72179],[127.518,36.72006],[127.51867,36.71699],[127.52075,36.71513],[127.52206,36.71473],[127.52249,36.7141],[127.52326,36.71204],[127.52295,36.70884],[127.52476,36.70631],[127.52452,36.70491],[127.52284,36.70272],[127.52227,36.70087],[127.52276,36.69935],[127.52431,36.69901],[127.52591,36.6981],[127.52701,36.69797],[127.52709,36.69748],[127.52792,36.69719],[127.52784,36.69639],[127.52962,36.69533],[127.53196,36.69551],[127.53203,36.69406],[127.53258,36.69353],[127.53432,36.69401],[127.53478,36.69358],[127.53589,36.69335],[127.53645,36.69278],[127.53651,36.69172],[127.5381,36.68849],[127.53831,36.68587],[127.53876,36.68521],[127.53989,36.68488],[127.54071,36.68348],[127.54169,36.68343],[127.5422,36.68285],[127.54172,36.68206],[127.54053,36.68139],[127.54038,36.68021],[127.53882,36.67882],[127.53829,36.67761],[127.53837,36.67699],[127.53661,36.672],[127.53718,36.67034],[127.53703,36.66948],[127.5375,36.66906],[127.53883,36.66939],[127.53972,36.66911],[127.54018,36.66948],[127.54104,36.66904],[127.54167,36.66911],[127.54224,36.66864],[127.54316,36.6687],[127.54429,36.66947],[127.54463,36.67029],[127.54577,36.67118],[127.54716,36.67151],[127.54752,36.67239],[127.54862,36.67349],[127.54946,36.67296],[127.55272,36.67293],[127.55512,36.67396],[127.55653,36.6741],[127.55703,36.67375],[127.55889,36.67402],[127.56003,36.67525],[127.56194,36.67429],[127.56309,36.67411],[127.56554,36.67458],[127.5658,36.67426],[127.56699,36.67436],[127.56837,36.67573],[127.56865,36.67673],[127.56951,36.67734],[127.57079,36.67769],[127.57254,36.6776],[127.57276,36.67822],[127.57354,36.67887],[127.57373,36.6798],[127.57575,36.68125],[127.57675,36.68144],[127.57735,36.68199],[127.57764,36.68305],[127.57865,36.68346],[127.5792,36.6842],[127.58074,36.68424],[127.5816,36.68463],[127.58218,36.68427],[127.5827,36.68463],[127.58588,36.68344],[127.58686,36.68534],[127.58831,36.6859],[127.58949,36.68727],[127.5911,36.68745],[127.59166,36.68809],[127.59126,36.6895],[127.59065,36.69035],[127.5907,36.69162],[127.59458,36.69317],[127.59599,36.69487],[127.59596,36.69545],[127.59631,36.69587],[127.59747,36.6962],[127.59761,36.69731],[127.5984,36.69738],[127.59935,36.6981],[127.60056,36.69846],[127.602,36.69795],[127.60367,36.69803],[127.60546,36.69895],[127.61201,36.69965],[127.61297,36.70065],[127.61342,36.70065],[127.61471,36.70308],[127.61478,36.70482],[127.61661,36.70617],[127.61732,36.70724],[127.61793,36.70735],[127.61839,36.70931],[127.618,36.71156],[127.61871,36.71316],[127.61885,36.71633],[127.618,36.71735],[127.61599,36.71814],[127.61542,36.71868],[127.61562,36.72048],[127.61532,36.7217],[127.61484,36.72216],[127.61521,36.7232],[127.61463,36.7239],[127.61381,36.72648],[127.61125,36.7275],[127.61087,36.72813],[127.6114,36.72922],[127.60938,36.73037],[127.6097,36.73158],[127.61034,36.73226],[127.61004,36.73347],[127.61045,36.73387],[127.61023,36.73422],[127.61056,36.73526],[127.60974,36.73563],[127.60952,36.7361],[127.6087,36.73632],[127.6083,36.73703],[127.60869,36.73791],[127.60785,36.73892],[127.60815,36.73975],[127.60646,36.74022],[127.60665,36.74205],[127.60607,36.74343],[127.60486,36.74405],[127.60433,36.74543],[127.60315,36.74596],[127.60289,36.74561],[127.60047,36.74576],[127.5983,36.74422],[127.59758,36.74459],[127.59599,36.74465],[127.59536,36.74536],[127.59394,36.74572],[127.59343,36.74637],[127.59256,36.74644],[127.59193,36.74713],[127.59083,36.74757],[127.5902,36.74858],[127.58763,36.74849],[127.58348,36.74917],[127.58274,36.74909],[127.57937,36.74747],[127.57801,36.74827],[127.5778,36.74927],[127.57372,36.75132],[127.56785,36.75078],[127.56679,36.75003],[127.56608,36.74999],[127.56527,36.74925],[127.56344,36.74868],[127.56302,36.7521],[127.56463,36.75307],[127.56554,36.75459],[127.5663,36.75522],[127.5664,36.75579],[127.5657,36.75911],[127.56486,36.76074],[127.56212,36.75964],[127.55976,36.76065],[127.55839,36.76082],[127.55803,36.76122],[127.55719,36.75948],[127.55544,36.7585],[127.55533,36.75801],[127.55404,36.75785],[127.5535,36.75719],[127.55203,36.75676],[127.55153,36.75578],[127.55129,36.75621],[127.54982,36.75631],[127.54909,36.75208],[127.54805,36.7524],[127.54712,36.75173],[127.54462,36.75163],[127.54371,36.75127],[127.54335,36.75222],[127.54364,36.75283],[127.54597,36.75551],[127.5476,36.75632],[127.54664,36.7595],[127.54599,36.75989],[127.54416,36.7602],[127.54272,36.75967],[127.54202,36.75898],[127.54076,36.75897],[127.54048,36.7585],[127.5401,36.75993],[127.53889,36.75978],[127.53681,36.76213],[127.53457,36.76273],[127.53507,36.76325],[127.53669,36.76374],[127.53641,36.76416],[127.53678,36.76467],[127.53672,36.76587],[127.53736,36.76622],[127.53781,36.76815],[127.53744,36.76963],[127.53467,36.77005],[127.53402,36.77117]]]}},{"type":"Feature","properties":{"zoneId":"Z000200587","zoneName":"음성읍학교군","zoneType":"middle","level":"중학교","kind":"dedicated","oneWay":false,"sggCode":"770","eduCode":"8101000","eduName":"충청북도음성교육지원청","updatedAt":"2016-08-12"},"geometry":{"type":"Polygon","coordinates":[[[127.66901,36.98778],[127.66893,36.98783],[127.66617,36.98585],[127.66429,36.98374],[127.66316,36.98155],[127.6616,36.97707],[127.66182,36.97526],[127.6623,36.97467],[127.66136,36.97246],[127.66466,36.96984],[127.66362,36.96831],[127.66171,36.96712],[127.66159,36.96644],[127.66091,36.96553],[127.65939,36.96581],[127.65929,36.96514],[127.65974,36.96448],[127.65928,36.96375],[127.6585,36.96352],[127.6576,36.96253],[127.65703,36.9626],[127.65615,36.96192],[127.65546,36.96186],[127.65394,36.9627],[127.65278,36.96233],[127.65162,36.96275],[127.64993,36.96229],[127.64767,36.96316],[127.64661,36.96269],[127.64327,36.96427],[127.64137,36.96465],[127.64083,36.96548],[127.63845,36.96679],[127.63787,36.96751],[127.63712,36.96723],[127.63608,36.96804],[127.63256,36.96959],[127.63191,36.9706],[127.63153,36.97067],[127.63087,36.9703],[127.62995,36.96868],[127.62868,36.96861],[127.62834,36.96889],[127.6277,36.96792],[127.62756,36.96647],[127.6267,36.96573],[127.62759,36.96499],[127.62741,36.96447],[127.62779,36.96396],[127.62731,36.96264],[127.62672,36.96232],[127.6265,36.95917],[127.62449,36.95925],[127.62254,36.95833],[127.62125,36.95885],[127.62127,36.95815],[127.62,36.9574],[127.61917,36.95729],[127.61923,36.95572],[127.61838,36.95398],[127.61773,36.95364],[127.61684,36.95378],[127.61573,36.95231],[127.6132,36.9515],[127.61252,36.95098],[127.60847,36.95204],[127.60633,36.95016],[127.60585,36.94936],[127.60438,36.94886],[127.60386,36.9481],[127.60417,36.94681],[127.60306,36.94594],[127.6029,36.94503],[127.60207,36.94407],[127.6023,36.94235],[127.60104,36.94073],[127.60238,36.93896],[127.60166,36.93823],[127.59645,36.93877],[127.59576,36.93928],[127.59592,36.93991],[127.59529,36.94056],[127.59426,36.94089],[127.59428,36.94179],[127.59295,36.9428],[127.59224,36.94294],[127.59173,36.94289],[127.59135,36.94232],[127.58904,36.94247],[127.58794,36.94319],[127.58526,36.94356],[127.58361,36.94259],[127.58252,36.94139],[127.58027,36.93404],[127.5794,36.93277],[127.57862,36.93259],[127.57817,36.93212],[127.57715,36.93047],[127.57723,36.92928],[127.57671,36.92791],[127.57957,36.92864],[127.5817,36.92866],[127.58226,36.92843],[127.58317,36.92642],[127.58367,36.92623],[127.58376,36.92452],[127.58417,36.92411],[127.58391,36.92296],[127.58428,36.92272],[127.58469,36.92087],[127.58532,36.92041],[127.58544,36.91865],[127.58488,36.91809],[127.58473,36.91717],[127.58635,36.91597],[127.58609,36.91483],[127.58671,36.91361],[127.58626,36.91273],[127.58753,36.91066],[127.58875,36.91085],[127.58986,36.90963],[127.59187,36.90897],[127.5922,36.90813],[127.5914,36.90665],[127.59171,36.90618],[127.5916,36.90548],[127.59313,36.90329],[127.59223,36.90246],[127.59198,36.90161],[127.5931,36.8997],[127.59119,36.89782],[127.59107,36.89629],[127.59003,36.89536],[127.59028,36.89427],[127.59097,36.89366],[127.59095,36.89306],[127.58924,36.89087],[127.58893,36.88959],[127.58912,36.88852],[127.58863,36.88653],[127.58788,36.8862],[127.58724,36.88529],[127.58619,36.88523],[127.58574,36.88481],[127.58545,36.88308],[127.58575,36.88253],[127.58503,36.8812],[127.58434,36.88077],[127.58358,36.87849],[127.58152,36.87721],[127.58295,36.87626],[127.58345,36.87624],[127.5842,36.87517],[127.58504,36.87459],[127.58468,36.87355],[127.58511,36.87018],[127.58348,36.86896],[127.58272,36.86822],[127.58254,36.8675],[127.58129,36.86662],[127.57791,36.86654],[127.57764,36.86555],[127.57663,36.86466],[127.5779,36.86324],[127.57782,36.86252],[127.57666,36.86071],[127.57597,36.85874],[127.57554,36.85839],[127.57562,36.85775],[127.57828,36.85335],[127.57775,36.85546],[127.57848,36.85773],[127.58148,36.85958],[127.58356,36.86008],[127.58597,36.85943],[127.5864,36.85877],[127.58637,36.85761],[127.58704,36.85725],[127.58875,36.85772],[127.58958,36.8573],[127.59053,36.85729],[127.59122,36.85782],[127.5919,36.85742],[127.59263,36.85691],[127.59329,36.85558],[127.59396,36.85543],[127.59653,36.85159],[127.6004,36.85269],[127.60321,36.85188],[127.60441,36.8528],[127.60439,36.85355],[127.60587,36.85361],[127.60672,36.85322],[127.60746,36.85415],[127.61041,36.85599],[127.61099,36.85582],[127.61135,36.85663],[127.61373,36.85839],[127.61452,36.85817],[127.61661,36.85865],[127.61769,36.86052],[127.61973,36.86186],[127.62144,36.86193],[127.62257,36.86164],[127.62373,36.86263],[127.62536,36.86273],[127.62635,36.86372],[127.628,36.86373],[127.62834,36.86431],[127.63191,36.86643],[127.63292,36.86623],[127.63443,36.86677],[127.63555,36.8661],[127.63575,36.86567],[127.63757,36.8655],[127.63861,36.86438],[127.63925,36.86418],[127.63882,36.86337],[127.64039,36.86289],[127.64129,36.86208],[127.64108,36.86159],[127.64204,36.86096],[127.64208,36.8586],[127.64363,36.85829],[127.64377,36.85779],[127.64434,36.85756],[127.64444,36.85796],[127.64512,36.85839],[127.64781,36.85931],[127.64853,36.85997],[127.64907,36.85972],[127.65075,36.85985],[127.6524,36.86087],[127.65349,36.86093],[127.65441,36.86042],[127.6554,36.8608],[127.65721,36.86062],[127.65756,36.86025],[127.65875,36.86033],[127.66139,36.85978],[127.66319,36.858],[127.66408,36.85779],[127.66564,36.85807],[127.6671,36.85771],[127.66736,36.85718],[127.66849,36.85668],[127.66921,36.85495],[127.67132,36.85474],[127.67244,36.85346],[127.67476,36.85313],[127.67603,36.85195],[127.67606,36.8509],[127.67784,36.85095],[127.67777,36.85157],[127.67873,36.85261],[127.67979,36.85311],[127.68034,36.85303],[127.68206,36.85498],[127.68359,36.85617],[127.6833,36.85672],[127.68409,36.85902],[127.68611,36.85936],[127.68652,36.85987],[127.6868,36.86118],[127.68711,36.86134],[127.68716,36.86249],[127.68624,36.86339],[127.68596,36.86472],[127.68616,36.86515],[127.68565,36.8657],[127.68588,36.86849],[127.68621,36.86893],[127.68689,36.86911],[127.68771,36.87058],[127.68977,36.87155],[127.69025,36.87234],[127.69021,36.87334],[127.69086,36.87397],[127.69184,36.87667],[127.69165,36.87731],[127.69215,36.87787],[127.69176,36.87867],[127.6932,36.87874],[127.69349,36.87967],[127.69397,36.88005],[127.69656,36.88005],[127.69803,36.88061],[127.69916,36.87981],[127.70019,36.87822],[127.70258,36.87811],[127.70406,36.87762],[127.70554,36.87662],[127.7069,36.87651],[127.70691,36.87615],[127.70772,36.87592],[127.70814,36.878],[127.70856,36.87838],[127.71053,36.87813],[127.71143,36.87878],[127.71313,36.87891],[127.71345,36.87845],[127.71449,36.87879],[127.71536,36.87747],[127.71624,36.87716],[127.71867,36.87806],[127.71965,36.87747],[127.72279,36.87814],[127.72374,36.87864],[127.72403,36.87967],[127.72522,36.88007],[127.72664,36.87961],[127.72797,36.87996],[127.72828,36.87938],[127.73038,36.87852],[127.73189,36.87865],[127.73328,36.87943],[127.73524,36.87994],[127.73751,36.87865],[127.73798,36.87785],[127.7395,36.87864],[127.74348,36.87744],[127.74543,36.87803],[127.74762,36.87623],[127.74793,36.87442],[127.74881,36.87383],[127.75054,36.87332],[127.75247,36.87477],[127.75339,36.87372],[127.75429,36.87349],[127.75645,36.87363],[127.75757,36.87403],[127.7586,36.87384],[127.76085,36.87591],[127.76092,36.87675],[127.76247,36.87749],[127.76489,36.87661],[127.76505,36.87606],[127.76667,36.87477],[127.76993,36.87613],[127.77079,36.87756],[127.77281,36.87795],[127.77481,36.87788],[127.77593,36.87853],[127.77764,36.87855],[127.77852,36.87878],[127.7789,36.87924],[127.78232,36.87971],[127.78338,36.88038],[127.78513,36.87964],[127.78569,36.88008],[127.78774,36.88063],[127.78826,36.88208],[127.78882,36.88262],[127.78935,36.88554],[127.78864,36.88633],[127.78817,36.8878],[127.78821,36.88931],[127.78748,36.89252],[127.78763,36.89322],[127.78712,36.89449],[127.78928,36.8959],[127.78943,36.89687],[127.79188,36.89761],[127.79236,36.8994],[127.79211,36.90115],[127.79141,36.90176],[127.78964,36.90266],[127.78648,36.9035],[127.78487,36.90588],[127.79176,36.90683],[127.79205,36.90601],[127.79116,36.90449],[127.79183,36.90396],[127.79742,36.90276],[127.79848,36.90289],[127.79765,36.904],[127.79752,36.90518],[127.79774,36.90729],[127.79829,36.90817],[127.79827,36.9088],[127.79793,36.90942],[127.79715,36.90982],[127.79697,36.91043],[127.79626,36.9108],[127.79622,36.91252],[127.79564,36.91339],[127.79377,36.91441],[127.79463,36.91554],[127.79436,36.91623],[127.79316,36.91687],[127.79169,36.91658],[127.7905,36.91685],[127.78953,36.91568],[127.78674,36.91582],[127.7856,36.91744],[127.78486,36.9173],[127.78415,36.91762],[127.78356,36.91867],[127.7837,36.91984],[127.78283,36.92221],[127.78303,36.92275],[127.78191,36.92301],[127.78145,36.92416],[127.78392,36.92481],[127.7852,36.92457],[127.78626,36.92494],[127.78748,36.92593],[127.78899,36.92612],[127.78843,36.92683],[127.78905,36.92863],[127.78768,36.92883],[127.78813,36.92912],[127.78842,36.93064],[127.78774,36.93153],[127.78681,36.93196],[127.78841,36.93379],[127.78803,36.93719],[127.78664,36.93699],[127.78436,36.93771],[127.78274,36.93682],[127.78171,36.93529],[127.78095,36.93487],[127.77894,36.93425],[127.7775,36.93432],[127.77563,36.93334],[127.7741,36.93377],[127.77309,36.93475],[127.77204,36.93506],[127.77176,36.93617],[127.77007,36.93678],[127.76908,36.93866],[127.76838,36.93877],[127.76681,36.94035],[127.76484,36.93978],[127.76378,36.94087],[127.76236,36.94407],[127.76077,36.94478],[127.76087,36.94509],[127.76384,36.94633],[127.76295,36.94738],[127.76257,36.94845],[127.76204,36.9491],[127.75859,36.95125],[127.75813,36.9528],[127.7569,36.95338],[127.75636,36.95304],[127.75567,36.95415],[127.75579,36.95501],[127.75529,36.95473],[127.75442,36.95486],[127.75344,36.95665],[127.75332,36.95769],[127.75296,36.95795],[127.7501,36.95583],[127.74898,36.95607],[127.74516,36.95556],[127.74458,36.95407],[127.74249,36.95348],[127.74116,36.95252],[127.73928,36.95238],[127.73672,36.95421],[127.73419,36.95358],[127.7329,36.95366],[127.73281,36.95473],[127.73232,36.95546],[127.73055,36.95685],[127.73051,36.95741],[127.72995,36.95795],[127.72685,36.95905],[127.72546,36.95799],[127.72477,36.95858],[127.72401,36.95862],[127.72371,36.95899],[127.72247,36.95936],[127.72209,36.95918],[127.72206,36.95873],[127.7186,36.95895],[127.71804,36.95845],[127.71626,36.95841],[127.71452,36.96111],[127.71107,36.96215],[127.7106,36.96256],[127.71012,36.96444],[127.70917,36.96484],[127.70726,36.9648],[127.70585,36.96579],[127.70528,36.96741],[127.70402,36.9691],[127.70336,36.97135],[127.70378,36.97201],[127.70051,36.97381],[127.69932,36.97411],[127.69754,36.97395],[127.69659,36.97462],[127.69449,36.97497],[127.69441,36.97554],[127.69492,36.97651],[127.69455,36.97684],[127.69462,36.97811],[127.69413,36.97857],[127.69291,36.97924],[127.6908,36.97959],[127.68662,36.98147],[127.68737,36.98289],[127.68735,36.98449],[127.68632,36.98589],[127.68453,36.98607],[127.68405,36.98576],[127.68236,36.98579],[127.68207,36.98538],[127.67915,36.98584],[127.67781,36.9864],[127.67626,36.98645],[127.675,36.98574],[127.67363,36.9861],[127.67214,36.98586],[127.67093,36.98681],[127.67031,36.9878],[127.66901,36.98778]]]}},{"type":"Feature","properties":{"zoneId":"Z000200522","zoneName":"가덕중학구","zoneType":"middle","level":"중학교","kind":"dedicated","oneWay":false,"sggCode":"111","eduCode":"8011000","eduName":"충청북도청주교육지원청","updatedAt":"2016-08-12"},"geometry":{"type":"Polygon","coordinates":[[[127.56121,36.62348],[127.56099,36.62367],[127.55754,36.62666],[127.55486,36.62442],[127.55393,36.62086],[127.55434,36.61965],[127.55367,36.61878],[127.55349,36.61733],[127.55304,36.61679],[127.55059,36.61541],[127.549,36.61267],[127.54795,36.60888],[127.54528,36.60674],[127.54522,36.60599],[127.54336,36.60234],[127.54322,36.60085],[127.54269,36.6006],[127.54286,36.59986],[127.54224,36.59941],[127.54135,36.5979],[127.54259,36.59671],[127.54343,36.59418],[127.54549,36.59179],[127.54562,36.58995],[127.54433,36.58815],[127.54546,36.58583],[127.54528,36.58511],[127.54562,36.58503],[127.54609,36.58375],[127.54527,36.5829],[127.54582,36.58252],[127.54565,36.58096],[127.5459,36.58058],[127.54473,36.57973],[127.54325,36.57962],[127.54287,36.57915],[127.54355,36.57772],[127.54324,36.57668],[127.54082,36.57368],[127.53919,36.57288],[127.53875,36.57187],[127.53658,36.57154],[127.53646,36.57059],[127.53377,36.56786],[127.53296,36.56802],[127.53216,36.5672],[127.53071,36.56665],[127.53013,36.56607],[127.52874,36.56582],[127.5278,36.56408],[127.5267,36.56354],[127.52585,36.56357],[127.52469,36.5616],[127.52514,36.56072],[127.52442,36.55999],[127.52425,36.55848],[127.52347,36.55794],[127.52143,36.55763],[127.521,36.55677],[127.52149,36.55443],[127.52087,36.55421],[127.52053,36.55256],[127.52068,36.55186],[127.52303,36.55059],[127.5244,36.54847],[127.52606,36.54819],[127.52606,36.54798],[127.52658,36.54839],[127.52706,36.54768],[127.52397,36.54553],[127.52279,36.54414],[127.52043,36.54284],[127.52116,36.54223],[127.52107,36.54189],[127.52017,36.54151],[127.52056,36.54103],[127.51962,36.53948],[127.52049,36.53852],[127.52157,36.53808],[127.52186,36.53694],[127.52177,36.53581],[127.52103,36.53549],[127.52129,36.53437],[127.52228,36.53331],[127.52249,36.53255],[127.52353,36.53219],[127.52391,36.53163],[127.5239,36.53091],[127.52443,36.53062],[127.52494,36.53088],[127.52497,36.5306],[127.52728,36.52965],[127.52727,36.52863],[127.52859,36.52843],[127.52853,36.52777],[127.52945,36.52711],[127.53141,36.52687],[127.53169,36.52565],[127.5327,36.52506],[127.5355,36.52575],[127.53644,36.5255],[127.53681,36.525],[127.53765,36.5254],[127.53669,36.52309],[127.53818,36.52213],[127.53925,36.52304],[127.54127,36.5238],[127.54318,36.52279],[127.54442,36.52411],[127.54625,36.5244],[127.55063,36.52365],[127.55293,36.52179],[127.55349,36.52205],[127.55383,36.52266],[127.55476,36.52257],[127.55603,36.52333],[127.55621,36.52392],[127.55745,36.52482],[127.55748,36.52577],[127.55867,36.52602],[127.55844,36.52674],[127.55951,36.52793],[127.561,36.52886],[127.56181,36.52892],[127.56349,36.53073],[127.56506,36.53059],[127.56663,36.53124],[127.56753,36.53255],[127.56871,36.53288],[127.56959,36.53458],[127.57112,36.53569],[127.57475,36.53708],[127.57633,36.53712],[127.57693,36.5376],[127.57952,36.53727],[127.57966,36.53819],[127.58036,36.53868],[127.58013,36.54072],[127.58085,36.54196],[127.58186,36.54209],[127.58285,36.54168],[127.58516,36.54259],[127.58578,36.54328],[127.58788,36.54383],[127.58879,36.54378],[127.58957,36.54331],[127.59185,36.54353],[127.59364,36.54523],[127.59375,36.5459],[127.59424,36.54628],[127.5961,36.54644],[127.59897,36.54833],[127.60144,36.54844],[127.60359,36.54791],[127.60431,36.54861],[127.6048,36.54851],[127.60711,36.54954],[127.60858,36.54973],[127.6086,36.55019],[127.60954,36.5504],[127.61014,36.55094],[127.61236,36.55143],[127.61295,36.55228],[127.61323,36.55351],[127.61383,36.5537],[127.61366,36.55501],[127.61432,36.5568],[127.61719,36.5595],[127.61676,36.56038],[127.61585,36.56107],[127.6154,36.56218],[127.6141,36.56289],[127.61328,36.56395],[127.61312,36.56526],[127.61124,36.56679],[127.61164,36.56853],[127.61121,36.57007],[127.61236,36.57032],[127.61255,36.57132],[127.61431,36.5734],[127.61252,36.57513],[127.61013,36.57647],[127.60879,36.5768],[127.60838,36.57743],[127.60761,36.57779],[127.60724,36.57938],[127.6076,36.58031],[127.60611,36.5817],[127.60605,36.58245],[127.60557,36.5831],[127.60187,36.58535],[127.59925,36.58491],[127.59574,36.58383],[127.59301,36.5844],[127.59147,36.58553],[127.5908,36.58563],[127.58742,36.58446],[127.58553,36.58328],[127.58362,36.58329],[127.58296,36.58354],[127.58282,36.58391],[127.58048,36.58475],[127.58145,36.58545],[127.58167,36.5863],[127.58237,36.58729],[127.5829,36.58753],[127.58303,36.58806],[127.58483,36.58898],[127.58486,36.59035],[127.58526,36.59098],[127.58463,36.59192],[127.58573,36.59388],[127.58435,36.59446],[127.58517,36.59605],[127.58594,36.5965],[127.58546,36.5976],[127.58585,36.5981],[127.58551,36.59996],[127.5847,36.60122],[127.585,36.60229],[127.58424,36.60292],[127.58346,36.60557],[127.58451,36.6068],[127.58364,36.6078],[127.58188,36.60896],[127.58142,36.60986],[127.58066,36.61012],[127.58025,36.6117],[127.57938,36.6126],[127.57749,36.61348],[127.5773,36.61417],[127.57553,36.61471],[127.57643,36.6162],[127.57643,36.61699],[127.57527,36.61797],[127.57429,36.6199],[127.57358,36.62029],[127.57205,36.62034],[127.57096,36.62117],[127.57013,36.62114],[127.56923,36.62169],[127.5664,36.62211],[127.56427,36.62192],[127.56319,36.62224],[127.56274,36.62317],[127.56121,36.62348]]]}},{"type":"Feature","properties":{"zoneId":"Z000200524","zoneName":"문의중학구","zoneType":"middle","level":"중학교","kind":"dedicated","oneWay":false,"sggCode":"111","eduCode":"8011000","eduName":"충청북도청주교육지원청","updatedAt":"2016-08-12"},"geometry":{"type":"Polygon","coordinates":[[[127.505,36.55013],[127.50481,36.55052],[127.50461,36.55107],[127.50214,36.54985],[127.50123,36.55001],[127.49983,36.5509],[127.49913,36.5508],[127.49855,36.55014],[127.4985,36.5494],[127.4978,36.54829],[127.49624,36.54793],[127.49488,36.54645],[127.49219,36.54459],[127.49157,36.54449],[127.48881,36.54519],[127.48777,36.54489],[127.4859,36.54528],[127.48524,36.54503],[127.48537,36.54525],[127.4848,36.54482],[127.48392,36.54551],[127.48367,36.54635],[127.48292,36.54675],[127.48274,36.54743],[127.48079,36.54728],[127.47965,36.54767],[127.47894,36.54697],[127.47744,36.54634],[127.47707,36.54584],[127.47642,36.54586],[127.4758,36.54528],[127.47753,36.54509],[127.4777,36.54397],[127.47723,36.54316],[127.47662,36.54063],[127.47366,36.54038],[127.47178,36.54108],[127.47158,36.54333],[127.4707,36.54279],[127.46954,36.54261],[127.4662,36.54255],[127.46621,36.54447],[127.46499,36.5446],[127.46343,36.54594],[127.46241,36.54606],[127.46169,36.547],[127.46036,36.5474],[127.45898,36.54838],[127.45698,36.54899],[127.4546,36.54844],[127.45279,36.54738],[127.45065,36.54745],[127.44936,36.54845],[127.44926,36.54892],[127.44761,36.54987],[127.44716,36.54973],[127.44741,36.54824],[127.44798,36.5472],[127.44713,36.54408],[127.44743,36.54173],[127.44782,36.54196],[127.45194,36.54152],[127.4519,36.54008],[127.45233,36.53995],[127.45285,36.5382],[127.45356,36.53758],[127.4528,36.53697],[127.45288,36.5352],[127.45355,36.53496],[127.45367,36.53441],[127.45411,36.53433],[127.4546,36.53369],[127.45462,36.53257],[127.45508,36.53199],[127.45499,36.52912],[127.45534,36.52884],[127.45512,36.52806],[127.45564,36.52559],[127.45488,36.52453],[127.45488,36.52396],[127.4535,36.52279],[127.45458,36.51972],[127.45406,36.51867],[127.45117,36.51661],[127.44903,36.516],[127.44833,36.51609],[127.44702,36.51535],[127.44544,36.51493],[127.44554,36.51387],[127.44526,36.51347],[127.44574,36.51257],[127.44592,36.51114],[127.44631,36.51042],[127.44727,36.50978],[127.44689,36.50913],[127.44703,36.5087],[127.44893,36.50669],[127.44924,36.50414],[127.4492,36.50337],[127.44885,36.50298],[127.44959,36.50209],[127.44988,36.50217],[127.44956,36.50144],[127.44977,36.5005],[127.45246,36.5005],[127.45375,36.50095],[127.45514,36.5003],[127.45583,36.49973],[127.4559,36.49919],[127.45665,36.4989],[127.45706,36.49705],[127.45776,36.49592],[127.45875,36.49527],[127.46072,36.49515],[127.4634,36.49375],[127.46518,36.49354],[127.46698,36.49255],[127.46751,36.49126],[127.47097,36.49053],[127.47302,36.49101],[127.47567,36.49023],[127.47578,36.48508],[127.47678,36.48385],[127.47641,36.48284],[127.47716,36.4805],[127.47685,36.48022],[127.47743,36.47944],[127.4791,36.47828],[127.47949,36.47754],[127.48403,36.47662],[127.48454,36.47454],[127.48287,36.46899],[127.48161,36.46641],[127.4794,36.46375],[127.47768,36.46052],[127.47758,36.45842],[127.47951,36.45601],[127.48211,36.45389],[127.48454,36.45293],[127.4869,36.45278],[127.49162,36.45335],[127.50059,36.4562],[127.50279,36.45551],[127.50447,36.45183],[127.50348,36.44936],[127.49714,36.44472],[127.4935,36.44119],[127.48972,36.43413],[127.48978,36.43339],[127.49003,36.4321],[127.49335,36.4258],[127.49556,36.4231],[127.49695,36.41949],[127.49742,36.41536],[127.49964,36.4127],[127.50155,36.40865],[127.50448,36.40821],[127.50806,36.40827],[127.5095,36.40862],[127.51102,36.41031],[127.51138,36.41114],[127.51685,36.43077],[127.51938,36.4348],[127.52869,36.44098],[127.53058,36.44183],[127.53927,36.44499],[127.53952,36.44475],[127.54388,36.44624],[127.54575,36.44626],[127.5453,36.44811],[127.546,36.45038],[127.54654,36.45042],[127.54713,36.45152],[127.54797,36.45168],[127.54805,36.45283],[127.5491,36.45374],[127.54921,36.45459],[127.55097,36.45515],[127.55148,36.45577],[127.55319,36.45914],[127.55294,36.45971],[127.55373,36.46094],[127.55365,36.46238],[127.55431,36.46363],[127.55293,36.46475],[127.55566,36.46574],[127.55528,36.46645],[127.55567,36.46738],[127.55658,36.4679],[127.55706,36.46998],[127.55617,36.47182],[127.55818,36.47224],[127.55862,36.47207],[127.5597,36.47383],[127.55904,36.47498],[127.56075,36.47567],[127.56237,36.4786],[127.56274,36.48024],[127.56444,36.48],[127.5647,36.48068],[127.56707,36.48164],[127.56658,36.48326],[127.5673,36.48428],[127.56922,36.48519],[127.57032,36.48619],[127.5729,36.48658],[127.57348,36.48801],[127.57583,36.48992],[127.57845,36.49026],[127.57679,36.49048],[127.57629,36.49141],[127.57541,36.4916],[127.57457,36.49244],[127.57218,36.49347],[127.57242,36.49508],[127.57202,36.49643],[127.5712,36.49716],[127.57092,36.49806],[127.57111,36.49837],[127.57065,36.4992],[127.5702,36.49932],[127.57027,36.50034],[127.5707,36.50086],[127.57003,36.50322],[127.5709,36.50431],[127.57064,36.50552],[127.57161,36.50555],[127.57283,36.50813],[127.57354,36.50841],[127.573,36.50931],[127.57274,36.51112],[127.57322,36.51159],[127.57275,36.51354],[127.57295,36.51443],[127.57266,36.51589],[127.57331,36.51645],[127.57218,36.51784],[127.57093,36.51852],[127.56943,36.52137],[127.56919,36.52368],[127.5686,36.52417],[127.56796,36.52691],[127.56532,36.52953],[127.56499,36.53062],[127.56349,36.53073],[127.56181,36.52892],[127.561,36.52886],[127.55951,36.52793],[127.55844,36.52674],[127.55867,36.52602],[127.55748,36.52577],[127.55745,36.52482],[127.55621,36.52392],[127.55603,36.52333],[127.55476,36.52257],[127.55383,36.52266],[127.55349,36.52205],[127.55293,36.52179],[127.55063,36.52365],[127.54625,36.5244],[127.54442,36.52411],[127.54318,36.52279],[127.54127,36.5238],[127.53925,36.52304],[127.53818,36.52213],[127.53669,36.52309],[127.53765,36.5254],[127.53681,36.525],[127.53644,36.5255],[127.5355,36.52575],[127.5327,36.52506],[127.53169,36.52565],[127.53141,36.52687],[127.52898,36.52734],[127.52853,36.52777],[127.52859,36.52843],[127.52727,36.52863],[127.52728,36.52965],[127.52497,36.5306],[127.52494,36.53088],[127.52443,36.53062],[127.5239,36.53091],[127.52391,36.53163],[127.52353,36.53219],[127.52237,36.53267],[127.52228,36.53331],[127.52129,36.53437],[127.52103,36.53549],[127.52177,36.53581],[127.5218,36.53758],[127.52143,36.5382],[127.52049,36.53852],[127.51962,36.53948],[127.52056,36.54103],[127.52017,36.54151],[127.52107,36.54189],[127.52111,36.54235],[127.52082,36.54228],[127.52043,36.54284],[127.51918,36.54264],[127.51572,36.54288],[127.51337,36.54333],[127.51122,36.54415],[127.5095,36.54581],[127.50806,36.54654],[127.50726,36.54791],[127.50576,36.54909],[127.505,36.55013]]]}},{"type":"Feature","properties":{"zoneId":"Z000200535","zoneName":"현도중학구","zoneType":"middle","level":"중학교","kind":"dedicated","oneWay":false,"sggCode":"112","eduCode":"8011000","eduName":"충청북도청주교육지원청","updatedAt":"2016-08-12"},"geometry":{"type":"Polygon","coordinates":[[[127.44782,36.54196],[127.44743,36.54173],[127.44616,36.54117],[127.44483,36.53952],[127.44535,36.53805],[127.44414,36.5351],[127.44359,36.53448],[127.44102,36.53311],[127.43985,36.53089],[127.43644,36.52753],[127.4339,36.52772],[127.43169,36.52894],[127.43025,36.52871],[127.42913,36.52785],[127.42827,36.52789],[127.42767,36.52745],[127.42734,36.52651],[127.42664,36.52652],[127.42604,36.52715],[127.42536,36.52678],[127.42239,36.52759],[127.42178,36.52612],[127.42186,36.52486],[127.42231,36.52443],[127.4212,36.52193],[127.42205,36.52119],[127.42158,36.5204],[127.42196,36.51754],[127.42145,36.51683],[127.42129,36.51586],[127.41953,36.51519],[127.41951,36.51408],[127.41918,36.51387],[127.41862,36.51421],[127.41802,36.51401],[127.41748,36.51275],[127.41656,36.51274],[127.41552,36.51343],[127.41441,36.51353],[127.4135,36.51325],[127.4133,36.51411],[127.41257,36.51449],[127.41198,36.51519],[127.41173,36.51611],[127.41112,36.51646],[127.4098,36.51664],[127.40787,36.51589],[127.40591,36.51643],[127.40487,36.51722],[127.40414,36.51688],[127.40417,36.51552],[127.40535,36.51303],[127.40468,36.51268],[127.40495,36.51195],[127.40623,36.51178],[127.40743,36.5105],[127.40904,36.50975],[127.4085,36.50897],[127.40892,36.50828],[127.40906,36.50664],[127.40759,36.50326],[127.40819,36.50212],[127.409,36.50188],[127.40788,36.50015],[127.40822,36.49955],[127.40943,36.49883],[127.40943,36.49844],[127.41063,36.49806],[127.41056,36.49628],[127.40999,36.49597],[127.40983,36.49532],[127.40672,36.49479],[127.40433,36.49371],[127.39982,36.49335],[127.397,36.49235],[127.39612,36.49172],[127.40301,36.48548],[127.40417,36.48098],[127.40416,36.47657],[127.40242,36.47309],[127.40093,36.4733],[127.3989,36.47289],[127.39843,36.47195],[127.39812,36.46913],[127.39834,36.46747],[127.3986,36.46674],[127.39972,36.46581],[127.39959,36.46482],[127.39898,36.46412],[127.39931,36.46231],[127.39977,36.46181],[127.40006,36.46045],[127.39988,36.45794],[127.39925,36.45676],[127.39972,36.45575],[127.40083,36.45489],[127.40209,36.45603],[127.4031,36.45531],[127.40583,36.45494],[127.41497,36.45471],[127.4247,36.45618],[127.42745,36.45687],[127.43233,36.45661],[127.4323,36.45864],[127.43063,36.4599],[127.43076,36.46126],[127.43127,36.46216],[127.43248,36.46208],[127.43351,36.46254],[127.43352,36.46338],[127.43387,36.46349],[127.4374,36.46329],[127.43779,36.46373],[127.43911,36.46381],[127.44041,36.46463],[127.44053,36.46657],[127.44114,36.4672],[127.44178,36.46727],[127.44205,36.46799],[127.44356,36.46855],[127.44383,36.46892],[127.44906,36.47042],[127.45037,36.47165],[127.45085,36.47171],[127.45103,36.47278],[127.45059,36.47335],[127.45078,36.47697],[127.45189,36.4786],[127.45326,36.47906],[127.45335,36.47985],[127.4538,36.48021],[127.45329,36.48266],[127.45384,36.48389],[127.45349,36.48631],[127.45441,36.48705],[127.45515,36.48883],[127.45603,36.48848],[127.45681,36.4887],[127.45695,36.48921],[127.45664,36.48979],[127.45688,36.49086],[127.45757,36.49155],[127.4573,36.49181],[127.45763,36.4928],[127.45739,36.49334],[127.45875,36.49527],[127.45776,36.49592],[127.45706,36.49705],[127.45665,36.4989],[127.4559,36.49919],[127.45583,36.49973],[127.45514,36.5003],[127.45375,36.50095],[127.45246,36.5005],[127.44977,36.5005],[127.44956,36.50144],[127.44988,36.50217],[127.44959,36.50209],[127.44885,36.50298],[127.4492,36.50337],[127.44924,36.50414],[127.44893,36.50669],[127.44703,36.5087],[127.44689,36.50913],[127.44727,36.50978],[127.44612,36.51073],[127.44574,36.51257],[127.44537,36.51298],[127.44544,36.51493],[127.44702,36.51535],[127.44833,36.51609],[127.44903,36.516],[127.45117,36.51661],[127.45406,36.51867],[127.45458,36.51972],[127.4535,36.52279],[127.45488,36.52396],[127.45488,36.52453],[127.45564,36.52559],[127.45512,36.52806],[127.45534,36.52884],[127.45499,36.52912],[127.45508,36.53199],[127.45462,36.53257],[127.4546,36.53369],[127.45411,36.53433],[127.45367,36.53441],[127.45355,36.53496],[127.45288,36.5352],[127.4528,36.53697],[127.45356,36.53758],[127.45285,36.5382],[127.45233,36.53995],[127.4519,36.54008],[127.45194,36.54152],[127.44782,36.54196]]]}},{"type":"Feature","properties":{"zoneId":"Z000200545","zoneName":"백운중학구","zoneType":"middle","level":"중학교","kind":"dedicated","oneWay":false,"sggCode":"150","eduCode":"8031000","eduName":"충청북도제천교육지원청","updatedAt":"2016-08-12"},"geometry":{"type":"Polygon","coordinates":[[[127.98158,37.25685],[127.98141,37.25688],[127.9799,37.25833],[127.97399,37.25631],[127.97191,37.25638],[127.96974,37.2557],[127.9688,37.25446],[127.96744,37.25383],[127.96455,37.25101],[127.95765,37.2498],[127.95268,37.24792],[127.94908,37.24568],[127.94738,37.24418],[127.94694,37.24184],[127.94519,37.24056],[127.9425,37.24042],[127.93888,37.24074],[127.9312,37.23416],[127.92662,37.2316],[127.92191,37.22584],[127.92158,37.22505],[127.92246,37.22215],[127.9235,37.22131],[127.9271,37.22015],[127.92729,37.21745],[127.92956,37.21169],[127.93065,37.21057],[127.93247,37.20699],[127.93257,37.20597],[127.93173,37.20498],[127.93152,37.20169],[127.93092,37.20113],[127.93176,37.19829],[127.93216,37.19523],[127.93296,37.19308],[127.93449,37.19038],[127.93626,37.18877],[127.93555,37.18786],[127.93587,37.18684],[127.93505,37.18563],[127.934,37.18527],[127.9326,37.18237],[127.93331,37.17931],[127.93284,37.17788],[127.93363,37.1758],[127.93171,37.17478],[127.93066,37.17201],[127.93019,37.17151],[127.9273,37.16978],[127.92633,37.16553],[127.92776,37.16421],[127.92961,37.16443],[127.93168,37.16367],[127.93312,37.16412],[127.93403,37.16333],[127.93735,37.16399],[127.9393,37.16391],[127.94265,37.16188],[127.94384,37.16195],[127.94543,37.16256],[127.94645,37.1623],[127.94742,37.16262],[127.95016,37.16155],[127.95222,37.16224],[127.95439,37.16213],[127.95505,37.16145],[127.95958,37.16066],[127.95963,37.15966],[127.96037,37.15897],[127.96358,37.15769],[127.96538,37.15797],[127.96554,37.15752],[127.96832,37.1562],[127.96821,37.15489],[127.96901,37.15388],[127.96897,37.15321],[127.96981,37.15154],[127.97115,37.15068],[127.97141,37.14966],[127.97108,37.14922],[127.97177,37.14809],[127.97143,37.14753],[127.97163,37.14603],[127.97038,37.14316],[127.97059,37.14215],[127.97097,37.14178],[127.97369,37.14156],[127.9749,37.14219],[127.97536,37.14162],[127.97692,37.14141],[127.97746,37.14104],[127.97873,37.1383],[127.98066,37.13605],[127.98164,37.13253],[127.9826,37.13119],[127.98596,37.13155],[127.98663,37.13121],[127.98711,37.12891],[127.98616,37.1274],[127.98534,37.12671],[127.98509,37.12506],[127.98524,37.12423],[127.9862,37.12342],[127.98603,37.12036],[127.9847,37.11817],[127.98529,37.11641],[127.98491,37.11499],[127.98565,37.11333],[127.9854,37.11244],[127.98588,37.11168],[127.98714,37.11098],[127.99141,37.11077],[127.99311,37.11011],[127.9942,37.10902],[127.99562,37.10994],[127.99918,37.10822],[127.99957,37.10586],[128.00152,37.10044],[128.003,37.09949],[128.00388,37.09845],[128.00505,37.09889],[128.00699,37.09888],[128.00969,37.09854],[128.01068,37.09797],[128.01313,37.09816],[128.01151,37.09955],[128.01158,37.10071],[128.01093,37.10173],[128.01229,37.10324],[128.01255,37.10486],[128.01194,37.10625],[128.01206,37.10764],[128.01342,37.11053],[128.01556,37.11123],[128.0179,37.11423],[128.01991,37.1179],[128.02168,37.11658],[128.02382,37.11573],[128.03342,37.11397],[128.03639,37.11206],[128.03715,37.11191],[128.03965,37.11248],[128.04372,37.11562],[128.04526,37.11571],[128.04613,37.11509],[128.04644,37.11189],[128.04825,37.10924],[128.04849,37.10839],[128.048,37.10707],[128.04568,37.10639],[128.04553,37.10481],[128.04736,37.1027],[128.05152,37.09925],[128.05269,37.09696],[128.05944,37.09764],[128.06168,37.09749],[128.06309,37.09668],[128.06323,37.09597],[128.0596,37.0915],[128.05894,37.08946],[128.05929,37.08886],[128.06071,37.08843],[128.06067,37.08674],[128.06172,37.08664],[128.06296,37.08712],[128.06456,37.0868],[128.06685,37.08577],[128.06804,37.08633],[128.0691,37.08641],[128.07024,37.08572],[128.07188,37.08575],[128.07276,37.08539],[128.07342,37.08463],[128.0757,37.08434],[128.07614,37.08384],[128.07684,37.08455],[128.07745,37.08607],[128.07736,37.0865],[128.07807,37.0879],[128.07795,37.0891],[128.07548,37.09176],[128.07528,37.09312],[128.07402,37.0948],[128.07382,37.09615],[128.07309,37.09778],[128.07186,37.09867],[128.07202,37.09938],[128.07143,37.09993],[128.07172,37.10145],[128.07122,37.10264],[128.07154,37.10309],[128.06774,37.10326],[128.06744,37.10407],[128.06908,37.10667],[128.06971,37.10681],[128.07026,37.10757],[128.06931,37.10859],[128.0681,37.10892],[128.0663,37.11058],[128.0644,37.1108],[128.06155,37.1104],[128.06053,37.11254],[128.05745,37.11454],[128.05677,37.11601],[128.05613,37.11624],[128.05673,37.11868],[128.05632,37.11912],[128.05439,37.11977],[128.05319,37.12144],[128.05399,37.12226],[128.05427,37.12361],[128.05387,37.12467],[128.0541,37.12561],[128.05588,37.12867],[128.05557,37.12884],[128.0564,37.13127],[128.056,37.13167],[128.05592,37.13324],[128.0565,37.13409],[128.05704,37.13732],[128.05682,37.13789],[128.05565,37.13885],[128.05637,37.13943],[128.05643,37.14099],[128.05604,37.14174],[128.05712,37.14343],[128.05728,37.14506],[128.05832,37.14573],[128.05988,37.14857],[128.06038,37.14892],[128.06085,37.15016],[128.0605,37.15103],[128.06063,37.15191],[128.06169,37.15398],[128.05958,37.1553],[128.05823,37.15572],[128.05794,37.15764],[128.05635,37.15848],[128.05538,37.16001],[128.05423,37.16042],[128.05287,37.16136],[128.05286,37.16171],[128.05116,37.16257],[128.05045,37.16393],[128.04765,37.1647],[128.04537,37.16626],[128.04523,37.16699],[128.04461,37.16772],[128.04498,37.16866],[128.0459,37.16965],[128.04728,37.16935],[128.04989,37.17096],[128.04929,37.17392],[128.04849,37.17484],[128.04541,37.17672],[128.04418,37.17809],[128.04425,37.18028],[128.04348,37.18197],[128.04268,37.18255],[128.04263,37.18392],[128.04164,37.18613],[128.04172,37.18764],[128.04015,37.18902],[128.0372,37.18928],[128.03587,37.18979],[128.03391,37.19141],[128.03222,37.19388],[128.03224,37.19804],[128.03162,37.19934],[128.02952,37.20087],[128.0283,37.20232],[128.02835,37.20304],[128.02954,37.20367],[128.03053,37.20703],[128.03114,37.20781],[128.03223,37.20815],[128.03277,37.20872],[128.03308,37.21081],[128.03688,37.21276],[128.0371,37.21339],[128.03888,37.21471],[128.03875,37.21604],[128.03608,37.21861],[128.03344,37.21952],[128.03284,37.22012],[128.03205,37.22135],[128.03213,37.2238],[128.02879,37.22451],[128.02771,37.22513],[128.02671,37.22509],[128.02583,37.22597],[128.02301,37.22563],[128.0211,37.2303],[128.02093,37.23285],[128.01976,37.23814],[128.02009,37.24044],[128.01922,37.24438],[128.01765,37.24619],[128.01659,37.2469],[128.01575,37.24669],[128.01391,37.24704],[128.01259,37.24769],[128.01084,37.25003],[128.009,37.25065],[128.00797,37.25212],[128.00643,37.25252],[128.00566,37.25231],[128.00127,37.25361],[128.0004,37.25344],[127.99979,37.25388],[127.99973,37.25446],[127.999,37.25486],[127.99537,37.25431],[127.99423,37.25357],[127.99277,37.25483],[127.99031,37.25551],[127.98837,37.2571],[127.98694,37.25784],[127.98546,37.25814],[127.98471,37.25769],[127.98316,37.25744],[127.98261,37.25685],[127.98158,37.25685]]]}},{"type":"Feature","properties":{"zoneId":"Z000201397","zoneName":"새너울중학구","zoneType":"middle","level":"중학교","kind":"dedicated","oneWay":false,"sggCode":"740","eduCode":"8071000","eduName":"충청북도영동교육지원청","updatedAt":"2019-02-21"},"geometry":{"type":"Polygon","coordinates":[[[127.84476,36.31641],[127.84447,36.31651],[127.84125,36.31553],[127.84052,36.31565],[127.83819,36.31407],[127.83643,36.31348],[127.83531,36.31275],[127.8355,36.31176],[127.83506,36.31117],[127.83228,36.31135],[127.8287,36.31009],[127.82583,36.31031],[127.82503,36.31009],[127.8246,36.30913],[127.82382,36.3089],[127.82347,36.30822],[127.82257,36.30769],[127.82316,36.30644],[127.82163,36.30579],[127.82098,36.30517],[127.82036,36.30569],[127.81973,36.30701],[127.81927,36.3086],[127.81947,36.30889],[127.81905,36.30944],[127.81902,36.31165],[127.81814,36.31182],[127.81718,36.31008],[127.81437,36.30817],[127.81374,36.30804],[127.81322,36.30872],[127.81152,36.30858],[127.81065,36.30894],[127.80952,36.30888],[127.80907,36.30946],[127.80852,36.30942],[127.80831,36.30881],[127.80705,36.30759],[127.80687,36.3069],[127.80515,36.305],[127.80395,36.30474],[127.80351,36.30407],[127.80133,36.30371],[127.80052,36.30302],[127.80036,36.30144],[127.80141,36.3002],[127.80151,36.29945],[127.80113,36.29777],[127.79958,36.29829],[127.79669,36.29749],[127.79526,36.29772],[127.79471,36.29724],[127.79531,36.29626],[127.7951,36.29499],[127.7948,36.29474],[127.79505,36.29381],[127.79464,36.29215],[127.79482,36.29119],[127.79445,36.2905],[127.79136,36.29125],[127.78907,36.29097],[127.78811,36.28983],[127.78775,36.2886],[127.78678,36.28815],[127.78541,36.28891],[127.78542,36.2892],[127.78469,36.28939],[127.78378,36.29039],[127.78236,36.29008],[127.78168,36.28942],[127.78095,36.28969],[127.77961,36.28942],[127.77758,36.28988],[127.77642,36.29051],[127.77583,36.29189],[127.77485,36.2914],[127.77433,36.29174],[127.77335,36.29131],[127.77229,36.29072],[127.77181,36.29003],[127.77121,36.28991],[127.77016,36.29027],[127.76936,36.28972],[127.76938,36.28883],[127.7698,36.28816],[127.76922,36.28753],[127.7697,36.28684],[127.76926,36.28568],[127.7685,36.28513],[127.76748,36.28573],[127.76645,36.28568],[127.76581,36.28524],[127.76578,36.28449],[127.76451,36.2843],[127.76416,36.28398],[127.7645,36.28241],[127.76187,36.28011],[127.76223,36.27959],[127.76144,36.27861],[127.76179,36.27835],[127.76188,36.27695],[127.76153,36.27609],[127.7626,36.2758],[127.76163,36.27176],[127.76039,36.27061],[127.75931,36.27057],[127.75801,36.26994],[127.75582,36.26792],[127.75318,36.26893],[127.75185,36.27005],[127.7497,36.26949],[127.7488,36.27002],[127.74602,36.2704],[127.74571,36.271],[127.74222,36.27092],[127.74003,36.27212],[127.73838,36.27227],[127.73758,36.27277],[127.73575,36.27275],[127.73328,36.27501],[127.73098,36.27641],[127.73038,36.27622],[127.73066,36.27624],[127.73084,36.27512],[127.73134,36.27452],[127.7311,36.27292],[127.73045,36.27206],[127.73192,36.27096],[127.7313,36.27026],[127.73137,36.26962],[127.73269,36.26893],[127.73338,36.26786],[127.73267,36.26368],[127.73312,36.26296],[127.73431,36.26255],[127.73637,36.26391],[127.7418,36.26511],[127.74466,36.26541],[127.74729,36.26557],[127.74974,36.26519],[127.75177,36.26528],[127.7564,36.2639],[127.75713,36.26305],[127.75694,36.26118],[127.75732,36.26041],[127.7572,36.25956],[127.75769,36.25876],[127.75865,36.2574],[127.76123,36.25653],[127.76199,36.25534],[127.76238,36.2534],[127.76189,36.25254],[127.7619,36.25189],[127.76228,36.2507],[127.76309,36.25005],[127.76385,36.25015],[127.76437,36.24962],[127.76727,36.24913],[127.76768,36.24897],[127.76752,36.24864],[127.76845,36.24863],[127.76844,36.24806],[127.7697,36.24693],[127.77089,36.2448],[127.77296,36.24527],[127.77357,36.24383],[127.77478,36.24255],[127.7743,36.24233],[127.77473,36.24139],[127.77454,36.23992],[127.77518,36.23901],[127.77925,36.23969],[127.77913,36.23908],[127.77985,36.23815],[127.78041,36.23782],[127.78152,36.23784],[127.78204,36.2382],[127.78224,36.23918],[127.78378,36.24071],[127.78609,36.24129],[127.78701,36.242],[127.79032,36.2387],[127.79167,36.23767],[127.79244,36.23767],[127.79104,36.23918],[127.79205,36.23995],[127.79513,36.24031],[127.79657,36.24111],[127.79694,36.24167],[127.79867,36.24112],[127.79772,36.23948],[127.79873,36.2366],[127.79853,36.23591],[127.79669,36.2342],[127.79528,36.23391],[127.79672,36.23155],[127.79664,36.23099],[127.79552,36.22984],[127.7961,36.22924],[127.79566,36.2268],[127.79687,36.22455],[127.79768,36.22388],[127.79698,36.22336],[127.79635,36.22213],[127.79514,36.22089],[127.79593,36.22008],[127.79579,36.21842],[127.79655,36.21752],[127.79658,36.21603],[127.79692,36.2158],[127.79645,36.21523],[127.79629,36.21425],[127.79656,36.21385],[127.79599,36.21348],[127.79584,36.21273],[127.79451,36.21107],[127.79535,36.20985],[127.79539,36.20928],[127.7941,36.20773],[127.79368,36.20661],[127.79559,36.20564],[127.7963,36.20419],[127.80092,36.20465],[127.80142,36.2056],[127.80111,36.20766],[127.80145,36.2087],[127.80269,36.20916],[127.80287,36.21001],[127.80461,36.21176],[127.8048,36.21257],[127.80666,36.21477],[127.80872,36.21488],[127.80923,36.21529],[127.80953,36.21636],[127.81011,36.21635],[127.81024,36.21837],[127.80954,36.21964],[127.8091,36.21958],[127.80811,36.22056],[127.80803,36.22168],[127.80875,36.22246],[127.80902,36.22372],[127.81053,36.22425],[127.81129,36.22587],[127.81218,36.22694],[127.81334,36.22723],[127.81104,36.22967],[127.81152,36.23047],[127.81103,36.2315],[127.81134,36.23328],[127.8126,36.23387],[127.81317,36.23512],[127.81317,36.23658],[127.81375,36.23709],[127.81344,36.23816],[127.81657,36.23598],[127.81841,36.23561],[127.82212,36.23386],[127.82312,36.23245],[127.82487,36.23097],[127.82564,36.22867],[127.82735,36.22844],[127.8275,36.22799],[127.82875,36.2278],[127.82883,36.22726],[127.83007,36.22558],[127.83175,36.22643],[127.8325,36.22734],[127.83346,36.22723],[127.83468,36.22587],[127.8389,36.22579],[127.8398,36.22553],[127.8423,36.22584],[127.8434,36.22308],[127.84694,36.21976],[127.84762,36.21783],[127.84667,36.21636],[127.84924,36.21369],[127.84938,36.21291],[127.84887,36.21206],[127.84936,36.21119],[127.84926,36.20989],[127.85096,36.2076],[127.85087,36.20548],[127.85149,36.20167],[127.85272,36.2021],[127.85407,36.20205],[127.85549,36.20167],[127.85719,36.2004],[127.85647,36.19869],[127.85649,36.19728],[127.85748,36.19554],[127.85689,36.19451],[127.8573,36.19375],[127.85899,36.19336],[127.85925,36.19236],[127.8598,36.19178],[127.86099,36.19169],[127.862,36.19089],[127.86304,36.19088],[127.86396,36.19049],[127.86429,36.18985],[127.86434,36.18836],[127.86725,36.18652],[127.86814,36.1866],[127.86901,36.18739],[127.87036,36.18654],[127.87243,36.18621],[127.87404,36.18526],[127.87478,36.1856],[127.87598,36.18492],[127.87619,36.18449],[127.87711,36.18422],[127.87768,36.18288],[127.87984,36.18098],[127.88001,36.18006],[127.87948,36.17901],[127.87985,36.1771],[127.87958,36.17632],[127.88177,36.17323],[127.8822,36.16977],[127.883,36.16887],[127.88236,36.16757],[127.88269,36.16696],[127.88275,36.16466],[127.88142,36.16429],[127.88006,36.16289],[127.87777,36.16282],[127.87558,36.16093],[127.87435,36.16086],[127.87372,36.15962],[127.87237,36.15861],[127.87238,36.15686],[127.87152,36.15604],[127.87146,36.15558],[127.87346,36.15435],[127.87347,36.15407],[127.87255,36.15108],[127.87269,36.14997],[127.87335,36.14937],[127.8724,36.1455],[127.8717,36.14517],[127.87015,36.14596],[127.86702,36.14662],[127.8657,36.14659],[127.86128,36.14384],[127.86057,36.14358],[127.85901,36.14393],[127.8561,36.14122],[127.85457,36.14117],[127.85343,36.14208],[127.85142,36.14108],[127.85042,36.13979],[127.85018,36.13875],[127.84955,36.13836],[127.84812,36.13395],[127.84664,36.13324],[127.84514,36.13189],[127.84501,36.13142],[127.84353,36.1303],[127.84241,36.12881],[127.84061,36.12807],[127.84057,36.12691],[127.83994,36.12485],[127.84009,36.12412],[127.83953,36.12291],[127.83959,36.1208],[127.8378,36.12006],[127.83742,36.11879],[127.83548,36.11727],[127.8355,36.11694],[127.83638,36.11624],[127.83663,36.11506],[127.83675,36.11356],[127.83632,36.11313],[127.8359,36.11161],[127.83677,36.1106],[127.83644,36.10991],[127.83554,36.10924],[127.83335,36.10563],[127.83312,36.10356],[127.83032,36.10203],[127.83008,36.10089],[127.83026,36.10003],[127.82858,36.09884],[127.82661,36.09837],[127.82421,36.09868],[127.82293,36.0981],[127.82324,36.0969],[127.82141,36.09315],[127.82015,36.092],[127.81838,36.09099],[127.81896,36.08827],[127.81982,36.08683],[127.81954,36.08561],[127.82003,36.08206],[127.81985,36.08108],[127.82023,36.08015],[127.81961,36.07732],[127.82035,36.07598],[127.82223,36.07462],[127.82215,36.07386],[127.82348,36.07329],[127.82591,36.07349],[127.82714,36.07294],[127.82836,36.07324],[127.82923,36.07308],[127.83,36.07236],[127.83183,36.07155],[127.83584,36.06807],[127.83723,36.06825],[127.84039,36.06621],[127.84165,36.06452],[127.8452,36.06302],[127.84596,36.06303],[127.8465,36.06174],[127.8463,36.05908],[127.85014,36.05393],[127.84983,36.05224],[127.85054,36.05036],[127.84976,36.04917],[127.84951,36.04788],[127.85019,36.04626],[127.85021,36.04439],[127.8491,36.04306],[127.84916,36.04068],[127.84857,36.03973],[127.84898,36.03931],[127.85281,36.03911],[127.85359,36.03691],[127.85566,36.03293],[127.85814,36.03243],[127.8606,36.03146],[127.86362,36.02785],[127.86432,36.0257],[127.86615,36.02429],[127.86774,36.02377],[127.87144,36.02383],[127.87266,36.02324],[127.87677,36.02251],[127.87731,36.02341],[127.88059,36.02525],[127.88346,36.02806],[127.88344,36.03234],[127.88491,36.03344],[127.88484,36.03589],[127.8862,36.03572],[127.88752,36.03469],[127.88854,36.03485],[127.88996,36.03573],[127.89156,36.03603],[127.89384,36.03765],[127.89717,36.03735],[127.89753,36.03803],[127.90269,36.0391],[127.90302,36.03937],[127.90329,36.04055],[127.90351,36.04342],[127.90516,36.045],[127.9053,36.04596],[127.90795,36.048],[127.90941,36.05001],[127.91043,36.05065],[127.91179,36.05047],[127.9131,36.0513],[127.91634,36.05447],[127.91708,36.05399],[127.91959,36.05369],[127.92058,36.0541],[127.92279,36.05323],[127.9252,36.05284],[127.92636,36.0518],[127.92772,36.05123],[127.92856,36.05012],[127.93018,36.04944],[127.9325,36.05068],[127.93268,36.0504],[127.93417,36.05098],[127.93629,36.05108],[127.94384,36.05625],[127.94719,36.05718],[127.94768,36.05862],[127.94989,36.05972],[127.9508,36.061],[127.95222,36.06374],[127.95197,36.06471],[127.95348,36.06632],[127.95775,36.06923],[127.96087,36.07034],[127.96118,36.0725],[127.96095,36.0739],[127.96182,36.07582],[127.96183,36.07717],[127.96114,36.07836],[127.96094,36.07964],[127.9614,36.08037],[127.96169,36.08298],[127.96105,36.08314],[127.96083,36.08562],[127.95935,36.086],[127.95873,36.08753],[127.95847,36.09014],[127.95858,36.0909],[127.95961,36.0924],[127.95971,36.09451],[127.96463,36.09555],[127.96504,36.0972],[127.96489,36.09862],[127.96665,36.10026],[127.96869,36.10313],[127.96898,36.10435],[127.96795,36.10728],[127.96576,36.10979],[127.96549,36.11066],[127.96575,36.11189],[127.9652,36.11283],[127.9667,36.11539],[127.96652,36.11683],[127.9668,36.11806],[127.96968,36.12079],[127.97016,36.12188],[127.97298,36.12187],[127.97642,36.12273],[127.9771,36.1231],[127.97713,36.12352],[127.9786,36.12521],[127.9809,36.12535],[127.98407,36.1277],[127.98686,36.12805],[127.98778,36.12882],[127.98846,36.13036],[127.98773,36.13133],[127.98886,36.13283],[127.98822,36.13531],[127.98735,36.13675],[127.98739,36.13775],[127.98797,36.13831],[127.98737,36.13961],[127.98729,36.14087],[127.98788,36.1415],[127.98806,36.1427],[127.98917,36.14397],[127.98798,36.14499],[127.98748,36.14738],[127.99084,36.15014],[127.99047,36.15096],[127.99077,36.15142],[127.99338,36.15186],[127.99337,36.15252],[127.99503,36.15312],[127.9972,36.15547],[127.99634,36.15655],[127.99482,36.15747],[127.99336,36.15746],[127.99268,36.15821],[127.991,36.15842],[127.99048,36.15888],[127.99015,36.16292],[127.98957,36.16373],[127.98967,36.16481],[127.99018,36.16567],[127.98731,36.16646],[127.98656,36.1671],[127.98653,36.16781],[127.98462,36.16887],[127.98416,36.16948],[127.98295,36.16988],[127.98236,36.17217],[127.98302,36.17405],[127.98263,36.17464],[127.98322,36.17509],[127.98418,36.17693],[127.98393,36.17752],[127.98413,36.17817],[127.98278,36.17821],[127.98134,36.17913],[127.98032,36.18129],[127.98018,36.18264],[127.97917,36.18309],[127.97877,36.18406],[127.97617,36.1864],[127.97623,36.18687],[127.97567,36.18757],[127.97508,36.1881],[127.97369,36.18857],[127.97135,36.1888],[127.96845,36.18763],[127.96789,36.1873],[127.9675,36.18645],[127.96709,36.18637],[127.96547,36.18928],[127.96272,36.19161],[127.96195,36.19276],[127.96016,36.19253],[127.95818,36.19174],[127.95617,36.19283],[127.95684,36.19499],[127.95607,36.19594],[127.95607,36.19641],[127.95392,36.19845],[127.95258,36.19857],[127.95136,36.19965],[127.95007,36.20215],[127.949,36.20295],[127.94935,36.20443],[127.94816,36.205],[127.9471,36.20602],[127.94554,36.20598],[127.94394,36.20692],[127.94222,36.20926],[127.93907,36.21068],[127.93958,36.21216],[127.93884,36.2128],[127.93882,36.21318],[127.93903,36.21398],[127.94016,36.21554],[127.94148,36.21593],[127.94178,36.2156],[127.94574,36.21779],[127.94777,36.22014],[127.94962,36.22025],[127.94981,36.22137],[127.95247,36.22438],[127.95299,36.22669],[127.95381,36.2282],[127.95345,36.23044],[127.95371,36.23127],[127.95542,36.23279],[127.95596,36.23365],[127.95576,36.2354],[127.95631,36.2365],[127.95621,36.2377],[127.95838,36.23944],[127.95895,36.24055],[127.9588,36.24122],[127.96027,36.24155],[127.96121,36.24309],[127.96202,36.24324],[127.96304,36.24476],[127.96552,36.24606],[127.96692,36.24722],[127.96813,36.249],[127.96832,36.2503],[127.9658,36.25187],[127.96482,36.25318],[127.96248,36.25206],[127.96017,36.25237],[127.95945,36.25327],[127.95794,36.25412],[127.95735,36.25512],[127.95631,36.25545],[127.95541,36.25674],[127.95461,36.25722],[127.94925,36.25665],[127.94834,36.25748],[127.94825,36.25871],[127.94863,36.25934],[127.94867,36.26042],[127.94816,36.26229],[127.94848,36.26313],[127.94781,36.26464],[127.94787,36.26627],[127.94736,36.26724],[127.94578,36.26703],[127.9449,36.26723],[127.9428,36.26673],[127.94225,36.26729],[127.93958,36.2681],[127.93872,36.26885],[127.93793,36.26906],[127.93714,36.27004],[127.93693,36.27111],[127.93439,36.27256],[127.93378,36.27592],[127.93266,36.27674],[127.93194,36.27673],[127.93091,36.27801],[127.92648,36.27868],[127.92553,36.27952],[127.92353,36.27871],[127.91843,36.28022],[127.9155,36.28187],[127.91153,36.28319],[127.90811,36.28551],[127.90712,36.28649],[127.90557,36.29122],[127.90637,36.29269],[127.90611,36.29531],[127.90544,36.297],[127.90563,36.2986],[127.90429,36.30145],[127.90288,36.301],[127.89846,36.29758],[127.89477,36.29371],[127.89357,36.29265],[127.8921,36.29193],[127.89175,36.29112],[127.88991,36.28924],[127.88871,36.28736],[127.88744,36.28438],[127.88683,36.28371],[127.88585,36.2802],[127.8836,36.27642],[127.88264,36.27375],[127.87643,36.27579],[127.87045,36.27658],[127.86824,36.27634],[127.86739,36.2766],[127.86484,36.27563],[127.86087,36.27708],[127.86008,36.27646],[127.85539,36.27529],[127.85291,36.27388],[127.85232,36.27383],[127.85099,36.27446],[127.85087,36.27477],[127.8514,36.27546],[127.85059,36.27693],[127.85088,36.27797],[127.84952,36.28119],[127.85024,36.2821],[127.85028,36.28312],[127.84943,36.28547],[127.84976,36.28637],[127.84948,36.28646],[127.84918,36.2888],[127.84666,36.29142],[127.84565,36.29369],[127.84581,36.2968],[127.84647,36.2978],[127.84653,36.29894],[127.84693,36.29972],[127.84686,36.30076],[127.84508,36.3032],[127.84516,36.30438],[127.84447,36.30542],[127.84328,36.30614],[127.84266,36.30738],[127.84153,36.30831],[127.84148,36.31],[127.84282,36.31207],[127.84465,36.31335],[127.84424,36.31505],[127.84532,36.31638],[127.84476,36.31641]]]}},{"type":"Feature","properties":{"zoneId":"Z000210059","zoneName":"칠성중학구괴산오성중학구공동학구","zoneType":"middle","level":"중학교","kind":"shared","oneWay":false,"sggCode":"760","eduCode":"8092000","eduName":"충청북도괴산증평교육지원청","updatedAt":"2016-12-05"},"geometry":{"type":"Polygon","coordinates":[[[127.92808,36.81783],[127.92746,36.81829],[127.92524,36.81906],[127.92382,36.81848],[127.92264,36.81728],[127.91988,36.81763],[127.91667,36.8172],[127.91591,36.8164],[127.91439,36.81577],[127.91424,36.81404],[127.91297,36.81246],[127.91139,36.81137],[127.90972,36.80822],[127.90842,36.80677],[127.90783,36.80394],[127.90663,36.80213],[127.9062,36.80065],[127.90506,36.80048],[127.90422,36.80147],[127.90263,36.80548],[127.90133,36.80551],[127.89968,36.80488],[127.8987,36.80608],[127.89725,36.80465],[127.8964,36.80433],[127.89582,36.80309],[127.8959,36.80063],[127.89499,36.7984],[127.89704,36.79695],[127.89687,36.79572],[127.89769,36.79433],[127.89865,36.79396],[127.89786,36.79161],[127.90183,36.7902],[127.90217,36.78961],[127.90391,36.78915],[127.906,36.78633],[127.90808,36.78452],[127.91002,36.7843],[127.91319,36.78319],[127.91646,36.78272],[127.91608,36.78251],[127.91566,36.78136],[127.91572,36.7807],[127.91725,36.77711],[127.91825,36.77705],[127.91935,36.77644],[127.92047,36.77707],[127.92164,36.77672],[127.92563,36.77773],[127.92707,36.77749],[127.92859,36.77485],[127.92955,36.77459],[127.93366,36.77224],[127.93532,36.7737],[127.93717,36.77626],[127.93819,36.77713],[127.93851,36.77873],[127.93803,36.77982],[127.93892,36.78038],[127.94146,36.78023],[127.94188,36.78065],[127.94164,36.78179],[127.94048,36.78371],[127.94069,36.78386],[127.94116,36.78348],[127.94125,36.7838],[127.93905,36.78588],[127.9376,36.78591],[127.93749,36.78705],[127.93609,36.78927],[127.93728,36.79683],[127.9356,36.7982],[127.93428,36.79884],[127.93375,36.80113],[127.93296,36.80185],[127.93273,36.80269],[127.93317,36.805],[127.92911,36.80888],[127.92903,36.8098],[127.92818,36.81095],[127.92835,36.81609],[127.92895,36.81721],[127.92808,36.81783]]]}},{"type":"Feature","properties":{"zoneId":"Z000200557","zoneName":"안내중학구","zoneType":"middle","level":"중학교","kind":"dedicated","oneWay":false,"sggCode":"730","eduCode":"8061000","eduName":"충청북도옥천교육지원청","updatedAt":"2016-08-12"},"geometry":{"type":"Polygon","coordinates":[[[127.62175,36.45633],[127.6218,36.45666],[127.62134,36.45763],[127.62032,36.45726],[127.61957,36.45631],[127.61877,36.45627],[127.61788,36.45528],[127.61776,36.45465],[127.61563,36.45407],[127.61557,36.45363],[127.61649,36.45254],[127.61606,36.45182],[127.61619,36.45122],[127.61536,36.44975],[127.61577,36.44848],[127.61442,36.44696],[127.61554,36.4459],[127.61642,36.44208],[127.61708,36.44165],[127.61885,36.44164],[127.62163,36.43963],[127.62099,36.43914],[127.62122,36.43705],[127.61973,36.43659],[127.61958,36.43359],[127.6205,36.43255],[127.61999,36.43066],[127.61906,36.4292],[127.61616,36.42714],[127.61611,36.42605],[127.61553,36.42537],[127.61482,36.42352],[127.61489,36.42264],[127.61548,36.42208],[127.6154,36.42145],[127.61294,36.41984],[127.61402,36.41962],[127.61491,36.41896],[127.61768,36.41872],[127.61932,36.41792],[127.61734,36.41736],[127.61797,36.41532],[127.61764,36.41509],[127.61717,36.41366],[127.6175,36.41198],[127.61693,36.41101],[127.62143,36.41044],[127.62175,36.40991],[127.62078,36.40756],[127.62092,36.40688],[127.62026,36.40588],[127.61982,36.40577],[127.61979,36.40498],[127.61876,36.40409],[127.61879,36.40311],[127.61792,36.40202],[127.61789,36.39989],[127.62214,36.39876],[127.62161,36.39768],[127.62207,36.39684],[127.62349,36.39627],[127.62554,36.39853],[127.62838,36.39831],[127.62993,36.39935],[127.6307,36.40027],[127.63102,36.39926],[127.6314,36.39908],[127.6311,36.39565],[127.63311,36.39429],[127.63121,36.39334],[127.63054,36.39262],[127.63097,36.39206],[127.63053,36.39144],[127.63078,36.39067],[127.63154,36.3899],[127.63104,36.38914],[127.63002,36.38895],[127.62991,36.38856],[127.63015,36.38821],[127.63139,36.3879],[127.63384,36.38551],[127.63481,36.38504],[127.63577,36.38504],[127.63673,36.38415],[127.63708,36.38421],[127.63781,36.38335],[127.63773,36.38271],[127.63711,36.38156],[127.6342,36.38161],[127.63413,36.38049],[127.6291,36.38034],[127.62583,36.37962],[127.6203,36.376],[127.62172,36.37483],[127.62232,36.37311],[127.62223,36.37214],[127.62259,36.37167],[127.6221,36.36895],[127.62287,36.36727],[127.62254,36.3654],[127.62162,36.36433],[127.62156,36.36326],[127.6209,36.3632],[127.62026,36.36267],[127.61947,36.36093],[127.61778,36.35956],[127.61718,36.35799],[127.61466,36.35511],[127.61146,36.35418],[127.61138,36.35279],[127.60999,36.35192],[127.60906,36.3507],[127.60767,36.3501],[127.60648,36.35041],[127.60572,36.35022],[127.60546,36.34886],[127.60482,36.34828],[127.60423,36.34824],[127.60358,36.34718],[127.60115,36.34545],[127.60052,36.34338],[127.60267,36.34329],[127.6016,36.34208],[127.6022,36.34158],[127.60239,36.34087],[127.60189,36.34038],[127.6003,36.34071],[127.60144,36.34024],[127.60237,36.34049],[127.60353,36.34136],[127.60402,36.34115],[127.60535,36.3414],[127.60502,36.34329],[127.60574,36.34497],[127.60682,36.34609],[127.609,36.34688],[127.6135,36.34805],[127.62465,36.34957],[127.62876,36.34965],[127.63141,36.35037],[127.63429,36.35307],[127.63754,36.35754],[127.63592,36.35853],[127.63612,36.35959],[127.63771,36.35841],[127.63788,36.35738],[127.63741,36.35547],[127.63937,36.35753],[127.64032,36.35927],[127.64232,36.35999],[127.64224,36.36116],[127.6434,36.36131],[127.64608,36.36019],[127.64749,36.35923],[127.64812,36.35837],[127.64863,36.35743],[127.64916,36.35398],[127.64964,36.35395],[127.64944,36.35352],[127.64828,36.3535],[127.64801,36.3532],[127.64986,36.35187],[127.65041,36.35091],[127.64962,36.34745],[127.64677,36.34287],[127.64603,36.33859],[127.64604,36.33729],[127.64678,36.33518],[127.64959,36.33419],[127.65399,36.33329],[127.65647,36.33325],[127.65931,36.33395],[127.66055,36.33482],[127.66061,36.33518],[127.66128,36.33452],[127.66154,36.33238],[127.66203,36.33142],[127.66281,36.33273],[127.66541,36.33461],[127.66569,36.33219],[127.66737,36.32854],[127.669,36.32648],[127.67086,36.32492],[127.67204,36.32285],[127.6786,36.31862],[127.68007,36.31848],[127.68099,36.31798],[127.68143,36.31863],[127.68292,36.31795],[127.68349,36.31875],[127.68343,36.31849],[127.68397,36.31832],[127.68422,36.31868],[127.68491,36.31856],[127.68465,36.31931],[127.68506,36.31934],[127.68504,36.32005],[127.68567,36.32047],[127.68677,36.32019],[127.68756,36.32053],[127.68844,36.3192],[127.69516,36.31786],[127.69803,36.32063],[127.69859,36.32159],[127.70026,36.32165],[127.70083,36.32195],[127.70066,36.32233],[127.70105,36.32357],[127.70032,36.32449],[127.70015,36.32536],[127.70065,36.32758],[127.70185,36.32979],[127.70171,36.33063],[127.70201,36.33129],[127.70335,36.33276],[127.70256,36.33464],[127.70268,36.3365],[127.70103,36.33733],[127.70002,36.33845],[127.69977,36.33949],[127.69946,36.33953],[127.6998,36.34061],[127.70066,36.34176],[127.70109,36.34383],[127.70092,36.34598],[127.70123,36.3468],[127.70623,36.34901],[127.71,36.34974],[127.71028,36.35148],[127.70876,36.35369],[127.70871,36.35424],[127.70938,36.35531],[127.70925,36.35651],[127.71139,36.3575],[127.71338,36.35966],[127.713,36.36015],[127.71298,36.36157],[127.7122,36.36202],[127.71006,36.36677],[127.70843,36.36899],[127.70877,36.36989],[127.70651,36.37153],[127.70522,36.37419],[127.70622,36.37601],[127.70778,36.37781],[127.70778,36.37871],[127.70835,36.37938],[127.70826,36.3802],[127.70657,36.38094],[127.70319,36.38366],[127.70161,36.38642],[127.7007,36.38653],[127.69761,36.38785],[127.69675,36.38764],[127.69551,36.38825],[127.69334,36.38826],[127.69049,36.39049],[127.68943,36.38982],[127.68683,36.38969],[127.68628,36.39023],[127.6863,36.39094],[127.6854,36.39272],[127.68432,36.39313],[127.68348,36.39467],[127.68407,36.39472],[127.68671,36.39619],[127.68777,36.39741],[127.68871,36.39934],[127.68869,36.40045],[127.68628,36.40128],[127.68631,36.40245],[127.68533,36.40292],[127.68539,36.40393],[127.6857,36.40432],[127.68514,36.40552],[127.6859,36.4054],[127.68634,36.4059],[127.68764,36.40635],[127.68821,36.40602],[127.69178,36.40547],[127.69266,36.40486],[127.69555,36.40452],[127.69748,36.40503],[127.69802,36.40483],[127.69947,36.40542],[127.69983,36.4062],[127.70339,36.40585],[127.70445,36.40547],[127.70599,36.4065],[127.70799,36.40683],[127.70844,36.40855],[127.70831,36.40918],[127.71012,36.41204],[127.71007,36.41292],[127.71043,36.41346],[127.71007,36.41378],[127.70543,36.41353],[127.70415,36.41484],[127.70012,36.41384],[127.6978,36.41475],[127.69684,36.41474],[127.69503,36.41598],[127.69386,36.41622],[127.69344,36.41658],[127.69347,36.41707],[127.69205,36.41678],[127.68617,36.4184],[127.6836,36.41745],[127.68132,36.41854],[127.68009,36.41992],[127.68059,36.42051],[127.68037,36.42154],[127.67973,36.42366],[127.6787,36.4246],[127.67854,36.42588],[127.6788,36.42654],[127.67846,36.42701],[127.67952,36.42969],[127.68039,36.43023],[127.68035,36.43189],[127.67986,36.43217],[127.68006,36.43331],[127.67978,36.43399],[127.68043,36.43487],[127.68051,36.43602],[127.67981,36.43653],[127.67618,36.43724],[127.67583,36.43828],[127.6729,36.44048],[127.67035,36.4416],[127.66945,36.44245],[127.66952,36.44174],[127.66901,36.44125],[127.66874,36.43971],[127.6679,36.43956],[127.66618,36.43993],[127.66404,36.4392],[127.66402,36.44083],[127.66195,36.44242],[127.66192,36.44113],[127.66132,36.44057],[127.66067,36.44067],[127.65982,36.4402],[127.65922,36.44015],[127.65925,36.44036],[127.65897,36.43968],[127.65817,36.43931],[127.65821,36.43877],[127.65777,36.43806],[127.65643,36.438],[127.65601,36.43708],[127.65622,36.43768],[127.65539,36.43786],[127.65479,36.43877],[127.65399,36.43866],[127.6524,36.44033],[127.6522,36.44096],[127.65143,36.44148],[127.65097,36.44224],[127.65097,36.44318],[127.65009,36.44314],[127.64843,36.44237],[127.64764,36.44309],[127.64695,36.44482],[127.64474,36.44529],[127.64373,36.44507],[127.64295,36.44362],[127.64195,36.44331],[127.64136,36.44256],[127.64117,36.44176],[127.64011,36.44029],[127.63996,36.43816],[127.63942,36.4375],[127.63965,36.43686],[127.63923,36.43603],[127.63761,36.43564],[127.63493,36.4379],[127.63311,36.43852],[127.63166,36.44015],[127.63163,36.44057],[127.63295,36.44197],[127.63472,36.44156],[127.63523,36.4416],[127.63564,36.44212],[127.63561,36.44433],[127.63697,36.4454],[127.63825,36.44971],[127.63983,36.45116],[127.63863,36.45037],[127.63526,36.45269],[127.63458,36.45168],[127.63294,36.45062],[127.632,36.45133],[127.63044,36.45174],[127.62782,36.45233],[127.62626,36.45223],[127.62456,36.45283],[127.62321,36.45416],[127.62264,36.45539],[127.62193,36.45575],[127.62175,36.45633]]]}},{"type":"Feature","properties":{"zoneId":"Z000210060","zoneName":"감곡,매괴여중생극중공동학구","zoneType":"middle","level":"중학교","kind":"shared","oneWay":false,"sggCode":"770","eduCode":"8101000","eduName":"충청북도음성교육지원청","updatedAt":"2016-08-12"},"geometry":{"type":"Polygon","coordinates":[[[127.59769,37.07308],[127.59647,37.07362],[127.59523,37.07386],[127.59194,37.07289],[127.5905,37.07341],[127.58927,37.07282],[127.58864,37.073],[127.58778,37.07127],[127.58829,37.06988],[127.58829,37.06898],[127.58958,37.06753],[127.59107,37.06623],[127.59276,37.06565],[127.59556,37.06344],[127.60092,37.06169],[127.60191,37.06355],[127.60402,37.06451],[127.60473,37.06596],[127.60378,37.06663],[127.60541,37.06558],[127.60519,37.06573],[127.60527,37.06794],[127.60472,37.06878],[127.60294,37.06855],[127.60209,37.07054],[127.60123,37.07099],[127.59995,37.07045],[127.59907,37.07084],[127.59769,37.07308]]]}},{"type":"Feature","properties":{"zoneId":"Z000200569","zoneName":"광혜원중학구","zoneType":"middle","level":"중학교","kind":"dedicated","oneWay":false,"sggCode":"750","eduCode":"8081000","eduName":"충청북도진천교육지원청","updatedAt":"2016-08-12"},"geometry":{"type":"Polygon","coordinates":[[[127.45484,37.02139],[127.45482,37.02138],[127.45371,37.02125],[127.45334,37.02002],[127.45258,37.02037],[127.45173,37.01946],[127.45093,37.0193],[127.4506,37.01855],[127.44974,37.01838],[127.44946,37.01744],[127.44833,37.01654],[127.4486,37.0155],[127.44912,37.01526],[127.4486,37.01313],[127.44828,37.01261],[127.44715,37.01197],[127.44709,37.01083],[127.44623,37.01082],[127.44456,37.012],[127.44193,37.01176],[127.44083,37.01211],[127.43953,37.01053],[127.43872,37.01021],[127.43783,37.00854],[127.43705,37.00825],[127.43716,37.00654],[127.43654,37.0056],[127.43446,37.00523],[127.43304,37.00458],[127.43142,37.00306],[127.43142,37.00242],[127.42957,37.00124],[127.42953,37.00172],[127.42882,37.00219],[127.4257,37.00283],[127.42506,37.00354],[127.42456,37.00361],[127.42365,37.003],[127.42124,37.00396],[127.42035,37.00376],[127.4192,37.00297],[127.41855,37.00163],[127.41736,37.00153],[127.41745,37.00122],[127.41397,36.99948],[127.41317,36.99997],[127.41134,37.00018],[127.41126,36.99991],[127.41009,36.9996],[127.4095,36.99978],[127.40795,36.99854],[127.40684,36.99832],[127.40254,36.99891],[127.39979,36.99986],[127.39873,36.99882],[127.3973,36.99843],[127.39552,36.99875],[127.39421,36.99837],[127.39254,36.99669],[127.39266,36.99605],[127.39219,36.99551],[127.39169,36.99396],[127.3922,36.99343],[127.39131,36.99165],[127.3893,36.9895],[127.38837,36.98723],[127.38673,36.98633],[127.38616,36.98501],[127.38551,36.98482],[127.38503,36.98419],[127.38497,36.98364],[127.3861,36.98141],[127.38938,36.98008],[127.39063,36.97829],[127.39118,36.97804],[127.39233,36.97817],[127.39432,36.97698],[127.39536,36.97536],[127.39667,36.97461],[127.39628,36.97386],[127.39634,36.97328],[127.39724,36.97269],[127.39835,36.97064],[127.39966,36.96986],[127.40117,36.96798],[127.40433,36.96834],[127.40623,36.96708],[127.40657,36.96618],[127.40798,36.96533],[127.41187,36.96437],[127.41277,36.96459],[127.41504,36.96411],[127.41644,36.96509],[127.42252,36.9645],[127.42364,36.96401],[127.42545,36.96007],[127.42701,36.95876],[127.42756,36.95877],[127.42964,36.95776],[127.43032,36.95779],[127.43199,36.95658],[127.4326,36.95655],[127.43267,36.95584],[127.43437,36.95554],[127.4347,36.95454],[127.43426,36.95305],[127.4347,36.95278],[127.43914,36.95261],[127.43931,36.95178],[127.43999,36.95099],[127.44007,36.94975],[127.44166,36.94808],[127.44226,36.94641],[127.44409,36.94629],[127.44526,36.9471],[127.44586,36.94702],[127.44587,36.94746],[127.44681,36.94833],[127.44633,36.94864],[127.44645,36.94895],[127.44707,36.94933],[127.44728,36.94991],[127.44797,36.94978],[127.44814,36.94882],[127.4491,36.94806],[127.45244,36.94815],[127.45338,36.94777],[127.4581,36.94721],[127.45914,36.94789],[127.45693,36.95056],[127.45529,36.95464],[127.45368,36.96048],[127.455,36.96072],[127.4554,36.96123],[127.45522,36.96181],[127.45549,36.96292],[127.45727,36.96383],[127.45711,36.96557],[127.4567,36.96592],[127.45698,36.96809],[127.46021,36.97742],[127.46029,36.97879],[127.45581,36.98157],[127.45269,36.9841],[127.44941,36.98391],[127.44923,36.98413],[127.44852,36.98605],[127.44814,36.98846],[127.44807,36.98991],[127.44866,36.98988],[127.44882,36.99137],[127.44872,36.99391],[127.45026,36.99388],[127.45174,36.99318],[127.45381,36.99126],[127.45424,36.9905],[127.45746,36.99039],[127.45859,36.98971],[127.45971,36.98981],[127.46272,36.98923],[127.46479,36.98949],[127.4683,36.98922],[127.47198,36.99072],[127.47267,36.99157],[127.4751,36.99113],[127.47631,36.9901],[127.47693,36.99031],[127.47841,36.98988],[127.48058,36.98994],[127.48065,36.98955],[127.48167,36.99025],[127.4835,36.98967],[127.48633,36.98939],[127.48732,36.98993],[127.48707,36.99035],[127.48756,36.99063],[127.48783,36.99129],[127.4868,36.99297],[127.48789,36.99327],[127.4883,36.99413],[127.48803,36.99477],[127.48834,36.99524],[127.49014,36.99623],[127.49169,36.99637],[127.49187,36.99802],[127.49173,36.99897],[127.49056,36.99919],[127.48989,36.99892],[127.48959,36.99913],[127.48876,36.99844],[127.48719,36.99839],[127.48669,36.99866],[127.48726,36.99924],[127.48709,36.99978],[127.48638,36.99998],[127.48589,36.99942],[127.48323,36.99945],[127.48248,36.99851],[127.47819,36.99895],[127.478,36.9985],[127.47672,36.99912],[127.47598,36.99826],[127.475,36.99829],[127.47382,36.99905],[127.47348,36.99974],[127.47395,37.00189],[127.47335,37.00266],[127.47338,37.00358],[127.47153,37.00448],[127.4707,37.00771],[127.46994,37.00813],[127.46967,37.00879],[127.46962,37.00914],[127.47036,37.00955],[127.467,37.00958],[127.46682,37.01461],[127.46575,37.0163],[127.46372,37.01829],[127.46223,37.01907],[127.46067,37.01942],[127.4601,37.02048],[127.45741,37.02034],[127.45484,37.02139]]]}},{"type":"Feature","properties":{"zoneId":"Z000200566","zoneName":"추풍령중학구","zoneType":"middle","level":"중학교","kind":"dedicated","oneWay":false,"sggCode":"740","eduCode":"8071000","eduName":"충청북도영동교육지원청","updatedAt":"2016-08-12"},"geometry":{"type":"Polygon","coordinates":[[[127.96945,36.29774],[127.9694,36.29774],[127.96698,36.29762],[127.96631,36.297],[127.965,36.29649],[127.96454,36.29466],[127.96507,36.29388],[127.9648,36.29167],[127.96687,36.29108],[127.96816,36.29017],[127.96774,36.28961],[127.96684,36.28934],[127.96709,36.2884],[127.96665,36.28693],[127.96746,36.28561],[127.96723,36.28517],[127.96771,36.28435],[127.97078,36.28461],[127.97214,36.2843],[127.97304,36.28341],[127.97285,36.28269],[127.97307,36.2819],[127.9722,36.27991],[127.97245,36.27875],[127.97218,36.27799],[127.97232,36.27728],[127.97348,36.27569],[127.97467,36.27539],[127.97597,36.27432],[127.97868,36.27386],[127.98179,36.27167],[127.98338,36.27132],[127.98432,36.26979],[127.9828,36.26862],[127.98272,36.26764],[127.98188,36.26676],[127.98119,36.26365],[127.98012,36.26283],[127.97868,36.26092],[127.97765,36.26062],[127.97672,36.25929],[127.97796,36.25731],[127.97792,36.25664],[127.97864,36.25608],[127.97832,36.25459],[127.97199,36.25213],[127.97056,36.2504],[127.96828,36.25032],[127.96813,36.249],[127.96692,36.24722],[127.96552,36.24606],[127.96304,36.24476],[127.96202,36.24324],[127.96121,36.24309],[127.96027,36.24155],[127.9588,36.24122],[127.95895,36.24055],[127.95838,36.23944],[127.95621,36.2377],[127.95631,36.2365],[127.95576,36.2354],[127.95596,36.23365],[127.95542,36.23279],[127.95371,36.23127],[127.95345,36.23044],[127.95381,36.2282],[127.95299,36.22669],[127.95247,36.22438],[127.94981,36.22137],[127.94962,36.22025],[127.94777,36.22014],[127.94574,36.21779],[127.94178,36.2156],[127.94148,36.21593],[127.94016,36.21554],[127.93903,36.21398],[127.93882,36.21318],[127.93884,36.2128],[127.93958,36.21216],[127.93907,36.21068],[127.93936,36.21037],[127.94222,36.20926],[127.94394,36.20692],[127.94554,36.20598],[127.9471,36.20602],[127.94816,36.205],[127.94935,36.20443],[127.949,36.20295],[127.95007,36.20215],[127.95136,36.19965],[127.95258,36.19857],[127.95392,36.19845],[127.95607,36.19641],[127.95607,36.19594],[127.95684,36.19499],[127.95617,36.19283],[127.95818,36.19174],[127.96016,36.19253],[127.96195,36.19276],[127.96272,36.19161],[127.96547,36.18928],[127.96709,36.18637],[127.9675,36.18645],[127.96789,36.1873],[127.96845,36.18763],[127.97135,36.1888],[127.97369,36.18857],[127.97508,36.1881],[127.97533,36.18771],[127.97617,36.18842],[127.97649,36.19091],[127.97626,36.19205],[127.97738,36.19233],[127.97876,36.19323],[127.9812,36.19588],[127.98272,36.1963],[127.97991,36.19593],[127.97855,36.19708],[127.97802,36.19811],[127.98171,36.19909],[127.98347,36.20002],[127.98487,36.20135],[127.9888,36.20037],[127.98881,36.19977],[127.98925,36.19985],[127.98921,36.19957],[127.99304,36.20003],[127.99335,36.20092],[127.99311,36.20155],[127.99444,36.20261],[127.99475,36.20421],[127.99674,36.20586],[127.99807,36.20625],[127.99845,36.2073],[127.99878,36.20747],[128.00046,36.20694],[128.00265,36.20716],[128.00275,36.2077],[128.00302,36.20773],[128.00459,36.20725],[128.00637,36.20732],[128.00975,36.20936],[128.01198,36.20867],[128.01351,36.20913],[128.01547,36.20836],[128.01683,36.20869],[128.01754,36.20808],[128.01993,36.20801],[128.02405,36.20665],[128.02425,36.20625],[128.02668,36.20519],[128.0272,36.20462],[128.02802,36.20255],[128.03079,36.20209],[128.03173,36.20102],[128.03176,36.20032],[128.03328,36.20018],[128.03435,36.19926],[128.03481,36.19831],[128.03625,36.19775],[128.0366,36.19623],[128.03741,36.19592],[128.03863,36.19416],[128.03944,36.19468],[128.04002,36.19444],[128.04078,36.19463],[128.04237,36.19653],[128.04299,36.19601],[128.04384,36.1959],[128.04542,36.19627],[128.0458,36.1967],[128.04632,36.19673],[128.04796,36.19861],[128.04991,36.19905],[128.05069,36.19986],[128.05219,36.20061],[128.0529,36.20082],[128.05345,36.20047],[128.05481,36.20046],[128.05551,36.20108],[128.05738,36.20081],[128.05815,36.20125],[128.05785,36.20209],[128.05627,36.20208],[128.05321,36.20461],[128.05183,36.2051],[128.05079,36.206],[128.05041,36.20728],[128.05061,36.20776],[128.04935,36.21073],[128.05017,36.21293],[128.04979,36.21345],[128.05031,36.21469],[128.05009,36.21646],[128.04944,36.2166],[128.04758,36.21614],[128.04222,36.21755],[128.04138,36.21847],[128.04129,36.21915],[128.04047,36.22002],[128.04024,36.2209],[128.03951,36.22134],[128.039,36.22218],[128.03913,36.2229],[128.03995,36.22352],[128.03983,36.22412],[128.04046,36.22468],[128.03938,36.22575],[128.03933,36.22736],[128.03957,36.22771],[128.03934,36.22868],[128.03806,36.22953],[128.03682,36.22972],[128.03667,36.2312],[128.03584,36.23165],[128.0353,36.23263],[128.03401,36.23302],[128.03313,36.23371],[128.0329,36.23527],[128.03161,36.23645],[128.03177,36.23717],[128.0312,36.23774],[128.03071,36.23972],[128.03012,36.2397],[128.0299,36.24001],[128.03226,36.24153],[128.03368,36.24175],[128.03356,36.24212],[128.03565,36.24347],[128.03581,36.24468],[128.03549,36.24613],[128.03768,36.24766],[128.03944,36.25124],[128.04026,36.25203],[128.04268,36.2523],[128.04543,36.2519],[128.04573,36.25212],[128.04551,36.25232],[128.04685,36.25478],[128.04735,36.25655],[128.0464,36.25677],[128.0436,36.2584],[128.04078,36.25859],[128.03374,36.26153],[128.0323,36.26192],[128.03181,36.26169],[128.03133,36.262],[128.03114,36.26312],[128.03001,36.26452],[128.02897,36.26499],[128.02814,36.26476],[128.02692,36.26535],[128.02622,36.2679],[128.01903,36.26729],[128.0156,36.2683],[128.01517,36.26943],[128.01134,36.27195],[128.01078,36.27205],[128.01053,36.27408],[128.01138,36.27529],[128.01175,36.27538],[128.01222,36.27741],[128.0114,36.27861],[128.01182,36.27979],[128.01085,36.28023],[128.01219,36.2825],[128.01344,36.28293],[128.01515,36.28422],[128.01572,36.28576],[128.01596,36.28918],[128.01363,36.29009],[128.01104,36.29051],[128.00908,36.28868],[128.00668,36.28828],[128.00485,36.28672],[127.99985,36.28775],[127.99879,36.28748],[127.99764,36.28688],[127.99776,36.28637],[127.99717,36.28458],[127.9964,36.28321],[127.99335,36.28014],[127.99302,36.27952],[127.99376,36.27974],[127.99302,36.27941],[127.99099,36.27993],[127.98957,36.28158],[127.98677,36.28202],[127.98592,36.28246],[127.98548,36.28438],[127.98448,36.28643],[127.98252,36.28794],[127.98077,36.29313],[127.9791,36.29381],[127.97421,36.29475],[127.97407,36.29548],[127.97343,36.29589],[127.9733,36.29651],[127.97293,36.2965],[127.97234,36.29709],[127.97054,36.29725],[127.96945,36.29774]]]}},{"type":"Feature","properties":{"zoneId":"Z000200585","zoneName":"삼성중학구","zoneType":"middle","level":"중학교","kind":"dedicated","oneWay":false,"sggCode":"770","eduCode":"8101000","eduName":"충청북도음성교육지원청","updatedAt":"2021-02-23"},"geometry":{"type":"Polygon","coordinates":[[[127.51835,37.05814],[127.51834,37.05817],[127.5182,37.0584],[127.51649,37.05802],[127.51605,37.05832],[127.51556,37.05806],[127.51543,37.05745],[127.51251,37.05635],[127.51158,37.05556],[127.51152,37.05434],[127.51068,37.05383],[127.51002,37.05288],[127.51018,37.05147],[127.50908,37.0501],[127.50889,37.04942],[127.50454,37.048],[127.50349,37.04852],[127.49908,37.04758],[127.49665,37.04812],[127.49333,37.05054],[127.49037,37.05196],[127.49023,37.0528],[127.4892,37.05272],[127.48622,37.05486],[127.48512,37.05467],[127.48437,37.05385],[127.48342,37.05361],[127.48185,37.05402],[127.48135,37.05361],[127.47926,37.0534],[127.47718,37.05364],[127.47511,37.05291],[127.47235,37.05319],[127.4719,37.0538],[127.47024,37.0536],[127.46966,37.05385],[127.46821,37.05349],[127.46746,37.05249],[127.46783,37.05222],[127.46838,37.05035],[127.46342,37.04817],[127.4625,37.04762],[127.46193,37.04685],[127.4612,37.04685],[127.46033,37.04616],[127.45899,37.04411],[127.45758,37.04363],[127.45741,37.0425],[127.45686,37.04221],[127.45719,37.04022],[127.45771,37.04026],[127.45886,37.03946],[127.4597,37.03813],[127.45933,37.03716],[127.45964,37.03564],[127.45847,37.0345],[127.45834,37.03346],[127.4579,37.03321],[127.45813,37.03304],[127.45635,37.03114],[127.45625,37.03032],[127.45798,37.02998],[127.45805,37.02901],[127.45912,37.02745],[127.45974,37.02506],[127.45925,37.02442],[127.45951,37.02387],[127.45904,37.02308],[127.45927,37.0227],[127.45838,37.02116],[127.45836,37.02047],[127.4601,37.02048],[127.46067,37.01942],[127.46223,37.01907],[127.46372,37.01829],[127.46575,37.0163],[127.46682,37.01461],[127.467,37.00958],[127.47036,37.00955],[127.46962,37.00914],[127.46967,37.00879],[127.46994,37.00813],[127.4707,37.00771],[127.47153,37.00448],[127.47338,37.00358],[127.47335,37.00266],[127.47395,37.00189],[127.47348,36.99974],[127.47382,36.99905],[127.47558,36.99821],[127.47598,36.99826],[127.47672,36.99912],[127.478,36.9985],[127.47819,36.99895],[127.48244,36.99851],[127.48323,36.99945],[127.48589,36.99942],[127.48638,36.99998],[127.48709,36.99978],[127.48726,36.99924],[127.48669,36.99866],[127.4874,36.99833],[127.48876,36.99844],[127.48959,36.99913],[127.49173,36.99897],[127.49169,36.99637],[127.49014,36.99623],[127.48834,36.99524],[127.48803,36.99477],[127.4883,36.99413],[127.48789,36.99327],[127.4868,36.99297],[127.48783,36.99129],[127.48756,36.99063],[127.48707,36.99035],[127.48732,36.98993],[127.48687,36.98963],[127.48712,36.98979],[127.4875,36.98946],[127.48708,36.98858],[127.48626,36.98824],[127.48683,36.98683],[127.48661,36.98658],[127.48692,36.98409],[127.48667,36.98354],[127.48732,36.98283],[127.48783,36.98278],[127.48775,36.98182],[127.48911,36.98191],[127.49062,36.98124],[127.49129,36.97971],[127.49151,36.9783],[127.49566,36.97841],[127.4996,36.9798],[127.50007,36.97932],[127.50141,36.9791],[127.5021,36.9801],[127.50355,36.98053],[127.50648,36.97931],[127.50591,36.9784],[127.50574,36.97717],[127.50754,36.97508],[127.50891,36.97434],[127.51147,36.97401],[127.51165,36.97369],[127.51263,36.97347],[127.51324,36.97306],[127.51406,36.97133],[127.51454,36.97145],[127.51429,36.97246],[127.51538,36.97314],[127.51637,36.97321],[127.51744,36.97243],[127.5182,36.97266],[127.51849,36.97423],[127.52031,36.97482],[127.52079,36.97543],[127.52198,36.97598],[127.52221,36.97708],[127.52379,36.97832],[127.52124,36.97996],[127.52152,36.98021],[127.52129,36.98055],[127.52147,36.98157],[127.52035,36.98179],[127.51989,36.98287],[127.52014,36.98384],[127.51909,36.9843],[127.51962,36.98606],[127.51823,36.9864],[127.51732,36.98696],[127.51741,36.98759],[127.51635,36.98776],[127.51526,36.98856],[127.51425,36.98854],[127.51337,36.98812],[127.51241,36.98822],[127.51383,36.98954],[127.51758,36.99067],[127.51757,36.99187],[127.51735,36.99237],[127.51687,36.99251],[127.5171,36.99354],[127.51818,36.99387],[127.51982,36.9959],[127.51842,36.99557],[127.51557,36.99663],[127.5145,36.99738],[127.5146,36.99876],[127.51416,36.99875],[127.51355,37.00006],[127.51457,37.00068],[127.51657,37.00071],[127.51712,37.00157],[127.51824,37.00216],[127.51855,37.00306],[127.5189,37.00304],[127.51926,37.00369],[127.51889,37.00617],[127.5195,37.00752],[127.51967,37.00916],[127.51928,37.00957],[127.51982,37.01052],[127.51913,37.01221],[127.51901,37.0135],[127.52064,37.01394],[127.52187,37.01503],[127.52346,37.01536],[127.52472,37.01494],[127.52509,37.01401],[127.5266,37.0128],[127.52715,37.01349],[127.52849,37.01427],[127.52891,37.01415],[127.53003,37.01478],[127.53033,37.01513],[127.53,37.01666],[127.53121,37.01846],[127.53409,37.02073],[127.53477,37.02175],[127.53562,37.02218],[127.53577,37.02342],[127.53681,37.02518],[127.53648,37.02603],[127.5367,37.02669],[127.53789,37.02748],[127.53883,37.02882],[127.53868,37.02935],[127.53953,37.03014],[127.54016,37.03847],[127.53685,37.04581],[127.53695,37.0482],[127.53481,37.05196],[127.5331,37.05359],[127.5328,37.0552],[127.53199,37.05564],[127.53064,37.05581],[127.52792,37.05512],[127.52621,37.05548],[127.52299,37.05546],[127.51971,37.0568],[127.51858,37.05756],[127.51835,37.05814]]]}},{"type":"Feature","properties":{"zoneId":"Z000200575","zoneName":"송면중학구","zoneType":"middle","level":"중학교","kind":"dedicated","oneWay":false,"sggCode":"760","eduCode":"8092000","eduName":"충청북도괴산증평교육지원청","updatedAt":"2016-08-12"},"geometry":{"type":"Polygon","coordinates":[[[127.85527,36.71569],[127.85527,36.71569],[127.85131,36.71636],[127.85049,36.71622],[127.84968,36.71557],[127.84867,36.71552],[127.8483,36.71412],[127.84848,36.71351],[127.84698,36.71178],[127.84697,36.71011],[127.84658,36.70984],[127.84483,36.71046],[127.84405,36.71022],[127.84241,36.71131],[127.8402,36.71091],[127.83838,36.70938],[127.84135,36.70805],[127.84205,36.70742],[127.84547,36.70233],[127.84587,36.70107],[127.84602,36.69779],[127.84548,36.69619],[127.8346,36.69538],[127.83327,36.69432],[127.83484,36.6919],[127.83669,36.69109],[127.83781,36.68969],[127.8368,36.68798],[127.8357,36.6871],[127.83511,36.68589],[127.83525,36.68494],[127.83457,36.68214],[127.83528,36.68158],[127.83592,36.67919],[127.83502,36.67798],[127.83483,36.67602],[127.83537,36.67518],[127.83479,36.67456],[127.835,36.67401],[127.83408,36.67224],[127.83422,36.67183],[127.83592,36.66985],[127.83758,36.66952],[127.83772,36.66869],[127.83891,36.66825],[127.83896,36.66774],[127.83957,36.66705],[127.83962,36.66497],[127.8407,36.66416],[127.84056,36.66374],[127.84121,36.66364],[127.84237,36.66259],[127.8448,36.6616],[127.84485,36.66114],[127.84616,36.65942],[127.84652,36.65784],[127.84852,36.65543],[127.84633,36.65206],[127.84377,36.65126],[127.84337,36.6497],[127.84231,36.64917],[127.84172,36.64805],[127.84023,36.64727],[127.84002,36.64523],[127.83562,36.64176],[127.8376,36.64069],[127.83891,36.63855],[127.84077,36.63699],[127.84299,36.63676],[127.84503,36.63753],[127.84512,36.63626],[127.846,36.63505],[127.84586,36.63439],[127.85056,36.63125],[127.8506,36.62915],[127.84784,36.62494],[127.84798,36.6239],[127.84884,36.62218],[127.84982,36.62117],[127.84981,36.61958],[127.85038,36.61886],[127.85119,36.61835],[127.85301,36.61803],[127.8538,36.61821],[127.85573,36.61758],[127.86163,36.61718],[127.86525,36.61585],[127.8681,36.61356],[127.87126,36.61805],[127.87343,36.62277],[127.88238,36.62995],[127.88878,36.6306],[127.8898,36.62898],[127.89154,36.62843],[127.89374,36.62834],[127.89681,36.62672],[127.9007,36.62695],[127.90149,36.62755],[127.90224,36.62759],[127.90344,36.62735],[127.90577,36.62591],[127.90837,36.62604],[127.90921,36.62471],[127.90837,36.62355],[127.90863,36.62217],[127.91044,36.61912],[127.9118,36.61454],[127.91392,36.61222],[127.91816,36.6094],[127.9188,36.60868],[127.91849,36.60685],[127.91872,36.60343],[127.91996,36.60112],[127.92122,36.60164],[127.92395,36.60202],[127.92386,36.60254],[127.9262,36.60297],[127.92486,36.60406],[127.92509,36.6047],[127.92489,36.60784],[127.92424,36.60983],[127.92438,36.61099],[127.92397,36.61277],[127.92443,36.61345],[127.92422,36.61583],[127.9251,36.61644],[127.92857,36.61706],[127.93238,36.61874],[127.93288,36.62041],[127.93139,36.62459],[127.93249,36.62641],[127.93285,36.62874],[127.93596,36.633],[127.93522,36.63494],[127.93381,36.63608],[127.93431,36.64109],[127.93546,36.64287],[127.93573,36.64418],[127.939,36.64599],[127.93921,36.64706],[127.9387,36.64877],[127.93908,36.65275],[127.93407,36.65332],[127.93164,36.6554],[127.9316,36.65963],[127.93227,36.66141],[127.93221,36.66452],[127.92983,36.6666],[127.92957,36.66877],[127.92777,36.66895],[127.92319,36.66812],[127.92187,36.6686],[127.92028,36.66857],[127.91771,36.66785],[127.91586,36.67184],[127.91507,36.67239],[127.9145,36.67478],[127.91297,36.67767],[127.91258,36.6779],[127.91003,36.67793],[127.90857,36.67948],[127.90376,36.68055],[127.90171,36.68053],[127.9008,36.68112],[127.90037,36.6822],[127.89895,36.68224],[127.89716,36.68129],[127.89517,36.68109],[127.89145,36.68243],[127.88957,36.68117],[127.88965,36.68057],[127.88762,36.67863],[127.88501,36.67944],[127.88431,36.67916],[127.88292,36.67943],[127.88194,36.68002],[127.88104,36.67896],[127.88001,36.67871],[127.87822,36.67959],[127.87726,36.67973],[127.87707,36.68078],[127.87429,36.68196],[127.87467,36.6826],[127.87574,36.68307],[127.87759,36.68235],[127.8784,36.68236],[127.87889,36.68293],[127.88019,36.6832],[127.88077,36.68371],[127.88198,36.68345],[127.88184,36.68593],[127.88144,36.68642],[127.88067,36.68663],[127.88091,36.68732],[127.88141,36.68769],[127.88263,36.68784],[127.88411,36.68757],[127.88583,36.68825],[127.88686,36.69065],[127.88858,36.69186],[127.89084,36.69231],[127.89418,36.69216],[127.89447,36.69331],[127.8938,36.69465],[127.89419,36.69491],[127.89541,36.69469],[127.89817,36.69312],[127.90131,36.69312],[127.90376,36.6936],[127.90739,36.69259],[127.90928,36.69327],[127.91272,36.69265],[127.91435,36.69301],[127.91515,36.69387],[127.91585,36.69399],[127.91731,36.69333],[127.9182,36.69237],[127.92261,36.69213],[127.92516,36.69123],[127.92646,36.69033],[127.92892,36.69084],[127.92977,36.69223],[127.93059,36.69257],[127.93159,36.69442],[127.93181,36.69557],[127.93166,36.69756],[127.93086,36.70136],[127.93195,36.70344],[127.92628,36.7047],[127.92563,36.70558],[127.92472,36.70599],[127.9235,36.70588],[127.92336,36.70657],[127.92204,36.70703],[127.91976,36.70696],[127.91876,36.70636],[127.91725,36.70727],[127.91523,36.70607],[127.91469,36.70517],[127.91289,36.70521],[127.91201,36.70419],[127.90939,36.70474],[127.90621,36.70418],[127.90347,36.7049],[127.90239,36.70477],[127.8972,36.70944],[127.89593,36.70948],[127.89463,36.71029],[127.89136,36.71041],[127.88987,36.71258],[127.888,36.71305],[127.88492,36.71297],[127.88374,36.71262],[127.88062,36.71054],[127.87598,36.70655],[127.87377,36.70746],[127.86895,36.70862],[127.86696,36.71035],[127.86487,36.70999],[127.85878,36.71169],[127.85836,36.71277],[127.85629,36.71407],[127.85527,36.71569]]]}},{"type":"Feature","properties":{"zoneId":"Z000200540","zoneName":"신명중학구","zoneType":"middle","level":"중학교","kind":"dedicated","oneWay":false,"sggCode":"130","eduCode":"8021000","eduName":"충청북도충주교육지원청","updatedAt":"2017-02-15"},"geometry":{"type":"Polygon","coordinates":[[[127.91504,37.16888],[127.91377,37.16845],[127.91141,37.16753],[127.90863,37.16712],[127.90835,37.16633],[127.90715,37.16523],[127.90711,37.16428],[127.90618,37.16173],[127.90346,37.16005],[127.90403,37.15874],[127.90387,37.15696],[127.90191,37.1532],[127.90189,37.1522],[127.89889,37.1498],[127.89543,37.15609],[127.89391,37.15715],[127.89146,37.15813],[127.89057,37.15921],[127.88998,37.15909],[127.88838,37.15964],[127.88742,37.16015],[127.88657,37.16107],[127.88479,37.16123],[127.88378,37.16178],[127.88016,37.16225],[127.87905,37.16179],[127.87585,37.1631],[127.87506,37.16376],[127.87205,37.16434],[127.87109,37.16422],[127.86926,37.16367],[127.86749,37.16238],[127.86419,37.16238],[127.8628,37.16162],[127.86196,37.16105],[127.86139,37.15934],[127.86186,37.15645],[127.86169,37.1556],[127.8613,37.15535],[127.85923,37.15634],[127.85588,37.15648],[127.85529,37.15793],[127.85529,37.15995],[127.85419,37.1604],[127.85252,37.16009],[127.85122,37.15835],[127.85053,37.15508],[127.8496,37.1538],[127.84688,37.15281],[127.84463,37.15284],[127.8408,37.15213],[127.83874,37.15216],[127.83697,37.1516],[127.83681,37.14991],[127.8373,37.14925],[127.84274,37.14546],[127.84359,37.14447],[127.84407,37.14285],[127.84683,37.14115],[127.84595,37.14052],[127.84449,37.13999],[127.83928,37.13637],[127.83853,37.13721],[127.836,37.13785],[127.83396,37.13989],[127.8326,37.13982],[127.82905,37.14083],[127.82555,37.14128],[127.82437,37.14116],[127.8224,37.13936],[127.82134,37.1389],[127.82148,37.13751],[127.81876,37.1372],[127.81617,37.13549],[127.81501,37.13359],[127.81458,37.13149],[127.81452,37.12985],[127.8159,37.12672],[127.81579,37.12596],[127.81255,37.12242],[127.81176,37.11938],[127.81162,37.11712],[127.81194,37.11632],[127.81012,37.11436],[127.81213,37.11313],[127.81498,37.11219],[127.81646,37.11052],[127.81686,37.10977],[127.81735,37.10255],[127.82293,37.09891],[127.82626,37.09528],[127.82776,37.09167],[127.82847,37.08879],[127.8308,37.08612],[127.83307,37.08611],[127.84206,37.08439],[127.84581,37.08225],[127.84797,37.08039],[127.84887,37.07916],[127.85548,37.07858],[127.85833,37.07854],[127.85682,37.08016],[127.85988,37.08018],[127.86098,37.08052],[127.8663,37.08289],[127.86894,37.0844],[127.87308,37.0839],[127.87455,37.08269],[127.87576,37.08051],[127.87594,37.07906],[127.8766,37.07849],[127.87811,37.07803],[127.88028,37.07678],[127.88048,37.0774],[127.88133,37.07662],[127.88139,37.07587],[127.88351,37.07564],[127.88351,37.075],[127.88488,37.07303],[127.88721,37.06834],[127.88786,37.06573],[127.88945,37.06248],[127.89071,37.06315],[127.89193,37.06515],[127.89254,37.06515],[127.89297,37.06628],[127.89385,37.0666],[127.89488,37.0676],[127.89855,37.06805],[127.90004,37.06877],[127.90077,37.06964],[127.90454,37.06954],[127.90493,37.06901],[127.90641,37.06839],[127.90857,37.06887],[127.90974,37.06837],[127.9116,37.06876],[127.91304,37.06632],[127.91511,37.06607],[127.91601,37.06555],[127.91862,37.0656],[127.91844,37.06437],[127.91733,37.06319],[127.9174,37.06224],[127.91879,37.0621],[127.91907,37.06138],[127.92051,37.06068],[127.92016,37.0599],[127.92055,37.05951],[127.92158,37.0593],[127.92252,37.0575],[127.92235,37.05626],[127.92364,37.05546],[127.9251,37.05517],[127.92568,37.05611],[127.92615,37.05852],[127.92699,37.05933],[127.92646,37.06008],[127.92685,37.06077],[127.92652,37.06178],[127.92749,37.0641],[127.92699,37.0656],[127.9277,37.06712],[127.92766,37.06781],[127.92705,37.06854],[127.92744,37.06982],[127.92683,37.07118],[127.92698,37.07226],[127.92538,37.07278],[127.92588,37.07309],[127.92331,37.07346],[127.92322,37.07383],[127.92426,37.07506],[127.92223,37.07464],[127.92183,37.07644],[127.92303,37.07665],[127.92262,37.07865],[127.92304,37.07895],[127.92341,37.08023],[127.92302,37.08097],[127.92527,37.08153],[127.92581,37.08138],[127.92607,37.08166],[127.92702,37.08161],[127.92716,37.08191],[127.92764,37.08184],[127.92868,37.0824],[127.9308,37.08196],[127.93256,37.08263],[127.93294,37.08304],[127.93543,37.08341],[127.93901,37.08568],[127.94046,37.08795],[127.94361,37.08947],[127.94569,37.08794],[127.94703,37.0893],[127.9486,37.08965],[127.94872,37.09099],[127.94977,37.09049],[127.95027,37.09109],[127.95132,37.09153],[127.95299,37.09091],[127.95352,37.09041],[127.95441,37.09033],[127.95454,37.09111],[127.95541,37.09157],[127.95518,37.09305],[127.95557,37.09363],[127.95685,37.09429],[127.95696,37.09559],[127.95773,37.09625],[127.958,37.09792],[127.9575,37.09815],[127.95719,37.0995],[127.95459,37.09918],[127.95379,37.10001],[127.95379,37.10053],[127.95474,37.10173],[127.95459,37.10206],[127.95567,37.10341],[127.95502,37.10392],[127.95519,37.10461],[127.95417,37.10603],[127.95517,37.10721],[127.95588,37.11041],[127.95392,37.11264],[127.95324,37.11272],[127.9519,37.11393],[127.95361,37.1153],[127.9536,37.11558],[127.95438,37.11587],[127.95519,37.11764],[127.95472,37.12068],[127.95426,37.12116],[127.95399,37.12224],[127.95278,37.12297],[127.95351,37.12443],[127.953,37.12503],[127.95521,37.12814],[127.95692,37.1279],[127.95985,37.12823],[127.96162,37.12898],[127.96221,37.13003],[127.96178,37.13039],[127.9633,37.13231],[127.96522,37.1332],[127.96599,37.13409],[127.96732,37.13484],[127.96761,37.13592],[127.96825,37.13604],[127.97043,37.13749],[127.96968,37.1388],[127.96984,37.13989],[127.97097,37.14178],[127.97038,37.14316],[127.97163,37.14603],[127.97143,37.14753],[127.97177,37.14809],[127.97108,37.14922],[127.97141,37.14966],[127.97115,37.15068],[127.96981,37.15154],[127.96897,37.15321],[127.96901,37.15388],[127.96821,37.15489],[127.96832,37.1562],[127.96554,37.15752],[127.96538,37.15797],[127.96358,37.15769],[127.96037,37.15897],[127.95963,37.15966],[127.95958,37.16066],[127.95691,37.16096],[127.95505,37.16145],[127.95439,37.16213],[127.95315,37.16222],[127.95222,37.16224],[127.95016,37.16155],[127.94742,37.16262],[127.94645,37.1623],[127.94543,37.16256],[127.94384,37.16195],[127.94265,37.16188],[127.9393,37.16391],[127.93735,37.16399],[127.93403,37.16333],[127.93312,37.16412],[127.93168,37.16367],[127.92961,37.16443],[127.92776,37.16421],[127.92633,37.16553],[127.92464,37.16453],[127.92384,37.16363],[127.92153,37.16504],[127.9208,37.16587],[127.91504,37.16888]]]}},{"type":"Feature","properties":{"zoneId":"Z000200539","zoneName":"신니중학구","zoneType":"middle","level":"중학교","kind":"dedicated","oneWay":false,"sggCode":"130","eduCode":"8021000","eduName":"충청북도충주교육지원청","updatedAt":"2016-08-12"},"geometry":{"type":"Polygon","coordinates":[[[127.73116,37.03547],[127.73067,37.03559],[127.72973,37.03608],[127.72893,37.03609],[127.72838,37.03567],[127.7283,37.03458],[127.72795,37.0344],[127.72486,37.03481],[127.72334,37.03331],[127.7217,37.0332],[127.71832,37.03378],[127.71711,37.03349],[127.71585,37.03229],[127.7144,37.03236],[127.71316,37.03164],[127.71165,37.03235],[127.70833,37.03175],[127.70709,37.03197],[127.70627,37.03255],[127.70397,37.03332],[127.70288,37.03291],[127.70245,37.03324],[127.70167,37.03284],[127.7016,37.03356],[127.69759,37.03409],[127.6967,37.03371],[127.6949,37.03405],[127.69385,37.03356],[127.69367,37.03292],[127.69208,37.03234],[127.69116,37.03146],[127.69046,37.03012],[127.68704,37.03213],[127.68436,37.03218],[127.68213,37.03297],[127.68183,37.03366],[127.67875,37.034],[127.67735,37.03439],[127.67717,37.03471],[127.67271,37.03502],[127.67185,37.03449],[127.67024,37.03436],[127.66865,37.03328],[127.66745,37.0332],[127.66659,37.03264],[127.66648,37.03205],[127.66429,37.03057],[127.66483,37.02664],[127.66483,37.02593],[127.66429,37.02508],[127.66472,37.024],[127.66462,37.02319],[127.66274,37.02259],[127.66095,37.02149],[127.65937,37.0194],[127.65844,37.01871],[127.65785,37.01872],[127.65736,37.01818],[127.657,37.01652],[127.65629,37.01591],[127.65647,37.01514],[127.65724,37.01415],[127.6561,37.0132],[127.65671,37.0129],[127.65714,37.01215],[127.65729,37.01092],[127.65951,37.01021],[127.65935,37.00964],[127.65986,37.00811],[127.66073,37.00693],[127.66168,37.00622],[127.66308,37.00432],[127.6652,37.00429],[127.66552,37.00307],[127.65906,37.00346],[127.65741,37.003],[127.657,37.00216],[127.65505,37.00139],[127.65562,37.00051],[127.65536,36.99966],[127.65323,36.99749],[127.6539,36.99524],[127.65446,36.99455],[127.65256,36.99169],[127.6529,36.9899],[127.65255,36.98923],[127.65267,36.98824],[127.6537,36.98708],[127.65369,36.98656],[127.6565,36.98888],[127.66247,36.99576],[127.66509,36.99801],[127.67132,36.99744],[127.67024,36.99652],[127.6701,36.99325],[127.6681,36.98938],[127.66888,36.98783],[127.67031,36.9878],[127.67093,36.98681],[127.67214,36.98586],[127.67363,36.9861],[127.675,36.98574],[127.67626,36.98645],[127.67781,36.9864],[127.67915,36.98584],[127.68207,36.98538],[127.68236,36.98579],[127.68405,36.98576],[127.68453,36.98607],[127.68632,36.98589],[127.68735,36.98449],[127.68737,36.98289],[127.68662,36.98147],[127.6908,36.97959],[127.69291,36.97924],[127.69413,36.97857],[127.69462,36.97811],[127.69455,36.97684],[127.69492,36.97651],[127.69441,36.97554],[127.69449,36.97497],[127.69659,36.97462],[127.69754,36.97395],[127.69932,36.97411],[127.70051,36.97381],[127.70378,36.97201],[127.70415,36.97296],[127.7056,36.974],[127.70711,36.9741],[127.70872,36.9735],[127.71525,36.97348],[127.7161,36.97414],[127.71628,36.97494],[127.71758,36.97517],[127.71952,36.97485],[127.71998,36.97414],[127.72184,36.97302],[127.72515,36.97258],[127.72789,36.97402],[127.72786,36.97459],[127.72816,36.97483],[127.7298,36.9755],[127.73105,36.97528],[127.73096,36.97481],[127.73185,36.97364],[127.73159,36.97331],[127.73266,36.97284],[127.73319,36.97202],[127.73411,36.97157],[127.73707,36.97261],[127.73804,36.9724],[127.7391,36.97337],[127.74018,36.97359],[127.741,36.9731],[127.742,36.97351],[127.74247,36.97306],[127.7433,36.97339],[127.74352,36.97406],[127.74428,36.97416],[127.74641,36.97356],[127.74674,36.97384],[127.74795,36.97377],[127.74891,36.97233],[127.74959,36.97384],[127.75011,36.97404],[127.75079,36.97508],[127.75151,36.9754],[127.75177,36.97645],[127.75213,36.97655],[127.75284,36.97817],[127.75623,36.98153],[127.75834,36.9815],[127.76012,36.98224],[127.7609,36.98398],[127.76056,36.98534],[127.76312,36.9877],[127.76516,36.99146],[127.75483,36.99354],[127.75641,37.00242],[127.75633,37.00803],[127.75235,37.0096],[127.75179,37.01289],[127.75093,37.0156],[127.74972,37.0177],[127.75137,37.01814],[127.75237,37.01903],[127.7504,37.02018],[127.74971,37.02094],[127.74957,37.02206],[127.74991,37.02338],[127.74715,37.02597],[127.74675,37.02686],[127.74715,37.02851],[127.74676,37.02918],[127.74564,37.02997],[127.7456,37.03091],[127.74407,37.03132],[127.74238,37.03314],[127.74122,37.03307],[127.73986,37.03397],[127.73903,37.03393],[127.73824,37.03447],[127.73542,37.03366],[127.73483,37.03411],[127.7317,37.03466],[127.73116,37.03547]]]}},{"type":"Feature","properties":{"zoneId":"Z000200541","zoneName":"앙성중학구","zoneType":"middle","level":"중학교","kind":"dedicated","oneWay":false,"sggCode":"130","eduCode":"8021000","eduName":"충청북도충주교육지원청","updatedAt":"2017-02-15"},"geometry":{"type":"Polygon","coordinates":[[[127.76089,37.16518],[127.76089,37.16518],[127.75704,37.16926],[127.75447,37.16821],[127.75237,37.16667],[127.75108,37.16445],[127.74968,37.16367],[127.74792,37.16465],[127.7416,37.16327],[127.73797,37.1608],[127.73229,37.15891],[127.72271,37.15825],[127.71462,37.15642],[127.71035,37.15503],[127.70702,37.15496],[127.70245,37.15549],[127.70057,37.15365],[127.69846,37.1526],[127.69624,37.15212],[127.69521,37.15124],[127.6945,37.14883],[127.695,37.14696],[127.69408,37.1456],[127.69457,37.14348],[127.69453,37.14126],[127.69689,37.13927],[127.70027,37.13779],[127.70314,37.13767],[127.70527,37.1369],[127.70637,37.13709],[127.70872,37.13582],[127.70961,37.13569],[127.70982,37.13483],[127.71064,37.13379],[127.71097,37.13248],[127.71012,37.13166],[127.71009,37.13112],[127.71067,37.12994],[127.71189,37.12882],[127.71202,37.12778],[127.71463,37.12557],[127.71676,37.12548],[127.71823,37.12495],[127.71973,37.12347],[127.72054,37.12306],[127.72081,37.12229],[127.72214,37.12081],[127.72187,37.11919],[127.72208,37.11655],[127.72287,37.11592],[127.72282,37.11477],[127.72229,37.11364],[127.72109,37.11232],[127.72082,37.11131],[127.72111,37.11108],[127.72051,37.11071],[127.71775,37.11042],[127.71763,37.10972],[127.71727,37.1096],[127.71644,37.11001],[127.71588,37.10966],[127.71487,37.10998],[127.71331,37.10905],[127.71258,37.10748],[127.71266,37.10636],[127.71154,37.1063],[127.7114,37.10586],[127.71014,37.10559],[127.70801,37.10532],[127.70791,37.1056],[127.70589,37.1052],[127.70459,37.10411],[127.70249,37.10348],[127.70193,37.10304],[127.70092,37.10299],[127.70048,37.10059],[127.69993,37.09968],[127.6987,37.09979],[127.69816,37.0994],[127.69801,37.09822],[127.70013,37.09554],[127.69934,37.09163],[127.69815,37.09095],[127.69766,37.08993],[127.69676,37.08947],[127.69591,37.0873],[127.69521,37.08707],[127.69344,37.08555],[127.69234,37.08312],[127.69218,37.08133],[127.69425,37.07999],[127.69564,37.07957],[127.69637,37.07969],[127.69786,37.07857],[127.69993,37.07918],[127.70186,37.07819],[127.70309,37.07796],[127.7041,37.07805],[127.70524,37.07765],[127.70676,37.07789],[127.70992,37.07766],[127.71282,37.07565],[127.71527,37.07575],[127.71655,37.0767],[127.71871,37.0769],[127.71949,37.07752],[127.72155,37.07751],[127.72399,37.0785],[127.72625,37.07805],[127.72721,37.07856],[127.72832,37.07976],[127.72996,37.07972],[127.73027,37.07932],[127.7324,37.07861],[127.73477,37.07858],[127.7352,37.07795],[127.73585,37.07766],[127.73867,37.07733],[127.73969,37.07593],[127.74234,37.07506],[127.74691,37.07719],[127.75002,37.07731],[127.75209,37.07859],[127.75478,37.07877],[127.75626,37.07942],[127.75863,37.07885],[127.76392,37.07965],[127.76633,37.07691],[127.76905,37.07655],[127.77021,37.07601],[127.77101,37.07504],[127.77208,37.0744],[127.774,37.07421],[127.77546,37.07207],[127.77647,37.06951],[127.7795,37.06871],[127.78018,37.0688],[127.78037,37.06941],[127.78172,37.07053],[127.78359,37.0707],[127.78675,37.07226],[127.79203,37.0712],[127.79488,37.06971],[127.79703,37.07086],[127.79694,37.07134],[127.79805,37.07292],[127.79921,37.07326],[127.80007,37.07301],[127.80135,37.07344],[127.80558,37.07372],[127.80636,37.07275],[127.80759,37.07222],[127.80882,37.07243],[127.80987,37.07171],[127.81145,37.07151],[127.81152,37.0706],[127.81227,37.07022],[127.81657,37.07003],[127.81725,37.06943],[127.8173,37.06894],[127.81844,37.06905],[127.81951,37.06959],[127.82126,37.06839],[127.82239,37.06838],[127.82432,37.07003],[127.82793,37.07148],[127.83057,37.0757],[127.83223,37.0757],[127.83238,37.07682],[127.83376,37.07723],[127.8341,37.07853],[127.83343,37.07979],[127.83507,37.0813],[127.83142,37.08443],[127.83106,37.08582],[127.82847,37.08879],[127.82776,37.09167],[127.82626,37.09528],[127.82293,37.09891],[127.81735,37.10255],[127.81686,37.10977],[127.81646,37.11052],[127.81498,37.11219],[127.81213,37.11313],[127.81089,37.11386],[127.80696,37.11704],[127.80528,37.1174],[127.80109,37.12044],[127.79871,37.12359],[127.79604,37.12793],[127.79516,37.1307],[127.79152,37.13833],[127.78996,37.14083],[127.78866,37.14217],[127.78742,37.14515],[127.77918,37.14966],[127.77466,37.15296],[127.76897,37.15642],[127.76755,37.15795],[127.76572,37.15897],[127.76466,37.16002],[127.76089,37.16518]]]}},{"type":"Feature","properties":{"zoneId":"Z000200543","zoneName":"중원중학구","zoneType":"middle","level":"중학교","kind":"dedicated","oneWay":false,"sggCode":"130","eduCode":"8021000","eduName":"충청북도충주교육지원청","updatedAt":"2017-04-03"},"geometry":{"type":"Polygon","coordinates":[[[127.90251,37.06969],[127.9021,37.0697],[127.90077,37.06964],[127.90004,37.06877],[127.89855,37.06805],[127.89488,37.0676],[127.89385,37.0666],[127.89297,37.06628],[127.89254,37.06515],[127.89193,37.06515],[127.89071,37.06315],[127.88945,37.06248],[127.88844,37.06436],[127.88887,37.06203],[127.88815,37.06021],[127.88751,37.05906],[127.88277,37.05351],[127.8804,37.05171],[127.86624,37.04532],[127.85999,37.03932],[127.8593,37.03848],[127.85876,37.03702],[127.8593,37.03347],[127.8629,37.02848],[127.86915,37.01868],[127.87046,37.01462],[127.87,37.01448],[127.87179,37.01206],[127.87308,37.0083],[127.8754,37.00483],[127.87671,37.00192],[127.87996,36.9983],[127.88104,36.99758],[127.88262,36.9945],[127.88711,36.99193],[127.88768,36.99127],[127.88818,36.98975],[127.89,36.98947],[127.8941,36.98961],[127.89682,36.98913],[127.89942,36.99001],[127.90352,36.98974],[127.90351,36.99234],[127.9051,36.99567],[127.91077,37.00019],[127.91132,37.00096],[127.91247,37.01002],[127.9115,37.01176],[127.91222,37.01428],[127.91373,37.01586],[127.92048,37.01951],[127.92224,37.01997],[127.92472,37.02],[127.93969,37.01953],[127.94842,37.02031],[127.95266,37.02163],[127.95749,37.02411],[127.95908,37.02433],[127.96316,37.02302],[127.96762,37.01836],[127.97425,37.01487],[127.9766,37.01273],[127.97789,37.01213],[127.98393,37.01122],[127.98761,37.00958],[127.99043,37.00753],[127.99481,37.00238],[127.99733,37.00026],[127.99937,36.99664],[128.00326,36.99731],[128.00413,36.99779],[128.0046,36.99871],[128.00298,37.00005],[128.00576,37.00317],[128.00574,37.00462],[128.00622,37.00513],[128.00789,37.00566],[128.00837,37.00683],[128.01158,37.00821],[128.01226,37.00895],[128.01289,37.00912],[128.01288,37.00978],[128.01346,37.0103],[128.01659,37.01128],[128.01823,37.01003],[128.02045,37.00995],[128.02107,37.00949],[128.02182,37.00754],[128.02371,37.00664],[128.02457,37.0046],[128.02583,37.00442],[128.02592,37.00392],[128.02757,37.00282],[128.02744,37.00185],[128.02684,37.00091],[128.0274,37.00058],[128.02784,36.99914],[128.02871,36.99881],[128.02996,36.99713],[128.03221,36.9961],[128.03275,36.99487],[128.03234,36.9944],[128.03212,36.9932],[128.03286,36.99178],[128.03217,36.98896],[128.03166,36.98825],[128.03296,36.98649],[128.03238,36.98478],[128.03262,36.98435],[128.0335,36.98385],[128.03774,36.98327],[128.03822,36.98277],[128.03954,36.98255],[128.04059,36.98632],[128.04117,36.98663],[128.04103,36.98698],[128.04248,36.98713],[128.04255,36.98817],[128.0469,36.99153],[128.0462,36.9932],[128.0467,36.99461],[128.05009,36.99468],[128.05576,36.99645],[128.05814,36.99512],[128.05892,36.99309],[128.06035,36.99133],[128.06162,36.99068],[128.06442,36.99014],[128.06473,36.99113],[128.06558,36.99197],[128.06808,36.99231],[128.0684,36.9927],[128.07121,36.99386],[128.07243,36.99477],[128.07298,36.99606],[128.07328,36.99729],[128.07297,36.99812],[128.07327,36.99878],[128.07531,36.9995],[128.07542,37.00079],[128.07644,37.00211],[128.07619,37.00349],[128.07664,37.00566],[128.07747,37.00634],[128.07912,37.00633],[128.07972,37.00664],[128.07976,37.00744],[128.08099,37.0088],[128.08417,37.01023],[128.08635,37.01084],[128.08662,37.01135],[128.08649,37.0131],[128.08674,37.01439],[128.08759,37.01512],[128.08875,37.01714],[128.08886,37.01795],[128.08748,37.01926],[128.08557,37.02],[128.08607,37.02055],[128.08632,37.0216],[128.08739,37.02218],[128.08767,37.02275],[128.09044,37.02332],[128.09006,37.02442],[128.08802,37.02561],[128.08763,37.0274],[128.08614,37.0282],[128.08734,37.03008],[128.08862,37.03083],[128.0888,37.03137],[128.08668,37.03503],[128.08648,37.03587],[128.08568,37.03696],[128.08418,37.03778],[128.08346,37.03895],[128.0835,37.04205],[128.08448,37.04261],[128.08424,37.04361],[128.08449,37.04443],[128.08401,37.04526],[128.08278,37.04624],[128.08277,37.04764],[128.08215,37.04823],[128.07887,37.04847],[128.07754,37.04899],[128.07373,37.04862],[128.0731,37.0479],[128.07147,37.04783],[128.07065,37.04621],[128.06983,37.04547],[128.06532,37.04367],[128.064,37.04419],[128.06294,37.04415],[128.06241,37.04451],[128.06036,37.04482],[128.05855,37.04397],[128.05599,37.04341],[128.05321,37.04417],[128.05115,37.04654],[128.04957,37.04713],[128.04796,37.04917],[128.04572,37.04982],[128.04478,37.0498],[128.04398,37.05071],[128.04202,37.05395],[128.04154,37.05641],[128.04062,37.05753],[128.0405,37.05905],[128.04092,37.06287],[128.03977,37.0632],[128.03665,37.06282],[128.03313,37.06153],[128.02909,37.0625],[128.02659,37.06183],[128.02476,37.06197],[128.02026,37.05979],[128.01886,37.06005],[128.0174,37.05898],[128.01385,37.05815],[128.01021,37.05891],[128.00865,37.05784],[128.00713,37.0575],[128.00538,37.05763],[128.00177,37.05864],[127.99912,37.0585],[127.99735,37.05955],[127.99359,37.05982],[127.99248,37.05874],[127.99158,37.05874],[127.9893,37.0566],[127.98731,37.05578],[127.9859,37.05477],[127.9805,37.05516],[127.97863,37.05361],[127.97802,37.0537],[127.97587,37.05307],[127.97381,37.054],[127.96916,37.05276],[127.96863,37.05206],[127.96698,37.05341],[127.96711,37.0549],[127.96669,37.05588],[127.96604,37.05611],[127.96444,37.05571],[127.96302,37.05748],[127.96134,37.05816],[127.96031,37.05742],[127.95993,37.05756],[127.95911,37.06151],[127.95749,37.06234],[127.95681,37.06324],[127.95508,37.0637],[127.95498,37.06414],[127.95349,37.06364],[127.95376,37.0631],[127.95354,37.06274],[127.95088,37.06019],[127.94843,37.06013],[127.94756,37.05964],[127.94667,37.06005],[127.94592,37.05827],[127.94471,37.05755],[127.94405,37.05779],[127.94321,37.05742],[127.9421,37.05848],[127.94133,37.05841],[127.94057,37.05772],[127.93968,37.05785],[127.9394,37.05854],[127.93967,37.05921],[127.93899,37.0598],[127.93744,37.05984],[127.93711,37.06031],[127.93593,37.06027],[127.93568,37.05991],[127.93432,37.05994],[127.93336,37.06076],[127.93199,37.06122],[127.93178,37.06032],[127.93104,37.05946],[127.93007,37.05981],[127.92935,37.05968],[127.92868,37.05913],[127.92662,37.05885],[127.92615,37.05852],[127.92568,37.05611],[127.9251,37.05517],[127.92364,37.05546],[127.92235,37.05626],[127.92252,37.0575],[127.92158,37.0593],[127.92055,37.05951],[127.92016,37.0599],[127.92051,37.06068],[127.91907,37.06138],[127.91879,37.0621],[127.9174,37.06224],[127.91733,37.06319],[127.91844,37.06437],[127.91862,37.0656],[127.91601,37.06555],[127.91511,37.06607],[127.91304,37.06632],[127.9116,37.06876],[127.90974,37.06837],[127.90857,37.06887],[127.90641,37.06839],[127.90493,37.06901],[127.90454,37.06954],[127.90251,37.06969]]]}},{"type":"Feature","properties":{"zoneId":"Z000200527","zoneName":"오창중학구","zoneType":"middle","level":"중학교","kind":"dedicated","oneWay":false,"sggCode":"114","eduCode":"8011000","eduName":"충청북도청주교육지원청","updatedAt":"2026-03-18"},"geometry":{"type":"Polygon","coordinates":[[[127.49711,36.78001],[127.49711,36.78001],[127.49464,36.77788],[127.49422,36.77683],[127.49208,36.77643],[127.49114,36.7749],[127.49131,36.77413],[127.49045,36.7738],[127.4878,36.77543],[127.48353,36.77621],[127.4818,36.776],[127.4806,36.77548],[127.48116,36.77441],[127.47939,36.77352],[127.47748,36.77305],[127.47466,36.77118],[127.47373,36.77015],[127.47041,36.76882],[127.46829,36.76931],[127.46736,36.76993],[127.46672,36.7695],[127.46585,36.76995],[127.46407,36.76969],[127.46174,36.77026],[127.46088,36.76976],[127.46039,36.76991],[127.45844,36.76579],[127.45764,36.76571],[127.45764,36.76526],[127.45692,36.76466],[127.45095,36.761],[127.4509,36.75998],[127.44989,36.75906],[127.44993,36.7562],[127.44861,36.7549],[127.44975,36.75302],[127.45094,36.74942],[127.44822,36.74883],[127.44803,36.74906],[127.4472,36.74886],[127.44575,36.74968],[127.44372,36.74873],[127.44316,36.74947],[127.44243,36.7494],[127.44172,36.75026],[127.44178,36.75131],[127.44135,36.75218],[127.44018,36.75249],[127.43912,36.75324],[127.43808,36.7533],[127.43738,36.75291],[127.43712,36.75228],[127.43615,36.75213],[127.4357,36.75153],[127.43274,36.75146],[127.43205,36.75198],[127.43054,36.75168],[127.43008,36.75093],[127.42782,36.75108],[127.42711,36.75081],[127.42675,36.75193],[127.42587,36.75224],[127.42584,36.75291],[127.42518,36.75352],[127.42537,36.75391],[127.42478,36.75482],[127.42513,36.75535],[127.42503,36.75593],[127.427,36.75648],[127.42694,36.7576],[127.42455,36.75772],[127.42446,36.75876],[127.42254,36.75845],[127.42231,36.758],[127.42144,36.75764],[127.4197,36.75766],[127.42015,36.75835],[127.42038,36.76093],[127.41718,36.76353],[127.41684,36.76426],[127.41708,36.76547],[127.41686,36.76632],[127.41504,36.76784],[127.41391,36.76985],[127.41425,36.77138],[127.41295,36.77322],[127.41266,36.77331],[127.41228,36.77285],[127.41085,36.77283],[127.40941,36.7732],[127.40865,36.77388],[127.40638,36.77383],[127.40444,36.77467],[127.40332,36.77447],[127.40326,36.77507],[127.4019,36.77571],[127.40085,36.7747],[127.40077,36.7744],[127.40124,36.77386],[127.40059,36.77352],[127.40122,36.77269],[127.39972,36.77058],[127.39984,36.76963],[127.39788,36.76903],[127.39807,36.76794],[127.39767,36.76771],[127.39726,36.76672],[127.39597,36.76685],[127.395,36.7661],[127.39303,36.76582],[127.39315,36.76441],[127.3925,36.7644],[127.39112,36.76362],[127.39229,36.7624],[127.3918,36.76188],[127.39168,36.76107],[127.39083,36.7607],[127.39029,36.75989],[127.38841,36.76027],[127.38761,36.75944],[127.38637,36.75929],[127.38726,36.75715],[127.38788,36.75681],[127.38719,36.7558],[127.38831,36.75494],[127.38866,36.75349],[127.3911,36.75263],[127.39365,36.75253],[127.39338,36.75195],[127.39463,36.75117],[127.39456,36.74982],[127.39514,36.74882],[127.39558,36.74899],[127.39602,36.74793],[127.3968,36.74783],[127.39635,36.74687],[127.39666,36.74642],[127.39786,36.74596],[127.39757,36.74532],[127.39834,36.74375],[127.39806,36.7426],[127.39875,36.74248],[127.40093,36.7398],[127.40147,36.7398],[127.40197,36.73855],[127.40074,36.73856],[127.40021,36.73798],[127.40025,36.73733],[127.39931,36.73741],[127.39697,36.73643],[127.39585,36.73674],[127.39563,36.73709],[127.39498,36.73677],[127.395,36.73567],[127.39471,36.73538],[127.39499,36.73455],[127.39363,36.73428],[127.39396,36.73413],[127.39376,36.73329],[127.39232,36.73341],[127.39212,36.73287],[127.39029,36.73287],[127.3882,36.73536],[127.38704,36.73489],[127.38658,36.73429],[127.38657,36.7328],[127.38593,36.73086],[127.38547,36.72989],[127.3841,36.7284],[127.38282,36.72809],[127.3813,36.72847],[127.38034,36.72956],[127.37957,36.7293],[127.37853,36.72839],[127.37972,36.72604],[127.379,36.72541],[127.38235,36.72426],[127.38258,36.72383],[127.38369,36.72358],[127.38419,36.72285],[127.38459,36.72283],[127.38593,36.72373],[127.38732,36.72328],[127.38854,36.72381],[127.38901,36.72338],[127.38996,36.72319],[127.39518,36.72391],[127.39759,36.72237],[127.39992,36.72279],[127.40056,36.72237],[127.40139,36.72236],[127.40201,36.72157],[127.40273,36.71947],[127.40348,36.7193],[127.40375,36.71888],[127.40493,36.71917],[127.4052,36.71992],[127.40599,36.71997],[127.40635,36.72058],[127.40777,36.72142],[127.40787,36.72203],[127.40956,36.72306],[127.40947,36.72362],[127.41044,36.7239],[127.41189,36.72305],[127.41302,36.72373],[127.4145,36.72366],[127.41489,36.72284],[127.41597,36.72244],[127.41754,36.72297],[127.41847,36.72361],[127.41867,36.7242],[127.41989,36.72462],[127.42049,36.72521],[127.42157,36.72774],[127.42514,36.73076],[127.42346,36.73202],[127.42376,36.73313],[127.42479,36.73396],[127.42616,36.73434],[127.42682,36.73588],[127.42829,36.73617],[127.43004,36.73706],[127.43102,36.73682],[127.43453,36.73741],[127.43578,36.73674],[127.43614,36.73529],[127.43477,36.73445],[127.43493,36.7333],[127.43431,36.73289],[127.43343,36.7305],[127.43357,36.72998],[127.43392,36.73012],[127.43404,36.7298],[127.43384,36.72923],[127.43454,36.72862],[127.43461,36.72802],[127.43589,36.72719],[127.43609,36.72633],[127.43661,36.72637],[127.43733,36.72593],[127.43848,36.72615],[127.43948,36.72567],[127.43997,36.7234],[127.43744,36.723],[127.43604,36.72195],[127.43879,36.72039],[127.43935,36.71962],[127.43924,36.71872],[127.43757,36.71635],[127.44063,36.71478],[127.44028,36.71434],[127.44125,36.71385],[127.4433,36.71632],[127.44363,36.71553],[127.44505,36.71544],[127.44772,36.7144],[127.44923,36.7147],[127.44963,36.71569],[127.45012,36.71544],[127.45131,36.71565],[127.45159,36.71538],[127.45274,36.71566],[127.45397,36.71678],[127.4543,36.71748],[127.45525,36.71676],[127.45771,36.71636],[127.45797,36.7162],[127.4576,36.71568],[127.45771,36.71531],[127.45942,36.71429],[127.4586,36.71297],[127.45792,36.71284],[127.45477,36.70743],[127.46265,36.70839],[127.46168,36.7065],[127.4648,36.70696],[127.46525,36.7078],[127.46696,36.70932],[127.4673,36.71034],[127.46806,36.71034],[127.47317,36.7149],[127.47735,36.71721],[127.47832,36.71874],[127.47921,36.72199],[127.47985,36.72168],[127.48519,36.72114],[127.48635,36.72151],[127.48628,36.7224],[127.48677,36.72302],[127.48682,36.72451],[127.48803,36.72642],[127.48737,36.72664],[127.48817,36.7299],[127.48925,36.73179],[127.48998,36.73436],[127.48829,36.73688],[127.48391,36.7375],[127.48489,36.73882],[127.4855,36.74034],[127.48632,36.74395],[127.48772,36.74654],[127.49352,36.7531],[127.4996,36.7583],[127.50277,36.7655],[127.5076,36.76785],[127.50935,36.76953],[127.5103,36.77233],[127.51027,36.77301],[127.50987,36.77274],[127.50918,36.7742],[127.50854,36.77702],[127.505,36.77948],[127.49711,36.78001]]]}},{"type":"Feature","properties":{"zoneId":"Z000210385","zoneName":"내수중학구오창중학구공동학구","zoneType":"middle","level":"중학교","kind":"shared","oneWay":false,"sggCode":"114","eduCode":"8011000","eduName":"충청북도청주교육지원청","updatedAt":"2024-02-27"},"geometry":{"type":"Polygon","coordinates":[[[127.49619,36.72903],[127.49615,36.72926],[127.49613,36.72947],[127.49768,36.72969],[127.49751,36.72998],[127.49802,36.73194],[127.49769,36.73198],[127.49431,36.73168],[127.4901,36.7295],[127.48877,36.72708],[127.48764,36.726],[127.48693,36.72475],[127.48677,36.72302],[127.48628,36.7224],[127.48684,36.72175],[127.48677,36.72105],[127.48506,36.71886],[127.48598,36.71803],[127.48809,36.71743],[127.48881,36.71662],[127.48946,36.71678],[127.49158,36.71621],[127.49211,36.71566],[127.49436,36.71574],[127.49489,36.71534],[127.49716,36.71731],[127.49791,36.71832],[127.49831,36.72053],[127.49797,36.72095],[127.49693,36.72067],[127.49647,36.72097],[127.49611,36.72291],[127.49648,36.7234],[127.49645,36.72443],[127.49762,36.72523],[127.49796,36.72859],[127.49619,36.72903]]]}},{"type":"Feature","properties":{"zoneId":"Z000200565","zoneName":"정수중학구","zoneType":"middle","level":"중학교","kind":"dedicated","oneWay":false,"sggCode":"740","eduCode":"8071000","eduName":"충청북도영동교육지원청","updatedAt":"2016-08-12"},"geometry":{"type":"Polygon","coordinates":[[[127.60906,36.1847],[127.60894,36.18512],[127.60889,36.18543],[127.60825,36.18568],[127.60675,36.18534],[127.60578,36.18471],[127.60388,36.18543],[127.60176,36.18432],[127.59775,36.18491],[127.59743,36.18433],[127.59544,36.18295],[127.59494,36.18224],[127.59424,36.18218],[127.59491,36.17962],[127.59399,36.17817],[127.59306,36.17738],[127.5945,36.17553],[127.59555,36.1751],[127.59636,36.17433],[127.59863,36.1738],[127.6008,36.16974],[127.60148,36.16905],[127.6011,36.16825],[127.60109,36.16751],[127.60148,36.16701],[127.60101,36.16329],[127.6012,36.16118],[127.60166,36.16002],[127.5985,36.1549],[127.59767,36.15417],[127.59591,36.15349],[127.59502,36.15262],[127.59433,36.15128],[127.59341,36.15052],[127.59284,36.14763],[127.59205,36.14691],[127.5917,36.14596],[127.59186,36.14561],[127.59095,36.14483],[127.59081,36.14376],[127.59044,36.14333],[127.59054,36.14097],[127.59112,36.13949],[127.59073,36.1387],[127.5909,36.13729],[127.5903,36.13673],[127.59027,36.13578],[127.5895,36.13518],[127.58944,36.13474],[127.59026,36.1329],[127.59131,36.13248],[127.59256,36.1301],[127.59364,36.12942],[127.59375,36.12878],[127.59524,36.12818],[127.59587,36.12573],[127.59634,36.12545],[127.59863,36.12537],[127.5992,36.12294],[127.60321,36.12061],[127.60553,36.1182],[127.60599,36.11679],[127.60764,36.11708],[127.60858,36.11778],[127.60859,36.11844],[127.61009,36.11861],[127.61003,36.11736],[127.61073,36.11619],[127.61523,36.11641],[127.61703,36.11608],[127.61826,36.11776],[127.61948,36.11792],[127.62271,36.11953],[127.62354,36.11947],[127.62464,36.11886],[127.62815,36.11648],[127.63035,36.11639],[127.63036,36.11753],[127.63319,36.11908],[127.63409,36.11876],[127.63462,36.11912],[127.63565,36.11882],[127.6388,36.12007],[127.63948,36.11967],[127.64052,36.1197],[127.64144,36.12109],[127.64298,36.12204],[127.6435,36.12168],[127.6452,36.12193],[127.64972,36.12157],[127.65305,36.12168],[127.65421,36.12033],[127.65462,36.12067],[127.65822,36.11908],[127.65899,36.11836],[127.66059,36.11827],[127.66221,36.11739],[127.66371,36.11736],[127.66405,36.11752],[127.66414,36.11818],[127.6656,36.11872],[127.66908,36.11769],[127.67015,36.11777],[127.67124,36.11562],[127.67271,36.11625],[127.67249,36.11598],[127.67361,36.11599],[127.67406,36.11517],[127.6747,36.11504],[127.67549,36.11574],[127.6767,36.11581],[127.67658,36.11494],[127.67722,36.11412],[127.67658,36.11291],[127.67672,36.11192],[127.67765,36.1117],[127.67781,36.11134],[127.67844,36.1116],[127.67883,36.11122],[127.68084,36.11157],[127.68154,36.11087],[127.68182,36.10981],[127.68336,36.10912],[127.6855,36.10738],[127.68557,36.10876],[127.68701,36.10911],[127.68808,36.1098],[127.68841,36.11012],[127.68823,36.11056],[127.68851,36.11107],[127.69021,36.11224],[127.6905,36.11289],[127.69001,36.11311],[127.68937,36.11408],[127.68994,36.11584],[127.69074,36.1169],[127.69218,36.11748],[127.69288,36.11815],[127.69288,36.12087],[127.69341,36.12127],[127.69399,36.1234],[127.69441,36.12357],[127.69535,36.12549],[127.69591,36.12581],[127.69566,36.12643],[127.69628,36.12719],[127.69708,36.1292],[127.69712,36.13083],[127.69617,36.13367],[127.6959,36.13699],[127.69518,36.13734],[127.69462,36.13863],[127.69441,36.14392],[127.69189,36.14433],[127.69067,36.144],[127.68944,36.14454],[127.68851,36.14545],[127.68857,36.14588],[127.68785,36.14732],[127.68815,36.14792],[127.69077,36.14917],[127.69144,36.15002],[127.69143,36.15101],[127.69253,36.15333],[127.69097,36.1541],[127.69078,36.15462],[127.69116,36.15526],[127.69047,36.15665],[127.69054,36.15713],[127.68915,36.15818],[127.68811,36.16014],[127.68427,36.16029],[127.68245,36.16132],[127.68151,36.16265],[127.68305,36.16566],[127.68462,36.16656],[127.68409,36.16691],[127.68459,36.16755],[127.68321,36.16684],[127.68229,36.16554],[127.68202,36.1657],[127.68173,36.16671],[127.68025,36.16837],[127.68175,36.16981],[127.68231,36.17139],[127.6823,36.17244],[127.68189,36.17314],[127.68129,36.17343],[127.67839,36.17416],[127.67632,36.1771],[127.6761,36.17798],[127.6743,36.1784],[127.67118,36.17759],[127.67043,36.17829],[127.66774,36.17912],[127.666,36.17904],[127.66245,36.17819],[127.66177,36.1786],[127.65831,36.17859],[127.65771,36.1784],[127.65767,36.17777],[127.65622,36.17789],[127.65502,36.17761],[127.65426,36.17583],[127.65253,36.17445],[127.65201,36.17198],[127.64971,36.17071],[127.64854,36.17147],[127.6461,36.17131],[127.64386,36.17217],[127.64242,36.1743],[127.64059,36.17477],[127.63945,36.17581],[127.63886,36.17588],[127.63765,36.1775],[127.63589,36.17829],[127.63509,36.17802],[127.63444,36.17904],[127.63453,36.18071],[127.63365,36.18089],[127.62967,36.17869],[127.62902,36.17869],[127.62834,36.17918],[127.62778,36.17833],[127.62712,36.17797],[127.62531,36.17879],[127.62459,36.18038],[127.62392,36.18102],[127.62168,36.18099],[127.62081,36.18183],[127.61867,36.18174],[127.6176,36.18245],[127.61473,36.18339],[127.61434,36.18404],[127.6112,36.18322],[127.6099,36.18387],[127.60906,36.1847]]]}},{"type":"Feature","properties":{"zoneId":"Z000200591","zoneName":"단양중학구","zoneType":"middle","level":"중학교","kind":"dedicated","oneWay":false,"sggCode":"800","eduCode":"8111000","eduName":"충청북도단양교육지원청","updatedAt":"2016-08-12"},"geometry":{"type":"Polygon","coordinates":[[[128.37712,36.99871],[128.3765,36.99888],[128.37148,37.00084],[128.36856,37.00277],[128.36394,37.00487],[128.35913,37.00793],[128.3578,37.00815],[128.35471,37.00796],[128.35474,37.00753],[128.34954,37.00693],[128.34841,37.0065],[128.34609,37.00461],[128.34557,37.00385],[128.34503,37.00181],[128.34514,36.99965],[128.34547,36.99894],[128.34736,36.99709],[128.34399,36.99452],[128.34126,36.99627],[128.33695,36.99678],[128.33618,36.99576],[128.33414,36.99494],[128.33428,36.99457],[128.33364,36.9939],[128.33268,36.99354],[128.33131,36.99112],[128.329,36.9898],[128.32922,36.98911],[128.32737,36.9867],[128.32772,36.98518],[128.33282,36.98355],[128.33333,36.98289],[128.33524,36.9819],[128.33726,36.98099],[128.33955,36.98047],[128.34196,36.97915],[128.34113,36.97814],[128.3401,36.97497],[128.34057,36.97315],[128.33952,36.97374],[128.33801,36.97262],[128.33694,36.97103],[128.33559,36.96804],[128.33581,36.96545],[128.33554,36.96387],[128.33597,36.96209],[128.33586,36.96128],[128.33526,36.96072],[128.33561,36.95933],[128.32898,36.95446],[128.32418,36.95204],[128.32432,36.95025],[128.32523,36.9491],[128.32427,36.94732],[128.32358,36.94678],[128.32356,36.94638],[128.32498,36.94563],[128.32479,36.94488],[128.32423,36.94444],[128.32499,36.94359],[128.32483,36.94339],[128.32703,36.94248],[128.32689,36.9415],[128.32704,36.94096],[128.32742,36.94096],[128.32819,36.93735],[128.32937,36.93768],[128.33104,36.9389],[128.33274,36.93876],[128.33549,36.93983],[128.33633,36.93915],[128.33703,36.9373],[128.33853,36.93703],[128.34003,36.93755],[128.34157,36.93706],[128.34408,36.93569],[128.34497,36.93442],[128.34728,36.93436],[128.34791,36.93193],[128.34862,36.93141],[128.3502,36.93103],[128.3503,36.93045],[128.35225,36.93015],[128.35209,36.93148],[128.35322,36.93258],[128.35335,36.9332],[128.35603,36.93404],[128.35614,36.93454],[128.35696,36.93536],[128.35738,36.93529],[128.35804,36.93575],[128.35972,36.93459],[128.36195,36.93648],[128.36741,36.93554],[128.36847,36.93442],[128.36887,36.93345],[128.36863,36.9324],[128.36913,36.93211],[128.37036,36.93252],[128.37117,36.93201],[128.37382,36.93206],[128.37513,36.93027],[128.37581,36.92989],[128.37632,36.92989],[128.37798,36.93094],[128.37897,36.93092],[128.38068,36.92962],[128.38219,36.92992],[128.38432,36.92857],[128.38442,36.92797],[128.38708,36.92697],[128.38858,36.92783],[128.39501,36.92792],[128.39566,36.92766],[128.39658,36.92801],[128.39689,36.92856],[128.39812,36.92857],[128.39921,36.92798],[128.40019,36.92801],[128.40147,36.92744],[128.40251,36.9275],[128.40512,36.92646],[128.41039,36.92625],[128.41191,36.92507],[128.41466,36.9243],[128.41801,36.92414],[128.41876,36.92491],[128.42082,36.92438],[128.42304,36.92511],[128.42547,36.92721],[128.42563,36.92804],[128.42644,36.92868],[128.42747,36.92864],[128.42826,36.92966],[128.42942,36.93023],[128.43287,36.92963],[128.43529,36.92984],[128.43605,36.92945],[128.43759,36.92951],[128.43842,36.92903],[128.44073,36.92874],[128.44174,36.92771],[128.44159,36.92735],[128.44321,36.92752],[128.44546,36.92813],[128.44607,36.92876],[128.45044,36.93079],[128.45198,36.93053],[128.45267,36.93072],[128.45598,36.93405],[128.4582,36.9343],[128.4604,36.93401],[128.46019,36.93772],[128.46087,36.93924],[128.46144,36.93956],[128.46204,36.94144],[128.46342,36.94376],[128.46278,36.94738],[128.46707,36.95073],[128.46717,36.95145],[128.47229,36.95449],[128.47314,36.95535],[128.47414,36.95562],[128.47547,36.95687],[128.47705,36.95744],[128.47657,36.95807],[128.47604,36.95988],[128.47467,36.96058],[128.46878,36.96099],[128.46811,36.96164],[128.46339,36.96233],[128.46235,36.96178],[128.45912,36.96156],[128.45592,36.96323],[128.45064,36.96437],[128.4491,36.9655],[128.44778,36.96507],[128.44583,36.96533],[128.44483,36.96512],[128.44153,36.96743],[128.44022,36.96943],[128.43647,36.97184],[128.43451,36.97201],[128.43233,36.97331],[128.4304,36.97399],[128.42983,36.97447],[128.42943,36.97575],[128.42855,36.97683],[128.42703,36.97763],[128.42674,36.97927],[128.42583,36.98089],[128.42498,36.9812],[128.4218,36.98127],[128.42007,36.98335],[128.42021,36.98485],[128.42052,36.98516],[128.42043,36.9872],[128.41672,36.98701],[128.41565,36.98733],[128.41312,36.99028],[128.41093,36.99123],[128.41044,36.991],[128.40898,36.99137],[128.40611,36.99324],[128.40411,36.99362],[128.4008,36.99269],[128.40056,36.99221],[128.39743,36.99211],[128.39596,36.9928],[128.39338,36.99201],[128.39184,36.9927],[128.38982,36.99283],[128.38953,36.99318],[128.38943,36.99444],[128.38871,36.99507],[128.38604,36.99561],[128.38505,36.99622],[128.38509,36.99709],[128.38432,36.99973],[128.38004,36.99863],[128.37712,36.99871]]]}},{"type":"Feature","properties":{"zoneId":"Z000210043","zoneName":"제7학교군조치원학군공동학구","zoneType":"middle","level":"중학교","kind":"shared","oneWay":false,"sggCode":"113","eduCode":"8011000","eduName":"충청북도청주교육지원청","updatedAt":"2025-02-24"},"geometry":{"type":"Polygon","coordinates":[[[127.32457,36.66582],[127.32452,36.6659],[127.3234,36.66785],[127.32268,36.66837],[127.32092,36.66797],[127.31946,36.66684],[127.31926,36.66591],[127.31794,36.66559],[127.31701,36.66578],[127.31496,36.66508],[127.31433,36.66439],[127.31197,36.66536],[127.31152,36.66662],[127.31001,36.66673],[127.30928,36.66631],[127.3084,36.66656],[127.30687,36.66633],[127.30586,36.66743],[127.30509,36.66757],[127.30389,36.66706],[127.30232,36.66575],[127.30122,36.66408],[127.30102,36.66206],[127.30145,36.66007],[127.30113,36.65891],[127.30135,36.65806],[127.30106,36.6575],[127.30189,36.65645],[127.30194,36.65528],[127.3017,36.65402],[127.30119,36.65355],[127.30122,36.65283],[127.3008,36.65225],[127.30051,36.65042],[127.30211,36.64861],[127.3019,36.6475],[127.30201,36.64639],[127.30232,36.64611],[127.30097,36.64384],[127.29999,36.64309],[127.29991,36.64236],[127.30073,36.64175],[127.30164,36.63953],[127.30237,36.63908],[127.30282,36.63767],[127.30224,36.63721],[127.30245,36.63629],[127.30494,36.6368],[127.3048,36.6362],[127.30558,36.63618],[127.30558,36.63558],[127.30702,36.63393],[127.30725,36.63406],[127.30863,36.6331],[127.31106,36.63785],[127.31118,36.6393],[127.31241,36.64119],[127.31342,36.64172],[127.31407,36.64153],[127.31568,36.64335],[127.31642,36.64373],[127.31871,36.64382],[127.31904,36.64671],[127.32024,36.64828],[127.32148,36.64923],[127.32134,36.65022],[127.32251,36.65242],[127.321,36.65417],[127.321,36.65524],[127.32148,36.65571],[127.32133,36.65633],[127.32095,36.65684],[127.31995,36.65716],[127.31965,36.65821],[127.32015,36.65961],[127.32104,36.66051],[127.32185,36.66084],[127.32185,36.66162],[127.3239,36.66248],[127.32363,36.66311],[127.32484,36.66415],[127.32457,36.66582]]]}},{"type":"Feature","properties":{"zoneId":"Z000200530","zoneName":"제2학교군","zoneType":"middle","level":"중학교","kind":"dedicated","oneWay":false,"sggCode":"114","eduCode":"8011000","eduName":"충청북도청주교육지원청","updatedAt":"2025-02-24"},"geometry":{"type":"Polygon","coordinates":[[[127.48679,36.72115],[127.48681,36.72128],[127.48684,36.72175],[127.48628,36.7224],[127.48635,36.72151],[127.48519,36.72114],[127.47985,36.72168],[127.47921,36.72199],[127.47832,36.71874],[127.47735,36.71721],[127.47317,36.7149],[127.46806,36.71034],[127.4673,36.71034],[127.46632,36.70852],[127.46506,36.70758],[127.46482,36.70668],[127.46532,36.70508],[127.46523,36.70437],[127.46446,36.70415],[127.4639,36.70195],[127.46382,36.70077],[127.46445,36.69869],[127.46383,36.69717],[127.46202,36.69613],[127.46218,36.69586],[127.45881,36.69519],[127.4532,36.69473],[127.45155,36.69305],[127.44955,36.69222],[127.44869,36.68894],[127.4475,36.68641],[127.44611,36.68573],[127.44664,36.68527],[127.44144,36.68457],[127.44562,36.68114],[127.44692,36.67861],[127.44878,36.67699],[127.45489,36.675],[127.45741,36.67374],[127.45982,36.67207],[127.47379,36.65699],[127.47982,36.64941],[127.48243,36.64513],[127.48356,36.64113],[127.48379,36.63646],[127.49,36.63693],[127.49043,36.63584],[127.49075,36.63679],[127.49209,36.63653],[127.49219,36.63614],[127.49534,36.63674],[127.49551,36.63718],[127.49715,36.63797],[127.49975,36.63815],[127.50122,36.63916],[127.5017,36.64012],[127.50171,36.64061],[127.50119,36.64101],[127.50133,36.64171],[127.50091,36.64374],[127.50228,36.64441],[127.50341,36.64435],[127.50399,36.64495],[127.50444,36.64549],[127.50491,36.64733],[127.50569,36.64739],[127.50654,36.64837],[127.50618,36.64874],[127.506,36.64991],[127.50842,36.65254],[127.50901,36.65264],[127.50956,36.65324],[127.51293,36.65295],[127.5134,36.65341],[127.51433,36.65325],[127.51571,36.65452],[127.51844,36.65487],[127.51926,36.65525],[127.51989,36.65589],[127.52168,36.65644],[127.52221,36.65704],[127.52439,36.65801],[127.52498,36.66019],[127.5256,36.66059],[127.52648,36.66055],[127.5283,36.66262],[127.53158,36.66329],[127.5338,36.66463],[127.53323,36.66491],[127.53271,36.66593],[127.53321,36.66656],[127.53377,36.66666],[127.53383,36.66719],[127.53506,36.66774],[127.53598,36.66915],[127.53703,36.66948],[127.53718,36.67034],[127.53661,36.672],[127.53837,36.67699],[127.53829,36.67761],[127.53882,36.67882],[127.54038,36.68021],[127.54053,36.68139],[127.54172,36.68206],[127.5422,36.68285],[127.54169,36.68343],[127.54071,36.68348],[127.53989,36.68488],[127.53876,36.68521],[127.53831,36.68587],[127.5381,36.68849],[127.53651,36.69172],[127.53645,36.69278],[127.53589,36.69335],[127.53478,36.69358],[127.53432,36.69401],[127.53258,36.69353],[127.53203,36.69406],[127.53196,36.69551],[127.52962,36.69533],[127.52784,36.69639],[127.52792,36.69719],[127.52709,36.69748],[127.52701,36.69797],[127.52591,36.6981],[127.52431,36.69901],[127.52276,36.69935],[127.52227,36.70087],[127.52284,36.70272],[127.52452,36.70491],[127.52476,36.70631],[127.52295,36.70884],[127.52326,36.71204],[127.52249,36.7141],[127.52206,36.71473],[127.5212,36.71516],[127.52076,36.71514],[127.51924,36.71385],[127.51907,36.71121],[127.51848,36.71042],[127.51707,36.70938],[127.5145,36.70904],[127.51275,36.70845],[127.51092,36.70464],[127.50972,36.70284],[127.50787,36.70103],[127.50804,36.7001],[127.50864,36.69948],[127.5083,36.69769],[127.50664,36.69628],[127.50416,36.69511],[127.50393,36.69295],[127.50327,36.69159],[127.50199,36.69086],[127.50168,36.69115],[127.50074,36.69095],[127.49918,36.69138],[127.49679,36.69106],[127.49641,36.69168],[127.49679,36.6962],[127.49797,36.69858],[127.49775,36.70058],[127.49885,36.70288],[127.49855,36.70348],[127.49745,36.7041],[127.4964,36.70523],[127.49637,36.70559],[127.49937,36.70669],[127.49995,36.70651],[127.50058,36.70705],[127.5003,36.7075],[127.50047,36.70807],[127.50093,36.70897],[127.50136,36.70917],[127.5011,36.71013],[127.50205,36.71145],[127.50049,36.7119],[127.50016,36.71242],[127.49958,36.71244],[127.49896,36.71306],[127.49931,36.71325],[127.49926,36.7137],[127.49865,36.71398],[127.49996,36.71451],[127.50068,36.71532],[127.50122,36.71681],[127.49958,36.71758],[127.49855,36.71737],[127.49754,36.7177],[127.49489,36.71534],[127.49436,36.71574],[127.49211,36.71566],[127.49158,36.71621],[127.48952,36.71677],[127.48881,36.71662],[127.48809,36.71743],[127.48598,36.71803],[127.48506,36.71886],[127.48679,36.72115]],[[127.47308,36.65998],[127.47254,36.66002],[127.46966,36.66324],[127.47181,36.66412],[127.47486,36.66053],[127.47399,36.66002],[127.47308,36.65998]]]}},{"type":"Feature","properties":{"zoneId":"Z000201457","zoneName":"제3학교군","zoneType":"middle","level":"중학교","kind":"dedicated","oneWay":false,"sggCode":"113","eduCode":"8011000","eduName":"충청북도청주교육지원청","updatedAt":"2025-02-24"},"geometry":{"type":"Polygon","coordinates":[[[127.44132,36.68457],[127.44125,36.68455],[127.4369,36.68347],[127.43495,36.68375],[127.43514,36.68324],[127.43664,36.68257],[127.42653,36.68097],[127.42022,36.68038],[127.41945,36.68073],[127.41677,36.68099],[127.40903,36.68092],[127.40322,36.67999],[127.39848,36.67596],[127.39526,36.67264],[127.39505,36.66983],[127.39614,36.67113],[127.39675,36.66478],[127.39687,36.66508],[127.39759,36.66499],[127.40376,36.6678],[127.41689,36.67074],[127.41943,36.66323],[127.42092,36.66403],[127.42172,36.66389],[127.42169,36.66291],[127.42388,36.66147],[127.42394,36.66069],[127.42368,36.66036],[127.42398,36.66014],[127.42357,36.6599],[127.42391,36.65908],[127.42333,36.65889],[127.42275,36.65815],[127.42294,36.65607],[127.42263,36.65515],[127.42319,36.65453],[127.4221,36.65306],[127.42819,36.65187],[127.43185,36.64621],[127.43269,36.64642],[127.43254,36.6471],[127.43354,36.64809],[127.43539,36.64877],[127.43719,36.65068],[127.44106,36.65065],[127.4415,36.65206],[127.44251,36.65351],[127.4443,36.65323],[127.44661,36.65229],[127.44992,36.6491],[127.44944,36.64816],[127.45107,36.64755],[127.4512,36.64647],[127.45275,36.64365],[127.45388,36.64354],[127.45351,36.63817],[127.46017,36.63982],[127.45946,36.63772],[127.46026,36.63781],[127.46171,36.63937],[127.46365,36.63819],[127.46464,36.63844],[127.46545,36.63776],[127.4669,36.63776],[127.46695,36.63986],[127.46895,36.63986],[127.46879,36.64283],[127.47334,36.64284],[127.48151,36.64666],[127.4797,36.64941],[127.47367,36.65699],[127.46061,36.67122],[127.45729,36.67374],[127.45478,36.675],[127.44866,36.677],[127.4468,36.67861],[127.4455,36.68114],[127.44132,36.68457]]]}},{"type":"Feature","properties":{"zoneId":"Z000210428","zoneName":"제3학교군제5학교군공동학구(여)","zoneType":"middle","level":"중학교","kind":"shared","oneWay":false,"sggCode":"113","eduCode":"8011000","eduName":"충청북도청주교육지원청","updatedAt":"2025-02-24"},"geometry":{"type":"Polygon","coordinates":[[[127.48322,36.64291],[127.4831,36.64341],[127.48163,36.64666],[127.47346,36.64284],[127.46899,36.64283],[127.46895,36.63986],[127.46695,36.63986],[127.4669,36.63776],[127.46545,36.63776],[127.46464,36.63844],[127.46365,36.63819],[127.46171,36.63937],[127.46026,36.63781],[127.45946,36.63772],[127.45946,36.63706],[127.46017,36.63492],[127.46939,36.63547],[127.47528,36.63547],[127.48379,36.63646],[127.48382,36.63858],[127.48322,36.64291]]]}},{"type":"Feature","properties":{"zoneId":"Z000210423","zoneName":"제5학교군현도중공동(일방)학교군(구)","zoneType":"middle","level":"중학교","kind":"shared","oneWay":true,"sggCode":"112","eduCode":"8011000","eduName":"충청북도청주교육지원청","updatedAt":"2025-02-24"},"geometry":{"type":"Polygon","coordinates":[[[127.49773,36.6099],[127.49769,36.61007],[127.49611,36.61364],[127.49364,36.61792],[127.49331,36.62217],[127.49282,36.62339],[127.49103,36.62465],[127.48389,36.62844],[127.48187,36.63063],[127.48172,36.63258],[127.48379,36.63646],[127.47528,36.63547],[127.46915,36.63545],[127.46017,36.63492],[127.46367,36.62487],[127.46485,36.62373],[127.46716,36.62266],[127.46648,36.62194],[127.46645,36.62145],[127.46413,36.6206],[127.46367,36.62013],[127.46404,36.61923],[127.46451,36.61898],[127.46436,36.61817],[127.46357,36.61793],[127.46303,36.61662],[127.46132,36.61501],[127.45635,36.61478],[127.45352,36.61183],[127.45208,36.60982],[127.44583,36.6127],[127.44627,36.61154],[127.4433,36.6101],[127.44262,36.61009],[127.44044,36.61274],[127.43762,36.61144],[127.43748,36.61085],[127.43664,36.6104],[127.43694,36.60824],[127.43662,36.60731],[127.43586,36.60643],[127.43422,36.60592],[127.43414,36.6053],[127.43443,36.60492],[127.43416,36.60397],[127.43332,36.60282],[127.43423,36.60153],[127.43585,36.60253],[127.43811,36.60233],[127.43863,36.60196],[127.43927,36.60232],[127.43914,36.60331],[127.43972,36.60378],[127.43952,36.6042],[127.44062,36.60541],[127.44149,36.60588],[127.44219,36.60564],[127.44232,36.60425],[127.443,36.60356],[127.44291,36.60291],[127.44362,36.6006],[127.44322,36.59941],[127.4448,36.59729],[127.4473,36.5959],[127.44856,36.5937],[127.44964,36.59289],[127.45039,36.59125],[127.44987,36.59012],[127.44976,36.58881],[127.44807,36.5891],[127.44315,36.58809],[127.44246,36.5875],[127.44267,36.58683],[127.44119,36.58604],[127.4407,36.58502],[127.43794,36.58536],[127.43718,36.58497],[127.43625,36.5826],[127.43578,36.58225],[127.43555,36.58029],[127.43492,36.57884],[127.43417,36.57794],[127.43081,36.5776],[127.43075,36.57642],[127.42994,36.57583],[127.42993,36.57489],[127.42879,36.57392],[127.42895,36.57268],[127.42853,36.57012],[127.42895,36.56901],[127.42769,36.56877],[127.4279,36.56822],[127.42694,36.56785],[127.4246,36.56802],[127.42378,36.56762],[127.42383,36.56686],[127.42335,36.56664],[127.42286,36.56568],[127.42195,36.5655],[127.42137,36.56426],[127.41907,36.56384],[127.41995,36.56187],[127.4199,36.56005],[127.42048,36.55871],[127.4196,36.55805],[127.41891,36.55656],[127.41812,36.55607],[127.41794,36.555],[127.41696,36.55454],[127.41637,36.55385],[127.41596,36.55254],[127.41668,36.55075],[127.41531,36.55026],[127.41426,36.54883],[127.41359,36.54861],[127.41439,36.5481],[127.41701,36.54739],[127.41781,36.5466],[127.42107,36.54657],[127.42209,36.54606],[127.42415,36.54589],[127.4257,36.54476],[127.42904,36.54544],[127.43026,36.5453],[127.43042,36.54445],[127.43177,36.5459],[127.43218,36.54595],[127.43251,36.54659],[127.43281,36.5465],[127.43276,36.54689],[127.4344,36.54705],[127.43499,36.54671],[127.43699,36.54741],[127.43885,36.54857],[127.44169,36.54877],[127.4452,36.54972],[127.44608,36.55027],[127.44678,36.54974],[127.44761,36.54987],[127.44926,36.54892],[127.44936,36.54845],[127.45065,36.54745],[127.45279,36.54738],[127.4546,36.54844],[127.45698,36.54899],[127.45898,36.54838],[127.45902,36.54941],[127.46097,36.55269],[127.46177,36.55497],[127.4616,36.55535],[127.46215,36.55569],[127.46386,36.55567],[127.46571,36.55741],[127.46738,36.55766],[127.4685,36.55864],[127.46828,36.55967],[127.46863,36.5599],[127.46891,36.56123],[127.46725,36.56207],[127.46744,36.56301],[127.46703,36.56376],[127.46757,36.56427],[127.46837,36.56649],[127.46838,36.56698],[127.4677,36.56795],[127.46813,36.56865],[127.46781,36.56979],[127.46844,36.57165],[127.46818,36.57209],[127.46866,36.573],[127.46854,36.57349],[127.46912,36.57338],[127.47073,36.57491],[127.47046,36.57543],[127.47087,36.57594],[127.47069,36.57726],[127.47179,36.57803],[127.47292,36.57811],[127.47406,36.57874],[127.47377,36.58006],[127.47408,36.58108],[127.47528,36.58081],[127.47855,36.58118],[127.47938,36.5819],[127.48008,36.58175],[127.48044,36.58266],[127.48263,36.58307],[127.4837,36.58264],[127.48566,36.58403],[127.48634,36.58383],[127.48557,36.58265],[127.48603,36.58237],[127.4882,36.58194],[127.4896,36.58235],[127.49019,36.58313],[127.49112,36.58313],[127.49167,36.58256],[127.49255,36.58321],[127.49131,36.58466],[127.49892,36.58837],[127.49851,36.58894],[127.49909,36.5896],[127.49833,36.59068],[127.49774,36.59248],[127.49819,36.6023],[127.49773,36.6099]]]}},{"type":"Feature","properties":{"zoneId":"Z000210424","zoneName":"제4학교군제5학교군공동학구 및 제5학교군현도중공동(일방)학교군(구)","zoneType":"middle","level":"중학교","kind":"shared","oneWay":true,"sggCode":"112","eduCode":"8011000","eduName":"충청북도청주교육지원청","updatedAt":"2025-02-24"},"geometry":{"type":"Polygon","coordinates":[[[127.41549,36.60673],[127.41548,36.60673],[127.41476,36.60674],[127.41292,36.60587],[127.41151,36.60481],[127.41136,36.60398],[127.41002,36.60278],[127.40923,36.60265],[127.40725,36.60102],[127.40724,36.59991],[127.40627,36.59833],[127.40245,36.59696],[127.40102,36.59604],[127.40053,36.59404],[127.39804,36.59054],[127.39494,36.58851],[127.39202,36.58584],[127.3909,36.58569],[127.3896,36.58496],[127.38878,36.58408],[127.38808,36.5826],[127.38684,36.57726],[127.38773,36.57715],[127.38963,36.57538],[127.38985,36.57468],[127.39065,36.57454],[127.39121,36.57528],[127.39394,36.57606],[127.39436,36.57722],[127.39534,36.57722],[127.39603,36.57785],[127.39817,36.57766],[127.39954,36.57843],[127.39998,36.5768],[127.39958,36.5758],[127.39971,36.5752],[127.40201,36.57461],[127.4022,36.57409],[127.4018,36.57348],[127.39986,36.57239],[127.39956,36.57051],[127.40074,36.57011],[127.40269,36.57067],[127.4035,36.57053],[127.40409,36.57105],[127.40444,36.57017],[127.40627,36.5693],[127.40741,36.5694],[127.40917,36.569],[127.409,36.56762],[127.40785,36.56638],[127.40684,36.56603],[127.40608,36.56672],[127.40378,36.5661],[127.4033,36.56531],[127.40342,36.56505],[127.40232,36.56425],[127.40292,36.5637],[127.40311,36.56288],[127.40428,36.56259],[127.40487,36.55956],[127.40578,36.55895],[127.40592,36.5584],[127.40688,36.55825],[127.40717,36.55783],[127.40704,36.5557],[127.4076,36.55485],[127.40742,36.55419],[127.40778,36.55357],[127.40773,36.55286],[127.40649,36.54978],[127.40771,36.5478],[127.41051,36.54757],[127.41088,36.54787],[127.41303,36.54796],[127.41359,36.54861],[127.41426,36.54883],[127.41531,36.55026],[127.41668,36.55075],[127.41596,36.55254],[127.41637,36.55385],[127.41696,36.55454],[127.41794,36.555],[127.41812,36.55607],[127.41891,36.55656],[127.4196,36.55805],[127.42048,36.55871],[127.4199,36.56005],[127.41995,36.56187],[127.41907,36.56384],[127.42137,36.56426],[127.42195,36.5655],[127.42286,36.56568],[127.42335,36.56664],[127.42383,36.56686],[127.42378,36.56762],[127.4246,36.56802],[127.42694,36.56785],[127.4279,36.56822],[127.42769,36.56877],[127.42895,36.56901],[127.42853,36.57012],[127.42895,36.57268],[127.42879,36.57392],[127.42993,36.57489],[127.42994,36.57583],[127.43075,36.57642],[127.43081,36.5776],[127.43417,36.57794],[127.43492,36.57884],[127.43555,36.58029],[127.43578,36.58225],[127.43625,36.5826],[127.43718,36.58497],[127.43794,36.58536],[127.4407,36.58502],[127.44119,36.58604],[127.44267,36.58683],[127.44246,36.5875],[127.44315,36.58809],[127.44807,36.5891],[127.44976,36.58881],[127.44987,36.59012],[127.45039,36.59125],[127.44964,36.59289],[127.44856,36.5937],[127.44774,36.59542],[127.4448,36.59729],[127.44334,36.5992],[127.44366,36.60024],[127.44291,36.60291],[127.443,36.60356],[127.44232,36.60425],[127.44222,36.60559],[127.44195,36.60576],[127.44101,36.60574],[127.43969,36.60441],[127.43948,36.60408],[127.43972,36.60378],[127.43914,36.60331],[127.43929,36.60236],[127.43903,36.60212],[127.43843,36.60193],[127.43811,36.60233],[127.43585,36.60253],[127.43423,36.60153],[127.4344,36.59996],[127.43384,36.59865],[127.43186,36.5992],[127.42765,36.59955],[127.42676,36.60039],[127.42651,36.60023],[127.42631,36.59873],[127.42466,36.59838],[127.4243,36.59771],[127.42377,36.59754],[127.42231,36.59747],[127.42161,36.59649],[127.42077,36.59677],[127.41948,36.5966],[127.41909,36.59723],[127.41958,36.59922],[127.41893,36.59998],[127.41887,36.60079],[127.4184,36.60118],[127.4187,36.60237],[127.41654,36.60329],[127.41633,36.60361],[127.41675,36.60455],[127.41542,36.60486],[127.41542,36.60607],[127.41601,36.60669],[127.41549,36.60673]]]}},{"type":"Feature","properties":{"zoneId":"Z000200553","zoneName":"보덕중학구","zoneType":"middle","level":"중학교","kind":"dedicated","oneWay":false,"sggCode":"720","eduCode":"8051000","eduName":"충청북도보은교육지원청","updatedAt":"2016-08-12"},"geometry":{"type":"Polygon","coordinates":[[[127.80386,36.49215],[127.80255,36.49279],[127.79981,36.49148],[127.79806,36.49017],[127.79513,36.48931],[127.79336,36.48963],[127.79225,36.48914],[127.7897,36.48542],[127.78666,36.48711],[127.7846,36.48733],[127.78385,36.4879],[127.7821,36.48771],[127.78068,36.48698],[127.77722,36.4867],[127.77582,36.48581],[127.77373,36.48529],[127.77337,36.48415],[127.77377,36.48116],[127.77455,36.48008],[127.77434,36.47952],[127.77555,36.47903],[127.77565,36.47755],[127.7753,36.4765],[127.77424,36.47617],[127.77331,36.47535],[127.77405,36.47374],[127.77404,36.47263],[127.77449,36.47148],[127.77491,36.47083],[127.77624,36.4708],[127.77619,36.46951],[127.77472,36.4681],[127.77546,36.46709],[127.77596,36.46692],[127.7752,36.46465],[127.77504,36.46292],[127.77435,36.46214],[127.77473,36.4612],[127.7757,36.46102],[127.77653,36.45947],[127.77802,36.45781],[127.77898,36.45753],[127.7781,36.45696],[127.77725,36.45546],[127.77739,36.45444],[127.77695,36.45424],[127.77717,36.45338],[127.77367,36.45228],[127.77321,36.4526],[127.77161,36.45125],[127.77168,36.44938],[127.77122,36.44789],[127.77058,36.44706],[127.77159,36.44631],[127.77223,36.44625],[127.77217,36.44531],[127.77151,36.44445],[127.77146,36.44277],[127.77015,36.44186],[127.77006,36.44101],[127.76913,36.44042],[127.76766,36.44036],[127.76771,36.43955],[127.76721,36.43884],[127.76567,36.43818],[127.76466,36.43825],[127.76326,36.43787],[127.76197,36.43569],[127.76086,36.4355],[127.76083,36.43442],[127.75137,36.43145],[127.75168,36.43048],[127.75464,36.42612],[127.75672,36.42543],[127.7593,36.42538],[127.76129,36.42464],[127.76446,36.41997],[127.76693,36.41944],[127.76569,36.41853],[127.76673,36.41785],[127.76982,36.41684],[127.76815,36.41539],[127.76777,36.41444],[127.76794,36.41414],[127.76625,36.41153],[127.76674,36.41112],[127.76702,36.40916],[127.76987,36.40806],[127.77056,36.40597],[127.77096,36.40579],[127.77138,36.40495],[127.77184,36.40491],[127.77241,36.40306],[127.77328,36.40158],[127.77113,36.40219],[127.77051,36.40056],[127.76925,36.40027],[127.76906,36.39976],[127.76645,36.39846],[127.76619,36.39766],[127.76478,36.39692],[127.76278,36.39497],[127.7624,36.39347],[127.76396,36.39174],[127.76502,36.39122],[127.76563,36.38997],[127.76851,36.38889],[127.77079,36.38748],[127.77295,36.38761],[127.77583,36.38731],[127.77712,36.38753],[127.77741,36.38826],[127.7788,36.38881],[127.78138,36.38887],[127.78273,36.38731],[127.78559,36.38704],[127.78745,36.38753],[127.79065,36.389],[127.79403,36.38626],[127.79476,36.38468],[127.79741,36.38356],[127.79989,36.38371],[127.80062,36.38245],[127.80289,36.38254],[127.80747,36.38202],[127.81034,36.38238],[127.81327,36.38175],[127.81856,36.38165],[127.81915,36.3809],[127.8228,36.37992],[127.82318,36.37956],[127.82304,36.37906],[127.82399,36.37868],[127.82439,36.377],[127.82757,36.37547],[127.8286,36.37404],[127.83045,36.3743],[127.83163,36.37398],[127.83199,36.37325],[127.83159,36.37038],[127.83253,36.36962],[127.83264,36.36915],[127.83494,36.36897],[127.83591,36.36929],[127.83722,36.37325],[127.83797,36.37327],[127.84036,36.37223],[127.8407,36.37236],[127.84188,36.37164],[127.84722,36.37198],[127.84771,36.3716],[127.84848,36.37155],[127.85036,36.37193],[127.85321,36.3711],[127.85475,36.37244],[127.85635,36.37241],[127.85887,36.37416],[127.86122,36.37394],[127.86318,36.37428],[127.86414,36.37344],[127.86649,36.37308],[127.87049,36.37365],[127.87191,36.37213],[127.87499,36.37081],[127.8765,36.37164],[127.87891,36.3713],[127.8799,36.37145],[127.88047,36.37237],[127.88202,36.37304],[127.8831,36.37417],[127.88365,36.37572],[127.88313,36.37736],[127.88394,36.37931],[127.88733,36.38007],[127.88823,36.38084],[127.88836,36.38139],[127.88921,36.3809],[127.89023,36.38095],[127.89042,36.3827],[127.89132,36.38514],[127.89317,36.38584],[127.89353,36.38646],[127.89306,36.38676],[127.89355,36.38906],[127.8952,36.38893],[127.89604,36.38945],[127.89646,36.38918],[127.89746,36.38929],[127.90049,36.39044],[127.90156,36.38943],[127.90242,36.39039],[127.90372,36.39088],[127.90411,36.39255],[127.90677,36.39242],[127.90874,36.3934],[127.90889,36.39488],[127.90952,36.39576],[127.90887,36.3963],[127.90905,36.39664],[127.90872,36.39703],[127.90708,36.39795],[127.90561,36.40003],[127.90345,36.40128],[127.90306,36.40192],[127.90228,36.40225],[127.901,36.40223],[127.90054,36.40268],[127.90062,36.40355],[127.89999,36.40511],[127.90002,36.4059],[127.90102,36.40628],[127.90114,36.40678],[127.89975,36.40789],[127.89964,36.40909],[127.90045,36.41004],[127.89905,36.41137],[127.899,36.41197],[127.89828,36.41298],[127.89685,36.41349],[127.89658,36.414],[127.89581,36.4142],[127.89456,36.41543],[127.89475,36.41646],[127.89439,36.41847],[127.89399,36.41895],[127.89584,36.42056],[127.89743,36.42257],[127.89543,36.4248],[127.89546,36.42559],[127.89487,36.42697],[127.8936,36.42886],[127.89373,36.42956],[127.89312,36.42976],[127.89257,36.43099],[127.88853,36.43084],[127.8871,36.42964],[127.88685,36.42825],[127.88633,36.428],[127.8855,36.42593],[127.88456,36.42587],[127.88272,36.42435],[127.87851,36.42437],[127.87778,36.42394],[127.87368,36.42385],[127.87299,36.42428],[127.8738,36.42615],[127.87486,36.42707],[127.87545,36.42707],[127.8756,36.428],[127.87523,36.42897],[127.87547,36.42967],[127.87478,36.43096],[127.87512,36.43286],[127.8746,36.43334],[127.8745,36.43472],[127.87335,36.43636],[127.87358,36.43765],[127.87424,36.43831],[127.87224,36.44079],[127.87142,36.44104],[127.87139,36.44157],[127.87261,36.44167],[127.87313,36.44225],[127.87376,36.44473],[127.87342,36.44539],[127.87392,36.44729],[127.87477,36.44882],[127.87738,36.44939],[127.87832,36.45049],[127.87858,36.45236],[127.87924,36.45294],[127.87968,36.45407],[127.87879,36.45513],[127.87898,36.45774],[127.87984,36.4582],[127.8807,36.46052],[127.88196,36.46184],[127.88023,36.46487],[127.87906,36.46575],[127.87837,36.46708],[127.87428,36.4675],[127.87195,36.46829],[127.87073,36.4691],[127.86895,36.46832],[127.86601,36.46869],[127.86333,36.4699],[127.86179,36.46955],[127.86112,36.47016],[127.86085,36.46996],[127.86038,36.47065],[127.85893,36.47111],[127.85884,36.47149],[127.85752,36.47251],[127.85578,36.47558],[127.85457,36.47697],[127.85445,36.47849],[127.8536,36.47981],[127.84911,36.48269],[127.84856,36.48485],[127.84758,36.48577],[127.84635,36.48622],[127.84177,36.48456],[127.8405,36.48529],[127.83761,36.48572],[127.83676,36.48619],[127.83543,36.48883],[127.83384,36.48877],[127.83225,36.49006],[127.828,36.49102],[127.82645,36.49086],[127.82467,36.49157],[127.82198,36.49053],[127.82068,36.48944],[127.81849,36.49104],[127.81559,36.49104],[127.81289,36.4921],[127.81079,36.49233],[127.80931,36.49198],[127.80801,36.49227],[127.80616,36.49204],[127.80459,36.49243],[127.80386,36.49215]]]}},{"type":"Feature","properties":{"zoneId":"Z000200556","zoneName":"회인중학구","zoneType":"middle","level":"중학교","kind":"dedicated","oneWay":false,"sggCode":"720","eduCode":"8051000","eduName":"충청북도보은교육지원청","updatedAt":"2016-08-12"},"geometry":{"type":"Polygon","coordinates":[[[127.61395,36.55],[127.61331,36.55049],[127.61236,36.55143],[127.61166,36.55148],[127.60884,36.55034],[127.60858,36.54973],[127.60711,36.54954],[127.6048,36.54851],[127.60431,36.54861],[127.60359,36.54791],[127.60144,36.54844],[127.59897,36.54833],[127.5961,36.54644],[127.59424,36.54628],[127.59375,36.5459],[127.59364,36.54523],[127.59185,36.54353],[127.58957,36.54331],[127.58879,36.54378],[127.58788,36.54383],[127.58578,36.54328],[127.58516,36.54259],[127.58285,36.54168],[127.58186,36.54209],[127.58085,36.54196],[127.58013,36.54072],[127.58036,36.53868],[127.57966,36.53819],[127.57952,36.53727],[127.57693,36.5376],[127.57633,36.53712],[127.57475,36.53708],[127.57184,36.53603],[127.56959,36.53458],[127.56871,36.53288],[127.56753,36.53255],[127.56663,36.53124],[127.56499,36.53062],[127.56532,36.52953],[127.56796,36.52691],[127.5686,36.52417],[127.56919,36.52368],[127.56943,36.52137],[127.57093,36.51852],[127.57218,36.51784],[127.57331,36.51645],[127.57266,36.51589],[127.57295,36.51443],[127.57275,36.51354],[127.57322,36.51159],[127.57274,36.51112],[127.573,36.50931],[127.57354,36.50841],[127.57283,36.50813],[127.57161,36.50555],[127.57064,36.50552],[127.5709,36.50431],[127.57003,36.50322],[127.5707,36.50086],[127.57027,36.50034],[127.5702,36.49932],[127.57065,36.4992],[127.57111,36.49837],[127.57092,36.49806],[127.5712,36.49716],[127.57202,36.49643],[127.57242,36.49508],[127.57218,36.49347],[127.57457,36.49244],[127.57541,36.4916],[127.57629,36.49141],[127.57679,36.49048],[127.57845,36.49026],[127.57583,36.48992],[127.57348,36.48801],[127.5729,36.48658],[127.57032,36.48619],[127.56922,36.48519],[127.5673,36.48428],[127.56658,36.48326],[127.56707,36.48164],[127.5647,36.48068],[127.56444,36.48],[127.56274,36.48024],[127.56237,36.4786],[127.56075,36.47567],[127.55904,36.47498],[127.5597,36.47383],[127.55862,36.47207],[127.55818,36.47224],[127.55617,36.47182],[127.55706,36.46998],[127.55658,36.4679],[127.55567,36.46738],[127.55528,36.46645],[127.55566,36.46574],[127.55293,36.46475],[127.55431,36.46363],[127.55365,36.46238],[127.55373,36.46094],[127.55294,36.45971],[127.55319,36.45914],[127.55194,36.45652],[127.55097,36.45515],[127.54921,36.45459],[127.5491,36.45374],[127.54805,36.45283],[127.54801,36.45174],[127.54713,36.45152],[127.54654,36.45042],[127.546,36.45038],[127.54542,36.44866],[127.54575,36.44626],[127.55062,36.44582],[127.55291,36.44517],[127.55363,36.44447],[127.55527,36.44385],[127.55589,36.4434],[127.55639,36.44085],[127.55593,36.43857],[127.55437,36.43539],[127.55373,36.43263],[127.55344,36.43049],[127.55377,36.42939],[127.5534,36.42788],[127.55279,36.42714],[127.54521,36.42207],[127.54332,36.41928],[127.54284,36.41932],[127.54222,36.41878],[127.54184,36.41569],[127.54289,36.41208],[127.54557,36.40882],[127.54665,36.40877],[127.54862,36.40794],[127.54848,36.40775],[127.5501,36.40712],[127.5517,36.40549],[127.5532,36.40122],[127.55632,36.39967],[127.55878,36.39986],[127.55919,36.39915],[127.55968,36.39822],[127.55743,36.39731],[127.55723,36.39685],[127.5548,36.39498],[127.55373,36.3947],[127.55408,36.39282],[127.5548,36.39281],[127.5551,36.39398],[127.55596,36.39511],[127.55814,36.39657],[127.55814,36.39526],[127.56372,36.39766],[127.5656,36.39783],[127.56831,36.39937],[127.57327,36.40275],[127.57985,36.40785],[127.58103,36.40935],[127.58173,36.41158],[127.58189,36.41371],[127.58152,36.41512],[127.58259,36.41561],[127.58293,36.41616],[127.58338,36.41736],[127.5832,36.41848],[127.58361,36.41873],[127.58452,36.41724],[127.58487,36.41705],[127.5858,36.41732],[127.58629,36.41699],[127.58629,36.41643],[127.58517,36.41577],[127.5854,36.41519],[127.58718,36.41548],[127.58852,36.41502],[127.58788,36.41411],[127.58804,36.4129],[127.5895,36.41355],[127.58981,36.41331],[127.58985,36.41232],[127.5903,36.41186],[127.59104,36.41174],[127.59401,36.41319],[127.59429,36.41287],[127.59339,36.41151],[127.59398,36.41106],[127.59551,36.4112],[127.5965,36.4107],[127.59785,36.41183],[127.59863,36.41196],[127.59909,36.41031],[127.59904,36.40934],[127.59846,36.40821],[127.59887,36.40778],[127.60098,36.40717],[127.60165,36.40737],[127.60207,36.40901],[127.6025,36.40954],[127.60445,36.40857],[127.60467,36.40803],[127.60371,36.40768],[127.60348,36.40729],[127.60409,36.40568],[127.60409,36.40397],[127.60699,36.40352],[127.60759,36.40298],[127.60807,36.40324],[127.60985,36.40301],[127.61182,36.4032],[127.61338,36.40421],[127.61409,36.40509],[127.61451,36.40663],[127.6158,36.40736],[127.61571,36.40828],[127.61643,36.4086],[127.61678,36.40919],[127.61656,36.40971],[127.61719,36.41054],[127.61691,36.41111],[127.6175,36.41198],[127.61717,36.41366],[127.61764,36.41509],[127.61797,36.41532],[127.61734,36.41736],[127.61932,36.41792],[127.61768,36.41872],[127.61491,36.41896],[127.61402,36.41962],[127.61294,36.41984],[127.6154,36.42145],[127.61548,36.42208],[127.61489,36.42264],[127.61482,36.42352],[127.61553,36.42537],[127.61611,36.42605],[127.61616,36.42714],[127.61906,36.4292],[127.61999,36.43066],[127.6205,36.43255],[127.61958,36.43359],[127.61973,36.43659],[127.62122,36.43705],[127.62099,36.43914],[127.62163,36.43963],[127.61885,36.44164],[127.61708,36.44165],[127.61642,36.44208],[127.61554,36.4459],[127.61442,36.44696],[127.61577,36.44848],[127.61536,36.44975],[127.61619,36.45122],[127.61606,36.45182],[127.61649,36.45254],[127.61557,36.45363],[127.61563,36.45407],[127.61776,36.45465],[127.61788,36.45528],[127.61877,36.45627],[127.61957,36.45631],[127.62032,36.45726],[127.62134,36.45763],[127.62166,36.45811],[127.62305,36.45798],[127.62335,36.45894],[127.62434,36.45956],[127.62456,36.46022],[127.62693,36.46129],[127.62859,36.46243],[127.62878,36.46306],[127.62948,36.46336],[127.63051,36.46248],[127.6362,36.4614],[127.63672,36.46171],[127.63685,36.46267],[127.63754,36.4635],[127.63866,36.46366],[127.63902,36.46341],[127.63993,36.46396],[127.64099,36.46382],[127.64133,36.46414],[127.64096,36.465],[127.64155,36.46546],[127.64165,36.46625],[127.64066,36.46697],[127.64051,36.46788],[127.64098,36.46834],[127.64074,36.46899],[127.64276,36.47],[127.64229,36.47046],[127.64253,36.47071],[127.64191,36.47127],[127.64164,36.47282],[127.6422,36.47346],[127.64357,36.47393],[127.64382,36.47427],[127.64372,36.47524],[127.6444,36.47574],[127.6427,36.47768],[127.64281,36.47835],[127.6424,36.47972],[127.64152,36.48065],[127.64238,36.48168],[127.64367,36.48232],[127.64504,36.48457],[127.64365,36.48598],[127.64336,36.48753],[127.64235,36.48816],[127.64155,36.48949],[127.64224,36.49101],[127.64046,36.49199],[127.64014,36.49241],[127.6402,36.49292],[127.6391,36.49373],[127.63777,36.49388],[127.63749,36.49439],[127.63703,36.49452],[127.63609,36.49421],[127.63541,36.49436],[127.63322,36.49563],[127.63236,36.49661],[127.63098,36.49746],[127.62855,36.49814],[127.6287,36.49902],[127.63012,36.49931],[127.63083,36.50035],[127.63064,36.50087],[127.63088,36.50123],[127.63004,36.50267],[127.62898,36.50364],[127.62792,36.50323],[127.62581,36.50445],[127.62355,36.50513],[127.62302,36.50657],[127.62124,36.50822],[127.62029,36.50986],[127.62029,36.51048],[127.61918,36.51128],[127.6192,36.51196],[127.62015,36.51319],[127.62057,36.51345],[127.62079,36.51328],[127.6223,36.51484],[127.62172,36.51618],[127.62222,36.51695],[127.62103,36.5174],[127.62092,36.51822],[127.62152,36.52032],[127.62115,36.52116],[127.62187,36.52301],[127.62323,36.52329],[127.62205,36.52464],[127.62102,36.52519],[127.62078,36.52609],[127.62152,36.5271],[127.62095,36.52779],[127.62144,36.52903],[127.62213,36.5298],[127.62251,36.53117],[127.62246,36.53158],[127.62128,36.53258],[127.62141,36.53307],[127.62242,36.53386],[127.62248,36.53428],[127.62414,36.53429],[127.62422,36.53494],[127.62375,36.536],[127.62411,36.53718],[127.62526,36.53717],[127.62734,36.53774],[127.62822,36.53755],[127.6288,36.53808],[127.6304,36.53852],[127.63346,36.54017],[127.63182,36.54224],[127.63188,36.54289],[127.63121,36.54384],[127.62889,36.54335],[127.62649,36.54214],[127.62463,36.5422],[127.62331,36.54347],[127.62399,36.54458],[127.62389,36.54673],[127.62186,36.54755],[127.62181,36.5488],[127.61942,36.55062],[127.61828,36.5509],[127.61769,36.55052],[127.61395,36.55]]]}},{"type":"Feature","properties":{"zoneId":"Z000200546","zoneName":"봉양중학구","zoneType":"middle","level":"중학교","kind":"dedicated","oneWay":false,"sggCode":"150","eduCode":"8031000","eduName":"충청북도제천교육지원청","updatedAt":"2016-08-12"},"geometry":{"type":"Polygon","coordinates":[[[128.12629,37.23459],[128.12629,37.23459],[128.12532,37.23454],[128.12459,37.23382],[128.12463,37.23326],[128.124,37.23259],[128.1233,37.23096],[128.12151,37.22933],[128.12167,37.22895],[128.12127,37.22768],[128.1208,37.2273],[128.12182,37.22641],[128.12236,37.2252],[128.11844,37.22284],[128.11551,37.22027],[128.11478,37.21842],[128.11521,37.21664],[128.11426,37.21526],[128.11417,37.21305],[128.11326,37.21238],[128.11222,37.21078],[128.11122,37.21031],[128.11182,37.20893],[128.11164,37.20781],[128.11036,37.20691],[128.10935,37.20661],[128.1087,37.20567],[128.10634,37.20487],[128.10505,37.20377],[128.10317,37.20286],[128.1,37.2017],[128.09926,37.20187],[128.09646,37.2005],[128.0954,37.20044],[128.09506,37.19992],[128.09257,37.19928],[128.08827,37.19941],[128.08565,37.19703],[128.07946,37.19474],[128.07754,37.1937],[128.07649,37.19388],[128.07392,37.19311],[128.07201,37.19449],[128.07003,37.19449],[128.06577,37.19389],[128.06356,37.19282],[128.06288,37.19282],[128.06047,37.19409],[128.0572,37.19304],[128.05547,37.19224],[128.05473,37.19153],[128.05182,37.19091],[128.04981,37.18958],[128.04703,37.18964],[128.04377,37.19089],[128.04107,37.18899],[128.04015,37.18902],[128.04172,37.18764],[128.04164,37.18613],[128.04263,37.18392],[128.04268,37.18255],[128.04348,37.18197],[128.04425,37.18028],[128.04418,37.17809],[128.04541,37.17672],[128.04849,37.17484],[128.04929,37.17392],[128.04968,37.17264],[128.04989,37.17096],[128.04728,37.16935],[128.0459,37.16965],[128.04498,37.16866],[128.04461,37.16772],[128.04523,37.16699],[128.04537,37.16626],[128.04765,37.1647],[128.05045,37.16393],[128.05116,37.16257],[128.05286,37.16171],[128.05287,37.16136],[128.05423,37.16042],[128.05538,37.16001],[128.05635,37.15848],[128.05794,37.15764],[128.05823,37.15572],[128.05958,37.1553],[128.06169,37.15398],[128.06063,37.15191],[128.0605,37.15103],[128.06085,37.15016],[128.06038,37.14892],[128.05988,37.14857],[128.05832,37.14573],[128.05728,37.14506],[128.05712,37.14343],[128.05604,37.14174],[128.05643,37.14099],[128.05637,37.13943],[128.05565,37.13885],[128.05682,37.13789],[128.05704,37.13732],[128.0565,37.13409],[128.05592,37.13324],[128.056,37.13167],[128.0564,37.13127],[128.05557,37.12884],[128.05588,37.12867],[128.0541,37.12561],[128.05387,37.12467],[128.05427,37.12361],[128.05399,37.12226],[128.05319,37.12144],[128.05439,37.11977],[128.05632,37.11912],[128.05673,37.11868],[128.05613,37.11624],[128.05677,37.11601],[128.05745,37.11454],[128.06053,37.11254],[128.06155,37.1104],[128.0644,37.1108],[128.0663,37.11058],[128.0681,37.10892],[128.06931,37.10859],[128.07026,37.10757],[128.06971,37.10681],[128.06908,37.10667],[128.06744,37.10407],[128.06774,37.10326],[128.07154,37.10309],[128.07122,37.10264],[128.07172,37.10145],[128.07143,37.09993],[128.07202,37.09938],[128.07186,37.09867],[128.07309,37.09778],[128.07382,37.09615],[128.07402,37.0948],[128.07528,37.09312],[128.07548,37.09176],[128.07795,37.0891],[128.07807,37.0879],[128.07736,37.0865],[128.07745,37.08607],[128.07684,37.08455],[128.07614,37.08384],[128.07705,37.08289],[128.07912,37.08232],[128.081,37.08008],[128.08203,37.07952],[128.08253,37.07808],[128.08526,37.07605],[128.08532,37.075],[128.08674,37.07473],[128.08929,37.07322],[128.09277,37.07331],[128.09426,37.07192],[128.09674,37.07073],[128.09766,37.06944],[128.0987,37.06994],[128.10069,37.06956],[128.10308,37.06833],[128.10423,37.06693],[128.10615,37.06744],[128.10706,37.06718],[128.10765,37.06697],[128.10831,37.06591],[128.11069,37.06503],[128.11132,37.0673],[128.11236,37.06761],[128.1128,37.06824],[128.11433,37.06892],[128.11455,37.0696],[128.11558,37.07069],[128.11827,37.07125],[128.12074,37.07114],[128.12128,37.07142],[128.12217,37.07114],[128.12308,37.07158],[128.12441,37.07132],[128.12505,37.07199],[128.1249,37.07227],[128.12628,37.07474],[128.12779,37.07401],[128.12855,37.07415],[128.13004,37.07505],[128.13154,37.07537],[128.13247,37.07608],[128.13408,37.07665],[128.13605,37.0769],[128.13629,37.07719],[128.14037,37.07756],[128.14141,37.07843],[128.1427,37.07895],[128.14389,37.08031],[128.14522,37.08055],[128.14566,37.08101],[128.14745,37.08155],[128.1487,37.08321],[128.15072,37.08394],[128.15307,37.08387],[128.15457,37.08524],[128.15463,37.08593],[128.15625,37.08653],[128.15547,37.08803],[128.15606,37.08928],[128.15598,37.09071],[128.15664,37.09098],[128.1577,37.09085],[128.15854,37.09148],[128.16268,37.09021],[128.1649,37.09065],[128.16551,37.09155],[128.16532,37.09245],[128.16608,37.09293],[128.16542,37.09533],[128.16542,37.09644],[128.16635,37.09685],[128.16942,37.0962],[128.16968,37.09655],[128.17105,37.097],[128.17175,37.09652],[128.17315,37.09621],[128.17355,37.0972],[128.17471,37.09774],[128.17474,37.09837],[128.17427,37.09885],[128.17411,37.09983],[128.17513,37.10128],[128.17473,37.10147],[128.17525,37.10207],[128.175,37.10305],[128.17385,37.10372],[128.17276,37.10393],[128.17234,37.10438],[128.17081,37.10437],[128.17055,37.10492],[128.17121,37.10589],[128.17061,37.10769],[128.16993,37.10846],[128.1688,37.10904],[128.17091,37.11241],[128.17063,37.11334],[128.16951,37.11469],[128.17011,37.11649],[128.16952,37.11771],[128.1683,37.1182],[128.16857,37.11902],[128.16843,37.11977],[128.16555,37.12081],[128.162,37.12141],[128.15842,37.12099],[128.15739,37.12197],[128.1561,37.12244],[128.15559,37.1223],[128.15544,37.12146],[128.15463,37.12103],[128.15428,37.12133],[128.15402,37.12277],[128.1533,37.12326],[128.15336,37.1245],[128.15187,37.12564],[128.1519,37.12635],[128.15066,37.12743],[128.15073,37.12785],[128.15115,37.12803],[128.14942,37.12976],[128.15047,37.13105],[128.15246,37.12993],[128.15279,37.13038],[128.15419,37.12971],[128.15582,37.12958],[128.15475,37.13228],[128.1551,37.13198],[128.15575,37.13328],[128.15539,37.13401],[128.15751,37.13527],[128.15823,37.13534],[128.15999,37.13625],[128.16011,37.13733],[128.15926,37.13812],[128.15907,37.13963],[128.15852,37.1404],[128.15803,37.14013],[128.15718,37.14059],[128.15539,37.14236],[128.15459,37.14253],[128.15405,37.14319],[128.15319,37.14328],[128.15259,37.14379],[128.15044,37.14141],[128.14879,37.14093],[128.14859,37.14276],[128.14717,37.14554],[128.14745,37.14591],[128.1471,37.14711],[128.14622,37.14814],[128.14711,37.14954],[128.14653,37.15053],[128.14472,37.15183],[128.14431,37.15153],[128.14347,37.15173],[128.14169,37.15504],[128.1466,37.16852],[128.14761,37.16948],[128.1484,37.16952],[128.14876,37.17047],[128.15053,37.17172],[128.15334,37.17169],[128.15418,37.17221],[128.15663,37.17234],[128.16024,37.17433],[128.16161,37.17562],[128.16389,37.17696],[128.16388,37.17791],[128.16482,37.17942],[128.16535,37.1817],[128.16512,37.18253],[128.1657,37.18321],[128.16642,37.18351],[128.16855,37.18582],[128.16936,37.18629],[128.17278,37.18699],[128.17327,37.18765],[128.17395,37.18763],[128.17351,37.18802],[128.1766,37.19069],[128.17636,37.19536],[128.17906,37.19799],[128.17975,37.20038],[128.18043,37.20083],[128.17963,37.20203],[128.17981,37.20236],[128.17819,37.20319],[128.17678,37.20314],[128.17618,37.20394],[128.17625,37.20463],[128.17522,37.20603],[128.17341,37.20749],[128.17132,37.21197],[128.16706,37.2148],[128.16404,37.21331],[128.16166,37.21486],[128.16146,37.2154],[128.15802,37.21631],[128.15467,37.21567],[128.15416,37.21586],[128.15254,37.21745],[128.15086,37.22074],[128.14881,37.22068],[128.14689,37.22232],[128.14561,37.22184],[128.14232,37.22434],[128.14204,37.2286],[128.14055,37.22955],[128.13844,37.22997],[128.1329,37.2298],[128.13231,37.23018],[128.13226,37.23093],[128.13045,37.23229],[128.12957,37.23375],[128.12799,37.23361],[128.12761,37.23423],[128.12629,37.23459]]]}},{"type":"Feature","properties":{"zoneId":"Z000200551","zoneName":"청풍중학구","zoneType":"middle","level":"중학교","kind":"dedicated","oneWay":false,"sggCode":"150","eduCode":"8031000","eduName":"충청북도제천교육지원청","updatedAt":"2016-08-12"},"geometry":{"type":"Polygon","coordinates":[[[128.18887,37.04053],[128.18788,37.04075],[128.18497,37.042],[128.18219,37.04247],[128.18009,37.0412],[128.17973,37.03825],[128.1779,37.03859],[128.17548,37.03953],[128.17372,37.03903],[128.17245,37.0391],[128.17221,37.03801],[128.17048,37.03704],[128.16901,37.03676],[128.16812,37.03727],[128.16743,37.03665],[128.16685,37.03695],[128.16593,37.03658],[128.16498,37.03666],[128.16449,37.03532],[128.16383,37.03577],[128.16195,37.0355],[128.16026,37.03638],[128.15998,37.0385],[128.15875,37.03874],[128.15555,37.03841],[128.15408,37.03919],[128.15299,37.04027],[128.15127,37.04015],[128.15057,37.03976],[128.14995,37.0399],[128.14961,37.03779],[128.15042,37.0372],[128.15036,37.03498],[128.14936,37.03381],[128.14847,37.02984],[128.14722,37.02785],[128.14697,37.02536],[128.14619,37.02516],[128.14638,37.02394],[128.1387,37.02334],[128.13532,37.02257],[128.12493,37.02198],[128.12054,37.02119],[128.11668,37.01987],[128.11426,37.01819],[128.11148,37.01553],[128.10767,37.01051],[128.10595,37.00576],[128.10541,37.00319],[128.10508,36.99926],[128.10578,36.99387],[128.10516,36.99108],[128.10375,36.9906],[128.10105,36.99198],[128.09771,36.99309],[128.09634,36.99307],[128.09573,36.99252],[128.097,36.99186],[128.09953,36.98976],[128.09994,36.98866],[128.10071,36.9879],[128.09975,36.98611],[128.09877,36.98549],[128.09863,36.98295],[128.09937,36.98056],[128.10053,36.97998],[128.10283,36.97806],[128.10242,36.97534],[128.10207,36.97472],[128.10228,36.97352],[128.10307,36.97244],[128.10287,36.97131],[128.10343,36.96986],[128.10498,36.96777],[128.10725,36.96608],[128.10969,36.9649],[128.10955,36.96416],[128.11576,36.96207],[128.11621,36.96125],[128.11728,36.96072],[128.11814,36.95979],[128.11864,36.95767],[128.12075,36.95666],[128.12219,36.95661],[128.12319,36.95599],[128.12402,36.95612],[128.12537,36.95548],[128.1273,36.95524],[128.12857,36.95473],[128.1316,36.955],[128.13273,36.95623],[128.13282,36.95773],[128.13471,36.95843],[128.13532,36.96041],[128.13663,36.96127],[128.13674,36.96201],[128.1378,36.96315],[128.13817,36.96484],[128.13981,36.96577],[128.14084,36.96699],[128.14231,36.9669],[128.14362,36.96773],[128.14644,36.96803],[128.14842,36.9671],[128.14843,36.96659],[128.14904,36.96694],[128.15123,36.96593],[128.15065,36.96539],[128.1502,36.96391],[128.15065,36.96337],[128.1516,36.96309],[128.15251,36.96297],[128.15279,36.96334],[128.15481,36.96352],[128.15477,36.96386],[128.15641,36.96437],[128.161,36.96404],[128.161,36.96502],[128.16137,36.96557],[128.16119,36.966],[128.16164,36.96673],[128.16151,36.96896],[128.16269,36.97161],[128.16392,36.9724],[128.16388,36.97317],[128.16645,36.97232],[128.16758,36.9724],[128.16786,36.97269],[128.16932,36.97229],[128.16937,36.97127],[128.17217,36.97135],[128.17348,36.97037],[128.17521,36.96978],[128.176,36.96908],[128.17617,36.96793],[128.17663,36.9683],[128.17684,36.96778],[128.17829,36.96685],[128.17842,36.96504],[128.17926,36.96505],[128.18167,36.96613],[128.18326,36.96618],[128.1833,36.96659],[128.18215,36.96756],[128.18172,36.96837],[128.18149,36.96965],[128.18086,36.97004],[128.18121,36.97094],[128.18074,36.97146],[128.18049,36.97279],[128.18907,36.97183],[128.19195,36.97341],[128.19208,36.97392],[128.19121,36.97447],[128.19137,36.97567],[128.19086,36.97756],[128.19225,36.97676],[128.19349,36.97772],[128.19197,36.97885],[128.18904,36.98003],[128.18293,36.98416],[128.18334,36.98467],[128.18385,36.98455],[128.18462,36.98547],[128.18722,36.98567],[128.18822,36.98646],[128.18837,36.98701],[128.19097,36.98866],[128.19203,36.98982],[128.19286,36.98965],[128.19301,36.99044],[128.19427,36.99086],[128.19513,36.99163],[128.19698,36.99218],[128.19702,36.99363],[128.19796,36.99506],[128.19926,36.99648],[128.20159,36.99789],[128.20125,36.99928],[128.20241,37.00062],[128.20296,37.00063],[128.2042,37.00187],[128.20526,37.00142],[128.21126,37.00354],[128.21366,37.00483],[128.21451,37.00462],[128.21749,37.00517],[128.2187,37.00435],[128.22393,37.00338],[128.2253,37.00184],[128.22751,37.00145],[128.22885,37.00053],[128.23022,37.0002],[128.23191,37.00104],[128.23248,37.00071],[128.23824,37.00097],[128.24262,37.00063],[128.24462,37.00095],[128.24671,37.00019],[128.24994,36.99823],[128.25177,36.99754],[128.25391,36.99748],[128.25425,36.99785],[128.256,36.99803],[128.25713,36.99893],[128.2576,37.00015],[128.25687,37.00203],[128.25732,37.00235],[128.25678,37.00307],[128.25658,37.00411],[128.25583,37.00475],[128.25607,37.00554],[128.25508,37.00695],[128.25524,37.00714],[128.25402,37.00782],[128.2545,37.0083],[128.25397,37.00937],[128.25288,37.00972],[128.25206,37.01046],[128.25105,37.01061],[128.25054,37.01171],[128.24889,37.01263],[128.24838,37.01324],[128.24833,37.0144],[128.24709,37.01507],[128.24589,37.01674],[128.24571,37.01828],[128.24438,37.01968],[128.24452,37.01999],[128.2439,37.02108],[128.24345,37.02109],[128.24335,37.02152],[128.24172,37.02255],[128.2404,37.02412],[128.23991,37.02412],[128.23849,37.02509],[128.23748,37.02525],[128.23457,37.02486],[128.23276,37.02518],[128.23056,37.02459],[128.22805,37.02448],[128.2266,37.02534],[128.22656,37.02613],[128.22505,37.02721],[128.22525,37.02809],[128.22408,37.03059],[128.22406,37.03137],[128.22478,37.03319],[128.22443,37.03431],[128.22354,37.03492],[128.22171,37.03597],[128.21946,37.03648],[128.21808,37.03727],[128.21469,37.03744],[128.21042,37.03931],[128.20818,37.03979],[128.20642,37.03932],[128.20573,37.03867],[128.2054,37.03744],[128.20441,37.03663],[128.20378,37.03554],[128.20125,37.03506],[128.20057,37.03451],[128.19798,37.03496],[128.19696,37.03563],[128.19553,37.0357],[128.19157,37.0385],[128.19124,37.03923],[128.19027,37.03998],[128.18965,37.03987],[128.18887,37.04053]]]}},{"type":"Feature","properties":{"zoneId":"Z000200582","zoneName":"대소중학구","zoneType":"middle","level":"중학교","kind":"dedicated","oneWay":false,"sggCode":"770","eduCode":"8101000","eduName":"충청북도음성교육지원청","updatedAt":"2016-08-12"},"geometry":{"type":"Polygon","coordinates":[[[127.44973,36.99376],[127.44965,36.99376],[127.44872,36.99391],[127.44866,36.98988],[127.44807,36.98991],[127.44822,36.98751],[127.44923,36.98413],[127.44941,36.98391],[127.45269,36.9841],[127.45581,36.98157],[127.46029,36.97879],[127.46021,36.97742],[127.45698,36.96809],[127.4567,36.96592],[127.45711,36.96557],[127.45727,36.96383],[127.45549,36.96292],[127.45522,36.96181],[127.4554,36.96123],[127.455,36.96072],[127.4537,36.96067],[127.45529,36.95464],[127.45693,36.95056],[127.45914,36.94789],[127.46073,36.94802],[127.46229,36.94765],[127.46349,36.94842],[127.46404,36.94681],[127.46375,36.94539],[127.46437,36.94483],[127.46513,36.94208],[127.4664,36.9403],[127.46658,36.93912],[127.46742,36.93844],[127.46813,36.93833],[127.47064,36.93603],[127.47292,36.93582],[127.47655,36.93636],[127.47823,36.93593],[127.48123,36.93371],[127.48266,36.93478],[127.48267,36.93648],[127.48322,36.93707],[127.4849,36.9376],[127.48614,36.93868],[127.48949,36.93852],[127.48965,36.93894],[127.49059,36.93898],[127.49222,36.93856],[127.49281,36.93876],[127.49405,36.93789],[127.49437,36.93729],[127.49584,36.93668],[127.4966,36.93578],[127.49851,36.93492],[127.4989,36.93398],[127.49992,36.9332],[127.49963,36.93213],[127.50259,36.93231],[127.50347,36.93282],[127.50499,36.93301],[127.50745,36.9314],[127.50875,36.92986],[127.50884,36.92923],[127.51044,36.93058],[127.51177,36.93082],[127.51377,36.93229],[127.51482,36.93364],[127.51628,36.93431],[127.51769,36.93602],[127.51836,36.93749],[127.51968,36.93824],[127.52073,36.93813],[127.52531,36.93967],[127.52589,36.94003],[127.52674,36.94147],[127.52889,36.94159],[127.52951,36.94193],[127.53073,36.94385],[127.53053,36.94437],[127.53199,36.94671],[127.53404,36.94816],[127.53449,36.95009],[127.53535,36.95047],[127.5356,36.95022],[127.53659,36.95023],[127.53711,36.95051],[127.53855,36.953],[127.53846,36.95338],[127.53915,36.95396],[127.53963,36.95399],[127.53972,36.95461],[127.53912,36.95619],[127.53809,36.9567],[127.53728,36.95794],[127.53647,36.95775],[127.53489,36.95843],[127.53544,36.95901],[127.5353,36.96003],[127.53569,36.9607],[127.53922,36.96212],[127.5385,36.96283],[127.53844,36.96412],[127.53871,36.96499],[127.53948,36.9653],[127.53994,36.96594],[127.54069,36.96781],[127.54038,36.96807],[127.54038,36.96928],[127.54131,36.97068],[127.54031,36.97224],[127.54049,36.97479],[127.53937,36.97663],[127.53821,36.9773],[127.53714,36.97747],[127.53599,36.97666],[127.53305,36.97704],[127.53273,36.97809],[127.532,36.97885],[127.53058,36.97876],[127.52824,36.97788],[127.52743,36.9784],[127.52415,36.97844],[127.52221,36.97708],[127.52198,36.97598],[127.52079,36.97543],[127.52031,36.97482],[127.51849,36.97423],[127.5182,36.97266],[127.51744,36.97243],[127.51637,36.97321],[127.51538,36.97314],[127.51429,36.97246],[127.51454,36.97145],[127.51406,36.97133],[127.51324,36.97306],[127.51263,36.97347],[127.51165,36.97369],[127.51147,36.97401],[127.50891,36.97434],[127.50754,36.97508],[127.50574,36.97717],[127.50591,36.9784],[127.50648,36.97931],[127.50355,36.98053],[127.5021,36.9801],[127.50141,36.9791],[127.50007,36.97932],[127.4996,36.9798],[127.49566,36.97841],[127.49151,36.9783],[127.49129,36.97971],[127.49062,36.98124],[127.48911,36.98191],[127.48775,36.98182],[127.48783,36.98278],[127.48732,36.98283],[127.48667,36.98354],[127.48692,36.98409],[127.48661,36.98658],[127.48683,36.98683],[127.48626,36.98824],[127.48708,36.98858],[127.4875,36.98946],[127.48712,36.98979],[127.48633,36.98939],[127.4835,36.98967],[127.48167,36.99025],[127.48065,36.98955],[127.48058,36.98994],[127.47841,36.98988],[127.47693,36.99031],[127.47619,36.99012],[127.47527,36.99106],[127.47267,36.99157],[127.47198,36.99072],[127.4683,36.98922],[127.46479,36.98949],[127.46272,36.98923],[127.45971,36.98981],[127.45859,36.98971],[127.45746,36.99039],[127.45429,36.99048],[127.45174,36.99318],[127.45026,36.99388],[127.44973,36.99376]]]}},{"type":"Feature","properties":{"zoneId":"Z000200548","zoneName":"수산중학구","zoneType":"middle","level":"중학교","kind":"dedicated","oneWay":false,"sggCode":"150","eduCode":"8031000","eduName":"충청북도제천교육지원청","updatedAt":"2016-08-12"},"geometry":{"type":"Polygon","coordinates":[[[128.19349,36.97772],[128.19293,36.97729],[128.19225,36.97676],[128.19086,36.97756],[128.19137,36.97567],[128.19121,36.97447],[128.19208,36.97392],[128.19195,36.97341],[128.18907,36.97183],[128.18049,36.97279],[128.18074,36.97146],[128.18121,36.97094],[128.18086,36.97004],[128.18149,36.96965],[128.18172,36.96837],[128.18215,36.96756],[128.1833,36.96659],[128.18326,36.96618],[128.18167,36.96613],[128.17926,36.96505],[128.17842,36.96504],[128.17829,36.96685],[128.17684,36.96778],[128.17663,36.9683],[128.17617,36.96793],[128.176,36.96908],[128.17521,36.96978],[128.17348,36.97037],[128.17217,36.97135],[128.16937,36.97127],[128.16932,36.97229],[128.16786,36.97269],[128.16758,36.9724],[128.16645,36.97232],[128.16388,36.97317],[128.16392,36.9724],[128.16269,36.97161],[128.16151,36.96896],[128.16164,36.96673],[128.16119,36.966],[128.16137,36.96557],[128.161,36.96502],[128.161,36.96404],[128.15641,36.96437],[128.15477,36.96386],[128.15481,36.96352],[128.15279,36.96334],[128.15251,36.96297],[128.1516,36.96309],[128.15065,36.96337],[128.1502,36.96391],[128.15065,36.96539],[128.15123,36.96593],[128.14904,36.96694],[128.14843,36.96659],[128.14842,36.9671],[128.14644,36.96803],[128.14362,36.96773],[128.14231,36.9669],[128.14084,36.96699],[128.13981,36.96577],[128.13817,36.96484],[128.1378,36.96315],[128.13674,36.96201],[128.13663,36.96127],[128.13532,36.96041],[128.13471,36.95843],[128.13282,36.95773],[128.13273,36.95623],[128.1316,36.955],[128.13127,36.95391],[128.13356,36.9514],[128.13726,36.95088],[128.13889,36.94781],[128.14085,36.94543],[128.14203,36.9448],[128.14286,36.94473],[128.14436,36.94354],[128.14631,36.94284],[128.14639,36.94186],[128.14703,36.94037],[128.14676,36.93882],[128.14748,36.93759],[128.14738,36.93724],[128.14791,36.93634],[128.14981,36.93531],[128.15099,36.93407],[128.15073,36.9334],[128.15079,36.93108],[128.15229,36.92958],[128.15451,36.92954],[128.15636,36.92898],[128.15656,36.92818],[128.15694,36.92798],[128.15818,36.92845],[128.15961,36.92768],[128.1607,36.92756],[128.16347,36.93034],[128.16585,36.93085],[128.1663,36.93014],[128.16779,36.93003],[128.16928,36.92945],[128.16853,36.92723],[128.16866,36.92573],[128.16792,36.92496],[128.16751,36.92347],[128.16778,36.92162],[128.16864,36.92123],[128.17207,36.92128],[128.17331,36.92098],[128.17393,36.92065],[128.17473,36.91927],[128.1763,36.91871],[128.18033,36.91853],[128.18144,36.91763],[128.18174,36.91662],[128.18213,36.91643],[128.18197,36.91422],[128.18256,36.91298],[128.18485,36.91186],[128.18799,36.90911],[128.18869,36.90811],[128.1905,36.90705],[128.18977,36.90433],[128.19063,36.90299],[128.19107,36.90186],[128.19103,36.90059],[128.1916,36.89984],[128.19086,36.89793],[128.19243,36.89747],[128.19442,36.89815],[128.19543,36.89813],[128.19596,36.89828],[128.1959,36.89874],[128.19649,36.89932],[128.19953,36.89897],[128.20305,36.89987],[128.20442,36.90078],[128.20655,36.90133],[128.207,36.90058],[128.20717,36.89931],[128.20783,36.8985],[128.20837,36.89841],[128.20954,36.89693],[128.21016,36.89666],[128.21369,36.89723],[128.21497,36.89715],[128.21603,36.89614],[128.21656,36.89617],[128.21751,36.89515],[128.21776,36.89287],[128.21841,36.89187],[128.21887,36.8899],[128.21829,36.88934],[128.21873,36.88834],[128.22045,36.88846],[128.22219,36.88797],[128.22257,36.88749],[128.22441,36.88679],[128.22643,36.8864],[128.22858,36.88445],[128.2291,36.88269],[128.23131,36.88185],[128.23432,36.88242],[128.23549,36.88229],[128.23672,36.88124],[128.23893,36.88064],[128.24063,36.87921],[128.24282,36.87844],[128.24481,36.88092],[128.24572,36.88096],[128.24711,36.88202],[128.24756,36.8831],[128.25092,36.88472],[128.24872,36.88657],[128.24832,36.88748],[128.24728,36.88847],[128.24653,36.88855],[128.2438,36.89097],[128.24352,36.8926],[128.24426,36.89533],[128.24378,36.89628],[128.24451,36.89797],[128.24515,36.89855],[128.24507,36.90037],[128.24627,36.90432],[128.24586,36.90562],[128.24596,36.90633],[128.24563,36.90705],[128.24383,36.9076],[128.24321,36.90849],[128.24229,36.91094],[128.2423,36.91162],[128.24189,36.91205],[128.24041,36.91285],[128.24002,36.91341],[128.23798,36.91376],[128.23672,36.91661],[128.23709,36.91876],[128.23681,36.92051],[128.23731,36.9216],[128.23726,36.92238],[128.23651,36.92325],[128.23658,36.92491],[128.23605,36.92533],[128.23661,36.92711],[128.23655,36.92788],[128.2361,36.9306],[128.23557,36.93069],[128.23621,36.9307],[128.23613,36.93186],[128.23653,36.9325],[128.23635,36.93362],[128.23877,36.93478],[128.23871,36.9356],[128.23969,36.93581],[128.24026,36.93559],[128.24147,36.93756],[128.24214,36.93762],[128.24282,36.93694],[128.24447,36.93677],[128.24551,36.93749],[128.24702,36.93788],[128.24732,36.93924],[128.24542,36.94064],[128.24483,36.94186],[128.24626,36.94244],[128.24737,36.94381],[128.24737,36.94464],[128.23721,36.94723],[128.2335,36.94745],[128.23174,36.94678],[128.22599,36.9465],[128.22382,36.94784],[128.22196,36.94962],[128.21931,36.95561],[128.21762,36.95739],[128.21411,36.96005],[128.2119,36.96233],[128.2067,36.96864],[128.20143,36.97137],[128.1993,36.97281],[128.19657,36.9748],[128.19534,36.97649],[128.19349,36.97772]]]}},{"type":"Feature","properties":{"zoneId":"Z000200552","zoneName":"한송중학구","zoneType":"middle","level":"중학교","kind":"dedicated","oneWay":false,"sggCode":"150","eduCode":"8031000","eduName":"충청북도제천교육지원청","updatedAt":"2016-08-12"},"geometry":{"type":"Polygon","coordinates":[[[128.11998,36.95701],[128.11864,36.95767],[128.11814,36.95979],[128.11728,36.96072],[128.11621,36.96125],[128.11576,36.96207],[128.10955,36.96416],[128.10969,36.9649],[128.10629,36.96669],[128.10422,36.96855],[128.10287,36.97131],[128.10307,36.97244],[128.1024,36.97319],[128.10207,36.97472],[128.10242,36.97534],[128.10283,36.97806],[128.10053,36.97998],[128.09937,36.98056],[128.09863,36.98295],[128.09877,36.98549],[128.09975,36.98611],[128.10071,36.9879],[128.09994,36.98866],[128.09953,36.98976],[128.097,36.99186],[128.09573,36.99252],[128.09634,36.99307],[128.09344,36.99335],[128.09133,36.99233],[128.09059,36.99015],[128.09007,36.9895],[128.09025,36.98665],[128.09049,36.98581],[128.09093,36.98555],[128.09118,36.98217],[128.0907,36.97949],[128.09038,36.97943],[128.08647,36.96634],[128.08747,36.9613],[128.08741,36.9581],[128.08693,36.95582],[128.08724,36.95433],[128.0866,36.95097],[128.08486,36.94774],[128.08172,36.94824],[128.07512,36.95003],[128.06677,36.95502],[128.06442,36.95798],[128.06311,36.95882],[128.06073,36.95941],[128.06,36.96017],[128.05799,36.96014],[128.05444,36.95883],[128.04866,36.95628],[128.0483,36.95569],[128.04251,36.95446],[128.04035,36.95439],[128.04261,36.95326],[128.04287,36.95097],[128.04315,36.95096],[128.04281,36.94874],[128.04177,36.94873],[128.04218,36.94768],[128.04204,36.94557],[128.04259,36.94161],[128.04239,36.94155],[128.04303,36.93968],[128.04581,36.9372],[128.04858,36.93565],[128.04933,36.93569],[128.0503,36.93489],[128.05314,36.93434],[128.05583,36.93335],[128.05864,36.9318],[128.05995,36.92935],[128.06074,36.92306],[128.06109,36.92288],[128.06153,36.92147],[128.0625,36.91997],[128.07113,36.91507],[128.07271,36.91327],[128.07225,36.91101],[128.06966,36.91149],[128.0673,36.9103],[128.06626,36.90943],[128.06812,36.90503],[128.06679,36.90368],[128.06645,36.90192],[128.06668,36.90072],[128.06644,36.90012],[128.06717,36.89895],[128.06651,36.8976],[128.06546,36.89665],[128.06631,36.89387],[128.06457,36.8921],[128.06265,36.89094],[128.06017,36.88886],[128.05907,36.88748],[128.06065,36.88634],[128.06049,36.88504],[128.05786,36.8835],[128.05666,36.88326],[128.05543,36.88256],[128.0549,36.88013],[128.05303,36.87867],[128.05252,36.87683],[128.05265,36.87641],[128.05181,36.87498],[128.05094,36.87219],[128.0503,36.87177],[128.04773,36.87129],[128.04552,36.8705],[128.04487,36.86914],[128.04483,36.86696],[128.04354,36.8651],[128.04444,36.86354],[128.04401,36.86253],[128.04254,36.86111],[128.03858,36.8598],[128.03705,36.85791],[128.03558,36.85503],[128.03684,36.85174],[128.03822,36.85171],[128.03966,36.8503],[128.04178,36.84962],[128.04358,36.84844],[128.04635,36.84785],[128.04665,36.84749],[128.05077,36.84593],[128.05267,36.84572],[128.05523,36.84438],[128.05813,36.84378],[128.0581,36.84254],[128.05881,36.8395],[128.06052,36.83827],[128.06195,36.83792],[128.06269,36.83812],[128.06624,36.84282],[128.06881,36.8453],[128.07134,36.84588],[128.07448,36.84727],[128.0755,36.84726],[128.07979,36.84898],[128.08401,36.84951],[128.08713,36.85153],[128.08914,36.84997],[128.09143,36.84918],[128.09194,36.84604],[128.09289,36.84503],[128.09289,36.8438],[128.09375,36.84271],[128.09368,36.84178],[128.09457,36.83788],[128.09392,36.83686],[128.09458,36.83632],[128.09478,36.8353],[128.09693,36.83447],[128.09759,36.83351],[128.10057,36.83327],[128.10234,36.83218],[128.10486,36.83172],[128.10715,36.83062],[128.11071,36.83016],[128.11296,36.83047],[128.11523,36.83168],[128.11773,36.8321],[128.12216,36.83386],[128.12653,36.83395],[128.13068,36.83249],[128.13633,36.83289],[128.13709,36.83772],[128.13764,36.83939],[128.13528,36.8389],[128.13289,36.83905],[128.13113,36.8414],[128.13115,36.84373],[128.12299,36.84314],[128.11884,36.84434],[128.11145,36.84368],[128.11239,36.84711],[128.1154,36.85035],[128.11864,36.85206],[128.12107,36.85224],[128.12251,36.85327],[128.12598,36.8546],[128.12553,36.85631],[128.12573,36.85741],[128.12162,36.86095],[128.12192,36.8623],[128.12143,36.86321],[128.12198,36.86402],[128.12284,36.86444],[128.12078,36.86615],[128.11793,36.86687],[128.11528,36.86816],[128.11344,36.86985],[128.11258,36.87145],[128.11134,36.87234],[128.10937,36.8729],[128.10817,36.87364],[128.10781,36.87456],[128.10643,36.87541],[128.10657,36.87612],[128.10604,36.87791],[128.10512,36.87899],[128.10457,36.88171],[128.10493,36.88362],[128.10705,36.8858],[128.10704,36.89293],[128.10586,36.90176],[128.10619,36.91151],[128.10708,36.9134],[128.10557,36.91446],[128.10491,36.91538],[128.10427,36.91972],[128.10484,36.9206],[128.1061,36.92165],[128.10679,36.92274],[128.11076,36.92438],[128.11188,36.92531],[128.11142,36.92704],[128.11163,36.92886],[128.11382,36.9301],[128.11394,36.93079],[128.11654,36.93047],[128.11776,36.93108],[128.12225,36.9322],[128.1253,36.93409],[128.12596,36.93488],[128.12651,36.937],[128.12704,36.93733],[128.12881,36.93702],[128.12944,36.93627],[128.12997,36.93658],[128.13074,36.93647],[128.1321,36.93717],[128.13267,36.93845],[128.13413,36.93732],[128.13613,36.93648],[128.13693,36.93707],[128.13738,36.93676],[128.13879,36.93687],[128.14014,36.93713],[128.1411,36.93774],[128.14258,36.93738],[128.14325,36.93785],[128.14676,36.93882],[128.14692,36.93938],[128.14678,36.94003],[128.14703,36.94037],[128.14639,36.94186],[128.14631,36.94284],[128.14436,36.94354],[128.14286,36.94473],[128.14203,36.9448],[128.14085,36.94543],[128.13889,36.94781],[128.13726,36.95088],[128.13653,36.95116],[128.13463,36.95109],[128.13298,36.95175],[128.13127,36.95391],[128.1316,36.955],[128.12857,36.95473],[128.11998,36.95701]]]}},{"type":"Feature","properties":{"zoneId":"Z000201458","zoneName":"제7학교군","zoneType":"middle","level":"중학교","kind":"dedicated","oneWay":false,"sggCode":"113","eduCode":"8011000","eduName":"충청북도청주교육지원청","updatedAt":"2025-02-24"},"geometry":{"type":"Polygon","coordinates":[[[127.32484,36.66415],[127.32478,36.66411],[127.32363,36.66311],[127.3239,36.66248],[127.32185,36.66162],[127.32185,36.66084],[127.32055,36.66005],[127.31987,36.65896],[127.31965,36.65821],[127.31995,36.65716],[127.32095,36.65684],[127.3214,36.65611],[127.32148,36.65571],[127.321,36.65524],[127.321,36.65417],[127.32251,36.65242],[127.32134,36.65022],[127.32148,36.64923],[127.32024,36.64828],[127.31904,36.64671],[127.31871,36.64382],[127.31642,36.64373],[127.31568,36.64335],[127.31407,36.64153],[127.31342,36.64172],[127.31241,36.64119],[127.31118,36.6393],[127.31106,36.63785],[127.30863,36.6331],[127.30725,36.63406],[127.30702,36.63393],[127.30558,36.63558],[127.30558,36.63618],[127.3048,36.6362],[127.30494,36.6368],[127.30374,36.63675],[127.30235,36.63622],[127.30416,36.6352],[127.30494,36.63415],[127.30544,36.63397],[127.30615,36.63293],[127.30597,36.63223],[127.30671,36.63136],[127.30685,36.63052],[127.30815,36.62988],[127.30802,36.6294],[127.30835,36.6294],[127.30862,36.62885],[127.31156,36.62812],[127.31257,36.6272],[127.31239,36.6252],[127.30993,36.62387],[127.31062,36.62175],[127.30965,36.62],[127.31001,36.61703],[127.30905,36.61613],[127.30894,36.61524],[127.30944,36.61455],[127.30893,36.61371],[127.30873,36.61347],[127.30779,36.61367],[127.31092,36.60766],[127.30561,36.60587],[127.30641,36.60374],[127.32073,36.60862],[127.31812,36.61376],[127.31958,36.61423],[127.32045,36.61512],[127.32015,36.61547],[127.32665,36.62016],[127.32782,36.6191],[127.32836,36.62008],[127.32901,36.61985],[127.331,36.62136],[127.33148,36.62116],[127.33271,36.62527],[127.33367,36.62625],[127.33468,36.62676],[127.33738,36.63179],[127.33954,36.63102],[127.34131,36.63421],[127.34292,36.63286],[127.34349,36.63356],[127.34463,36.63348],[127.34463,36.63293],[127.34562,36.63111],[127.34906,36.62864],[127.3501,36.62868],[127.35188,36.63352],[127.3552,36.6357],[127.35677,36.63625],[127.35781,36.63909],[127.35738,36.64053],[127.35514,36.6423],[127.3538,36.64254],[127.35236,36.64214],[127.35073,36.64216],[127.34919,36.64284],[127.34887,36.6433],[127.34918,36.64524],[127.35041,36.64639],[127.35048,36.64738],[127.35179,36.64881],[127.35215,36.64964],[127.3523,36.65533],[127.35104,36.65849],[127.34982,36.65992],[127.34864,36.65998],[127.34562,36.65887],[127.34471,36.65797],[127.34538,36.65793],[127.34586,36.6583],[127.34623,36.65775],[127.34594,36.65666],[127.34523,36.65614],[127.34463,36.65639],[127.34322,36.65613],[127.342,36.65629],[127.34069,36.65571],[127.33821,36.65593],[127.3369,36.65755],[127.33465,36.65746],[127.33423,36.65703],[127.3331,36.65879],[127.33318,36.6596],[127.33271,36.65975],[127.33215,36.66137],[127.33156,36.66206],[127.33106,36.66207],[127.32993,36.66353],[127.32896,36.66358],[127.32822,36.66405],[127.32551,36.66379],[127.32484,36.66415]]]}},{"type":"Feature","properties":{"zoneId":"Z000210316","zoneName":"제7학교군한국교원대부설미호중학구조치원학군공동학구","zoneType":"middle","level":"중학교","kind":"shared","oneWay":false,"sggCode":"113","eduCode":"8011000","eduName":"충청북도청주교육지원청","updatedAt":"2025-02-24"},"geometry":{"type":"Polygon","coordinates":[[[127.29992,36.64236],[127.29991,36.64236],[127.29901,36.64237],[127.29805,36.64123],[127.29644,36.64067],[127.29605,36.63989],[127.29628,36.63945],[127.29592,36.63923],[127.29576,36.63719],[127.29241,36.63422],[127.29214,36.63415],[127.29253,36.63489],[127.29216,36.63491],[127.2907,36.63097],[127.29119,36.62753],[127.29201,36.62504],[127.29394,36.62439],[127.29614,36.62443],[127.29636,36.62339],[127.29576,36.62054],[127.29591,36.6197],[127.29641,36.61898],[127.29888,36.61866],[127.30006,36.61719],[127.30014,36.6139],[127.30071,36.61291],[127.30181,36.61281],[127.302,36.61144],[127.30188,36.61104],[127.30118,36.6117],[127.30159,36.6093],[127.30121,36.6092],[127.30129,36.60861],[127.30062,36.60841],[127.30013,36.60773],[127.30117,36.60766],[127.30495,36.60437],[127.30646,36.60179],[127.30655,36.59984],[127.3047,36.59581],[127.30484,36.59139],[127.30376,36.59005],[127.30353,36.58983],[127.30334,36.59003],[127.30217,36.58879],[127.29986,36.5877],[127.29945,36.58688],[127.29982,36.58595],[127.30183,36.58532],[127.30249,36.58431],[127.30387,36.5834],[127.30878,36.58283],[127.31321,36.58287],[127.31904,36.58373],[127.32144,36.58378],[127.32484,36.58474],[127.32704,36.58588],[127.32933,36.58789],[127.33039,36.58948],[127.33076,36.59093],[127.32997,36.59357],[127.33038,36.59403],[127.3302,36.59467],[127.33064,36.59797],[127.33193,36.60029],[127.33279,36.60083],[127.33392,36.60093],[127.33251,36.60179],[127.32869,36.60108],[127.32757,36.60113],[127.32785,36.60211],[127.32772,36.60317],[127.32686,36.60565],[127.32729,36.60735],[127.32694,36.60691],[127.32623,36.60714],[127.32436,36.60651],[127.324,36.6072],[127.32187,36.60649],[127.32073,36.60862],[127.30641,36.60374],[127.30561,36.60587],[127.31092,36.60766],[127.30779,36.61367],[127.30873,36.61347],[127.30893,36.61371],[127.30944,36.61455],[127.30894,36.61524],[127.30905,36.61613],[127.31001,36.61703],[127.30965,36.62],[127.31062,36.62175],[127.30993,36.62387],[127.31239,36.6252],[127.31257,36.6272],[127.31156,36.62812],[127.30862,36.62885],[127.30835,36.6294],[127.30802,36.6294],[127.30815,36.62988],[127.30685,36.63052],[127.30671,36.63136],[127.30597,36.63223],[127.30615,36.63293],[127.30592,36.6334],[127.30416,36.6352],[127.30235,36.63622],[127.30224,36.63721],[127.30282,36.63767],[127.30237,36.63908],[127.30164,36.63953],[127.30073,36.64175],[127.29992,36.64236]],[[127.32385,36.60691],[127.32385,36.60683],[127.32357,36.60683],[127.32385,36.60691]]]}},{"type":"Feature","properties":{"zoneId":"Z000210046","zoneName":"제7학교군한국교원대부설미호중학구공동학구","zoneType":"middle","level":"중학교","kind":"shared","oneWay":false,"sggCode":"113","eduCode":"8011000","eduName":"충청북도청주교육지원청","updatedAt":"2025-02-24"},"geometry":{"type":"MultiPolygon","coordinates":[[[[127.3789,36.64638],[127.37886,36.64639],[127.37813,36.64661],[127.37629,36.64511],[127.37319,36.64401],[127.36984,36.6421],[127.36841,36.64101],[127.36736,36.63935],[127.36662,36.63875],[127.36365,36.63767],[127.35861,36.63753],[127.35692,36.63688],[127.35677,36.63625],[127.3552,36.6357],[127.35188,36.63352],[127.3501,36.62868],[127.34906,36.62864],[127.34562,36.63111],[127.34463,36.63293],[127.34463,36.63348],[127.34349,36.63356],[127.34292,36.63286],[127.34131,36.63421],[127.33954,36.63102],[127.33738,36.63179],[127.33468,36.62676],[127.33367,36.62625],[127.33271,36.62527],[127.33148,36.62116],[127.331,36.62136],[127.32901,36.61985],[127.32836,36.62008],[127.32782,36.6191],[127.32665,36.62016],[127.32015,36.61547],[127.32045,36.61512],[127.31958,36.61423],[127.31812,36.61376],[127.32187,36.60649],[127.324,36.6072],[127.32436,36.60651],[127.32623,36.60714],[127.32694,36.60691],[127.32729,36.60735],[127.32686,36.60565],[127.32772,36.60317],[127.32785,36.60211],[127.32757,36.60113],[127.32869,36.60108],[127.33251,36.60179],[127.33392,36.60094],[127.33254,36.60073],[127.3309,36.59876],[127.33036,36.59669],[127.33038,36.59403],[127.32997,36.59357],[127.33078,36.59075],[127.32996,36.58876],[127.32704,36.58588],[127.32484,36.58474],[127.32144,36.58378],[127.32305,36.58192],[127.32149,36.58131],[127.32296,36.58056],[127.32479,36.58033],[127.32526,36.57957],[127.32476,36.57902],[127.32545,36.57771],[127.32659,36.57652],[127.32723,36.57603],[127.32942,36.57531],[127.32978,36.57488],[127.33124,36.57492],[127.33215,36.57417],[127.33202,36.57347],[127.33251,36.57259],[127.33576,36.57106],[127.33577,36.57061],[127.33656,36.56991],[127.33803,36.5716],[127.34002,36.57203],[127.34016,36.57426],[127.34104,36.57516],[127.34206,36.57566],[127.34382,36.5749],[127.34614,36.57273],[127.34812,36.5738],[127.35014,36.57424],[127.35135,36.5736],[127.35417,36.57324],[127.35499,36.57255],[127.35637,36.57205],[127.35753,36.57408],[127.3591,36.57453],[127.35925,36.57494],[127.36068,36.57598],[127.36421,36.5745],[127.36543,36.57495],[127.36555,36.57452],[127.36698,36.57423],[127.37111,36.57393],[127.37242,36.57288],[127.37331,36.5728],[127.37331,36.57308],[127.37451,36.57351],[127.37545,36.57714],[127.37607,36.57733],[127.37656,36.57813],[127.37786,36.57863],[127.37839,36.57944],[127.37911,36.57986],[127.37937,36.58099],[127.37898,36.58193],[127.3794,36.58235],[127.37829,36.58299],[127.37858,36.5837],[127.37994,36.58494],[127.3819,36.58745],[127.3831,36.58864],[127.38387,36.58892],[127.38373,36.58988],[127.38398,36.59053],[127.38374,36.59082],[127.38505,36.594],[127.3872,36.59455],[127.38741,36.5949],[127.38745,36.59539],[127.38659,36.59685],[127.38678,36.5973],[127.38818,36.59759],[127.3891,36.59858],[127.38901,36.59915],[127.3885,36.59964],[127.38921,36.60131],[127.38821,36.60147],[127.38372,36.60365],[127.38339,36.60427],[127.3821,36.60453],[127.38134,36.60382],[127.37906,36.60321],[127.37891,36.60408],[127.37765,36.60465],[127.37785,36.60489],[127.37718,36.60568],[127.37843,36.60684],[127.37733,36.60856],[127.37729,36.60951],[127.37604,36.61035],[127.37652,36.61105],[127.3761,36.61177],[127.37654,36.61197],[127.37683,36.61409],[127.37796,36.61378],[127.37934,36.61425],[127.38053,36.61392],[127.38145,36.61407],[127.38356,36.61525],[127.38393,36.61773],[127.38451,36.61805],[127.38471,36.61861],[127.3863,36.61895],[127.38807,36.61999],[127.38784,36.6208],[127.38647,36.62107],[127.38655,36.62195],[127.38706,36.62224],[127.38805,36.62378],[127.38794,36.62448],[127.3898,36.62471],[127.39325,36.62645],[127.39429,36.62594],[127.39618,36.6267],[127.39769,36.62609],[127.40006,36.62652],[127.40151,36.62632],[127.40271,36.62709],[127.40352,36.62838],[127.40608,36.62877],[127.40734,36.63036],[127.40704,36.63263],[127.40569,36.63229],[127.40354,36.63228],[127.40162,36.63151],[127.40114,36.63071],[127.40126,36.63031],[127.39968,36.6296],[127.39764,36.6299],[127.39675,36.6296],[127.39585,36.63018],[127.39374,36.63023],[127.392,36.63079],[127.39128,36.6303],[127.38929,36.63105],[127.39039,36.63312],[127.38998,36.6345],[127.39036,36.63652],[127.38981,36.63831],[127.38781,36.63955],[127.38713,36.64033],[127.38763,36.64153],[127.3871,36.6414],[127.38473,36.64316],[127.38364,36.6426],[127.38175,36.64285],[127.37848,36.6453],[127.37942,36.64609],[127.3789,36.64638]]],[[[127.32383,36.60673],[127.32384,36.60673],[127.32385,36.60673],[127.32385,36.60683],[127.32385,36.60691],[127.32375,36.60692],[127.32367,36.60691],[127.32363,36.6069],[127.32359,36.60688],[127.32357,36.60683],[127.32361,36.6068],[127.32363,36.60678],[127.32366,36.60674],[127.32376,36.60672],[127.32383,36.60673]]]]}},{"type":"Feature","properties":{"zoneId":"Z000210162","zoneName":"앙성중부론중공동학구","zoneType":"middle","level":"중학교","kind":"shared","oneWay":false,"sggCode":"130","eduCode":"8021000","eduName":"충청북도충주교육지원청","updatedAt":"2017-02-16"},"geometry":{"type":"Polygon","coordinates":[[[127.74474,37.21375],[127.74465,37.21436],[127.74413,37.21486],[127.74351,37.21458],[127.7418,37.21218],[127.74045,37.21199],[127.73871,37.21088],[127.73804,37.21096],[127.73674,37.21019],[127.73588,37.20832],[127.73526,37.20807],[127.73514,37.20705],[127.73548,37.20667],[127.7353,37.20584],[127.73558,37.20553],[127.7348,37.20466],[127.73444,37.20315],[127.73383,37.20283],[127.73384,37.20227],[127.73314,37.20166],[127.73218,37.20138],[127.7326,37.20055],[127.73221,37.19986],[127.73283,37.19879],[127.73247,37.19812],[127.73272,37.19714],[127.7325,37.1958],[127.73145,37.19502],[127.73046,37.19481],[127.73077,37.19414],[127.73004,37.19296],[127.72835,37.19179],[127.72769,37.18933],[127.7283,37.18773],[127.72791,37.18765],[127.72796,37.18647],[127.72733,37.18473],[127.72663,37.18415],[127.72641,37.18254],[127.7228,37.18157],[127.72218,37.18183],[127.72152,37.18306],[127.7185,37.18383],[127.71764,37.18383],[127.7169,37.18343],[127.71661,37.18235],[127.71452,37.18112],[127.71479,37.18024],[127.71418,37.17948],[127.71391,37.17845],[127.71302,37.1783],[127.71281,37.17735],[127.71234,37.1768],[127.71111,37.17661],[127.71038,37.17573],[127.71081,37.17509],[127.70964,37.17329],[127.70965,37.17219],[127.70868,37.17094],[127.70675,37.17069],[127.70661,37.16983],[127.70485,37.16752],[127.70459,37.16651],[127.70489,37.16605],[127.70481,37.16268],[127.70432,37.16117],[127.70489,37.16066],[127.70483,37.15988],[127.70436,37.15962],[127.70402,37.15873],[127.70427,37.15765],[127.70245,37.15549],[127.70702,37.15496],[127.71035,37.15503],[127.71462,37.15642],[127.72271,37.15825],[127.73229,37.15891],[127.73797,37.1608],[127.7416,37.16327],[127.74792,37.16465],[127.74968,37.16367],[127.75108,37.16445],[127.75237,37.16667],[127.75447,37.16821],[127.75704,37.16926],[127.75553,37.17144],[127.75515,37.17349],[127.75286,37.17886],[127.75194,37.18216],[127.75104,37.18246],[127.74939,37.18956],[127.75013,37.19038],[127.74891,37.19676],[127.74785,37.20033],[127.74651,37.20033],[127.74571,37.20361],[127.74426,37.20755],[127.74413,37.21123],[127.74636,37.21448],[127.74474,37.21375]]]}},{"type":"Feature","properties":{"zoneId":"Z000201451","zoneName":"연풍중학구","zoneType":"middle","level":"중학교","kind":"dedicated","oneWay":false,"sggCode":"760","eduCode":"8092000","eduName":"충청북도괴산증평교육지원청","updatedAt":"2024-03-26"},"geometry":{"type":"Polygon","coordinates":[[[128.02852,36.8249],[128.02769,36.82516],[128.02404,36.82599],[128.02302,36.82477],[128.02386,36.82321],[128.02321,36.82229],[128.02292,36.81967],[128.02217,36.81739],[128.02346,36.81624],[128.0237,36.81529],[128.024,36.81516],[128.02362,36.81504],[128.02303,36.81312],[128.02171,36.81193],[128.02113,36.81028],[128.01816,36.80827],[128.01662,36.80789],[128.01367,36.80877],[128.01238,36.808],[128.01158,36.80679],[128.00977,36.80739],[128.00892,36.80807],[128.00367,36.81058],[128.00203,36.81041],[128.00015,36.81117],[127.99779,36.81294],[127.99259,36.81267],[127.99173,36.81288],[127.98836,36.81505],[127.98664,36.81572],[127.98529,36.8161],[127.98242,36.81601],[127.98062,36.81514],[127.97928,36.81398],[127.97753,36.81392],[127.97562,36.81293],[127.97459,36.81163],[127.97459,36.80978],[127.97334,36.80994],[127.97015,36.80785],[127.97003,36.80657],[127.96869,36.80546],[127.96666,36.80429],[127.9655,36.804],[127.96493,36.80226],[127.96439,36.80167],[127.9643,36.80079],[127.96284,36.79968],[127.96289,36.79888],[127.96368,36.79789],[127.96402,36.79647],[127.96369,36.79482],[127.96175,36.79443],[127.96074,36.79478],[127.9598,36.79464],[127.95831,36.79352],[127.95669,36.79322],[127.95628,36.79097],[127.95598,36.7908],[127.95176,36.79009],[127.9487,36.79132],[127.94604,36.78926],[127.94218,36.78889],[127.93929,36.7881],[127.93749,36.78705],[127.9376,36.78591],[127.93905,36.78588],[127.94125,36.7838],[127.94116,36.78348],[127.94069,36.78386],[127.94048,36.78371],[127.94164,36.78179],[127.94188,36.78065],[127.94146,36.78023],[127.93892,36.78038],[127.93803,36.77982],[127.93851,36.77873],[127.93819,36.77713],[127.93717,36.77626],[127.93532,36.7737],[127.93366,36.77224],[127.93366,36.77121],[127.93442,36.76943],[127.93476,36.76928],[127.93511,36.76801],[127.93603,36.76746],[127.9371,36.76582],[127.93727,36.76369],[127.93861,36.7605],[127.94028,36.75852],[127.94074,36.75704],[127.94204,36.7548],[127.94352,36.753],[127.94407,36.75161],[127.94369,36.75015],[127.94396,36.74898],[127.94493,36.74692],[127.94439,36.74542],[127.94695,36.74357],[127.95046,36.74256],[127.95283,36.74131],[127.9553,36.74113],[127.95707,36.74017],[127.9582,36.74075],[127.95925,36.74],[127.96036,36.73983],[127.96084,36.73915],[127.96015,36.73826],[127.96113,36.7381],[127.96055,36.73719],[127.96316,36.73339],[127.96824,36.73129],[127.96927,36.73142],[127.97072,36.73091],[127.97184,36.72937],[127.97193,36.72862],[127.97315,36.7262],[127.97362,36.72614],[127.97506,36.72478],[127.97651,36.72425],[127.97619,36.72363],[127.98025,36.72008],[127.98245,36.71955],[127.98365,36.71851],[127.98481,36.71864],[127.98685,36.71755],[127.99017,36.71722],[127.99099,36.71742],[127.99146,36.718],[127.99346,36.71753],[127.99514,36.71818],[127.99744,36.71832],[127.99934,36.7174],[128.00194,36.71726],[128.0037,36.71995],[128.00417,36.7212],[128.0061,36.72302],[128.00597,36.72404],[128.00695,36.72483],[128.00651,36.72545],[128.00868,36.72657],[128.00936,36.72837],[128.01127,36.72961],[128.01484,36.73019],[128.01581,36.72872],[128.01727,36.72761],[128.01955,36.72502],[128.01939,36.7237],[128.02093,36.72193],[128.02232,36.72157],[128.02578,36.71906],[128.02881,36.71946],[128.03086,36.71929],[128.03191,36.71878],[128.03309,36.71723],[128.03473,36.71613],[128.03676,36.71493],[128.03796,36.715],[128.03936,36.71396],[128.04341,36.71232],[128.0456,36.71072],[128.04646,36.7094],[128.04969,36.70776],[128.05217,36.70776],[128.05662,36.70884],[128.0587,36.70895],[128.06382,36.70803],[128.06729,36.70829],[128.07038,36.7077],[128.07235,36.71097],[128.07267,36.7122],[128.07149,36.71561],[128.07057,36.71645],[128.06994,36.71822],[128.06822,36.72029],[128.06779,36.72127],[128.06799,36.72223],[128.06396,36.72481],[128.0626,36.72612],[128.062,36.72603],[128.06064,36.72688],[128.05846,36.73016],[128.05725,36.73108],[128.0561,36.7303],[128.05556,36.73042],[128.05391,36.7319],[128.05278,36.7334],[128.05207,36.73516],[128.05072,36.73671],[128.04627,36.73915],[128.04235,36.74068],[128.03839,36.74365],[128.0363,36.74441],[128.03438,36.74556],[128.03363,36.74669],[128.03232,36.74758],[128.03262,36.74938],[128.03236,36.75055],[128.03273,36.75265],[128.03237,36.75517],[128.03422,36.75737],[128.03452,36.75811],[128.03579,36.75902],[128.03736,36.76104],[128.03893,36.76401],[128.04052,36.76603],[128.0412,36.76834],[128.04215,36.76842],[128.0448,36.77105],[128.04468,36.7746],[128.04587,36.77695],[128.04577,36.778],[128.04691,36.77861],[128.04563,36.7813],[128.04556,36.78244],[128.04831,36.78322],[128.04876,36.78362],[128.05006,36.7856],[128.0512,36.78884],[128.05324,36.79168],[128.05498,36.79266],[128.05573,36.79595],[128.05526,36.79684],[128.05613,36.79842],[128.05554,36.79944],[128.05493,36.80398],[128.05397,36.8052],[128.05408,36.80561],[128.05501,36.8061],[128.05795,36.80701],[128.05774,36.80831],[128.05683,36.80913],[128.0569,36.80956],[128.05781,36.80992],[128.05783,36.81024],[128.05737,36.81047],[128.05769,36.81175],[128.05823,36.81207],[128.05864,36.81315],[128.05926,36.81359],[128.05924,36.81639],[128.05726,36.81729],[128.05683,36.81717],[128.05557,36.8186],[128.05466,36.81905],[128.05252,36.81869],[128.05148,36.819],[128.0505,36.81968],[128.04897,36.82148],[128.0485,36.8214],[128.04725,36.82223],[128.04223,36.8206],[128.03901,36.82141],[128.03638,36.82461],[128.03547,36.82495],[128.03194,36.82526],[128.03134,36.82505],[128.03022,36.82533],[128.02852,36.8249]]]}},{"type":"Feature","properties":{"zoneId":"Z000200583","zoneName":"충북혁신도시학교군","zoneType":"middle","level":"중학교","kind":"dedicated","oneWay":false,"sggCode":"770","eduCode":"8101000","eduName":"충청북도음성교육지원청","updatedAt":"2024-04-14"},"geometry":{"type":"Polygon","coordinates":[[[127.55562,36.9399],[127.55553,36.94007],[127.55576,36.9407],[127.55642,36.94093],[127.55636,36.94169],[127.55032,36.94085],[127.5491,36.93981],[127.54659,36.93964],[127.54604,36.93913],[127.54362,36.93844],[127.54043,36.93855],[127.54037,36.93762],[127.53847,36.9377],[127.53582,36.93679],[127.53339,36.93723],[127.53201,36.93998],[127.5302,36.94096],[127.52889,36.94159],[127.52692,36.94154],[127.52531,36.93967],[127.52073,36.93813],[127.51968,36.93824],[127.51836,36.93749],[127.51769,36.93602],[127.51628,36.93431],[127.51482,36.93364],[127.51377,36.93229],[127.51145,36.93068],[127.51185,36.92879],[127.51382,36.92757],[127.51372,36.92639],[127.51324,36.92581],[127.51621,36.92457],[127.51727,36.92355],[127.51762,36.92266],[127.5194,36.92288],[127.51978,36.92112],[127.52043,36.92051],[127.52061,36.91981],[127.52126,36.91951],[127.52169,36.91964],[127.52285,36.91838],[127.52251,36.91796],[127.52338,36.91485],[127.52495,36.913],[127.52645,36.91223],[127.52635,36.91144],[127.52724,36.91087],[127.52855,36.91126],[127.52936,36.91113],[127.53146,36.91238],[127.53262,36.91221],[127.53312,36.91172],[127.53382,36.91199],[127.53568,36.91105],[127.53514,36.91036],[127.53894,36.90827],[127.54058,36.90645],[127.53764,36.90529],[127.53907,36.9035],[127.54213,36.90512],[127.54235,36.90557],[127.54404,36.90522],[127.54378,36.90454],[127.54609,36.90348],[127.54588,36.90321],[127.54662,36.90258],[127.54601,36.90204],[127.5463,36.9011],[127.54601,36.9009],[127.54708,36.90072],[127.54754,36.90012],[127.54741,36.89991],[127.54846,36.9005],[127.54913,36.9003],[127.54926,36.89979],[127.55027,36.89918],[127.55371,36.89872],[127.55485,36.89933],[127.55579,36.89908],[127.55521,36.89853],[127.55541,36.89796],[127.55484,36.89749],[127.55469,36.89648],[127.55369,36.89602],[127.55185,36.89392],[127.55258,36.89303],[127.55265,36.89248],[127.55521,36.89132],[127.55563,36.89046],[127.55484,36.88868],[127.55519,36.88842],[127.55565,36.88616],[127.55653,36.88634],[127.55751,36.88572],[127.55827,36.88633],[127.55976,36.88659],[127.56078,36.88567],[127.56058,36.88491],[127.56142,36.88281],[127.56266,36.88223],[127.56317,36.8825],[127.56437,36.88235],[127.56667,36.8827],[127.56639,36.88323],[127.56676,36.88477],[127.56716,36.88521],[127.56703,36.8861],[127.56856,36.88572],[127.56915,36.88519],[127.5696,36.88414],[127.57119,36.88224],[127.57206,36.88034],[127.57128,36.87945],[127.56851,36.87825],[127.56693,36.8769],[127.57555,36.85828],[127.57782,36.86252],[127.5779,36.86324],[127.57663,36.86466],[127.57764,36.86555],[127.57791,36.86654],[127.58129,36.86662],[127.58254,36.8675],[127.58272,36.86822],[127.58348,36.86896],[127.58511,36.87018],[127.58468,36.87355],[127.58504,36.87459],[127.5842,36.87517],[127.58345,36.87624],[127.58134,36.87712],[127.58319,36.87801],[127.58358,36.87849],[127.58434,36.88077],[127.58503,36.8812],[127.58575,36.88253],[127.58545,36.88308],[127.58574,36.88481],[127.58619,36.88523],[127.58724,36.88529],[127.58788,36.8862],[127.58863,36.88653],[127.58912,36.88852],[127.58893,36.88959],[127.58924,36.89087],[127.59095,36.89306],[127.59097,36.89366],[127.59028,36.89427],[127.59003,36.89536],[127.59107,36.89629],[127.59119,36.89782],[127.5931,36.8997],[127.59198,36.90161],[127.59223,36.90246],[127.59313,36.90329],[127.5916,36.90548],[127.59171,36.90618],[127.5914,36.90665],[127.5922,36.90813],[127.59187,36.90897],[127.58986,36.90963],[127.58875,36.91085],[127.58753,36.91066],[127.58658,36.91206],[127.58626,36.91273],[127.58671,36.91361],[127.58602,36.9154],[127.58635,36.91597],[127.58473,36.91717],[127.58488,36.91809],[127.58544,36.91865],[127.58532,36.92041],[127.58469,36.92087],[127.58428,36.92272],[127.58391,36.92296],[127.58417,36.92411],[127.58376,36.92452],[127.58367,36.92623],[127.58317,36.92642],[127.58226,36.92843],[127.57957,36.92864],[127.57671,36.92791],[127.57723,36.92928],[127.57715,36.93047],[127.57862,36.93259],[127.5794,36.93277],[127.58058,36.93475],[127.57887,36.93493],[127.57662,36.93608],[127.57294,36.93639],[127.57182,36.93541],[127.57081,36.93518],[127.5679,36.9354],[127.56706,36.93589],[127.56655,36.93535],[127.56543,36.93505],[127.5641,36.93529],[127.56186,36.93394],[127.56113,36.93558],[127.55993,36.93574],[127.55778,36.93668],[127.55615,36.93857],[127.55625,36.93912],[127.55562,36.9399]]]}},{"type":"Feature","properties":{"zoneId":"Z000210384","zoneName":"중앙탑중노은중신니중신명중공동(일방)학구","zoneType":"middle","level":"중학교","kind":"shared","oneWay":true,"sggCode":"130","eduCode":"8021000","eduName":"충청북도충주교육지원청","updatedAt":"2026-03-01"},"geometry":{"type":"Polygon","coordinates":[[[127.84887,37.07916],[127.84864,37.07933],[127.84797,37.08039],[127.84581,37.08225],[127.84206,37.08439],[127.83307,37.08611],[127.8308,37.08612],[127.83142,37.08443],[127.83507,37.0813],[127.83343,37.07979],[127.8341,37.07853],[127.83397,37.07755],[127.83238,37.07682],[127.83223,37.0757],[127.83057,37.0757],[127.82793,37.07148],[127.82432,37.07003],[127.82239,37.06838],[127.82266,37.06746],[127.82343,37.06728],[127.82507,37.0647],[127.82578,37.06412],[127.8272,37.0637],[127.82875,37.06254],[127.82712,37.06138],[127.82544,37.06223],[127.82399,37.06232],[127.82346,37.06205],[127.82208,37.06026],[127.82231,37.06008],[127.81977,37.0585],[127.81772,37.05883],[127.81651,37.05988],[127.81556,37.0614],[127.81526,37.06107],[127.8143,37.0572],[127.81481,37.05693],[127.81497,37.05571],[127.81533,37.05542],[127.81846,37.05503],[127.81891,37.05341],[127.82016,37.05305],[127.82011,37.05114],[127.82051,37.05061],[127.82078,37.04883],[127.82427,37.0489],[127.82244,37.03995],[127.81968,37.0327],[127.81588,37.02944],[127.81645,37.02884],[127.81731,37.02887],[127.81764,37.02815],[127.81807,37.02623],[127.81775,37.02575],[127.81781,37.02407],[127.81904,37.02356],[127.82081,37.02214],[127.82047,37.01885],[127.82135,37.01841],[127.82189,37.01771],[127.82038,37.01658],[127.82785,37.00677],[127.83214,37.00772],[127.83471,37.0089],[127.83535,37.00853],[127.83517,37.00823],[127.8374,37.00544],[127.8371,37.00504],[127.83711,37.00378],[127.83787,37.00382],[127.83937,37.00178],[127.83968,37.00165],[127.83987,37.00201],[127.84041,37.00193],[127.84125,37.00247],[127.84228,37.00189],[127.84404,37.00194],[127.84622,37.00302],[127.84618,37.00362],[127.84726,37.00432],[127.84675,37.00502],[127.84731,37.00546],[127.85004,37.00568],[127.85215,37.00727],[127.85303,37.00754],[127.85331,37.01074],[127.85381,37.01103],[127.85365,37.01243],[127.85408,37.01309],[127.85571,37.01305],[127.85633,37.01376],[127.85717,37.01404],[127.85727,37.01484],[127.85967,37.01566],[127.85968,37.01606],[127.86028,37.01664],[127.86485,37.0135],[127.86633,37.0153],[127.86729,37.0148],[127.86747,37.01497],[127.86816,37.01397],[127.87046,37.01462],[127.86915,37.01868],[127.8629,37.02848],[127.8593,37.03347],[127.85884,37.03739],[127.8593,37.03848],[127.86234,37.04185],[127.86265,37.0416],[127.86516,37.04452],[127.86624,37.04532],[127.87205,37.04809],[127.87646,37.0498],[127.8804,37.05171],[127.8819,37.05276],[127.88751,37.05906],[127.88887,37.06203],[127.88721,37.06834],[127.88488,37.07303],[127.88351,37.075],[127.88351,37.07564],[127.88139,37.07587],[127.88133,37.07662],[127.88048,37.0774],[127.88028,37.07678],[127.87811,37.07803],[127.8766,37.07849],[127.87594,37.07906],[127.87576,37.08051],[127.87455,37.08269],[127.87363,37.08369],[127.87064,37.08439],[127.86839,37.08423],[127.8663,37.08289],[127.86098,37.08052],[127.85988,37.08018],[127.85682,37.08016],[127.85833,37.07854],[127.84887,37.07916]]]}},{"type":"Feature","properties":{"zoneId":"Z000210048","zoneName":"신니중주덕중공동학구","zoneType":"middle","level":"중학교","kind":"shared","oneWay":false,"sggCode":"130","eduCode":"8021000","eduName":"충청북도충주교육지원청","updatedAt":"2016-08-12"},"geometry":{"type":"Polygon","coordinates":[[[127.73266,36.97284],[127.73159,36.97331],[127.73185,36.97364],[127.73096,36.97481],[127.73105,36.97528],[127.7298,36.9755],[127.72816,36.97483],[127.72786,36.97459],[127.72789,36.97402],[127.72731,36.97359],[127.72453,36.97252],[127.72184,36.97302],[127.71998,36.97414],[127.71952,36.97485],[127.71758,36.97517],[127.71628,36.97494],[127.7161,36.97414],[127.71525,36.97348],[127.70872,36.9735],[127.70711,36.9741],[127.7056,36.974],[127.70415,36.97296],[127.70339,36.97116],[127.70402,36.9691],[127.70528,36.96741],[127.70585,36.96579],[127.70726,36.9648],[127.70917,36.96484],[127.71012,36.96444],[127.7106,36.96256],[127.71107,36.96215],[127.71452,36.96111],[127.71626,36.95841],[127.71804,36.95845],[127.7186,36.95895],[127.72206,36.95873],[127.72209,36.95918],[127.72247,36.95936],[127.72371,36.95899],[127.72401,36.95862],[127.72477,36.95858],[127.72546,36.95799],[127.72685,36.95905],[127.72995,36.95795],[127.73051,36.95741],[127.73055,36.95685],[127.73232,36.95546],[127.73281,36.95473],[127.7329,36.95366],[127.73419,36.95358],[127.73672,36.95421],[127.73928,36.95238],[127.74116,36.95252],[127.74249,36.95348],[127.74458,36.95407],[127.74516,36.95556],[127.74898,36.95607],[127.7501,36.95583],[127.75296,36.95795],[127.75155,36.95831],[127.74992,36.95937],[127.74926,36.96085],[127.74803,36.96181],[127.74712,36.96166],[127.74639,36.9626],[127.74686,36.96388],[127.74727,36.96406],[127.74746,36.96488],[127.74783,36.96515],[127.74789,36.96643],[127.74872,36.9684],[127.74989,36.96888],[127.75021,36.96941],[127.75009,36.97063],[127.74795,36.97377],[127.74674,36.97384],[127.74641,36.97356],[127.74372,36.97409],[127.7433,36.97339],[127.74247,36.97306],[127.742,36.97351],[127.741,36.9731],[127.74018,36.97359],[127.7391,36.97337],[127.73804,36.9724],[127.73707,36.97261],[127.73411,36.97157],[127.73319,36.97202],[127.73266,36.97284]]]}},{"type":"Feature","properties":{"zoneId":"Z000210248","zoneName":"충주시학교군중앙탑중학구공동학구 및 중앙탑중노은중신니중신명중공동(일방)학구","zoneType":"middle","level":"중학교","kind":"shared","oneWay":true,"sggCode":"130","eduCode":"8021000","eduName":"충청북도충주교육지원청","updatedAt":"2026-03-18"},"geometry":{"type":"Polygon","coordinates":[[[127.86117,37.01603],[127.86113,37.01606],[127.86028,37.01664],[127.85968,37.01606],[127.85967,37.01566],[127.85727,37.01484],[127.85717,37.01404],[127.85633,37.01376],[127.85571,37.01305],[127.85408,37.01309],[127.85365,37.01243],[127.85381,37.01103],[127.85331,37.01074],[127.85303,37.00754],[127.85215,37.00727],[127.85004,37.00568],[127.84731,37.00546],[127.84675,37.00502],[127.84726,37.00432],[127.84618,37.00362],[127.84622,37.00302],[127.84677,37.00242],[127.84919,37.00239],[127.85042,37.00198],[127.85174,37.00222],[127.85212,37.00145],[127.85144,36.99945],[127.8516,36.99888],[127.85258,36.9981],[127.85362,36.99527],[127.85348,36.99484],[127.85401,36.99457],[127.85389,36.99298],[127.85587,36.99218],[127.8563,36.99172],[127.85811,36.99129],[127.85819,36.98913],[127.85912,36.98665],[127.86332,36.98541],[127.86422,36.98541],[127.8653,36.98498],[127.86561,36.98424],[127.86616,36.98397],[127.86721,36.98425],[127.86819,36.98346],[127.86845,36.98185],[127.86943,36.98191],[127.87053,36.98277],[127.87192,36.98301],[127.8753,36.98044],[127.87647,36.98017],[127.87733,36.98095],[127.87869,36.97967],[127.88062,36.97999],[127.88087,36.97731],[127.88141,36.97627],[127.8827,36.97509],[127.88301,36.97417],[127.88721,36.97433],[127.88872,36.97512],[127.89002,36.97644],[127.89055,36.97857],[127.8903,36.98154],[127.88967,36.9831],[127.89035,36.98774],[127.8907,36.98772],[127.89093,36.98827],[127.89072,36.98946],[127.88818,36.98975],[127.88768,36.99127],[127.88711,36.99193],[127.88262,36.9945],[127.88104,36.99758],[127.87996,36.9983],[127.87671,37.00192],[127.8754,37.00483],[127.87308,37.0083],[127.87179,37.01206],[127.87,37.01448],[127.86816,37.01397],[127.86747,37.01497],[127.86729,37.0148],[127.86633,37.0153],[127.86485,37.0135],[127.86117,37.01603]]]}},{"type":"Feature","properties":{"zoneId":"Z000210058","zoneName":"증평읍학교군음성읍학교군공동학구","zoneType":"middle","level":"중학교","kind":"shared","oneWay":false,"sggCode":"770","eduCode":"8092000","eduName":"충청북도괴산증평교육지원청","updatedAt":"2016-08-12"},"geometry":{"type":"Polygon","coordinates":[[[127.63443,36.86677],[127.6341,36.86651],[127.63276,36.86622],[127.63191,36.86643],[127.62834,36.86431],[127.628,36.86373],[127.62635,36.86372],[127.62536,36.86273],[127.62373,36.86263],[127.62257,36.86164],[127.62144,36.86193],[127.61973,36.86186],[127.6183,36.8611],[127.61661,36.85865],[127.61748,36.85771],[127.6159,36.85353],[127.61545,36.85293],[127.61445,36.85325],[127.6138,36.85169],[127.61311,36.85139],[127.61237,36.84913],[127.6115,36.84778],[127.61174,36.84742],[127.61158,36.8467],[127.61223,36.84636],[127.61197,36.84514],[127.61253,36.84497],[127.61276,36.84411],[127.61327,36.84377],[127.61309,36.84228],[127.61342,36.84183],[127.61349,36.84038],[127.61317,36.83931],[127.61384,36.83886],[127.61357,36.83861],[127.61374,36.8374],[127.6134,36.83646],[127.61368,36.8357],[127.6153,36.83529],[127.61519,36.83435],[127.61555,36.8339],[127.61642,36.83383],[127.61826,36.83618],[127.61999,36.8369],[127.62049,36.83698],[127.62376,36.8356],[127.6242,36.83722],[127.62495,36.8377],[127.62559,36.83924],[127.62639,36.84253],[127.62763,36.84288],[127.62802,36.84358],[127.62928,36.84341],[127.63003,36.84365],[127.631,36.84517],[127.63347,36.84584],[127.63522,36.84719],[127.63585,36.84736],[127.63754,36.84695],[127.63812,36.84974],[127.63909,36.85044],[127.64025,36.85317],[127.64111,36.85383],[127.64202,36.85575],[127.64342,36.85683],[127.64443,36.857],[127.64436,36.85754],[127.64377,36.85779],[127.64363,36.85829],[127.64208,36.8586],[127.64204,36.86096],[127.64108,36.86159],[127.64129,36.86208],[127.64039,36.86289],[127.63882,36.86337],[127.63925,36.86418],[127.63861,36.86438],[127.63757,36.8655],[127.63575,36.86567],[127.63555,36.8661],[127.63443,36.86677]]]}},{"type":"Feature","properties":{"zoneId":"Z000200559","zoneName":"이원중학구","zoneType":"middle","level":"중학교","kind":"dedicated","oneWay":false,"sggCode":"730","eduCode":"8061000","eduName":"충청북도옥천교육지원청","updatedAt":"2016-08-12"},"geometry":{"type":"Polygon","coordinates":[[[127.6661,36.266],[127.66523,36.26645],[127.66313,36.26697],[127.6627,36.26753],[127.65865,36.26685],[127.65818,36.26637],[127.6579,36.26519],[127.65718,36.26439],[127.65573,36.26531],[127.65384,36.26523],[127.65331,36.26507],[127.65217,36.26386],[127.64868,36.26307],[127.64753,36.26248],[127.64255,36.26155],[127.64074,36.26093],[127.6401,36.26037],[127.63714,36.25972],[127.63374,36.26267],[127.63073,36.26088],[127.62955,36.26203],[127.62772,36.26289],[127.62731,36.26274],[127.62551,36.26343],[127.62238,36.26259],[127.62086,36.26317],[127.6167,36.26302],[127.61578,36.26221],[127.61435,36.2622],[127.61382,36.26164],[127.6122,36.26135],[127.61156,36.26082],[127.61042,36.26109],[127.60904,36.26097],[127.60785,36.26023],[127.60619,36.26024],[127.60495,36.25941],[127.60417,36.25927],[127.60169,36.259],[127.60059,36.2595],[127.59924,36.25954],[127.5988,36.25919],[127.5986,36.25767],[127.59724,36.25744],[127.59418,36.25581],[127.59403,36.25493],[127.59232,36.25183],[127.59067,36.2514],[127.58947,36.24991],[127.5878,36.25005],[127.58651,36.2507],[127.58639,36.25133],[127.585,36.25253],[127.58316,36.25232],[127.58204,36.25324],[127.58009,36.25352],[127.57981,36.25255],[127.57808,36.25239],[127.57553,36.25143],[127.57482,36.25061],[127.57416,36.24797],[127.57343,36.24693],[127.57209,36.24669],[127.5702,36.24694],[127.5681,36.24765],[127.5671,36.24687],[127.56651,36.24271],[127.56757,36.24163],[127.56845,36.23895],[127.56895,36.23826],[127.56867,36.23773],[127.5694,36.23663],[127.56962,36.23468],[127.57024,36.23352],[127.57285,36.23302],[127.57486,36.232],[127.57955,36.2328],[127.58022,36.23185],[127.58168,36.23137],[127.58243,36.23163],[127.58358,36.2313],[127.58481,36.23025],[127.58631,36.22758],[127.58657,36.22506],[127.58712,36.22486],[127.58874,36.2255],[127.59051,36.22529],[127.5906,36.22473],[127.59032,36.2244],[127.59066,36.22257],[127.59111,36.22166],[127.59245,36.22132],[127.59276,36.21982],[127.59464,36.21948],[127.59802,36.21709],[127.59768,36.21622],[127.59796,36.21433],[127.59732,36.21298],[127.59631,36.21188],[127.59699,36.21157],[127.59747,36.21086],[127.59879,36.21022],[127.59895,36.20959],[127.59843,36.20851],[127.59925,36.20727],[127.59943,36.20513],[127.59966,36.20509],[127.599,36.20335],[127.59928,36.20264],[127.59826,36.20238],[127.59734,36.20027],[127.59533,36.19896],[127.59419,36.19684],[127.59246,36.1952],[127.59361,36.19439],[127.59292,36.19294],[127.59298,36.19223],[127.59456,36.19102],[127.59455,36.1904],[127.59526,36.1898],[127.59538,36.1891],[127.59623,36.18847],[127.59772,36.18487],[127.60176,36.18432],[127.60388,36.18543],[127.60578,36.18471],[127.60675,36.18534],[127.60825,36.18568],[127.60889,36.18543],[127.60906,36.1847],[127.6099,36.18387],[127.6112,36.18322],[127.61434,36.18404],[127.61473,36.18339],[127.6176,36.18245],[127.61867,36.18174],[127.62081,36.18183],[127.62168,36.18099],[127.62392,36.18102],[127.62459,36.18038],[127.62531,36.17879],[127.62712,36.17797],[127.62778,36.17833],[127.62834,36.17918],[127.62902,36.17869],[127.63021,36.17884],[127.63052,36.1793],[127.63195,36.17977],[127.6338,36.18095],[127.63453,36.18071],[127.63444,36.17904],[127.63509,36.17802],[127.63589,36.17829],[127.63765,36.1775],[127.63886,36.17588],[127.63945,36.17581],[127.64059,36.17477],[127.64242,36.1743],[127.64386,36.17217],[127.6461,36.17131],[127.64854,36.17147],[127.64971,36.17071],[127.65201,36.17198],[127.65253,36.17445],[127.65426,36.17583],[127.65502,36.17761],[127.65622,36.17789],[127.65767,36.17777],[127.65771,36.1784],[127.65831,36.17859],[127.66177,36.1786],[127.66245,36.17819],[127.666,36.17904],[127.66774,36.17912],[127.67043,36.17829],[127.67118,36.17759],[127.6743,36.1784],[127.6761,36.17798],[127.67683,36.18056],[127.67747,36.18146],[127.67813,36.1815],[127.67989,36.18424],[127.68115,36.18692],[127.68242,36.18809],[127.68223,36.1911],[127.68183,36.19162],[127.68151,36.19364],[127.68005,36.19546],[127.67986,36.19792],[127.67832,36.20028],[127.67666,36.20129],[127.67605,36.20187],[127.67606,36.20238],[127.67513,36.20289],[127.67483,36.20353],[127.67349,36.20367],[127.67145,36.20519],[127.67155,36.20651],[127.67101,36.20741],[127.67148,36.21033],[127.67026,36.21085],[127.66776,36.21546],[127.66693,36.21777],[127.66733,36.21972],[127.66609,36.22022],[127.66429,36.22166],[127.66375,36.2233],[127.66609,36.22374],[127.66854,36.22327],[127.66999,36.22341],[127.67253,36.22222],[127.67367,36.22333],[127.6765,36.22148],[127.67923,36.2208],[127.68262,36.21901],[127.68654,36.21786],[127.69033,36.2181],[127.69194,36.219],[127.69642,36.22341],[127.69918,36.22743],[127.70008,36.23103],[127.70027,36.23548],[127.69928,36.23824],[127.6994,36.23907],[127.70165,36.24014],[127.70433,36.24032],[127.70721,36.23977],[127.70724,36.24312],[127.70957,36.2434],[127.70858,36.2453],[127.70865,36.2457],[127.71055,36.2474],[127.71025,36.24837],[127.71058,36.25019],[127.71031,36.25063],[127.71037,36.25258],[127.70969,36.25404],[127.70953,36.25633],[127.70786,36.25826],[127.70497,36.2599],[127.70177,36.26078],[127.69941,36.2623],[127.6992,36.26272],[127.69802,36.26323],[127.69598,36.26294],[127.69398,36.26317],[127.69171,36.26202],[127.69147,36.26141],[127.68742,36.26218],[127.68635,36.2618],[127.68432,36.26019],[127.68184,36.26094],[127.6803,36.26181],[127.67938,36.26161],[127.6786,36.26087],[127.67707,36.26088],[127.67638,36.26027],[127.67564,36.26034],[127.67506,36.26102],[127.67449,36.26094],[127.67371,36.26162],[127.67247,36.26158],[127.67253,36.26249],[127.66989,36.26396],[127.66902,36.26525],[127.6661,36.266]]]}},{"type":"Feature","properties":{"zoneId":"Z000210172","zoneName":"보은중학구속리산중학구공동학구","zoneType":"middle","level":"중학교","kind":"shared","oneWay":false,"sggCode":"720","eduCode":"8051000","eduName":"충청북도보은교육지원청","updatedAt":"2026-03-18"},"geometry":{"type":"MultiPolygon","coordinates":[[[[127.78626,36.61377],[127.78626,36.61377],[127.78457,36.61269],[127.7839,36.61093],[127.78249,36.61027],[127.78143,36.60875],[127.77669,36.60805],[127.77646,36.60713],[127.77393,36.60601],[127.77324,36.60633],[127.77237,36.60624],[127.77218,36.6058],[127.77126,36.60552],[127.76875,36.60338],[127.76978,36.60117],[127.76943,36.59936],[127.76952,36.59802],[127.7689,36.59759],[127.76928,36.59647],[127.76872,36.59566],[127.76877,36.59403],[127.76919,36.59382],[127.76645,36.59349],[127.7655,36.59189],[127.76472,36.59195],[127.76355,36.59099],[127.76304,36.59127],[127.76224,36.59114],[127.76132,36.59049],[127.7552,36.59008],[127.75438,36.58936],[127.75204,36.58845],[127.74974,36.58659],[127.74586,36.58525],[127.74369,36.58722],[127.74289,36.58744],[127.74205,36.58818],[127.74155,36.58911],[127.74192,36.5895],[127.74192,36.59024],[127.74129,36.59064],[127.74102,36.59126],[127.73734,36.59262],[127.73675,36.59481],[127.73596,36.59571],[127.73701,36.59717],[127.73715,36.59932],[127.73649,36.60002],[127.73367,36.60017],[127.73111,36.60165],[127.72965,36.6017],[127.72874,36.60231],[127.72776,36.60178],[127.72698,36.60021],[127.72644,36.59997],[127.72487,36.6015],[127.7229,36.6022],[127.72171,36.60184],[127.72125,36.60235],[127.7202,36.60267],[127.71917,36.60199],[127.716,36.60236],[127.71495,36.6018],[127.71381,36.60202],[127.71318,36.60121],[127.71315,36.5997],[127.71184,36.59907],[127.71138,36.59843],[127.71139,36.59738],[127.70966,36.59605],[127.70558,36.59515],[127.70435,36.5942],[127.70423,36.59346],[127.70341,36.5928],[127.7032,36.59162],[127.70242,36.59113],[127.69668,36.58881],[127.69592,36.58892],[127.69461,36.58849],[127.69368,36.58863],[127.69325,36.58927],[127.69161,36.58652],[127.69258,36.58562],[127.69236,36.58389],[127.68941,36.57888],[127.68785,36.57535],[127.68749,36.57354],[127.68737,36.56994],[127.6864,36.5689],[127.68623,36.56926],[127.68468,36.56678],[127.68493,36.56603],[127.68459,36.56507],[127.68561,36.56305],[127.68682,36.56239],[127.68781,36.56226],[127.68813,36.56144],[127.68955,36.56092],[127.68979,36.55986],[127.69032,36.5592],[127.69105,36.55992],[127.69478,36.56035],[127.69524,36.55913],[127.6958,36.55891],[127.69629,36.5568],[127.69827,36.55589],[127.6991,36.55633],[127.69999,36.55533],[127.70169,36.55552],[127.70355,36.55493],[127.70457,36.55529],[127.70505,36.55479],[127.70612,36.55301],[127.70845,36.5511],[127.70835,36.55061],[127.70751,36.54979],[127.70742,36.5489],[127.70573,36.54713],[127.70469,36.54509],[127.7052,36.54264],[127.70494,36.54168],[127.70635,36.54031],[127.70856,36.53961],[127.70898,36.53891],[127.70917,36.53742],[127.70978,36.53695],[127.71031,36.53728],[127.71157,36.53701],[127.71341,36.53598],[127.71505,36.53654],[127.71663,36.536],[127.71845,36.53759],[127.71825,36.53736],[127.71916,36.53731],[127.72001,36.5367],[127.72072,36.53682],[127.72129,36.53615],[127.72353,36.53534],[127.72542,36.53642],[127.72723,36.53632],[127.7273,36.53525],[127.72927,36.53444],[127.73056,36.53353],[127.73375,36.53364],[127.73708,36.53171],[127.74018,36.5317],[127.74151,36.53198],[127.74249,36.5329],[127.74353,36.53296],[127.74565,36.53451],[127.74959,36.53659],[127.75265,36.53752],[127.75374,36.53738],[127.75519,36.53775],[127.75868,36.53954],[127.76125,36.53958],[127.76178,36.54126],[127.76264,36.5416],[127.76279,36.54265],[127.76481,36.54345],[127.76447,36.545],[127.76497,36.5461],[127.76573,36.54645],[127.76649,36.54913],[127.76675,36.54934],[127.76812,36.54897],[127.76822,36.54939],[127.76941,36.54993],[127.76885,36.55119],[127.7695,36.55194],[127.77049,36.55455],[127.77209,36.55543],[127.77331,36.55731],[127.77302,36.55793],[127.77315,36.55862],[127.77408,36.5605],[127.77443,36.56083],[127.77587,36.56082],[127.77701,36.56132],[127.77691,36.56201],[127.77861,36.56267],[127.7787,36.56345],[127.7805,36.56501],[127.78581,36.56589],[127.78719,36.56529],[127.79105,36.56539],[127.79415,36.5664],[127.79856,36.56637],[127.80074,36.5659],[127.8025,36.56591],[127.8056,36.56727],[127.8063,36.56645],[127.8094,36.56575],[127.81001,36.56442],[127.81142,36.56319],[127.81264,36.56392],[127.81389,36.56298],[127.81776,36.56256],[127.81972,36.56273],[127.82084,36.56335],[127.82186,36.56441],[127.82191,36.56511],[127.82274,36.56658],[127.82354,36.56731],[127.8236,36.56937],[127.8239,36.57037],[127.82447,36.57091],[127.82362,36.57177],[127.8219,36.57254],[127.82155,36.5731],[127.81818,36.57468],[127.81741,36.57591],[127.81681,36.5759],[127.81675,36.5773],[127.8162,36.57808],[127.81535,36.57768],[127.81297,36.57951],[127.81134,36.57945],[127.81033,36.57996],[127.80924,36.5799],[127.80902,36.58039],[127.80809,36.58015],[127.80589,36.58148],[127.8049,36.58139],[127.80414,36.58347],[127.80346,36.5836],[127.80298,36.58429],[127.8016,36.58449],[127.80061,36.58532],[127.80048,36.58615],[127.79848,36.58644],[127.79848,36.58727],[127.79958,36.58855],[127.79943,36.58953],[127.79855,36.5908],[127.79763,36.59128],[127.79759,36.5919],[127.79659,36.59266],[127.79615,36.59526],[127.79723,36.59705],[127.79694,36.59785],[127.79724,36.59956],[127.7985,36.60208],[127.79725,36.60437],[127.79428,36.60666],[127.79399,36.60746],[127.79181,36.61033],[127.79073,36.61073],[127.7889,36.61237],[127.78673,36.61326],[127.78626,36.61377]]],[[[127.73666,36.45288],[127.73701,36.45415],[127.73702,36.4554],[127.73652,36.4573],[127.7267,36.45646],[127.72584,36.45496],[127.72619,36.45472],[127.72603,36.45435],[127.72652,36.45361],[127.7263,36.45303],[127.72436,36.45197],[127.72379,36.45176],[127.72332,36.45236],[127.72081,36.45259],[127.71969,36.45236],[127.71928,36.45173],[127.7163,36.45155],[127.7147,36.45212],[127.7132,36.45121],[127.71103,36.45066],[127.71124,36.44938],[127.71037,36.44719],[127.70962,36.44675],[127.70769,36.44643],[127.70788,36.44575],[127.70736,36.44466],[127.70772,36.44403],[127.70709,36.44079],[127.70754,36.44005],[127.70753,36.43922],[127.70591,36.4339],[127.70603,36.43302],[127.70706,36.432],[127.70714,36.43076],[127.70564,36.42948],[127.70502,36.42819],[127.70545,36.42787],[127.70525,36.42751],[127.70578,36.42691],[127.70586,36.42592],[127.70545,36.4256],[127.70565,36.42405],[127.70526,36.42293],[127.70559,36.4217],[127.70615,36.42134],[127.70598,36.42081],[127.70623,36.41953],[127.70536,36.41644],[127.70415,36.41484],[127.70543,36.41353],[127.71007,36.41378],[127.71064,36.41325],[127.71152,36.4135],[127.71265,36.4147],[127.71322,36.41482],[127.71358,36.4161],[127.71444,36.41622],[127.71529,36.41753],[127.71733,36.41771],[127.71842,36.41834],[127.71936,36.41928],[127.71947,36.42031],[127.72068,36.42147],[127.72403,36.42105],[127.72574,36.42035],[127.7261,36.41973],[127.7282,36.41985],[127.72831,36.41956],[127.73164,36.42026],[127.73174,36.42054],[127.73373,36.42113],[127.73548,36.4213],[127.73668,36.42193],[127.73723,36.42265],[127.74097,36.42419],[127.74258,36.42642],[127.74601,36.42794],[127.75057,36.43119],[127.74501,36.43777],[127.7433,36.44129],[127.73747,36.44556],[127.73574,36.44717],[127.73533,36.44812],[127.73531,36.45],[127.73666,36.45288]]]]}},{"type":"Feature","properties":{"zoneId":"Z000200555","zoneName":"속리산중학구","zoneType":"middle","level":"중학교","kind":"dedicated","oneWay":false,"sggCode":"720","eduCode":"8051000","eduName":"충청북도보은교육지원청","updatedAt":"2026-03-18"},"geometry":{"type":"MultiPolygon","coordinates":[[[[127.83605,36.57114],[127.83594,36.57133],[127.83541,36.5722],[127.83421,36.57312],[127.83016,36.57428],[127.82912,36.57326],[127.8277,36.57079],[127.82736,36.57152],[127.82447,36.57091],[127.8239,36.57037],[127.82354,36.56731],[127.82274,36.56658],[127.82191,36.56511],[127.82186,36.56441],[127.81972,36.56273],[127.81776,36.56256],[127.81389,36.56298],[127.81264,36.56392],[127.81142,36.56319],[127.81001,36.56442],[127.8094,36.56575],[127.8063,36.56645],[127.8056,36.56727],[127.8025,36.56591],[127.80074,36.5659],[127.79856,36.56637],[127.79415,36.5664],[127.79105,36.56539],[127.78719,36.56529],[127.78581,36.56589],[127.784,36.5654],[127.78151,36.56525],[127.7805,36.56501],[127.7787,36.56345],[127.77861,36.56267],[127.77715,36.56222],[127.77691,36.56201],[127.77701,36.56132],[127.77587,36.56082],[127.77443,36.56083],[127.77408,36.5605],[127.77315,36.55862],[127.77302,36.55793],[127.77331,36.55731],[127.77209,36.55543],[127.77049,36.55455],[127.7695,36.55194],[127.76885,36.55119],[127.76941,36.54993],[127.76822,36.54939],[127.76812,36.54897],[127.76675,36.54934],[127.76649,36.54913],[127.76573,36.54645],[127.76497,36.5461],[127.76447,36.545],[127.76481,36.54345],[127.76279,36.54265],[127.76264,36.5416],[127.76178,36.54126],[127.76125,36.53958],[127.76511,36.53661],[127.76631,36.5363],[127.76712,36.53571],[127.76683,36.53528],[127.76774,36.53382],[127.76712,36.53302],[127.76759,36.53242],[127.76769,36.53156],[127.7668,36.53056],[127.76759,36.53018],[127.76834,36.53034],[127.77077,36.52742],[127.77042,36.52581],[127.77168,36.52407],[127.77173,36.52088],[127.77245,36.52013],[127.77321,36.51829],[127.77469,36.51604],[127.77338,36.51532],[127.77371,36.51432],[127.77486,36.51286],[127.77456,36.51271],[127.77441,36.51168],[127.77606,36.50993],[127.77607,36.50697],[127.77692,36.50707],[127.77747,36.50657],[127.7791,36.50605],[127.77972,36.50522],[127.78189,36.504],[127.78361,36.50403],[127.7852,36.50365],[127.78606,36.50403],[127.78763,36.50278],[127.78884,36.50245],[127.78903,36.50089],[127.79021,36.49896],[127.78972,36.49733],[127.78982,36.49623],[127.79107,36.49477],[127.79107,36.49392],[127.79012,36.49325],[127.7904,36.49217],[127.79012,36.49089],[127.79114,36.48948],[127.79225,36.48914],[127.79336,36.48963],[127.79513,36.48931],[127.79718,36.48987],[127.80255,36.49279],[127.80386,36.49215],[127.80459,36.49243],[127.80616,36.49204],[127.80801,36.49227],[127.80931,36.49198],[127.81079,36.49233],[127.81289,36.4921],[127.81559,36.49104],[127.81849,36.49104],[127.82068,36.48944],[127.82198,36.49053],[127.82467,36.49157],[127.82645,36.49086],[127.828,36.49102],[127.82937,36.49078],[127.83225,36.49006],[127.83384,36.48877],[127.83543,36.48883],[127.83676,36.48619],[127.83761,36.48572],[127.8405,36.48529],[127.84177,36.48456],[127.84635,36.48622],[127.84758,36.48577],[127.84856,36.48485],[127.84911,36.48269],[127.8536,36.47981],[127.85445,36.47849],[127.85457,36.47697],[127.85578,36.47558],[127.85752,36.47251],[127.85884,36.47149],[127.85893,36.47111],[127.86038,36.47065],[127.86085,36.46996],[127.86112,36.47016],[127.86179,36.46955],[127.86333,36.4699],[127.86601,36.46869],[127.86895,36.46832],[127.87073,36.4691],[127.87195,36.46829],[127.87428,36.4675],[127.87807,36.46697],[127.88082,36.46852],[127.88022,36.47123],[127.88096,36.4723],[127.88032,36.474],[127.88238,36.47587],[127.88194,36.47776],[127.88131,36.47839],[127.88062,36.48063],[127.87868,36.48127],[127.87738,36.48243],[127.87528,36.48317],[127.87609,36.48837],[127.88036,36.48997],[127.87975,36.49129],[127.88047,36.49327],[127.88201,36.49316],[127.88524,36.49364],[127.8862,36.493],[127.88734,36.49327],[127.88802,36.49295],[127.88871,36.49314],[127.89024,36.49486],[127.89285,36.49601],[127.89388,36.49733],[127.89475,36.49791],[127.89486,36.49836],[127.89761,36.49848],[127.89867,36.49928],[127.90082,36.50002],[127.90088,36.50117],[127.90132,36.5019],[127.90462,36.50402],[127.90511,36.50518],[127.90611,36.50614],[127.90634,36.50694],[127.90614,36.50802],[127.90533,36.50845],[127.905,36.50937],[127.90401,36.50985],[127.90318,36.51101],[127.90239,36.51307],[127.90305,36.51488],[127.90339,36.51727],[127.90209,36.5185],[127.90137,36.51871],[127.90107,36.51946],[127.90216,36.52071],[127.90113,36.52299],[127.90127,36.52418],[127.90091,36.52501],[127.90145,36.5264],[127.9026,36.52745],[127.90246,36.52807],[127.89959,36.52936],[127.89896,36.53028],[127.89635,36.5312],[127.89452,36.53028],[127.89297,36.53052],[127.8905,36.5325],[127.88917,36.53308],[127.88872,36.53369],[127.88768,36.53349],[127.88334,36.5349],[127.87901,36.53471],[127.87675,36.53647],[127.87596,36.53672],[127.87609,36.53702],[127.87545,36.5379],[127.87512,36.54001],[127.87441,36.54086],[127.87291,36.54184],[127.87048,36.54282],[127.87094,36.54399],[127.87098,36.54554],[127.87237,36.54873],[127.87299,36.55133],[127.87281,36.55298],[127.87199,36.55431],[127.87032,36.55915],[127.86908,36.55981],[127.86647,36.56042],[127.86602,36.56181],[127.86456,36.56401],[127.86022,36.56592],[127.86042,36.56795],[127.85744,36.56955],[127.85236,36.57115],[127.84889,36.57091],[127.84483,36.56911],[127.84326,36.56898],[127.84262,36.57054],[127.84015,36.57014],[127.83868,36.57043],[127.83707,36.5701],[127.83611,36.57052],[127.83605,36.57114]]],[[[127.64766,36.60545],[127.64742,36.60558],[127.64625,36.60659],[127.64419,36.6056],[127.64246,36.60405],[127.64203,36.60309],[127.64052,36.60161],[127.63773,36.60028],[127.63567,36.60023],[127.63448,36.59923],[127.63333,36.59809],[127.63302,36.59664],[127.63256,36.59626],[127.63254,36.59544],[127.63017,36.59362],[127.63063,36.59297],[127.63025,36.59179],[127.63188,36.58947],[127.63183,36.58893],[127.63056,36.58829],[127.63043,36.58649],[127.62854,36.586],[127.62692,36.58481],[127.62657,36.58499],[127.62564,36.58358],[127.62406,36.58214],[127.62218,36.58106],[127.62207,36.5797],[127.62268,36.57876],[127.62237,36.57818],[127.62103,36.57858],[127.62038,36.57809],[127.61776,36.57754],[127.61571,36.57534],[127.61507,36.57399],[127.61255,36.57132],[127.61236,36.57032],[127.61121,36.57007],[127.61164,36.56853],[127.61124,36.56679],[127.61312,36.56526],[127.61328,36.56395],[127.6141,36.56289],[127.6154,36.56218],[127.61585,36.56107],[127.61676,36.56038],[127.61719,36.5595],[127.61432,36.5568],[127.61366,36.55501],[127.61383,36.5537],[127.61323,36.55351],[127.61295,36.55228],[127.61236,36.55143],[127.61395,36.54999],[127.61769,36.55052],[127.61828,36.5509],[127.61942,36.55062],[127.62181,36.5488],[127.62186,36.54755],[127.62389,36.54673],[127.62399,36.54458],[127.62331,36.54347],[127.62463,36.5422],[127.62649,36.54214],[127.62889,36.54335],[127.63121,36.54384],[127.63188,36.54289],[127.63182,36.54224],[127.63346,36.54017],[127.6304,36.53852],[127.6288,36.53808],[127.62822,36.53755],[127.62734,36.53774],[127.62526,36.53717],[127.62411,36.53718],[127.62375,36.536],[127.62422,36.53494],[127.62414,36.53429],[127.62248,36.53428],[127.62242,36.53386],[127.62157,36.53332],[127.62131,36.5328],[127.62246,36.53158],[127.62251,36.53117],[127.62213,36.5298],[127.62144,36.52903],[127.62095,36.52779],[127.62152,36.5271],[127.62078,36.52609],[127.62102,36.52519],[127.62205,36.52464],[127.62323,36.52329],[127.62187,36.52301],[127.62115,36.52116],[127.62152,36.52032],[127.62092,36.51822],[127.62103,36.5174],[127.62222,36.51695],[127.62172,36.51618],[127.6223,36.51484],[127.62079,36.51328],[127.62057,36.51345],[127.62015,36.51319],[127.6192,36.51196],[127.61918,36.51128],[127.62029,36.51048],[127.62029,36.50986],[127.62124,36.50822],[127.62302,36.50657],[127.62355,36.50513],[127.62581,36.50445],[127.62792,36.50323],[127.62898,36.50364],[127.63004,36.50267],[127.63088,36.50123],[127.63137,36.50159],[127.63252,36.50141],[127.63463,36.50028],[127.63507,36.50134],[127.63624,36.50157],[127.63647,36.50287],[127.63817,36.50448],[127.63889,36.50641],[127.63873,36.50689],[127.6398,36.50737],[127.64012,36.50799],[127.64273,36.5079],[127.64435,36.50953],[127.64552,36.50976],[127.64593,36.50913],[127.64528,36.50777],[127.64529,36.50679],[127.646,36.50603],[127.64814,36.50485],[127.64759,36.5026],[127.6477,36.50167],[127.64894,36.50031],[127.64818,36.49862],[127.64823,36.49775],[127.64906,36.49838],[127.64979,36.49845],[127.65071,36.49767],[127.65352,36.49803],[127.65483,36.4974],[127.6549,36.49666],[127.65526,36.49652],[127.65692,36.49686],[127.65838,36.49667],[127.65876,36.4963],[127.6611,36.49728],[127.66232,36.49735],[127.6627,36.49765],[127.66521,36.49759],[127.66621,36.49809],[127.66457,36.50244],[127.66347,36.50281],[127.66346,36.50352],[127.66269,36.50387],[127.66295,36.50467],[127.66245,36.50602],[127.6616,36.50633],[127.66022,36.50762],[127.65944,36.51054],[127.65974,36.51248],[127.65936,36.51318],[127.65972,36.51443],[127.65926,36.51589],[127.66052,36.51605],[127.66158,36.51719],[127.66156,36.51776],[127.66064,36.51828],[127.66126,36.51875],[127.6615,36.51953],[127.66127,36.52079],[127.6608,36.52123],[127.66111,36.52149],[127.66137,36.52303],[127.66177,36.52367],[127.66231,36.5238],[127.66266,36.52466],[127.6647,36.52647],[127.66564,36.52608],[127.66756,36.5269],[127.66934,36.52704],[127.6697,36.52738],[127.67155,36.52657],[127.67199,36.52566],[127.67265,36.52615],[127.67455,36.52625],[127.67498,36.52717],[127.67682,36.52772],[127.67915,36.5279],[127.68019,36.52912],[127.6804,36.53053],[127.68001,36.53168],[127.68037,36.53203],[127.68025,36.5342],[127.68055,36.53498],[127.68012,36.5358],[127.6802,36.53654],[127.68112,36.53663],[127.68163,36.53715],[127.68335,36.53737],[127.68424,36.53803],[127.68699,36.53765],[127.68721,36.53896],[127.6866,36.53983],[127.69052,36.53965],[127.68933,36.54133],[127.69005,36.54268],[127.68945,36.54352],[127.6877,36.54391],[127.68723,36.54479],[127.6873,36.54548],[127.68688,36.5456],[127.68726,36.54633],[127.68681,36.54738],[127.68737,36.54846],[127.68768,36.55091],[127.68739,36.55234],[127.68505,36.55452],[127.68452,36.5558],[127.68275,36.55584],[127.68247,36.55764],[127.68093,36.55889],[127.68034,36.55997],[127.68172,36.5609],[127.68226,36.56083],[127.68379,36.56236],[127.68588,36.56285],[127.68459,36.56507],[127.68493,36.56603],[127.68468,36.56678],[127.68623,36.56926],[127.6864,36.5689],[127.68737,36.56994],[127.68749,36.57354],[127.68785,36.57535],[127.68941,36.57888],[127.69236,36.58389],[127.69258,36.58562],[127.69161,36.58652],[127.69325,36.58927],[127.69191,36.58935],[127.69012,36.5905],[127.68915,36.59065],[127.68894,36.59137],[127.68704,36.59206],[127.68402,36.59201],[127.68313,36.5924],[127.68201,36.5918],[127.68053,36.59239],[127.68012,36.594],[127.6791,36.5945],[127.67884,36.59588],[127.67669,36.59669],[127.67542,36.59673],[127.67639,36.59666],[127.67417,36.59536],[127.67341,36.59572],[127.67224,36.59571],[127.67,36.59489],[127.66925,36.59496],[127.66862,36.59454],[127.66914,36.59678],[127.6685,36.59766],[127.66851,36.59845],[127.66784,36.59957],[127.66588,36.6006],[127.66545,36.60241],[127.66064,36.60261],[127.65976,36.60191],[127.65958,36.60127],[127.65897,36.60135],[127.65515,36.60016],[127.65401,36.60036],[127.65306,36.60131],[127.65291,36.60278],[127.65249,36.603],[127.65238,36.60486],[127.65126,36.60476],[127.64868,36.60553],[127.64766,36.60545]]],[[[127.74966,36.43348],[127.74917,36.43418],[127.74817,36.43523],[127.74806,36.43442],[127.75057,36.43119],[127.74601,36.42794],[127.74258,36.42642],[127.74097,36.42419],[127.73723,36.42265],[127.73618,36.42158],[127.72831,36.41956],[127.7282,36.41985],[127.7261,36.41973],[127.72574,36.42035],[127.72403,36.42105],[127.72068,36.42147],[127.71947,36.42031],[127.71936,36.41928],[127.71842,36.41834],[127.71733,36.41771],[127.71529,36.41753],[127.71444,36.41622],[127.71358,36.4161],[127.71322,36.41482],[127.71265,36.4147],[127.71152,36.4135],[127.71064,36.41325],[127.71043,36.41346],[127.71007,36.41292],[127.71012,36.41204],[127.70831,36.40918],[127.70844,36.40855],[127.70799,36.40683],[127.70599,36.4065],[127.70445,36.40547],[127.70339,36.40585],[127.69983,36.4062],[127.69947,36.40542],[127.69802,36.40483],[127.69748,36.40503],[127.69555,36.40452],[127.69266,36.40486],[127.69178,36.40547],[127.68821,36.40602],[127.68764,36.40635],[127.68634,36.4059],[127.6859,36.4054],[127.68514,36.40552],[127.6857,36.40432],[127.68539,36.40393],[127.68533,36.40292],[127.68631,36.40245],[127.68628,36.40128],[127.68869,36.40045],[127.68871,36.39934],[127.6872,36.39669],[127.68407,36.39472],[127.68348,36.39467],[127.68432,36.39313],[127.6854,36.39272],[127.6863,36.39094],[127.68628,36.39023],[127.68683,36.38969],[127.68943,36.38982],[127.69049,36.39049],[127.69334,36.38826],[127.69551,36.38825],[127.69675,36.38764],[127.69761,36.38785],[127.7007,36.38653],[127.70161,36.38642],[127.70319,36.38366],[127.70657,36.38094],[127.70826,36.3802],[127.70835,36.37938],[127.70778,36.37871],[127.70778,36.37781],[127.70622,36.37601],[127.70522,36.37419],[127.70651,36.37153],[127.70877,36.36989],[127.70843,36.36899],[127.71006,36.36677],[127.7122,36.36202],[127.71298,36.36157],[127.713,36.36015],[127.71338,36.35966],[127.71139,36.3575],[127.70925,36.35651],[127.70938,36.35531],[127.70871,36.35424],[127.70876,36.35369],[127.71028,36.35148],[127.71,36.34974],[127.7108,36.34812],[127.71465,36.34668],[127.71583,36.34582],[127.71661,36.34574],[127.71934,36.34774],[127.7204,36.34787],[127.72137,36.34854],[127.7222,36.3492],[127.72227,36.34998],[127.72715,36.34939],[127.72903,36.34982],[127.72908,36.35163],[127.72814,36.35495],[127.72841,36.35632],[127.7349,36.35815],[127.73412,36.36002],[127.7341,36.36108],[127.73592,36.3642],[127.73566,36.36446],[127.73698,36.36461],[127.7372,36.36605],[127.7376,36.36631],[127.74361,36.36507],[127.74638,36.36606],[127.74902,36.36641],[127.75074,36.36815],[127.75098,36.36926],[127.74949,36.37197],[127.75125,36.37344],[127.75305,36.3736],[127.755,36.37548],[127.75531,36.37644],[127.7573,36.3772],[127.75859,36.37828],[127.75963,36.38172],[127.75876,36.38346],[127.76018,36.38296],[127.76021,36.38368],[127.76049,36.38372],[127.76303,36.38235],[127.76481,36.38278],[127.76526,36.38254],[127.76601,36.38283],[127.76839,36.38263],[127.76818,36.38281],[127.76844,36.38416],[127.7692,36.38522],[127.76868,36.38568],[127.76894,36.38765],[127.76851,36.38889],[127.76563,36.38997],[127.76502,36.39122],[127.76396,36.39174],[127.7624,36.39347],[127.76278,36.39497],[127.7644,36.39662],[127.76619,36.39766],[127.76645,36.39846],[127.76906,36.39976],[127.76925,36.40027],[127.77051,36.40056],[127.77113,36.40219],[127.77328,36.40158],[127.77241,36.40306],[127.77184,36.40491],[127.77138,36.40495],[127.77096,36.40579],[127.77056,36.40597],[127.76987,36.40806],[127.76702,36.40916],[127.76674,36.41112],[127.76625,36.41153],[127.76794,36.41414],[127.76777,36.41444],[127.76815,36.41539],[127.76982,36.41684],[127.76673,36.41785],[127.76569,36.41853],[127.76693,36.41944],[127.76446,36.41997],[127.76129,36.42464],[127.7593,36.42538],[127.75672,36.42543],[127.75464,36.42612],[127.75168,36.43048],[127.75072,36.43308],[127.75006,36.43289],[127.74966,36.43348]]]]}},{"type":"Feature","properties":{"zoneId":"Z000210201","zoneName":"충북혁신도시학교군덕산중공동학구","zoneType":"middle","level":"중학교","kind":"shared","oneWay":false,"sggCode":"750","eduCode":"8081000","eduName":"충청북도진천교육지원청","updatedAt":"2026-04-14"},"geometry":{"type":"Polygon","coordinates":[[[127.53283,36.91182],[127.53283,36.91182],[127.53262,36.91221],[127.53146,36.91238],[127.52922,36.91121],[127.52655,36.90952],[127.52462,36.90718],[127.52224,36.90141],[127.52329,36.90034],[127.52354,36.89781],[127.52455,36.89675],[127.52413,36.89455],[127.52368,36.89405],[127.52671,36.89419],[127.53024,36.89287],[127.53633,36.8921],[127.54008,36.89414],[127.54054,36.89389],[127.54089,36.89304],[127.54179,36.89252],[127.54285,36.89376],[127.54473,36.89456],[127.54569,36.89458],[127.54769,36.8969],[127.54927,36.89703],[127.54956,36.89732],[127.54815,36.8987],[127.54844,36.89915],[127.55018,36.89922],[127.54926,36.89979],[127.54913,36.9003],[127.54833,36.90048],[127.54741,36.89991],[127.54754,36.90012],[127.54708,36.90072],[127.54601,36.9009],[127.5463,36.9011],[127.54601,36.90204],[127.54662,36.90258],[127.54588,36.90321],[127.54609,36.90348],[127.54378,36.90454],[127.54404,36.90522],[127.54235,36.90557],[127.54213,36.90512],[127.53907,36.9035],[127.53764,36.90529],[127.54058,36.90645],[127.53894,36.90827],[127.53514,36.91036],[127.53568,36.91105],[127.53382,36.91199],[127.53283,36.91182]]]}},{"type":"Feature","properties":{"zoneId":"Z000210200","zoneName":"이월중충북혁신도시학교군공동학구","zoneType":"middle","level":"중학교","kind":"shared","oneWay":false,"sggCode":"750","eduCode":"8081000","eduName":"충청북도진천교육지원청","updatedAt":"2026-04-14"},"geometry":{"type":"Polygon","coordinates":[[[127.4494,36.93305],[127.4493,36.93314],[127.44844,36.93367],[127.4485,36.933],[127.44715,36.93329],[127.44626,36.93315],[127.44635,36.93264],[127.44546,36.93088],[127.44549,36.92899],[127.44615,36.92828],[127.44713,36.92806],[127.44732,36.92709],[127.44843,36.92541],[127.44805,36.92276],[127.44531,36.91879],[127.4434,36.91794],[127.44339,36.91685],[127.44216,36.91748],[127.44192,36.91735],[127.44141,36.91516],[127.44142,36.91458],[127.44459,36.91173],[127.44508,36.91014],[127.44597,36.90921],[127.45027,36.90717],[127.45143,36.90714],[127.45185,36.90748],[127.45383,36.90582],[127.45549,36.90739],[127.45521,36.90815],[127.45628,36.90928],[127.45839,36.90921],[127.45868,36.90975],[127.46042,36.91012],[127.46065,36.91084],[127.4622,36.91124],[127.46305,36.91193],[127.46378,36.9134],[127.46442,36.91337],[127.46573,36.91408],[127.4661,36.91354],[127.46583,36.91315],[127.4664,36.91302],[127.46869,36.91094],[127.46893,36.90942],[127.46955,36.90893],[127.47163,36.91129],[127.47657,36.91155],[127.47701,36.91179],[127.47868,36.91122],[127.48003,36.90989],[127.48022,36.90917],[127.48109,36.9094],[127.48202,36.90878],[127.48432,36.90892],[127.48524,36.90947],[127.48707,36.90893],[127.48871,36.91004],[127.4867,36.91376],[127.48339,36.91657],[127.48338,36.9178],[127.48281,36.91928],[127.48213,36.92012],[127.48048,36.92121],[127.48011,36.92243],[127.4779,36.92549],[127.4779,36.92643],[127.47599,36.92591],[127.47401,36.92649],[127.47294,36.92631],[127.47206,36.92692],[127.47107,36.92702],[127.46955,36.92685],[127.46862,36.92613],[127.46734,36.92642],[127.46679,36.92725],[127.46626,36.92739],[127.46549,36.92721],[127.46534,36.92672],[127.46293,36.92598],[127.4628,36.92646],[127.46151,36.92674],[127.45987,36.92602],[127.45878,36.92614],[127.45861,36.92687],[127.45717,36.92682],[127.45561,36.92731],[127.4556,36.92694],[127.45478,36.92665],[127.45195,36.92662],[127.45146,36.92842],[127.45167,36.9293],[127.45113,36.93022],[127.4517,36.93092],[127.45209,36.93093],[127.45077,36.93228],[127.45081,36.93258],[127.4494,36.93305]]]}},{"type":"Feature","properties":{"zoneId":"Z000210199","zoneName":"이월중진천중충북혁신도시학교군공동학구","zoneType":"middle","level":"중학교","kind":"shared","oneWay":false,"sggCode":"750","eduCode":"8081000","eduName":"충청북도진천교육지원청","updatedAt":"2026-04-14"},"geometry":{"type":"Polygon","coordinates":[[[127.46603,36.91341],[127.4661,36.91354],[127.46573,36.91408],[127.46442,36.91337],[127.46378,36.9134],[127.46305,36.91193],[127.46227,36.91129],[127.46065,36.91084],[127.46042,36.91012],[127.45868,36.90975],[127.45839,36.90921],[127.45628,36.90928],[127.45521,36.90815],[127.45549,36.90739],[127.45383,36.90582],[127.45536,36.9045],[127.45524,36.90355],[127.45551,36.90306],[127.4584,36.90069],[127.45895,36.89782],[127.45926,36.89747],[127.46166,36.89758],[127.46281,36.89621],[127.4644,36.89554],[127.46426,36.89506],[127.46506,36.89512],[127.46498,36.89548],[127.46559,36.89533],[127.46598,36.89287],[127.46712,36.88991],[127.46885,36.88889],[127.47009,36.88867],[127.47096,36.88784],[127.47155,36.88659],[127.47095,36.88457],[127.47157,36.88241],[127.47349,36.88249],[127.47339,36.8845],[127.47384,36.88466],[127.47357,36.88524],[127.47407,36.88551],[127.47395,36.88694],[127.4759,36.88827],[127.47712,36.88989],[127.47703,36.89131],[127.47656,36.8919],[127.47739,36.89329],[127.47688,36.89394],[127.47674,36.89448],[127.47702,36.89481],[127.47663,36.89552],[127.47553,36.89649],[127.47547,36.8975],[127.47603,36.898],[127.47694,36.89815],[127.47742,36.89896],[127.47846,36.89966],[127.4784,36.90073],[127.48084,36.902],[127.48373,36.90427],[127.48387,36.90478],[127.48511,36.90478],[127.48551,36.90544],[127.48552,36.90747],[127.4868,36.90726],[127.48706,36.90806],[127.48753,36.90842],[127.48769,36.90927],[127.48707,36.90893],[127.48524,36.90947],[127.48432,36.90892],[127.48202,36.90878],[127.48109,36.9094],[127.48022,36.90917],[127.48003,36.90989],[127.47868,36.91122],[127.47701,36.91179],[127.47657,36.91155],[127.47163,36.91129],[127.46955,36.90893],[127.46893,36.90942],[127.46869,36.91094],[127.4664,36.91302],[127.46588,36.9131],[127.46603,36.91341]]]}},{"type":"Feature","properties":{"zoneId":"Z000210158","zoneName":"덕산중진천중충북혁신도시학교군공동학구","zoneType":"middle","level":"중학교","kind":"shared","oneWay":false,"sggCode":"750","eduCode":"8081000","eduName":"충청북도진천교육지원청","updatedAt":"2026-04-14"},"geometry":{"type":"Polygon","coordinates":[[[127.52411,36.90602],[127.52431,36.90655],[127.5247,36.90731],[127.52265,36.90583],[127.52016,36.90512],[127.51889,36.90339],[127.51832,36.90158],[127.51694,36.90062],[127.51621,36.90065],[127.51548,36.90138],[127.51456,36.90102],[127.51259,36.90108],[127.51185,36.90067],[127.50664,36.90117],[127.50572,36.89956],[127.50498,36.89974],[127.50364,36.89847],[127.50353,36.8972],[127.50255,36.89612],[127.50138,36.89607],[127.50058,36.89568],[127.50012,36.89638],[127.49786,36.89695],[127.49558,36.89697],[127.49281,36.898],[127.4906,36.89789],[127.48892,36.89466],[127.48878,36.89235],[127.48736,36.88858],[127.48851,36.88637],[127.48825,36.88426],[127.4888,36.88363],[127.48978,36.88334],[127.48951,36.88244],[127.4915,36.87987],[127.49245,36.87964],[127.4938,36.87841],[127.49487,36.87833],[127.49616,36.87769],[127.49663,36.87646],[127.49753,36.87607],[127.49821,36.87506],[127.49949,36.87412],[127.50347,36.87433],[127.50364,36.87394],[127.50448,36.87385],[127.50359,36.87163],[127.50381,36.87149],[127.50371,36.87002],[127.50414,36.8693],[127.50544,36.86904],[127.5059,36.86859],[127.50603,36.86686],[127.50681,36.86532],[127.50396,36.86248],[127.50286,36.86203],[127.50139,36.86084],[127.50284,36.85878],[127.50413,36.85864],[127.50512,36.85809],[127.50577,36.85723],[127.50598,36.85576],[127.50566,36.85408],[127.50232,36.85026],[127.50235,36.84963],[127.5042,36.84622],[127.50296,36.8442],[127.50281,36.84215],[127.50086,36.84077],[127.50084,36.84014],[127.50201,36.83935],[127.50166,36.83782],[127.5019,36.83701],[127.50331,36.83723],[127.50465,36.83689],[127.5049,36.83718],[127.50568,36.83721],[127.50596,36.83833],[127.50669,36.83922],[127.50889,36.83987],[127.50962,36.84117],[127.50986,36.84283],[127.50858,36.84469],[127.50937,36.84496],[127.51002,36.8458],[127.51107,36.84641],[127.50936,36.84852],[127.51073,36.85081],[127.51367,36.85229],[127.5146,36.85232],[127.51479,36.85347],[127.51588,36.85467],[127.51638,36.85592],[127.51801,36.85536],[127.51832,36.85585],[127.51955,36.85598],[127.52023,36.85709],[127.5204,36.85811],[127.52102,36.85824],[127.52124,36.859],[127.52222,36.85976],[127.52299,36.86108],[127.52455,36.86168],[127.52832,36.86612],[127.52919,36.86667],[127.53117,36.86658],[127.53202,36.86697],[127.53175,36.86786],[127.53208,36.8687],[127.53374,36.8698],[127.53414,36.87117],[127.5353,36.87134],[127.53542,36.87217],[127.53384,36.87573],[127.53398,36.87643],[127.53684,36.8792],[127.5365,36.87937],[127.53632,36.88033],[127.53728,36.88329],[127.53797,36.88298],[127.5387,36.88323],[127.53982,36.88461],[127.53959,36.8852],[127.5398,36.8862],[127.54041,36.88707],[127.54152,36.88771],[127.54241,36.88958],[127.5446,36.89017],[127.54434,36.89132],[127.54523,36.89166],[127.54835,36.89082],[127.54846,36.8902],[127.54931,36.88953],[127.55,36.88989],[127.55168,36.89371],[127.55369,36.89602],[127.55469,36.89648],[127.55484,36.89749],[127.55541,36.89796],[127.55521,36.89853],[127.55579,36.89908],[127.55541,36.89927],[127.55421,36.89917],[127.55371,36.89872],[127.55155,36.89913],[127.54844,36.89915],[127.54811,36.8985],[127.54947,36.89768],[127.54939,36.8971],[127.54769,36.8969],[127.54569,36.89458],[127.54473,36.89456],[127.54285,36.89376],[127.54179,36.89252],[127.54089,36.89304],[127.54054,36.89389],[127.54008,36.89414],[127.53633,36.8921],[127.53024,36.89287],[127.52671,36.89419],[127.52368,36.89405],[127.52413,36.89455],[127.52455,36.89675],[127.52354,36.89781],[127.52329,36.90034],[127.52224,36.90141],[127.52411,36.90602]]]}},{"type":"Feature","properties":{"zoneId":"Z000200572","zoneName":"진천중학구","zoneType":"middle","level":"중학교","kind":"dedicated","oneWay":false,"sggCode":"750","eduCode":"8081000","eduName":"충청북도진천교육지원청","updatedAt":"2019-12-19"},"geometry":{"type":"Polygon","coordinates":[[[127.35251,36.95255],[127.35136,36.95281],[127.34963,36.95279],[127.34904,36.95199],[127.34674,36.95033],[127.34674,36.95001],[127.34582,36.95],[127.34411,36.94839],[127.34326,36.94826],[127.34313,36.94777],[127.34343,36.94744],[127.34239,36.94632],[127.34316,36.94432],[127.34193,36.94313],[127.34061,36.94312],[127.34018,36.9434],[127.3391,36.94313],[127.33883,36.94251],[127.3332,36.94035],[127.33032,36.93758],[127.32803,36.93665],[127.32751,36.93675],[127.32681,36.93594],[127.32423,36.93591],[127.32287,36.93652],[127.32129,36.93559],[127.32024,36.93537],[127.31872,36.93427],[127.31621,36.93472],[127.31481,36.93254],[127.3148,36.93125],[127.31268,36.93107],[127.30993,36.9298],[127.3097,36.92995],[127.30899,36.92939],[127.30733,36.92988],[127.30583,36.92942],[127.30456,36.92955],[127.30384,36.93006],[127.30019,36.9294],[127.2982,36.93009],[127.29641,36.93007],[127.29553,36.9305],[127.29563,36.93129],[127.29497,36.93067],[127.29521,36.92975],[127.29655,36.92678],[127.29741,36.92605],[127.29783,36.92522],[127.29793,36.92429],[127.29838,36.92404],[127.29844,36.92273],[127.29964,36.92168],[127.30091,36.91978],[127.30057,36.91956],[127.30065,36.9189],[127.30163,36.91828],[127.30336,36.91639],[127.30291,36.91577],[127.3026,36.91427],[127.30133,36.91283],[127.30197,36.91192],[127.30087,36.91104],[127.29989,36.90947],[127.29907,36.90896],[127.29971,36.9082],[127.29897,36.90782],[127.29854,36.90695],[127.29729,36.90673],[127.29718,36.9057],[127.29761,36.90495],[127.29737,36.90396],[127.29665,36.90392],[127.29643,36.90268],[127.29451,36.90174],[127.29375,36.90031],[127.29032,36.8977],[127.29033,36.897],[127.28962,36.89565],[127.2903,36.89433],[127.28783,36.89378],[127.28857,36.89363],[127.28988,36.89402],[127.29059,36.8922],[127.29248,36.89196],[127.29342,36.8912],[127.29456,36.89098],[127.29459,36.89032],[127.29599,36.88975],[127.29927,36.8898],[127.30114,36.8877],[127.30388,36.88611],[127.30402,36.88542],[127.30782,36.88544],[127.30843,36.88345],[127.30835,36.88217],[127.31121,36.88034],[127.30951,36.87821],[127.31004,36.87556],[127.31068,36.87482],[127.30986,36.87344],[127.31034,36.87188],[127.31129,36.87049],[127.31071,36.86944],[127.31061,36.86788],[127.30858,36.86696],[127.30766,36.86599],[127.30756,36.86503],[127.30578,36.86335],[127.30717,36.86131],[127.3073,36.8597],[127.30875,36.85978],[127.30917,36.85929],[127.30994,36.85916],[127.31034,36.85863],[127.31124,36.85849],[127.31273,36.85747],[127.3135,36.858],[127.31483,36.85825],[127.31536,36.85898],[127.31661,36.85919],[127.3173,36.85869],[127.3193,36.85906],[127.32092,36.85792],[127.32451,36.8569],[127.3265,36.85804],[127.32813,36.85816],[127.32958,36.85751],[127.33265,36.85697],[127.3348,36.85618],[127.33654,36.85462],[127.33692,36.8537],[127.33633,36.85285],[127.33623,36.84912],[127.33665,36.84802],[127.33603,36.8473],[127.33667,36.84648],[127.3368,36.84564],[127.33666,36.84507],[127.33568,36.84432],[127.33462,36.84214],[127.33464,36.84046],[127.33409,36.83932],[127.33418,36.83809],[127.33561,36.83743],[127.33521,36.83684],[127.33534,36.83562],[127.335,36.83444],[127.3341,36.83236],[127.33355,36.83197],[127.33454,36.83067],[127.3366,36.82973],[127.33819,36.83102],[127.33929,36.83125],[127.34231,36.8304],[127.34392,36.83049],[127.34515,36.82958],[127.34637,36.82931],[127.34763,36.8298],[127.34818,36.83036],[127.35054,36.83079],[127.35174,36.83066],[127.35252,36.83],[127.35605,36.82865],[127.35723,36.8275],[127.35808,36.82544],[127.35715,36.82356],[127.35811,36.82246],[127.35918,36.822],[127.36075,36.82055],[127.36397,36.81974],[127.36563,36.81839],[127.36661,36.81697],[127.36952,36.81626],[127.37095,36.81671],[127.37411,36.81598],[127.37534,36.81503],[127.37779,36.81498],[127.37854,36.81462],[127.37885,36.81387],[127.38149,36.81408],[127.38216,36.81375],[127.38627,36.80964],[127.38741,36.80941],[127.38787,36.80847],[127.39042,36.8075],[127.39161,36.80659],[127.39297,36.80421],[127.39351,36.80382],[127.39421,36.80393],[127.39568,36.8015],[127.3972,36.80045],[127.39749,36.79967],[127.39877,36.79903],[127.4008,36.79909],[127.40219,36.801],[127.40331,36.80085],[127.4056,36.8017],[127.4091,36.80229],[127.41074,36.80129],[127.41218,36.80087],[127.4127,36.80111],[127.41606,36.80078],[127.41701,36.79994],[127.4167,36.79956],[127.41728,36.79862],[127.41719,36.79802],[127.41815,36.79768],[127.41942,36.79667],[127.41996,36.79687],[127.42234,36.79648],[127.42301,36.7961],[127.42433,36.79618],[127.42519,36.79676],[127.42614,36.79591],[127.4273,36.796],[127.42872,36.7955],[127.42938,36.79442],[127.43002,36.79454],[127.43069,36.794],[127.43116,36.79262],[127.43226,36.79167],[127.43184,36.79046],[127.43067,36.7896],[127.43175,36.78877],[127.43361,36.78877],[127.4341,36.78987],[127.43661,36.79088],[127.4375,36.79041],[127.43982,36.79052],[127.4396,36.7911],[127.44057,36.79148],[127.44036,36.79217],[127.44147,36.79323],[127.44176,36.79426],[127.44074,36.79707],[127.441,36.79716],[127.44111,36.79798],[127.44091,36.7986],[127.43972,36.79998],[127.43935,36.80315],[127.43839,36.80389],[127.43865,36.80502],[127.43978,36.80576],[127.44204,36.80623],[127.44262,36.80685],[127.44509,36.80764],[127.44612,36.8076],[127.4469,36.80806],[127.44875,36.81078],[127.4487,36.81132],[127.44972,36.8136],[127.44926,36.81419],[127.44659,36.81559],[127.4422,36.816],[127.44088,36.81553],[127.44049,36.81615],[127.43861,36.81681],[127.43836,36.81735],[127.43896,36.8176],[127.43951,36.81967],[127.44052,36.81969],[127.4408,36.81937],[127.44153,36.81946],[127.44281,36.82023],[127.44642,36.82002],[127.44742,36.82026],[127.44856,36.81842],[127.4495,36.81814],[127.45108,36.81835],[127.45107,36.81773],[127.4514,36.81739],[127.45101,36.81678],[127.45128,36.81625],[127.45221,36.81558],[127.45405,36.81287],[127.45627,36.81223],[127.45781,36.81221],[127.45923,36.81133],[127.46247,36.81139],[127.46289,36.81026],[127.46251,36.80999],[127.46302,36.80809],[127.46247,36.80736],[127.46283,36.8064],[127.4618,36.80535],[127.46232,36.80341],[127.46309,36.80299],[127.46396,36.80341],[127.46471,36.80266],[127.46723,36.80153],[127.46806,36.80144],[127.46963,36.80011],[127.47056,36.80056],[127.47496,36.80033],[127.47552,36.79966],[127.47577,36.79869],[127.4767,36.79863],[127.4773,36.79932],[127.47893,36.79894],[127.47956,36.80004],[127.48137,36.79963],[127.48195,36.80028],[127.48199,36.80093],[127.48246,36.8012],[127.48596,36.80029],[127.48655,36.80055],[127.48697,36.80028],[127.48802,36.80041],[127.488,36.80064],[127.49228,36.80015],[127.49298,36.80062],[127.49352,36.80034],[127.49409,36.79937],[127.49576,36.79925],[127.49844,36.80073],[127.49908,36.80139],[127.49967,36.80135],[127.5002,36.80223],[127.50056,36.80231],[127.50097,36.8034],[127.50208,36.80336],[127.50272,36.80377],[127.50448,36.80411],[127.50543,36.80571],[127.50646,36.80653],[127.50672,36.80734],[127.50797,36.80704],[127.50817,36.80658],[127.50892,36.80667],[127.51014,36.80623],[127.51145,36.80518],[127.5132,36.80622],[127.51408,36.8055],[127.5173,36.80499],[127.51754,36.80522],[127.51762,36.80445],[127.51933,36.80459],[127.5211,36.80669],[127.52185,36.80645],[127.523,36.80729],[127.52735,36.807],[127.52873,36.80632],[127.53258,36.80714],[127.53358,36.80708],[127.53455,36.80817],[127.53697,36.80843],[127.54099,36.81044],[127.54147,36.81078],[127.54198,36.81201],[127.54483,36.81351],[127.54787,36.81276],[127.55003,36.81286],[127.55148,36.81421],[127.55375,36.81499],[127.55566,36.81743],[127.55714,36.81741],[127.55965,36.81862],[127.56054,36.81966],[127.56132,36.81844],[127.56314,36.81802],[127.56607,36.81875],[127.56651,36.81919],[127.5673,36.81925],[127.56812,36.82007],[127.56931,36.82048],[127.57074,36.81964],[127.5721,36.81999],[127.57277,36.82111],[127.57371,36.8214],[127.57528,36.82321],[127.57583,36.82434],[127.57663,36.82504],[127.57686,36.82646],[127.57923,36.82822],[127.57834,36.82961],[127.57721,36.82899],[127.57592,36.82898],[127.57202,36.8278],[127.5714,36.8279],[127.56923,36.82998],[127.56996,36.83135],[127.5702,36.83361],[127.56932,36.83658],[127.56887,36.83718],[127.56868,36.83854],[127.56951,36.83938],[127.57257,36.84072],[127.57281,36.84123],[127.57157,36.84389],[127.5723,36.84523],[127.57216,36.84607],[127.57338,36.84722],[127.57153,36.85006],[127.57231,36.85012],[127.57379,36.85088],[127.57636,36.85068],[127.57715,36.85175],[127.57825,36.85183],[127.57863,36.85263],[127.57828,36.85376],[127.57828,36.85335],[127.57802,36.85359],[127.57562,36.85775],[127.56693,36.8769],[127.56851,36.87825],[127.57128,36.87945],[127.57206,36.88034],[127.57187,36.88092],[127.56915,36.88519],[127.56825,36.88582],[127.56696,36.88604],[127.56716,36.88521],[127.56676,36.88477],[127.56639,36.88323],[127.56667,36.8827],[127.56437,36.88235],[127.56317,36.8825],[127.56266,36.88223],[127.56142,36.88281],[127.56058,36.88491],[127.56078,36.88567],[127.55976,36.88659],[127.55827,36.88633],[127.55751,36.88572],[127.55653,36.88634],[127.55565,36.88616],[127.55519,36.88842],[127.55484,36.88868],[127.55563,36.89046],[127.55521,36.89132],[127.55265,36.89248],[127.55258,36.89303],[127.55185,36.89392],[127.55083,36.89218],[127.5506,36.89077],[127.55,36.88989],[127.54931,36.88953],[127.54846,36.8902],[127.54835,36.89082],[127.54523,36.89166],[127.54434,36.89132],[127.5446,36.89017],[127.54241,36.88958],[127.54152,36.88771],[127.54041,36.88707],[127.5398,36.8862],[127.53959,36.8852],[127.53982,36.88461],[127.5387,36.88323],[127.53797,36.88298],[127.53728,36.88329],[127.53632,36.88033],[127.5365,36.87937],[127.53684,36.8792],[127.53529,36.87754],[127.53442,36.87708],[127.53384,36.87598],[127.53542,36.87217],[127.5353,36.87134],[127.53414,36.87117],[127.53374,36.8698],[127.53208,36.8687],[127.53175,36.86786],[127.53202,36.86697],[127.53117,36.86658],[127.52919,36.86667],[127.52832,36.86612],[127.52455,36.86168],[127.52299,36.86108],[127.52222,36.85976],[127.52124,36.859],[127.52102,36.85824],[127.5204,36.85811],[127.52023,36.85709],[127.51955,36.85598],[127.51832,36.85585],[127.51801,36.85536],[127.51638,36.85592],[127.51588,36.85467],[127.51479,36.85347],[127.5146,36.85232],[127.51367,36.85229],[127.51073,36.85081],[127.50936,36.84852],[127.51107,36.84641],[127.51002,36.8458],[127.50937,36.84496],[127.50858,36.84469],[127.50986,36.84283],[127.50962,36.84117],[127.50889,36.83987],[127.50669,36.83922],[127.50596,36.83833],[127.50568,36.83721],[127.5049,36.83718],[127.50465,36.83689],[127.50331,36.83723],[127.5019,36.83701],[127.50166,36.83782],[127.50201,36.83935],[127.50084,36.84014],[127.50086,36.84077],[127.50281,36.84215],[127.50296,36.8442],[127.5042,36.84622],[127.50235,36.84963],[127.50232,36.85026],[127.50566,36.85408],[127.50598,36.85576],[127.50577,36.85723],[127.50512,36.85809],[127.50413,36.85864],[127.50284,36.85878],[127.50139,36.86084],[127.50286,36.86203],[127.50396,36.86248],[127.50681,36.86532],[127.50603,36.86686],[127.5059,36.86859],[127.50544,36.86904],[127.50414,36.8693],[127.50371,36.87002],[127.50381,36.87149],[127.50359,36.87163],[127.50448,36.87385],[127.50364,36.87394],[127.50347,36.87433],[127.49949,36.87412],[127.49821,36.87506],[127.49753,36.87607],[127.49663,36.87646],[127.49616,36.87769],[127.49487,36.87833],[127.4938,36.87841],[127.49245,36.87964],[127.4915,36.87987],[127.48951,36.88244],[127.48978,36.88334],[127.4888,36.88363],[127.48825,36.88426],[127.48851,36.88637],[127.48736,36.88858],[127.48743,36.88918],[127.48878,36.89235],[127.48892,36.89466],[127.4906,36.89789],[127.48771,36.90081],[127.48785,36.90283],[127.48718,36.90577],[127.4878,36.90708],[127.48751,36.90821],[127.48769,36.90927],[127.4868,36.90726],[127.48552,36.90747],[127.48551,36.90544],[127.48511,36.90478],[127.48387,36.90478],[127.48373,36.90427],[127.48084,36.902],[127.4784,36.90073],[127.47846,36.89966],[127.47742,36.89896],[127.47694,36.89815],[127.47603,36.898],[127.47547,36.8975],[127.47553,36.89649],[127.47663,36.89552],[127.47702,36.89481],[127.47674,36.89448],[127.47688,36.89394],[127.47739,36.89329],[127.47656,36.8919],[127.47703,36.89131],[127.47712,36.88989],[127.4759,36.88827],[127.47395,36.88694],[127.47409,36.88558],[127.47357,36.88524],[127.47384,36.88466],[127.47339,36.8845],[127.47363,36.88341],[127.47333,36.88235],[127.47157,36.88241],[127.47095,36.88457],[127.47155,36.88659],[127.47096,36.88784],[127.47009,36.88867],[127.46885,36.88889],[127.46712,36.88991],[127.46598,36.89287],[127.46559,36.89533],[127.46498,36.89548],[127.46506,36.89512],[127.46426,36.89506],[127.4644,36.89554],[127.46281,36.89621],[127.46166,36.89758],[127.45926,36.89747],[127.45895,36.89782],[127.4584,36.90069],[127.45677,36.90182],[127.45524,36.90355],[127.45181,36.90527],[127.45101,36.9008],[127.45125,36.89949],[127.45055,36.89882],[127.45021,36.89766],[127.44975,36.89721],[127.44935,36.89433],[127.4485,36.89284],[127.44891,36.89036],[127.44819,36.88772],[127.44786,36.88742],[127.4459,36.88847],[127.44483,36.88848],[127.44435,36.88887],[127.44356,36.88837],[127.4435,36.88767],[127.4426,36.88752],[127.44183,36.89037],[127.44045,36.89102],[127.43932,36.89074],[127.43923,36.89114],[127.43866,36.89119],[127.43809,36.89183],[127.43815,36.89229],[127.43779,36.89231],[127.43933,36.90002],[127.44123,36.9017],[127.44029,36.90189],[127.43954,36.90255],[127.43932,36.90231],[127.43859,36.90242],[127.43837,36.90137],[127.43769,36.90145],[127.43774,36.90115],[127.43577,36.90114],[127.43346,36.90166],[127.43147,36.90091],[127.43036,36.90154],[127.42924,36.90148],[127.42763,36.90253],[127.42082,36.90025],[127.41248,36.8989],[127.40945,36.89922],[127.40943,36.90181],[127.40893,36.90299],[127.40703,36.90531],[127.4064,36.90739],[127.40537,36.90797],[127.4044,36.91031],[127.40344,36.91131],[127.40167,36.91471],[127.40222,36.91564],[127.40231,36.91723],[127.40289,36.91889],[127.40274,36.92008],[127.40229,36.92086],[127.40065,36.92063],[127.39894,36.92123],[127.39789,36.92209],[127.39573,36.92434],[127.39491,36.92604],[127.39361,36.92758],[127.39298,36.92862],[127.39308,36.92951],[127.3916,36.93013],[127.39051,36.93108],[127.38578,36.93213],[127.38487,36.93171],[127.38467,36.93116],[127.38358,36.93044],[127.382,36.92986],[127.38046,36.93007],[127.37919,36.93214],[127.37852,36.93259],[127.37789,36.93528],[127.37903,36.93713],[127.37948,36.93904],[127.37859,36.93944],[127.37787,36.93929],[127.37741,36.94023],[127.37641,36.94058],[127.37647,36.94209],[127.37783,36.94514],[127.37743,36.94564],[127.37756,36.94606],[127.37565,36.94899],[127.37566,36.94866],[127.37468,36.94856],[127.37307,36.94896],[127.37202,36.94991],[127.36939,36.95008],[127.36862,36.94955],[127.3673,36.9503],[127.36578,36.94914],[127.36352,36.94902],[127.36176,36.9495],[127.35992,36.94865],[127.35953,36.9488],[127.35875,36.94811],[127.35761,36.94769],[127.35732,36.94866],[127.35665,36.94915],[127.35578,36.95063],[127.35571,36.9514],[127.354,36.95267],[127.35311,36.9528],[127.35251,36.95255]],[[127.34239,36.94632],[127.34249,36.94638],[127.3425,36.94616],[127.34239,36.94632]]]}},{"type":"Feature","properties":{"zoneId":"Z000210054","zoneName":"영동읍학교군학산중학구공동학구","zoneType":"middle","level":"중학교","kind":"shared","oneWay":false,"sggCode":"740","eduCode":"8071000","eduName":"충청북도영동교육지원청","updatedAt":"2025-03-09"},"geometry":{"type":"MultiPolygon","coordinates":[[[[127.77032,36.08186],[127.76893,36.08147],[127.76814,36.08127],[127.76659,36.08188],[127.76457,36.08103],[127.7632,36.0795],[127.76312,36.0783],[127.76162,36.07492],[127.76052,36.07318],[127.75884,36.07159],[127.75783,36.07102],[127.75642,36.06961],[127.75482,36.06908],[127.75403,36.06784],[127.75207,36.06643],[127.75022,36.06531],[127.74863,36.06522],[127.7478,36.06355],[127.74711,36.06279],[127.74667,36.06285],[127.74645,36.06216],[127.74531,36.06212],[127.74466,36.06116],[127.74129,36.05916],[127.73679,36.05782],[127.73582,36.05799],[127.73489,36.0579],[127.73454,36.05748],[127.73184,36.05754],[127.73153,36.05641],[127.72654,36.05616],[127.72551,36.05494],[127.72149,36.05403],[127.72043,36.04963],[127.72319,36.04766],[127.72344,36.04679],[127.72271,36.04448],[127.72321,36.04435],[127.72402,36.04312],[127.72399,36.04272],[127.72635,36.03998],[127.72909,36.03857],[127.73034,36.03828],[127.73234,36.0391],[127.73327,36.03917],[127.73442,36.03875],[127.73546,36.03913],[127.73681,36.03898],[127.7387,36.03962],[127.74051,36.03961],[127.74305,36.04095],[127.74549,36.04114],[127.74664,36.04204],[127.74812,36.04226],[127.74903,36.042],[127.74993,36.04287],[127.75076,36.04299],[127.75256,36.04511],[127.75423,36.04563],[127.75462,36.04657],[127.75595,36.04785],[127.75667,36.04816],[127.75805,36.04799],[127.76111,36.04858],[127.76411,36.05151],[127.76625,36.05131],[127.76915,36.05189],[127.7703,36.05367],[127.77219,36.05364],[127.7732,36.05439],[127.77385,36.05435],[127.77703,36.05547],[127.77999,36.05762],[127.78326,36.05769],[127.78493,36.05826],[127.78612,36.05812],[127.788,36.05857],[127.79086,36.05818],[127.79309,36.05904],[127.79376,36.05992],[127.79474,36.06035],[127.79488,36.06108],[127.79593,36.06259],[127.79586,36.06412],[127.79526,36.06505],[127.79428,36.06574],[127.79424,36.06646],[127.79367,36.0668],[127.79257,36.06859],[127.79254,36.06944],[127.79195,36.07001],[127.79054,36.07073],[127.78834,36.07117],[127.78834,36.07278],[127.78776,36.07513],[127.78577,36.07579],[127.78427,36.077],[127.78009,36.07846],[127.77901,36.07921],[127.77901,36.08021],[127.77736,36.08105],[127.77423,36.08172],[127.77226,36.08113],[127.77087,36.08138],[127.77032,36.08186]]],[[[127.71796,36.13841],[127.71679,36.13867],[127.71584,36.1388],[127.71507,36.1377],[127.71323,36.13736],[127.71123,36.13477],[127.71005,36.1353],[127.70851,36.13548],[127.70795,36.13499],[127.70628,36.13488],[127.70614,36.1347],[127.707,36.13388],[127.70711,36.13339],[127.70506,36.13093],[127.70398,36.13132],[127.70273,36.13117],[127.7004,36.13205],[127.69712,36.13153],[127.69726,36.12935],[127.69647,36.12734],[127.69585,36.12658],[127.69609,36.12596],[127.69554,36.12564],[127.6946,36.12372],[127.69418,36.12355],[127.6936,36.12142],[127.69306,36.12102],[127.69306,36.1183],[127.69535,36.11756],[127.69705,36.11651],[127.69846,36.1149],[127.70004,36.11374],[127.70058,36.11381],[127.70119,36.11439],[127.70175,36.11375],[127.70229,36.11394],[127.70162,36.11391],[127.70269,36.11448],[127.70336,36.11558],[127.70438,36.11638],[127.70505,36.1187],[127.70677,36.12009],[127.70707,36.12161],[127.70688,36.12231],[127.70921,36.12312],[127.71008,36.12425],[127.71006,36.12389],[127.71033,36.12396],[127.7106,36.12556],[127.71294,36.12627],[127.71358,36.12607],[127.71749,36.12657],[127.72142,36.12632],[127.72431,36.1265],[127.72569,36.12808],[127.727,36.12812],[127.72711,36.12836],[127.72604,36.1287],[127.72562,36.12952],[127.72412,36.13025],[127.72331,36.13021],[127.72287,36.13117],[127.72308,36.13301],[127.72445,36.13428],[127.72363,36.13559],[127.72339,36.13682],[127.72386,36.13773],[127.7234,36.1384],[127.72216,36.13859],[127.72008,36.13781],[127.71901,36.13853],[127.71796,36.13841]]]]}},{"type":"Feature","properties":{"zoneId":"Z000201460","zoneName":"영동읍학교군","zoneType":"middle","level":"중학교","kind":"dedicated","oneWay":false,"sggCode":"740","eduCode":"8071000","eduName":"충청북도영동교육지원청","updatedAt":"2025-03-09"},"geometry":{"type":"Polygon","coordinates":[[[127.69931,36.16836],[127.69897,36.16849],[127.69822,36.16946],[127.69728,36.16981],[127.69478,36.1699],[127.69423,36.17087],[127.69259,36.17219],[127.69237,36.17282],[127.69119,36.17202],[127.69011,36.17176],[127.68782,36.16997],[127.68451,36.16639],[127.68324,36.16581],[127.6817,36.1628],[127.68264,36.16147],[127.68446,36.16044],[127.6883,36.16029],[127.68933,36.15833],[127.69072,36.15728],[127.69066,36.1568],[127.69135,36.15541],[127.69097,36.15477],[127.69116,36.15425],[127.69272,36.15348],[127.69162,36.15116],[127.69163,36.15017],[127.69095,36.14932],[127.68834,36.14807],[127.68803,36.14747],[127.68876,36.14603],[127.68869,36.1456],[127.68963,36.14469],[127.69086,36.14415],[127.69207,36.14448],[127.6946,36.14407],[127.6948,36.13878],[127.69537,36.13749],[127.69609,36.13714],[127.69636,36.13382],[127.69712,36.13153],[127.7004,36.13205],[127.70273,36.13117],[127.70398,36.13132],[127.70506,36.13093],[127.70711,36.13339],[127.707,36.13388],[127.70614,36.1347],[127.70628,36.13488],[127.70795,36.13499],[127.70851,36.13548],[127.71005,36.1353],[127.71123,36.13477],[127.71323,36.13736],[127.71507,36.1377],[127.71584,36.1388],[127.71842,36.13834],[127.71901,36.13853],[127.72008,36.13781],[127.72216,36.13859],[127.7234,36.1384],[127.72386,36.13773],[127.72339,36.13682],[127.72363,36.13559],[127.72445,36.13428],[127.72308,36.13301],[127.72287,36.13117],[127.72331,36.13021],[127.72412,36.13025],[127.72562,36.12952],[127.72604,36.1287],[127.72711,36.12836],[127.727,36.12812],[127.72569,36.12808],[127.72431,36.1265],[127.72142,36.12632],[127.71749,36.12657],[127.71416,36.12619],[127.71478,36.12471],[127.71568,36.12439],[127.71627,36.12376],[127.71667,36.12207],[127.71753,36.12154],[127.71807,36.12036],[127.71906,36.11979],[127.71937,36.11818],[127.72066,36.11829],[127.72278,36.11752],[127.72322,36.11661],[127.723,36.1164],[127.72338,36.11496],[127.72402,36.11427],[127.72387,36.11398],[127.72475,36.11247],[127.72554,36.11212],[127.72564,36.11097],[127.72648,36.11102],[127.7279,36.11042],[127.72814,36.10929],[127.72906,36.10857],[127.73077,36.10926],[127.73139,36.10871],[127.73353,36.10879],[127.73441,36.1066],[127.73658,36.10416],[127.73765,36.10431],[127.73965,36.10378],[127.74069,36.10469],[127.74264,36.10515],[127.74311,36.10562],[127.74787,36.10647],[127.74906,36.10437],[127.74869,36.10165],[127.74905,36.10078],[127.75164,36.09917],[127.75154,36.09837],[127.75192,36.09794],[127.75134,36.0969],[127.75163,36.09634],[127.75159,36.09343],[127.75206,36.09273],[127.75202,36.09172],[127.75249,36.0915],[127.75281,36.08986],[127.75496,36.08785],[127.75512,36.08659],[127.75574,36.08635],[127.75569,36.08577],[127.75703,36.08471],[127.75968,36.08369],[127.76221,36.08159],[127.76248,36.08099],[127.76396,36.08032],[127.76457,36.08103],[127.76659,36.08188],[127.76814,36.08127],[127.77032,36.08186],[127.77087,36.08138],[127.77226,36.08113],[127.77423,36.08172],[127.77586,36.08148],[127.77871,36.08045],[127.77901,36.08021],[127.77901,36.07921],[127.78009,36.07846],[127.78427,36.077],[127.78577,36.07579],[127.78776,36.07513],[127.78834,36.07278],[127.78834,36.07117],[127.79148,36.07042],[127.79254,36.06944],[127.79257,36.06859],[127.79367,36.0668],[127.79424,36.06646],[127.79428,36.06574],[127.79526,36.06505],[127.79598,36.06384],[127.79999,36.06509],[127.80035,36.06567],[127.80147,36.06518],[127.80344,36.0656],[127.80535,36.06543],[127.80686,36.06577],[127.80981,36.06527],[127.81023,36.06578],[127.81117,36.06587],[127.81177,36.0673],[127.81458,36.06923],[127.81935,36.07045],[127.82022,36.07036],[127.82,36.07081],[127.82102,36.07218],[127.82152,36.0736],[127.82234,36.07401],[127.82242,36.07477],[127.82054,36.07613],[127.8198,36.07747],[127.82041,36.0803],[127.82004,36.08123],[127.82022,36.08221],[127.81973,36.08576],[127.82001,36.08698],[127.81914,36.08841],[127.81857,36.09114],[127.82034,36.09215],[127.82159,36.0933],[127.82342,36.09705],[127.82312,36.09825],[127.82274,36.09846],[127.82328,36.0999],[127.82345,36.10186],[127.82289,36.10291],[127.82337,36.10405],[127.82287,36.10494],[127.82278,36.10645],[127.82229,36.10679],[127.82172,36.10808],[127.82202,36.10918],[127.8215,36.1099],[127.82188,36.11085],[127.82161,36.11134],[127.82204,36.11224],[127.8214,36.11314],[127.82143,36.11446],[127.82019,36.11531],[127.81868,36.1172],[127.81658,36.11847],[127.81606,36.12017],[127.81546,36.12128],[127.81501,36.12154],[127.81511,36.12304],[127.81587,36.12414],[127.81542,36.12529],[127.81582,36.12756],[127.81628,36.12833],[127.81594,36.12897],[127.81659,36.12933],[127.81659,36.13133],[127.81611,36.13183],[127.81572,36.13317],[127.81388,36.13432],[127.81276,36.13428],[127.81167,36.1363],[127.81025,36.13681],[127.80968,36.13738],[127.80768,36.13758],[127.80562,36.13731],[127.80464,36.13766],[127.80304,36.13885],[127.80182,36.13876],[127.8011,36.13916],[127.80039,36.14123],[127.7988,36.14252],[127.79819,36.14236],[127.79601,36.14295],[127.79361,36.14441],[127.79231,36.1462],[127.78979,36.1467],[127.78811,36.14742],[127.78609,36.14983],[127.78319,36.15018],[127.78242,36.14842],[127.78177,36.14819],[127.78101,36.15145],[127.7787,36.15379],[127.7788,36.15449],[127.77748,36.15764],[127.77733,36.15885],[127.77704,36.15929],[127.77603,36.15929],[127.77501,36.16098],[127.77535,36.1615],[127.77478,36.16267],[127.77316,36.16317],[127.77202,36.16432],[127.77007,36.16407],[127.76785,36.16456],[127.7659,36.16352],[127.76507,36.16363],[127.7644,36.16327],[127.76278,36.1631],[127.76118,36.16337],[127.75926,36.16236],[127.75676,36.16194],[127.75513,36.16066],[127.75587,36.16159],[127.75183,36.16496],[127.75035,36.16425],[127.74948,36.16469],[127.74761,36.16428],[127.74695,36.16477],[127.74549,36.16508],[127.74375,36.16467],[127.74314,36.16503],[127.74227,36.16501],[127.742,36.16566],[127.74128,36.16612],[127.73793,36.16639],[127.73531,36.16836],[127.73314,36.16573],[127.73115,36.16502],[127.73095,36.16442],[127.72896,36.16577],[127.72511,36.16745],[127.72424,36.1673],[127.7228,36.16593],[127.72012,36.16576],[127.71984,36.16523],[127.71866,36.16505],[127.71608,36.16582],[127.71523,36.1652],[127.71486,36.16448],[127.71287,36.16354],[127.70674,36.16425],[127.70541,36.16291],[127.70552,36.16243],[127.7036,36.16185],[127.70212,36.16282],[127.70236,36.16341],[127.70189,36.16466],[127.70022,36.16637],[127.69984,36.16718],[127.7,36.1684],[127.69931,36.16836]]]}},{"type":"Feature","properties":{"zoneId":"Z000210413","zoneName":"영동읍학교군추풍령중학구정수중학구심천중학구학산중학구공동(일방)학구","zoneType":"middle","level":"중학교","kind":"shared","oneWay":true,"sggCode":"740","eduCode":"8071000","eduName":"충청북도영동교육지원청","updatedAt":"2025-03-09"},"geometry":{"type":"Polygon","coordinates":[[[127.81496,36.23723],[127.81493,36.23725],[127.81363,36.23831],[127.81394,36.23724],[127.81336,36.23673],[127.81336,36.23527],[127.81279,36.23402],[127.81153,36.23343],[127.81122,36.23165],[127.81171,36.23062],[127.81122,36.22982],[127.81353,36.22738],[127.81237,36.22709],[127.81147,36.22602],[127.81072,36.2244],[127.80921,36.22387],[127.80894,36.22261],[127.80822,36.22183],[127.80829,36.22071],[127.80929,36.21973],[127.80972,36.21979],[127.81042,36.21852],[127.8103,36.2165],[127.80972,36.21651],[127.80942,36.21544],[127.80891,36.21503],[127.80685,36.21492],[127.80498,36.21272],[127.8048,36.21191],[127.80306,36.21016],[127.80288,36.20931],[127.80164,36.20885],[127.8013,36.20781],[127.80161,36.20575],[127.80083,36.20458],[127.79649,36.20433],[127.79578,36.20579],[127.79387,36.20676],[127.79428,36.20788],[127.79558,36.20943],[127.79553,36.21],[127.7947,36.21122],[127.79603,36.21288],[127.79618,36.21363],[127.79675,36.214],[127.79648,36.2144],[127.79664,36.21538],[127.79711,36.21595],[127.79677,36.21618],[127.79673,36.21767],[127.79598,36.21857],[127.79612,36.22023],[127.79533,36.22104],[127.79412,36.22157],[127.79339,36.22257],[127.79263,36.22244],[127.79089,36.22126],[127.78943,36.22116],[127.78864,36.22165],[127.78602,36.22075],[127.7859,36.22102],[127.78391,36.2213],[127.78308,36.22173],[127.7823,36.22176],[127.78166,36.22131],[127.77917,36.22228],[127.77917,36.22292],[127.77762,36.22343],[127.77637,36.22303],[127.77417,36.22347],[127.77342,36.22215],[127.769,36.22194],[127.76656,36.22318],[127.76553,36.22314],[127.76519,36.22427],[127.76391,36.22508],[127.76326,36.22477],[127.76278,36.22334],[127.76184,36.22277],[127.76206,36.22179],[127.76066,36.22162],[127.76018,36.22163],[127.75947,36.2222],[127.75846,36.22373],[127.75579,36.22496],[127.75545,36.22457],[127.75282,36.22391],[127.75251,36.22345],[127.75257,36.22172],[127.75297,36.22003],[127.7525,36.21835],[127.7529,36.21728],[127.75503,36.21631],[127.75575,36.21517],[127.75542,36.21369],[127.75383,36.21253],[127.75431,36.21081],[127.75319,36.20994],[127.75205,36.20995],[127.75169,36.20869],[127.74999,36.20713],[127.74771,36.20745],[127.74652,36.20639],[127.74655,36.20492],[127.74074,36.20438],[127.7407,36.2026],[127.74123,36.1995],[127.73944,36.1993],[127.73919,36.19868],[127.7382,36.19872],[127.7369,36.19781],[127.73773,36.19519],[127.73864,36.19454],[127.73866,36.19384],[127.73848,36.19272],[127.73801,36.1919],[127.737,36.19116],[127.73719,36.19024],[127.73637,36.18976],[127.73571,36.18788],[127.73661,36.18454],[127.73692,36.18108],[127.7357,36.17988],[127.73556,36.1772],[127.73476,36.17651],[127.73437,36.17522],[127.73299,36.17422],[127.73328,36.17294],[127.73391,36.17244],[127.73463,36.17096],[127.73531,36.16836],[127.73615,36.16748],[127.73793,36.16639],[127.74128,36.16612],[127.742,36.16566],[127.74227,36.16501],[127.74314,36.16503],[127.74375,36.16467],[127.74549,36.16508],[127.74695,36.16477],[127.74761,36.16428],[127.74948,36.16469],[127.75035,36.16425],[127.75183,36.16496],[127.75587,36.16159],[127.755,36.16068],[127.75534,36.16064],[127.75676,36.16194],[127.75926,36.16236],[127.76088,36.16329],[127.76278,36.1631],[127.7644,36.16327],[127.76507,36.16363],[127.7659,36.16352],[127.76785,36.16456],[127.77007,36.16407],[127.77202,36.16432],[127.77316,36.16317],[127.77478,36.16267],[127.77535,36.1615],[127.77501,36.16098],[127.77603,36.15929],[127.77704,36.15929],[127.77733,36.15885],[127.77748,36.15764],[127.7788,36.15449],[127.7787,36.15379],[127.78101,36.15145],[127.78177,36.14819],[127.78242,36.14842],[127.78319,36.15018],[127.78609,36.14983],[127.78811,36.14742],[127.78979,36.1467],[127.79231,36.1462],[127.79361,36.14441],[127.79601,36.14295],[127.79819,36.14236],[127.7988,36.14252],[127.80039,36.14123],[127.8011,36.13916],[127.80182,36.13876],[127.80304,36.13885],[127.80464,36.13766],[127.80562,36.13731],[127.80768,36.13758],[127.80968,36.13738],[127.81025,36.13681],[127.81167,36.1363],[127.81276,36.13428],[127.81388,36.13432],[127.81572,36.13317],[127.81611,36.13183],[127.81659,36.13133],[127.81659,36.12933],[127.81594,36.12897],[127.81628,36.12833],[127.81582,36.12756],[127.81542,36.12529],[127.81587,36.12414],[127.81511,36.12304],[127.81501,36.12154],[127.81546,36.12128],[127.81606,36.12017],[127.81658,36.11847],[127.81868,36.1172],[127.82019,36.11531],[127.82143,36.11446],[127.8214,36.11314],[127.82204,36.11224],[127.82161,36.11134],[127.82188,36.11085],[127.8215,36.1099],[127.82202,36.10918],[127.82172,36.10808],[127.82229,36.10679],[127.82278,36.10645],[127.82287,36.10494],[127.82337,36.10405],[127.82289,36.10291],[127.82345,36.10186],[127.82328,36.0999],[127.82274,36.09846],[127.82312,36.09825],[127.8244,36.09883],[127.8268,36.09852],[127.82836,36.0988],[127.83045,36.10018],[127.83027,36.10104],[127.83051,36.10218],[127.83331,36.10371],[127.83354,36.10578],[127.83572,36.10939],[127.83663,36.11006],[127.83696,36.11075],[127.83608,36.11176],[127.83651,36.11328],[127.83694,36.1137],[127.83682,36.11521],[127.83657,36.11639],[127.83569,36.11709],[127.83567,36.11742],[127.8376,36.11894],[127.83799,36.12021],[127.83977,36.12095],[127.83972,36.12306],[127.84028,36.12427],[127.84012,36.125],[127.84076,36.12706],[127.8408,36.12822],[127.8426,36.12896],[127.84372,36.13045],[127.8452,36.13157],[127.84533,36.13204],[127.84682,36.13339],[127.84831,36.1341],[127.84973,36.13851],[127.85037,36.1389],[127.85061,36.13994],[127.85161,36.14123],[127.85361,36.14223],[127.85476,36.14132],[127.85629,36.14137],[127.8592,36.14408],[127.86076,36.14373],[127.86147,36.14399],[127.86589,36.14674],[127.86721,36.14677],[127.87033,36.14611],[127.87189,36.14532],[127.87259,36.14565],[127.87353,36.14952],[127.87288,36.15012],[127.87274,36.15123],[127.87366,36.15422],[127.87364,36.1545],[127.87165,36.15573],[127.87171,36.15619],[127.87256,36.15701],[127.87256,36.15876],[127.87391,36.15977],[127.87454,36.16101],[127.87576,36.16108],[127.87796,36.16297],[127.88025,36.16304],[127.88161,36.16444],[127.88294,36.16481],[127.88288,36.16711],[127.88255,36.16772],[127.88319,36.16902],[127.88239,36.16992],[127.88195,36.17338],[127.87977,36.17647],[127.88004,36.17725],[127.87966,36.17916],[127.8802,36.18021],[127.88003,36.18113],[127.87787,36.18303],[127.8773,36.18437],[127.87638,36.18464],[127.87617,36.18507],[127.87497,36.18575],[127.87423,36.18541],[127.87262,36.18636],[127.87054,36.18669],[127.8692,36.18754],[127.86833,36.18675],[127.86744,36.18667],[127.86453,36.18851],[127.86448,36.19],[127.86415,36.19064],[127.86322,36.19103],[127.86219,36.19104],[127.86118,36.19184],[127.85999,36.19193],[127.85943,36.19251],[127.85918,36.19351],[127.85781,36.19371],[127.85714,36.19439],[127.85766,36.19569],[127.85668,36.19743],[127.85666,36.19884],[127.85737,36.20055],[127.85568,36.20182],[127.85426,36.2022],[127.85291,36.20225],[127.85167,36.20182],[127.85106,36.20563],[127.85115,36.20775],[127.84945,36.21004],[127.84955,36.21134],[127.84906,36.21221],[127.84957,36.21306],[127.84943,36.21384],[127.84685,36.21651],[127.84781,36.21798],[127.84713,36.21991],[127.84358,36.22323],[127.84249,36.22599],[127.83999,36.22568],[127.83909,36.22594],[127.83487,36.22602],[127.83365,36.22738],[127.83269,36.22749],[127.83193,36.22658],[127.83026,36.22573],[127.82902,36.22741],[127.82894,36.22795],[127.82769,36.22814],[127.82753,36.22859],[127.82582,36.22882],[127.82506,36.23112],[127.82331,36.2326],[127.82231,36.23401],[127.8186,36.23576],[127.81676,36.23613],[127.81496,36.23723]]]}},{"type":"Feature","properties":{"zoneId":"Z000210152","zoneName":"한국교원대부설미호중학구조치원학군공동학구","zoneType":"middle","level":"중학교","kind":"shared","oneWay":false,"sggCode":"113","eduCode":"8011000","eduName":"충청북도청주교육지원청","updatedAt":"2025-09-30"},"geometry":{"type":"Polygon","coordinates":[[[127.29752,36.68581],[127.29707,36.68597],[127.29666,36.68577],[127.29639,36.6829],[127.29654,36.68169],[127.29724,36.68087],[127.29684,36.67929],[127.29637,36.679],[127.29655,36.67846],[127.29603,36.6777],[127.29621,36.67603],[127.29563,36.67492],[127.29562,36.67401],[127.29448,36.67343],[127.29333,36.67204],[127.29142,36.67111],[127.29052,36.67001],[127.29006,36.66874],[127.28683,36.66628],[127.28575,36.66597],[127.28474,36.66453],[127.28411,36.66422],[127.28295,36.66435],[127.28122,36.66228],[127.27932,36.66144],[127.27848,36.66065],[127.27732,36.66057],[127.27712,36.65963],[127.27626,36.65837],[127.27653,36.65786],[127.27553,36.65675],[127.27565,36.65623],[127.27421,36.65587],[127.27202,36.65461],[127.27174,36.65364],[127.27057,36.65262],[127.27048,36.65204],[127.26977,36.65133],[127.26872,36.65121],[127.26837,36.6515],[127.2682,36.65114],[127.26666,36.65097],[127.26648,36.65061],[127.26683,36.64935],[127.26822,36.64948],[127.27024,36.64902],[127.27058,36.64865],[127.27027,36.64858],[127.2717,36.64704],[127.27132,36.64685],[127.27148,36.64656],[127.26479,36.64597],[127.26239,36.64444],[127.26147,36.64321],[127.26127,36.64086],[127.26161,36.64031],[127.26272,36.63975],[127.26749,36.63968],[127.26916,36.64004],[127.27088,36.64093],[127.27379,36.64074],[127.27498,36.64029],[127.27615,36.63906],[127.27716,36.63682],[127.2788,36.6352],[127.27893,36.63403],[127.2794,36.63352],[127.28083,36.63439],[127.28228,36.6346],[127.28493,36.63419],[127.28502,36.63377],[127.28547,36.63386],[127.28723,36.63613],[127.28948,36.63693],[127.29056,36.63689],[127.29141,36.63644],[127.29216,36.63564],[127.29221,36.63491],[127.29253,36.63489],[127.29214,36.63415],[127.29241,36.63422],[127.29576,36.63719],[127.29592,36.63923],[127.29628,36.63945],[127.29605,36.63989],[127.29644,36.64067],[127.29805,36.64123],[127.29901,36.64237],[127.29994,36.64253],[127.29999,36.64309],[127.30097,36.64384],[127.30232,36.64611],[127.30201,36.64639],[127.3019,36.6475],[127.30211,36.64861],[127.30051,36.65042],[127.3008,36.65225],[127.30122,36.65283],[127.30119,36.65355],[127.3017,36.65402],[127.30194,36.65528],[127.30189,36.65645],[127.30106,36.6575],[127.30135,36.65806],[127.30113,36.65891],[127.30145,36.66007],[127.30102,36.66206],[127.30122,36.66408],[127.30296,36.66639],[127.30509,36.66757],[127.30486,36.66813],[127.30585,36.67057],[127.30609,36.67225],[127.30549,36.67284],[127.30556,36.67354],[127.30521,36.67424],[127.30623,36.67547],[127.30753,36.67832],[127.30724,36.67952],[127.30763,36.68202],[127.30676,36.6827],[127.30599,36.68287],[127.30456,36.68414],[127.30442,36.68504],[127.30183,36.68574],[127.30082,36.68524],[127.29957,36.68593],[127.29752,36.68581]]]}},{"type":"Feature","properties":{"zoneId":"Z000200579","zoneName":"청천중학구","zoneType":"middle","level":"중학교","kind":"dedicated","oneWay":false,"sggCode":"760","eduCode":"8092000","eduName":"충청북도괴산증평교육지원청","updatedAt":"2016-08-12"},"geometry":{"type":"Polygon","coordinates":[[[127.74405,36.74124],[127.74395,36.74127],[127.74219,36.7423],[127.74175,36.74293],[127.7398,36.74326],[127.73915,36.74267],[127.73713,36.74186],[127.73685,36.74127],[127.73556,36.74029],[127.73447,36.74028],[127.7338,36.73893],[127.73388,36.73848],[127.73269,36.73788],[127.73126,36.73871],[127.72966,36.73703],[127.72797,36.73762],[127.72527,36.73724],[127.72423,36.73756],[127.7225,36.73681],[127.72239,36.73569],[127.7218,36.73471],[127.72177,36.73428],[127.72216,36.73395],[127.7215,36.73314],[127.7216,36.73279],[127.72274,36.7324],[127.72326,36.73128],[127.72321,36.73037],[127.72514,36.72864],[127.72541,36.72708],[127.72641,36.72481],[127.72783,36.72433],[127.72801,36.72281],[127.72866,36.72147],[127.72938,36.71856],[127.73033,36.71668],[127.72961,36.71585],[127.72874,36.7159],[127.72822,36.71631],[127.72571,36.71644],[127.7238,36.7153],[127.72232,36.71606],[127.71958,36.7159],[127.71893,36.7164],[127.7168,36.7171],[127.71346,36.71647],[127.71188,36.71699],[127.71077,36.71615],[127.71048,36.71533],[127.70861,36.71579],[127.70625,36.7149],[127.70426,36.71478],[127.70354,36.71437],[127.70327,36.71367],[127.7022,36.71322],[127.70197,36.7126],[127.7022,36.71124],[127.70145,36.71024],[127.70279,36.70884],[127.70235,36.7069],[127.70291,36.70523],[127.7022,36.70378],[127.70327,36.70257],[127.7034,36.70187],[127.70451,36.70142],[127.70545,36.70047],[127.70693,36.7011],[127.70848,36.70033],[127.70841,36.70006],[127.71125,36.69747],[127.71137,36.696],[127.71373,36.69522],[127.71289,36.69028],[127.71625,36.68883],[127.71861,36.68827],[127.71904,36.6868],[127.72055,36.68618],[127.72137,36.68488],[127.72244,36.68448],[127.72354,36.68304],[127.72279,36.6817],[127.72318,36.68145],[127.72438,36.68166],[127.72664,36.68261],[127.72715,36.68251],[127.72688,36.68173],[127.72631,36.68128],[127.72623,36.67938],[127.72557,36.67836],[127.72602,36.67751],[127.72498,36.67525],[127.72456,36.6752],[127.72165,36.67269],[127.72024,36.67203],[127.71924,36.67083],[127.7168,36.67001],[127.71559,36.66916],[127.71555,36.66951],[127.71256,36.66771],[127.71241,36.66694],[127.71264,36.66655],[127.71465,36.66537],[127.71265,36.6663],[127.7117,36.66423],[127.71039,36.66303],[127.71028,36.66277],[127.71224,36.66042],[127.71191,36.65974],[127.71229,36.6572],[127.71091,36.65658],[127.70936,36.65404],[127.71121,36.65259],[127.71268,36.65033],[127.71553,36.65162],[127.71781,36.65134],[127.7191,36.65198],[127.72012,36.65187],[127.72116,36.65124],[127.72337,36.6513],[127.72479,36.64958],[127.72419,36.64882],[127.72585,36.64468],[127.72757,36.64371],[127.7298,36.64316],[127.73147,36.64232],[127.73317,36.6406],[127.73477,36.63965],[127.7381,36.64128],[127.73896,36.64005],[127.73894,36.63961],[127.73858,36.63929],[127.7377,36.63643],[127.7393,36.63572],[127.74022,36.63494],[127.74066,36.63428],[127.74003,36.63315],[127.74099,36.63266],[127.74518,36.63224],[127.7436,36.6311],[127.74426,36.63037],[127.74426,36.62907],[127.74551,36.62803],[127.74762,36.62725],[127.7492,36.62612],[127.74935,36.62507],[127.74884,36.62413],[127.74909,36.62393],[127.74997,36.62564],[127.74948,36.62299],[127.75067,36.62275],[127.75025,36.62188],[127.75134,36.62146],[127.75234,36.62154],[127.75667,36.6183],[127.75907,36.61731],[127.75955,36.6167],[127.76028,36.61662],[127.76143,36.61532],[127.76463,36.61305],[127.76491,36.61063],[127.76571,36.61056],[127.76676,36.60931],[127.76686,36.60849],[127.76874,36.60642],[127.76869,36.6052],[127.76949,36.60399],[127.77126,36.60552],[127.77218,36.6058],[127.77237,36.60624],[127.77324,36.60633],[127.77393,36.60601],[127.77646,36.60713],[127.77669,36.60805],[127.78143,36.60875],[127.78249,36.61027],[127.7839,36.61093],[127.78457,36.61269],[127.78626,36.61377],[127.78673,36.61326],[127.7889,36.61237],[127.79073,36.61073],[127.79181,36.61033],[127.79399,36.60746],[127.79428,36.60666],[127.79725,36.60437],[127.79847,36.60208],[127.79918,36.60238],[127.80198,36.60185],[127.80319,36.60214],[127.80464,36.60328],[127.80648,36.60365],[127.8072,36.60461],[127.80796,36.60503],[127.80835,36.6058],[127.81207,36.60758],[127.81431,36.60744],[127.81594,36.60824],[127.81857,36.6083],[127.82086,36.61054],[127.8213,36.61143],[127.821,36.61331],[127.82212,36.61292],[127.82204,36.61266],[127.82274,36.61234],[127.82399,36.61237],[127.82489,36.61178],[127.82665,36.61142],[127.82753,36.61077],[127.82906,36.61156],[127.82994,36.61262],[127.83108,36.61248],[127.83229,36.61276],[127.83437,36.61116],[127.83524,36.61118],[127.83745,36.61009],[127.83766,36.60937],[127.83907,36.60885],[127.83964,36.60893],[127.8407,36.60829],[127.84542,36.61091],[127.84726,36.61112],[127.8498,36.61312],[127.85161,36.61325],[127.85519,36.61188],[127.8583,36.61353],[127.85573,36.61758],[127.8538,36.61821],[127.85301,36.61803],[127.85119,36.61835],[127.84981,36.61958],[127.84982,36.62117],[127.84884,36.62218],[127.84798,36.6239],[127.84784,36.62494],[127.8506,36.62915],[127.85056,36.63125],[127.84586,36.63439],[127.846,36.63505],[127.84512,36.63626],[127.84503,36.63753],[127.84299,36.63676],[127.84077,36.63699],[127.83891,36.63855],[127.8376,36.64069],[127.83562,36.64176],[127.84002,36.64523],[127.84023,36.64727],[127.84172,36.64805],[127.84231,36.64917],[127.84337,36.6497],[127.84377,36.65126],[127.84633,36.65206],[127.84852,36.65543],[127.84652,36.65784],[127.84616,36.65942],[127.84485,36.66114],[127.8448,36.6616],[127.84237,36.66259],[127.84121,36.66364],[127.84056,36.66374],[127.8407,36.66416],[127.83962,36.66497],[127.83957,36.66705],[127.83896,36.66774],[127.83891,36.66825],[127.83772,36.66869],[127.83758,36.66952],[127.83592,36.66985],[127.83422,36.67183],[127.83408,36.67224],[127.835,36.67401],[127.83479,36.67456],[127.83537,36.67518],[127.83483,36.67602],[127.83502,36.67798],[127.83592,36.67919],[127.83528,36.68158],[127.83457,36.68214],[127.83525,36.68494],[127.83511,36.68589],[127.8357,36.6871],[127.8368,36.68798],[127.83781,36.68969],[127.83669,36.69109],[127.83484,36.6919],[127.83327,36.69432],[127.8346,36.69538],[127.84548,36.69619],[127.84602,36.69779],[127.84587,36.70107],[127.84468,36.70379],[127.84205,36.70742],[127.84135,36.70805],[127.83838,36.70938],[127.83814,36.70918],[127.83735,36.70941],[127.8357,36.70715],[127.83264,36.70868],[127.83022,36.70621],[127.83075,36.70545],[127.83086,36.70449],[127.82759,36.70461],[127.8269,36.70515],[127.82678,36.70602],[127.8262,36.70643],[127.82616,36.70721],[127.82588,36.70738],[127.82485,36.70697],[127.82456,36.70603],[127.82377,36.70528],[127.8226,36.70494],[127.82011,36.70567],[127.81784,36.70705],[127.81628,36.70707],[127.81523,36.70658],[127.81467,36.70665],[127.81402,36.70801],[127.8119,36.70888],[127.80656,36.70968],[127.80509,36.7103],[127.80486,36.71006],[127.80108,36.7136],[127.80074,36.71292],[127.80101,36.71231],[127.80081,36.70858],[127.7997,36.70755],[127.799,36.70496],[127.79506,36.70642],[127.79437,36.70702],[127.79397,36.70682],[127.79207,36.70732],[127.78978,36.70832],[127.78899,36.70903],[127.78772,36.7092],[127.7871,36.70851],[127.78449,36.70944],[127.78342,36.70914],[127.782,36.70924],[127.77971,36.70977],[127.77845,36.71047],[127.77732,36.71046],[127.77584,36.71141],[127.77054,36.71201],[127.76928,36.71169],[127.76889,36.71211],[127.76531,36.71324],[127.76323,36.71483],[127.76277,36.71597],[127.76176,36.71698],[127.76001,36.71816],[127.75808,36.71828],[127.75704,36.71907],[127.75667,36.72013],[127.75444,36.72232],[127.75375,36.72401],[127.75308,36.72467],[127.75125,36.72499],[127.74991,36.7258],[127.74837,36.72726],[127.74789,36.72828],[127.74732,36.72855],[127.748,36.73009],[127.74707,36.7323],[127.74703,36.73316],[127.74867,36.73414],[127.74891,36.73596],[127.74769,36.73888],[127.74696,36.73947],[127.74633,36.74108],[127.74405,36.74124]]]}},{"type":"Feature","properties":{"zoneId":"Z000200571","zoneName":"이월중학구","zoneType":"middle","level":"중학교","kind":"dedicated","oneWay":false,"sggCode":"750","eduCode":"8081000","eduName":"충청북도진천교육지원청","updatedAt":"2019-12-19"},"geometry":{"type":"Polygon","coordinates":[[[127.41086,36.9646],[127.41034,36.96478],[127.40798,36.96533],[127.40657,36.96618],[127.40623,36.96708],[127.40433,36.96834],[127.40117,36.96798],[127.40153,36.96768],[127.39747,36.96465],[127.39632,36.96447],[127.39579,36.96503],[127.39303,36.96563],[127.39101,36.96533],[127.39006,36.96399],[127.38828,36.96473],[127.38727,36.96446],[127.38534,36.96113],[127.38482,36.95962],[127.38349,36.95938],[127.38263,36.95981],[127.38213,36.95922],[127.38113,36.95879],[127.37961,36.95873],[127.37872,36.95789],[127.37872,36.95698],[127.3783,36.95611],[127.37874,36.95409],[127.37819,36.95317],[127.37821,36.95208],[127.37668,36.95036],[127.37579,36.94989],[127.37565,36.94914],[127.37756,36.94606],[127.37743,36.94564],[127.37783,36.94514],[127.37647,36.94209],[127.37641,36.94058],[127.37741,36.94023],[127.37787,36.93929],[127.37859,36.93944],[127.37948,36.93904],[127.37903,36.93713],[127.37789,36.93528],[127.37818,36.93323],[127.38046,36.93007],[127.382,36.92986],[127.38358,36.93044],[127.38467,36.93116],[127.38487,36.93171],[127.38578,36.93213],[127.39051,36.93108],[127.3916,36.93013],[127.39308,36.92951],[127.39298,36.92862],[127.39361,36.92758],[127.39491,36.92604],[127.39573,36.92434],[127.39789,36.92209],[127.39894,36.92123],[127.40065,36.92063],[127.40229,36.92086],[127.40274,36.92008],[127.40289,36.91889],[127.40231,36.91723],[127.40222,36.91564],[127.40167,36.91471],[127.40344,36.91131],[127.4044,36.91031],[127.40537,36.90797],[127.4064,36.90739],[127.40703,36.90531],[127.40893,36.90299],[127.40943,36.90181],[127.40945,36.89922],[127.41248,36.8989],[127.42082,36.90025],[127.42763,36.90253],[127.42924,36.90148],[127.43036,36.90154],[127.43147,36.90091],[127.43346,36.90166],[127.43577,36.90114],[127.43774,36.90115],[127.43769,36.90145],[127.43837,36.90137],[127.43859,36.90242],[127.43932,36.90231],[127.43954,36.90255],[127.44029,36.90189],[127.44123,36.9017],[127.43933,36.90002],[127.43779,36.89231],[127.43815,36.89229],[127.43809,36.89183],[127.43866,36.89119],[127.43923,36.89114],[127.43932,36.89074],[127.44045,36.89102],[127.44183,36.89037],[127.4426,36.88752],[127.4435,36.88767],[127.44356,36.88837],[127.44435,36.88887],[127.44483,36.88848],[127.4459,36.88847],[127.44786,36.88742],[127.44819,36.88772],[127.44891,36.89036],[127.4485,36.89284],[127.44935,36.89433],[127.44975,36.89721],[127.45021,36.89766],[127.45055,36.89882],[127.45125,36.89949],[127.45101,36.9008],[127.45181,36.90527],[127.45524,36.90355],[127.45536,36.90444],[127.45185,36.90748],[127.45143,36.90714],[127.45027,36.90717],[127.44597,36.90921],[127.44508,36.91014],[127.44459,36.91173],[127.44142,36.91458],[127.44192,36.91735],[127.44216,36.91748],[127.44339,36.91685],[127.4434,36.91794],[127.44531,36.91879],[127.44821,36.9232],[127.44843,36.92541],[127.44732,36.92709],[127.44713,36.92806],[127.44615,36.92828],[127.44549,36.92899],[127.44546,36.93088],[127.44635,36.93264],[127.44626,36.93315],[127.44715,36.93329],[127.4485,36.933],[127.44844,36.93367],[127.4494,36.93299],[127.45081,36.93258],[127.45077,36.93228],[127.45216,36.93074],[127.45311,36.93073],[127.45529,36.93163],[127.45627,36.93337],[127.45865,36.93368],[127.45962,36.93413],[127.45927,36.93488],[127.45936,36.93621],[127.45824,36.93766],[127.45794,36.93931],[127.4588,36.94129],[127.45869,36.94236],[127.45955,36.94464],[127.46136,36.94667],[127.46162,36.94777],[127.45951,36.9481],[127.45762,36.94709],[127.45244,36.94815],[127.45044,36.94824],[127.44961,36.94794],[127.44814,36.94882],[127.44797,36.94978],[127.44728,36.94991],[127.44707,36.94933],[127.44645,36.94895],[127.44633,36.94864],[127.44681,36.94833],[127.44587,36.94746],[127.44586,36.94702],[127.44526,36.9471],[127.44409,36.94629],[127.44226,36.94641],[127.44166,36.94808],[127.44007,36.94975],[127.43999,36.95099],[127.43931,36.95178],[127.43914,36.95261],[127.4347,36.95278],[127.43426,36.95305],[127.4347,36.95454],[127.43437,36.95554],[127.43267,36.95584],[127.4326,36.95655],[127.43199,36.95658],[127.43032,36.95779],[127.42964,36.95776],[127.42756,36.95877],[127.42701,36.95876],[127.42545,36.96007],[127.42364,36.96401],[127.42252,36.9645],[127.41644,36.96509],[127.41504,36.96411],[127.41277,36.96459],[127.41244,36.96433],[127.41086,36.9646]]]}},{"type":"Feature","properties":{"zoneId":"Z000200542","zoneName":"주덕중학구","zoneType":"middle","level":"중학교","kind":"dedicated","oneWay":false,"sggCode":"130","eduCode":"8021000","eduName":"충청북도충주교육지원청","updatedAt":"2019-12-26"},"geometry":{"type":"Polygon","coordinates":[[[127.81645,37.02884],[127.81588,37.02944],[127.81303,37.02989],[127.81105,37.02931],[127.80869,37.02806],[127.80806,37.02816],[127.80796,37.02773],[127.80636,37.02661],[127.80428,37.02622],[127.80324,37.02501],[127.80063,37.02505],[127.80042,37.02588],[127.79952,37.02704],[127.79789,37.02777],[127.79674,37.02697],[127.79514,37.02654],[127.79503,37.02607],[127.79444,37.02602],[127.79332,37.02696],[127.79278,37.02699],[127.79196,37.02627],[127.79094,37.02639],[127.78904,37.02574],[127.78798,37.02379],[127.78821,37.02334],[127.78787,37.02227],[127.78823,37.02068],[127.78759,37.01936],[127.78592,37.01906],[127.78466,37.0201],[127.78158,37.02066],[127.7795,37.0221],[127.77884,37.0229],[127.77707,37.02308],[127.77465,37.0222],[127.77359,37.02284],[127.77297,37.02389],[127.77185,37.02452],[127.77116,37.02465],[127.77042,37.02434],[127.77002,37.02479],[127.76833,37.0245],[127.76758,37.02521],[127.76641,37.02459],[127.76436,37.02463],[127.76383,37.02484],[127.76343,37.02558],[127.76237,37.02591],[127.76181,37.02682],[127.76052,37.02736],[127.75931,37.0269],[127.75877,37.0251],[127.75916,37.0244],[127.75825,37.02402],[127.7575,37.02244],[127.75678,37.02203],[127.75666,37.02131],[127.75523,37.02091],[127.75422,37.01972],[127.75291,37.01898],[127.75237,37.01903],[127.75137,37.01814],[127.74972,37.0177],[127.75093,37.0156],[127.75179,37.01289],[127.75235,37.0096],[127.75633,37.00803],[127.75641,37.00242],[127.75483,36.99354],[127.76516,36.99146],[127.76312,36.9877],[127.76056,36.98534],[127.7609,36.98398],[127.76012,36.98224],[127.75834,36.9815],[127.75623,36.98153],[127.75284,36.97817],[127.75213,36.97655],[127.75177,36.97645],[127.75151,36.9754],[127.75055,36.97486],[127.75011,36.97404],[127.74909,36.97319],[127.74891,36.97233],[127.75009,36.97063],[127.75021,36.96941],[127.74989,36.96888],[127.74872,36.9684],[127.74789,36.96643],[127.74783,36.96515],[127.74746,36.96488],[127.74727,36.96406],[127.74686,36.96388],[127.74639,36.9626],[127.74712,36.96166],[127.74803,36.96181],[127.74926,36.96085],[127.74992,36.95937],[127.75155,36.95831],[127.75325,36.95775],[127.75344,36.95665],[127.75442,36.95486],[127.75529,36.95473],[127.75579,36.95501],[127.75567,36.95415],[127.75636,36.95304],[127.7569,36.95338],[127.75813,36.9528],[127.75859,36.95125],[127.76204,36.9491],[127.76257,36.94845],[127.76295,36.94738],[127.76384,36.94633],[127.76087,36.94509],[127.76077,36.94478],[127.76236,36.94407],[127.76378,36.94087],[127.76484,36.93978],[127.76681,36.94035],[127.76838,36.93877],[127.76908,36.93866],[127.77007,36.93678],[127.77176,36.93617],[127.77204,36.93506],[127.77309,36.93475],[127.7741,36.93377],[127.77558,36.93334],[127.7775,36.93432],[127.77894,36.93425],[127.78095,36.93487],[127.78171,36.93529],[127.78274,36.93682],[127.78436,36.93771],[127.78711,36.93702],[127.79163,36.93866],[127.79269,36.93948],[127.79339,36.94071],[127.79291,36.94293],[127.79378,36.94305],[127.79385,36.9434],[127.79488,36.94407],[127.79494,36.94591],[127.79636,36.94672],[127.79856,36.94668],[127.79901,36.94727],[127.80067,36.94755],[127.80025,36.94858],[127.80034,36.94966],[127.80006,36.95046],[127.80117,36.95126],[127.80218,36.95373],[127.80287,36.95401],[127.80279,36.95441],[127.80353,36.95464],[127.80339,36.9554],[127.80437,36.95564],[127.80562,36.95693],[127.80761,36.9578],[127.80923,36.95922],[127.8097,36.96037],[127.81183,36.96095],[127.81233,36.96207],[127.81231,36.96234],[127.81165,36.96232],[127.81068,36.9629],[127.81147,36.96331],[127.81159,36.96437],[127.8112,36.96498],[127.81167,36.96699],[127.81155,36.96818],[127.8123,36.96819],[127.81228,36.96788],[127.81263,36.9678],[127.81306,36.9685],[127.81301,36.96954],[127.81358,36.96947],[127.81326,36.97185],[127.81409,36.97268],[127.81409,36.97349],[127.81333,36.97404],[127.80635,36.97473],[127.80525,36.97589],[127.80511,36.97676],[127.80972,36.97726],[127.81683,36.97913],[127.81882,36.97935],[127.8204,36.97907],[127.82164,36.98114],[127.82426,36.98368],[127.82342,36.98594],[127.82276,36.98573],[127.82195,36.9864],[127.8222,36.98684],[127.82192,36.98757],[127.82218,36.98899],[127.82169,36.99049],[127.82337,36.99152],[127.8235,36.99248],[127.82404,36.9928],[127.82449,36.99441],[127.82425,36.99534],[127.82638,36.99626],[127.82686,36.99501],[127.8315,36.99566],[127.83558,36.99641],[127.83731,36.99753],[127.83727,36.99785],[127.83653,36.99789],[127.83639,36.99817],[127.83695,36.99888],[127.83607,36.99907],[127.83558,36.9997],[127.83471,37.0001],[127.83228,37.00386],[127.83214,37.00772],[127.82785,37.00677],[127.82038,37.01658],[127.82189,37.01771],[127.82135,37.01841],[127.82047,37.01885],[127.82081,37.02214],[127.81904,37.02356],[127.81781,37.02407],[127.81775,37.02575],[127.81807,37.02623],[127.81764,37.02815],[127.81731,37.02887],[127.81645,37.02884]]]}},{"type":"Feature","properties":{"zoneId":"Z000201406","zoneName":"충주대소원중학구","zoneType":"middle","level":"중학교","kind":"dedicated","oneWay":false,"sggCode":"130","eduCode":"8021000","eduName":"충청북도충주교육지원청","updatedAt":"2019-12-26"},"geometry":{"type":"Polygon","coordinates":[[[127.83496,37.0087],[127.83471,37.0089],[127.83214,37.00772],[127.8322,37.00415],[127.83471,37.0001],[127.83558,36.9997],[127.83607,36.99907],[127.83695,36.99888],[127.83639,36.99817],[127.83653,36.99789],[127.83727,36.99785],[127.83731,36.99753],[127.83558,36.99641],[127.8315,36.99566],[127.82686,36.99501],[127.82638,36.99626],[127.82425,36.99534],[127.82449,36.99441],[127.82404,36.9928],[127.8235,36.99248],[127.82337,36.99152],[127.82169,36.99049],[127.82218,36.98899],[127.82192,36.98757],[127.8222,36.98684],[127.82195,36.9864],[127.82276,36.98573],[127.82342,36.98594],[127.82426,36.98368],[127.82164,36.98114],[127.8208,36.97947],[127.82049,36.97953],[127.82012,36.97899],[127.81882,36.97935],[127.81683,36.97913],[127.80972,36.97726],[127.80511,36.97676],[127.80525,36.97589],[127.80635,36.97473],[127.81333,36.97404],[127.81409,36.97349],[127.81409,36.97268],[127.81326,36.97185],[127.81358,36.96947],[127.81301,36.96954],[127.81306,36.9685],[127.81263,36.9678],[127.81228,36.96788],[127.8123,36.96819],[127.81155,36.96818],[127.81167,36.96699],[127.8112,36.96498],[127.81159,36.96437],[127.81147,36.96331],[127.81068,36.9629],[127.81165,36.96232],[127.81231,36.96234],[127.81183,36.96095],[127.8097,36.96037],[127.80923,36.95922],[127.80761,36.9578],[127.80562,36.95693],[127.80437,36.95564],[127.80339,36.9554],[127.80353,36.95464],[127.80279,36.95441],[127.80287,36.95401],[127.80218,36.95373],[127.80117,36.95126],[127.80006,36.95046],[127.80034,36.94966],[127.80025,36.94858],[127.80067,36.94755],[127.80278,36.94667],[127.8066,36.94595],[127.80731,36.94424],[127.80716,36.94159],[127.80771,36.9411],[127.80829,36.94106],[127.80944,36.93958],[127.81194,36.94074],[127.81498,36.94055],[127.816,36.94127],[127.81938,36.94107],[127.82022,36.94145],[127.82031,36.94245],[127.82106,36.94259],[127.82157,36.94344],[127.82406,36.9428],[127.82466,36.94196],[127.82581,36.94217],[127.82619,36.94042],[127.82942,36.94047],[127.83043,36.93983],[127.8316,36.94018],[127.83294,36.93985],[127.83426,36.94032],[127.83725,36.94273],[127.83883,36.94267],[127.8414,36.94353],[127.84216,36.9443],[127.84165,36.94532],[127.842,36.94575],[127.84358,36.94576],[127.84554,36.94694],[127.84763,36.94687],[127.84699,36.94922],[127.84681,36.95191],[127.8471,36.95484],[127.84768,36.95508],[127.84811,36.95717],[127.8495,36.95666],[127.8514,36.95944],[127.8522,36.95993],[127.85147,36.96154],[127.85023,36.96236],[127.84844,36.96482],[127.84836,36.96906],[127.8514,36.96841],[127.85592,36.96656],[127.85715,36.96652],[127.86019,36.9675],[127.85719,36.97457],[127.85771,36.9754],[127.85856,36.97595],[127.85869,36.97664],[127.85916,36.97702],[127.85921,36.97795],[127.86111,36.97869],[127.86356,36.97817],[127.86644,36.98134],[127.86845,36.98185],[127.86819,36.98346],[127.86721,36.98425],[127.86616,36.98397],[127.86561,36.98424],[127.8653,36.98498],[127.86422,36.98541],[127.86332,36.98541],[127.85912,36.98665],[127.85819,36.98913],[127.85811,36.99129],[127.8563,36.99172],[127.85587,36.99218],[127.85389,36.99298],[127.85401,36.99457],[127.85348,36.99484],[127.85362,36.99527],[127.85258,36.9981],[127.8516,36.99888],[127.85144,36.99945],[127.85212,37.00145],[127.85174,37.00222],[127.85042,37.00198],[127.84919,37.00239],[127.84811,37.00221],[127.84677,37.00242],[127.84622,37.00302],[127.84404,37.00194],[127.84228,37.00189],[127.84125,37.00247],[127.83961,37.00167],[127.83841,37.00282],[127.83787,37.00382],[127.83711,37.00378],[127.8371,37.00504],[127.8374,37.00544],[127.83517,37.00823],[127.83535,37.00853],[127.83496,37.0087]]]}},{"type":"Feature","properties":{"zoneId":"Z000200544","zoneName":"충주시학교군","zoneType":"middle","level":"중학교","kind":"dedicated","oneWay":false,"sggCode":"130","eduCode":"8021000","eduName":"충청북도충주교육지원청","updatedAt":"2019-12-26"},"geometry":{"type":"Polygon","coordinates":[[[127.96645,37.01982],[127.96597,37.0203],[127.96316,37.02302],[127.95908,37.02433],[127.95749,37.02411],[127.95266,37.02163],[127.94842,37.02031],[127.93969,37.01953],[127.92472,37.02],[127.92224,37.01997],[127.92048,37.01951],[127.91373,37.01586],[127.91222,37.01428],[127.9115,37.01176],[127.91247,37.01002],[127.91132,37.00096],[127.91077,37.00019],[127.9051,36.99567],[127.90351,36.99234],[127.90352,36.98974],[127.89942,36.99001],[127.89682,36.98913],[127.8941,36.98961],[127.89072,36.98946],[127.89093,36.98827],[127.8907,36.98772],[127.89035,36.98774],[127.88967,36.9831],[127.8903,36.98154],[127.89055,36.97857],[127.89002,36.97644],[127.88872,36.97512],[127.88721,36.97433],[127.88301,36.97417],[127.8827,36.97509],[127.88141,36.97627],[127.88087,36.97731],[127.88062,36.97999],[127.87869,36.97967],[127.87733,36.98095],[127.87647,36.98017],[127.8753,36.98044],[127.87192,36.98301],[127.87053,36.98277],[127.86943,36.98191],[127.86644,36.98134],[127.86356,36.97817],[127.86111,36.97869],[127.85921,36.97795],[127.85916,36.97702],[127.85869,36.97664],[127.85856,36.97595],[127.85771,36.9754],[127.85717,36.97441],[127.86019,36.9675],[127.85715,36.96652],[127.85592,36.96656],[127.8514,36.96841],[127.84836,36.96906],[127.84844,36.96482],[127.85023,36.96236],[127.85147,36.96154],[127.8522,36.95993],[127.8514,36.95944],[127.8495,36.95666],[127.84811,36.95717],[127.84768,36.95508],[127.8471,36.95484],[127.84681,36.95191],[127.84699,36.94922],[127.84763,36.94687],[127.84554,36.94694],[127.84358,36.94576],[127.842,36.94575],[127.84165,36.94532],[127.84216,36.9443],[127.8414,36.94353],[127.83883,36.94267],[127.83725,36.94273],[127.83426,36.94032],[127.83294,36.93985],[127.83311,36.93785],[127.83345,36.9374],[127.8323,36.93695],[127.83181,36.93538],[127.83224,36.93506],[127.83241,36.93347],[127.83356,36.93314],[127.83466,36.93202],[127.83474,36.93083],[127.83538,36.92995],[127.83664,36.93049],[127.83768,36.93011],[127.83985,36.93003],[127.843,36.92771],[127.84316,36.9266],[127.84244,36.9254],[127.8424,36.92387],[127.84182,36.9233],[127.84193,36.92233],[127.84241,36.92168],[127.84088,36.92106],[127.83996,36.91983],[127.84176,36.91816],[127.84209,36.9174],[127.83975,36.91583],[127.83811,36.91422],[127.83793,36.91366],[127.83915,36.91259],[127.84054,36.91228],[127.84147,36.91121],[127.84375,36.91114],[127.84401,36.91057],[127.84606,36.90925],[127.85094,36.90901],[127.85159,36.90941],[127.85244,36.90928],[127.85284,36.908],[127.85505,36.90724],[127.85593,36.90633],[127.85833,36.90492],[127.85859,36.90329],[127.85905,36.90285],[127.85986,36.89979],[127.86086,36.89944],[127.86399,36.89623],[127.86786,36.89708],[127.87024,36.89656],[127.8722,36.8956],[127.88151,36.89585],[127.88304,36.89016],[127.89265,36.89153],[127.89392,36.89196],[127.89595,36.89294],[127.90007,36.89643],[127.90068,36.8974],[127.90122,36.89602],[127.90317,36.89355],[127.90314,36.89258],[127.90365,36.89201],[127.90359,36.88794],[127.90449,36.88722],[127.90578,36.88701],[127.90652,36.88643],[127.90814,36.88617],[127.90846,36.88584],[127.90925,36.88581],[127.91003,36.88651],[127.9137,36.88567],[127.91519,36.88312],[127.91628,36.88213],[127.91697,36.88197],[127.91748,36.8811],[127.91936,36.88119],[127.9243,36.88291],[127.92649,36.88461],[127.92699,36.8846],[127.92746,36.88549],[127.92922,36.88613],[127.93038,36.88797],[127.93089,36.88773],[127.93129,36.88805],[127.93224,36.88757],[127.93377,36.88741],[127.93487,36.88769],[127.93419,36.88793],[127.93669,36.8889],[127.9352,36.88779],[127.93749,36.88844],[127.94005,36.88775],[127.94595,36.8881],[127.94985,36.887],[127.95126,36.88623],[127.95189,36.88473],[127.95108,36.88435],[127.94994,36.88302],[127.94941,36.88287],[127.94766,36.8785],[127.94788,36.87749],[127.94692,36.87636],[127.94546,36.87562],[127.94514,36.87491],[127.94546,36.8735],[127.94651,36.87237],[127.94939,36.87317],[127.95258,36.876],[127.95346,36.8762],[127.95346,36.878],[127.95241,36.87804],[127.95422,36.87837],[127.9554,36.87996],[127.95692,36.88089],[127.95679,36.88168],[127.9595,36.88253],[127.96208,36.88451],[127.96348,36.88471],[127.96442,36.88529],[127.96438,36.88642],[127.96466,36.88673],[127.96685,36.88807],[127.96816,36.88971],[127.96815,36.89025],[127.96871,36.89092],[127.97016,36.89129],[127.97234,36.89382],[127.97357,36.89308],[127.97487,36.89288],[127.97648,36.89188],[127.97707,36.89134],[127.97715,36.8904],[127.97827,36.88886],[127.97971,36.88775],[127.98053,36.88823],[127.98345,36.88832],[127.98433,36.88806],[127.98432,36.88869],[127.9852,36.88866],[127.9862,36.88951],[127.98667,36.88951],[127.98777,36.88873],[127.99194,36.88945],[127.99181,36.89064],[127.99319,36.89082],[127.99414,36.89058],[127.99495,36.88986],[127.99614,36.89003],[127.99652,36.89038],[127.99625,36.89085],[127.9967,36.891],[127.99686,36.89162],[127.99731,36.89189],[127.99897,36.89103],[127.99949,36.89159],[128.00068,36.89101],[128.00241,36.89076],[128.00306,36.88987],[128.00613,36.88851],[128.00697,36.88757],[128.01021,36.88828],[128.01213,36.88729],[128.01244,36.8879],[128.01497,36.89014],[128.01696,36.88984],[128.01849,36.89101],[128.01987,36.89053],[128.02115,36.8907],[128.02171,36.88892],[128.02354,36.88877],[128.0241,36.88751],[128.02295,36.88561],[128.02168,36.88428],[128.02065,36.88173],[128.02074,36.88031],[128.02118,36.87981],[128.02111,36.87901],[128.02363,36.87543],[128.02376,36.8736],[128.02675,36.87038],[128.02717,36.86943],[128.02645,36.86893],[128.0272,36.86834],[128.02705,36.86757],[128.02773,36.86585],[128.02891,36.86534],[128.03273,36.86222],[128.03467,36.86111],[128.0386,36.85981],[128.03705,36.85791],[128.03558,36.85503],[128.03684,36.85174],[128.03558,36.85503],[128.03589,36.85588],[128.03858,36.8598],[128.04254,36.86111],[128.04401,36.86253],[128.04444,36.86354],[128.04354,36.8651],[128.04483,36.86696],[128.04487,36.86914],[128.04552,36.8705],[128.04773,36.87129],[128.0503,36.87177],[128.05094,36.87219],[128.05181,36.87498],[128.05265,36.87641],[128.05252,36.87683],[128.05303,36.87867],[128.0549,36.88013],[128.05543,36.88256],[128.05666,36.88326],[128.05786,36.8835],[128.06049,36.88504],[128.06065,36.88634],[128.05907,36.88748],[128.06017,36.88886],[128.06265,36.89094],[128.06457,36.8921],[128.06631,36.89387],[128.06546,36.89665],[128.06651,36.8976],[128.06717,36.89895],[128.06644,36.90012],[128.06668,36.90072],[128.06645,36.90192],[128.06679,36.90368],[128.06812,36.90503],[128.06626,36.90943],[128.0673,36.9103],[128.06966,36.91149],[128.07225,36.91101],[128.07271,36.91327],[128.07113,36.91507],[128.0625,36.91997],[128.06153,36.92147],[128.06109,36.92288],[128.06074,36.92306],[128.05995,36.92935],[128.05864,36.9318],[128.05583,36.93335],[128.05314,36.93434],[128.0503,36.93489],[128.04933,36.93569],[128.04858,36.93565],[128.04581,36.9372],[128.04303,36.93968],[128.04239,36.94155],[128.04259,36.94161],[128.04204,36.94557],[128.04218,36.94768],[128.04177,36.94873],[128.04281,36.94874],[128.04315,36.95096],[128.04287,36.95097],[128.04261,36.95326],[128.04035,36.95439],[128.04251,36.95446],[128.0483,36.95569],[128.04866,36.95628],[128.05444,36.95883],[128.05799,36.96014],[128.06,36.96017],[128.06073,36.95941],[128.06311,36.95882],[128.06442,36.95798],[128.06677,36.95502],[128.07512,36.95003],[128.08172,36.94824],[128.08486,36.94774],[128.0866,36.95097],[128.08724,36.95433],[128.08693,36.95582],[128.08741,36.9581],[128.08747,36.9613],[128.08647,36.96634],[128.09038,36.97943],[128.0907,36.97949],[128.09118,36.98217],[128.09093,36.98555],[128.09049,36.98581],[128.09025,36.98665],[128.09007,36.9895],[128.08574,36.9898],[128.08499,36.99037],[128.08442,36.99493],[128.08402,36.99551],[128.08331,36.99585],[128.08024,36.99576],[128.0799,36.99622],[128.07888,36.99634],[128.0783,37.00083],[128.07644,37.00211],[128.07542,37.00079],[128.07531,36.9995],[128.07327,36.99878],[128.07297,36.99812],[128.07328,36.99729],[128.07243,36.99477],[128.06808,36.99231],[128.06558,36.99197],[128.06473,36.99113],[128.06442,36.99014],[128.06162,36.99068],[128.06035,36.99133],[128.05892,36.99309],[128.05814,36.99512],[128.05576,36.99645],[128.05009,36.99468],[128.0467,36.99461],[128.0462,36.9932],[128.0469,36.99153],[128.04255,36.98817],[128.04248,36.98713],[128.04103,36.98698],[128.04117,36.98663],[128.04059,36.98632],[128.03954,36.98255],[128.03822,36.98277],[128.03774,36.98327],[128.0335,36.98385],[128.03238,36.98478],[128.03296,36.98649],[128.03166,36.98825],[128.03217,36.98896],[128.03286,36.99178],[128.03212,36.9932],[128.03234,36.9944],[128.03275,36.99487],[128.03221,36.9961],[128.02996,36.99713],[128.02871,36.99881],[128.02784,36.99914],[128.0274,37.00058],[128.02684,37.00091],[128.02744,37.00185],[128.02757,37.00282],[128.02592,37.00392],[128.02583,37.00442],[128.02457,37.0046],[128.02371,37.00664],[128.02182,37.00754],[128.02107,37.00949],[128.02045,37.00995],[128.01823,37.01003],[128.01659,37.01128],[128.01346,37.0103],[128.01288,37.00978],[128.01289,37.00912],[128.01226,37.00895],[128.01158,37.00821],[128.00837,37.00683],[128.00789,37.00566],[128.00622,37.00513],[128.00574,37.00462],[128.00576,37.00317],[128.00298,37.00005],[128.0046,36.99871],[128.00413,36.99779],[128.00326,36.99731],[127.99937,36.99664],[127.99733,37.00026],[127.99481,37.00238],[127.99043,37.00753],[127.98761,37.00958],[127.98393,37.01122],[127.97789,37.01213],[127.9766,37.01273],[127.97425,37.01487],[127.96811,37.018],[127.96645,37.01982]]]}},{"type":"Feature","properties":{"zoneId":"Z000200536","zoneName":"노은중학구","zoneType":"middle","level":"중학교","kind":"dedicated","oneWay":false,"sggCode":"130","eduCode":"8021000","eduName":"충청북도충주교육지원청","updatedAt":"2016-08-12"},"geometry":{"type":"Polygon","coordinates":[[[127.81104,37.02932],[127.81055,37.02966],[127.81105,37.02931],[127.81303,37.02989],[127.81588,37.02944],[127.81968,37.0327],[127.82244,37.03995],[127.82427,37.0489],[127.82078,37.04883],[127.82051,37.05061],[127.82011,37.05114],[127.82016,37.05305],[127.81891,37.05341],[127.81846,37.05503],[127.81533,37.05542],[127.81497,37.05571],[127.81481,37.05693],[127.8143,37.0572],[127.81526,37.06107],[127.81556,37.0614],[127.81651,37.05988],[127.81772,37.05883],[127.81977,37.0585],[127.82231,37.06008],[127.82208,37.06026],[127.82346,37.06205],[127.82399,37.06232],[127.82544,37.06223],[127.82712,37.06138],[127.82872,37.06259],[127.8272,37.0637],[127.82578,37.06412],[127.82507,37.0647],[127.82343,37.06728],[127.82266,37.06746],[127.82239,37.06838],[127.82126,37.06839],[127.81951,37.06959],[127.81844,37.06905],[127.8173,37.06894],[127.81725,37.06943],[127.81657,37.07003],[127.81227,37.07022],[127.81152,37.0706],[127.81145,37.07151],[127.80987,37.07171],[127.80882,37.07243],[127.80759,37.07222],[127.80636,37.07275],[127.80558,37.07372],[127.80135,37.07344],[127.80007,37.07301],[127.79921,37.07326],[127.79805,37.07292],[127.79694,37.07134],[127.79703,37.07086],[127.79488,37.06971],[127.79203,37.0712],[127.78675,37.07226],[127.78359,37.0707],[127.78172,37.07053],[127.78037,37.06941],[127.78018,37.0688],[127.77893,37.06876],[127.77647,37.06951],[127.77546,37.07207],[127.774,37.07421],[127.77208,37.0744],[127.77101,37.07504],[127.77021,37.07601],[127.76905,37.07655],[127.76633,37.07691],[127.76392,37.07965],[127.75863,37.07885],[127.75626,37.07942],[127.75478,37.07877],[127.75209,37.07859],[127.75002,37.07731],[127.74691,37.07719],[127.74234,37.07506],[127.73969,37.07593],[127.73867,37.07733],[127.73585,37.07766],[127.7352,37.07795],[127.73477,37.07858],[127.7324,37.07861],[127.73027,37.07932],[127.72996,37.07972],[127.72832,37.07976],[127.72721,37.07856],[127.72625,37.07805],[127.72399,37.0785],[127.72155,37.07751],[127.71949,37.07752],[127.71871,37.0769],[127.71655,37.0767],[127.71527,37.07575],[127.71282,37.07565],[127.70992,37.07766],[127.70676,37.07789],[127.70524,37.07765],[127.7041,37.07805],[127.70309,37.07796],[127.70186,37.07819],[127.69993,37.07918],[127.69786,37.07857],[127.69637,37.07969],[127.69564,37.07957],[127.69425,37.07999],[127.69218,37.08133],[127.6866,37.08095],[127.68562,37.08013],[127.68517,37.07913],[127.68377,37.07849],[127.68282,37.0763],[127.68325,37.07531],[127.68484,37.07463],[127.68542,37.07376],[127.68648,37.07325],[127.68726,37.07114],[127.68752,37.06829],[127.68908,37.06644],[127.68882,37.06566],[127.68953,37.06297],[127.68923,37.06172],[127.69017,37.06027],[127.69027,37.05936],[127.68977,37.05842],[127.69055,37.05725],[127.69026,37.05626],[127.69101,37.05524],[127.69106,37.05472],[127.69069,37.05445],[127.69125,37.05344],[127.69116,37.05308],[127.69022,37.05256],[127.68987,37.05152],[127.68832,37.05092],[127.68791,37.05027],[127.68698,37.04996],[127.68701,37.04967],[127.68643,37.04929],[127.68651,37.04805],[127.68565,37.04738],[127.68363,37.04639],[127.68155,37.04612],[127.67961,37.04456],[127.67694,37.04413],[127.67584,37.04339],[127.67379,37.04096],[127.67198,37.04021],[127.6718,37.03966],[127.67209,37.03802],[127.67157,37.03726],[127.67203,37.03467],[127.67271,37.03502],[127.67569,37.03487],[127.67717,37.03471],[127.67735,37.03439],[127.67875,37.034],[127.68183,37.03366],[127.68213,37.03297],[127.68436,37.03218],[127.68704,37.03213],[127.69046,37.03012],[127.69116,37.03146],[127.69208,37.03234],[127.69367,37.03292],[127.69385,37.03356],[127.6949,37.03405],[127.6967,37.03371],[127.69759,37.03409],[127.7016,37.03356],[127.70167,37.03284],[127.70245,37.03324],[127.70288,37.03291],[127.70397,37.03332],[127.70627,37.03255],[127.70709,37.03197],[127.70833,37.03175],[127.71165,37.03235],[127.71316,37.03164],[127.7144,37.03236],[127.71585,37.03229],[127.71711,37.03349],[127.71832,37.03378],[127.7217,37.0332],[127.72334,37.03331],[127.72486,37.03481],[127.72795,37.0344],[127.7283,37.03458],[127.72838,37.03567],[127.72893,37.03609],[127.72973,37.03608],[127.73116,37.03547],[127.7317,37.03466],[127.73483,37.03411],[127.73542,37.03366],[127.73824,37.03447],[127.73903,37.03393],[127.73986,37.03397],[127.74122,37.03307],[127.74238,37.03314],[127.74407,37.03132],[127.7456,37.03091],[127.74564,37.02997],[127.74676,37.02918],[127.74715,37.02851],[127.74675,37.02686],[127.74715,37.02597],[127.74991,37.02338],[127.74957,37.02206],[127.74971,37.02094],[127.7504,37.02018],[127.75291,37.01898],[127.75477,37.02016],[127.75523,37.02091],[127.75666,37.02131],[127.75678,37.02203],[127.7575,37.02244],[127.75825,37.02402],[127.75916,37.0244],[127.75877,37.0251],[127.75931,37.0269],[127.76052,37.02736],[127.76181,37.02682],[127.76237,37.02591],[127.76343,37.02558],[127.76383,37.02484],[127.76436,37.02463],[127.76641,37.02459],[127.76758,37.02521],[127.76833,37.0245],[127.77002,37.02479],[127.77042,37.02434],[127.77116,37.02465],[127.77185,37.02452],[127.77297,37.02389],[127.77359,37.02284],[127.77465,37.0222],[127.77707,37.02308],[127.77884,37.0229],[127.7795,37.0221],[127.78158,37.02066],[127.78466,37.0201],[127.78592,37.01906],[127.78759,37.01936],[127.78823,37.02068],[127.78787,37.02227],[127.78821,37.02334],[127.78798,37.02379],[127.78904,37.02574],[127.79094,37.02639],[127.79196,37.02627],[127.79278,37.02699],[127.79332,37.02696],[127.79444,37.02602],[127.79503,37.02607],[127.79514,37.02654],[127.79674,37.02697],[127.79789,37.02777],[127.79952,37.02704],[127.80042,37.02588],[127.80063,37.02505],[127.80324,37.02501],[127.80428,37.02622],[127.80636,37.02661],[127.80796,37.02773],[127.80806,37.02816],[127.80869,37.02806],[127.81042,37.02876],[127.81104,37.02932]]]}},{"type":"Feature","properties":{"zoneId":"Z000210325","zoneName":"대전동부3학교군옥천중학구공동학구","zoneType":"middle","level":"중학교","kind":"shared","oneWay":false,"sggCode":"730","eduCode":"8061000","eduName":"충청북도옥천교육지원청","updatedAt":"2022-01-18"},"geometry":{"type":"Polygon","coordinates":[[[127.57049,36.39524],[127.56992,36.39599],[127.56957,36.39669],[127.56993,36.39792],[127.56955,36.39901],[127.56959,36.4004],[127.56581,36.39792],[127.56372,36.39766],[127.55814,36.39526],[127.55814,36.39657],[127.55596,36.39511],[127.5551,36.39398],[127.5548,36.39281],[127.55408,36.39282],[127.55373,36.3947],[127.55496,36.39515],[127.55402,36.39487],[127.55264,36.39524],[127.55135,36.39502],[127.55003,36.39687],[127.54857,36.39703],[127.54687,36.39643],[127.54361,36.3961],[127.54311,36.39701],[127.5402,36.39712],[127.53983,36.39775],[127.53922,36.3979],[127.53916,36.39719],[127.53743,36.39495],[127.53529,36.39454],[127.53343,36.39355],[127.53317,36.39326],[127.53367,36.39294],[127.53342,36.39175],[127.53177,36.39092],[127.53077,36.3913],[127.53015,36.39119],[127.52906,36.3901],[127.5294,36.38936],[127.52831,36.38903],[127.5268,36.38766],[127.52567,36.38732],[127.52493,36.38751],[127.52458,36.38646],[127.52557,36.38522],[127.5248,36.3838],[127.52498,36.38143],[127.52539,36.38046],[127.52532,36.37971],[127.52589,36.37896],[127.52561,36.37865],[127.52576,36.37754],[127.52488,36.37646],[127.52483,36.37525],[127.52585,36.37398],[127.5259,36.37124],[127.52658,36.37007],[127.52598,36.36801],[127.52497,36.36741],[127.52482,36.3665],[127.52652,36.36522],[127.52808,36.36476],[127.52868,36.36406],[127.53013,36.36503],[127.53079,36.36493],[127.53235,36.36588],[127.53257,36.36499],[127.5338,36.36455],[127.53391,36.3639],[127.53472,36.36369],[127.53479,36.36309],[127.53635,36.36267],[127.53813,36.36313],[127.54168,36.36254],[127.54215,36.36241],[127.5431,36.36101],[127.54394,36.36073],[127.54589,36.36076],[127.54717,36.36178],[127.54866,36.36122],[127.54964,36.35977],[127.55289,36.35863],[127.55362,36.35793],[127.55436,36.35776],[127.55472,36.3571],[127.55533,36.35698],[127.5563,36.35594],[127.55807,36.3561],[127.5596,36.35703],[127.56107,36.35687],[127.56132,36.35721],[127.56428,36.35684],[127.56629,36.35579],[127.56947,36.355],[127.56902,36.35457],[127.56954,36.35495],[127.57069,36.35455],[127.57176,36.35273],[127.57268,36.35208],[127.57274,36.351],[127.57345,36.35088],[127.575,36.34971],[127.57687,36.34895],[127.57768,36.34785],[127.57898,36.34751],[127.57938,36.34709],[127.58003,36.3471],[127.58099,36.34913],[127.58074,36.34961],[127.58094,36.35048],[127.58162,36.35127],[127.58123,36.35212],[127.58188,36.35306],[127.58144,36.35403],[127.58181,36.35491],[127.58148,36.35602],[127.58009,36.35819],[127.58006,36.35918],[127.57962,36.35974],[127.57699,36.36124],[127.57623,36.36275],[127.57496,36.36303],[127.57377,36.36392],[127.57329,36.36381],[127.57274,36.36471],[127.56961,36.36536],[127.56939,36.36608],[127.56878,36.36655],[127.56913,36.3674],[127.57078,36.36782],[127.57251,36.36625],[127.57425,36.36525],[127.57463,36.36582],[127.57659,36.36573],[127.57739,36.36506],[127.57869,36.36505],[127.58021,36.36632],[127.58164,36.36703],[127.58263,36.36864],[127.58293,36.37224],[127.58365,36.37608],[127.58415,36.37725],[127.58865,36.38304],[127.58872,36.38373],[127.58962,36.38432],[127.58757,36.38446],[127.58755,36.38532],[127.58617,36.38734],[127.58391,36.38937],[127.58336,36.38917],[127.58244,36.38976],[127.58121,36.38951],[127.58064,36.38974],[127.57876,36.38954],[127.57725,36.38887],[127.57236,36.39234],[127.57171,36.39304],[127.57112,36.39469],[127.57049,36.39524]]]}},{"type":"Feature","properties":{"zoneId":"Z000210052","zoneName":"영동읍학교군설천중학구공동학구","zoneType":"middle","level":"중학교","kind":"shared","oneWay":false,"sggCode":"740","eduCode":"8071000","eduName":"충청북도영동교육지원청","updatedAt":"2016-08-12"},"geometry":{"type":"Polygon","coordinates":[[[127.82382,36.07323],[127.82348,36.07329],[127.82215,36.07386],[127.82133,36.07345],[127.82083,36.07203],[127.81981,36.07066],[127.82004,36.07021],[127.81916,36.0703],[127.81439,36.06908],[127.81159,36.06715],[127.81098,36.06572],[127.81004,36.06563],[127.80962,36.06512],[127.80667,36.06562],[127.80517,36.06528],[127.80325,36.06545],[127.80128,36.06503],[127.80017,36.06552],[127.7998,36.06494],[127.7958,36.06369],[127.79574,36.06244],[127.7947,36.06093],[127.79455,36.0602],[127.79358,36.05977],[127.7929,36.05889],[127.79131,36.05824],[127.79067,36.05803],[127.78781,36.05842],[127.78594,36.05797],[127.78474,36.05811],[127.78308,36.05754],[127.77981,36.05747],[127.77684,36.05532],[127.77367,36.0542],[127.77301,36.05424],[127.772,36.05349],[127.77011,36.05352],[127.76896,36.05174],[127.76606,36.05116],[127.76392,36.05136],[127.76093,36.04843],[127.75786,36.04784],[127.75649,36.04801],[127.75576,36.0477],[127.75443,36.04642],[127.75404,36.04548],[127.75238,36.04496],[127.75058,36.04284],[127.74974,36.04272],[127.74884,36.04185],[127.74793,36.04211],[127.74645,36.04189],[127.74531,36.04099],[127.74287,36.0408],[127.74032,36.03946],[127.73852,36.03947],[127.73663,36.03883],[127.73527,36.03898],[127.73423,36.0386],[127.73308,36.03902],[127.73215,36.03895],[127.73092,36.03851],[127.73015,36.03813],[127.73001,36.03742],[127.72872,36.0359],[127.7276,36.03524],[127.72757,36.0346],[127.72526,36.03333],[127.72504,36.03242],[127.72798,36.03091],[127.72753,36.0297],[127.72858,36.03092],[127.73083,36.03231],[127.73484,36.03232],[127.73732,36.02982],[127.73911,36.02688],[127.73945,36.02573],[127.74138,36.02483],[127.74253,36.0253],[127.74356,36.02736],[127.74359,36.02847],[127.74415,36.02887],[127.74548,36.02889],[127.74731,36.0297],[127.74883,36.02887],[127.75162,36.02568],[127.75422,36.02455],[127.75386,36.02406],[127.75431,36.024],[127.7545,36.02445],[127.7552,36.0242],[127.75622,36.02444],[127.75976,36.0256],[127.76161,36.02518],[127.76225,36.02411],[127.76264,36.02157],[127.75929,36.01592],[127.75928,36.01521],[127.75993,36.01438],[127.76156,36.01332],[127.76427,36.01243],[127.76618,36.01221],[127.76883,36.01255],[127.77432,36.01493],[127.77521,36.01506],[127.77527,36.01538],[127.78153,36.01651],[127.78362,36.01642],[127.78762,36.0145],[127.7895,36.01639],[127.79081,36.0188],[127.7923,36.01994],[127.79363,36.01997],[127.79364,36.02079],[127.79419,36.02138],[127.79682,36.02288],[127.79738,36.02448],[127.79727,36.02501],[127.79865,36.02546],[127.79944,36.02607],[127.80108,36.02659],[127.80157,36.02608],[127.80312,36.02666],[127.8035,36.02631],[127.8055,36.02596],[127.80765,36.02731],[127.80842,36.02742],[127.80923,36.02694],[127.81109,36.02737],[127.81154,36.02781],[127.81357,36.02815],[127.81461,36.02901],[127.81627,36.02809],[127.81759,36.02789],[127.8185,36.02813],[127.81912,36.02927],[127.81979,36.0298],[127.82183,36.03031],[127.82259,36.03113],[127.82523,36.03214],[127.82576,36.03294],[127.82603,36.0328],[127.82957,36.03401],[127.8304,36.03523],[127.83704,36.0362],[127.8385,36.03629],[127.83909,36.03588],[127.84196,36.03688],[127.8432,36.03801],[127.84589,36.03912],[127.84857,36.03973],[127.84916,36.04068],[127.8491,36.04306],[127.85021,36.04439],[127.85019,36.04626],[127.84951,36.04788],[127.84976,36.04917],[127.85054,36.05036],[127.84983,36.05224],[127.85014,36.05393],[127.8463,36.05908],[127.8465,36.06174],[127.84596,36.06303],[127.8452,36.06302],[127.84165,36.06452],[127.84039,36.06621],[127.83723,36.06825],[127.83584,36.06807],[127.83183,36.07155],[127.83,36.07236],[127.82923,36.07308],[127.82836,36.07324],[127.82714,36.07294],[127.82591,36.07349],[127.82382,36.07323]]]}},{"type":"Feature","properties":{"zoneId":"Z000200581","zoneName":"감곡,매괴여중학구","zoneType":"middle","level":"중학교","kind":"dedicated","oneWay":false,"sggCode":"770","eduCode":"8101000","eduName":"충청북도음성교육지원청","updatedAt":"2021-07-13"},"geometry":{"type":"Polygon","coordinates":[[[127.62988,37.15424],[127.6299,37.15439],[127.62831,37.15529],[127.6274,37.15364],[127.62745,37.15172],[127.62857,37.15101],[127.62928,37.14976],[127.63114,37.14786],[127.63113,37.14694],[127.63201,37.14693],[127.63493,37.14368],[127.63744,37.14202],[127.63777,37.14119],[127.63748,37.13912],[127.63667,37.13679],[127.6364,37.13249],[127.63516,37.12974],[127.63494,37.12692],[127.63398,37.12374],[127.63389,37.12046],[127.6331,37.12016],[127.63438,37.11808],[127.63506,37.11567],[127.63627,37.11446],[127.63599,37.11254],[127.63412,37.10728],[127.6352,37.10405],[127.63429,37.09904],[127.63181,37.09648],[127.62198,37.09204],[127.61941,37.0902],[127.61942,37.0915],[127.61609,37.0899],[127.61379,37.08803],[127.61194,37.08725],[127.60599,37.08644],[127.60422,37.08673],[127.6039,37.08748],[127.60119,37.08773],[127.60042,37.08744],[127.5998,37.08632],[127.59609,37.08832],[127.59411,37.08785],[127.59172,37.08817],[127.59094,37.08751],[127.59107,37.08786],[127.59011,37.0888],[127.58879,37.08791],[127.58886,37.08736],[127.58815,37.08674],[127.58777,37.08561],[127.58941,37.08374],[127.58782,37.08223],[127.587,37.08064],[127.58751,37.07929],[127.58701,37.07656],[127.58741,37.07408],[127.58864,37.073],[127.58927,37.07282],[127.5905,37.07341],[127.59194,37.07289],[127.59523,37.07386],[127.59769,37.07308],[127.59907,37.07084],[127.59995,37.07045],[127.60123,37.07099],[127.60209,37.07054],[127.60294,37.06855],[127.60472,37.06878],[127.60527,37.06794],[127.60519,37.06573],[127.60541,37.06558],[127.60682,37.06546],[127.60778,37.06466],[127.6082,37.065],[127.6082,37.0659],[127.60879,37.06692],[127.61006,37.06807],[127.61132,37.06847],[127.61237,37.06926],[127.61307,37.06752],[127.61337,37.06773],[127.61401,37.0675],[127.61482,37.06665],[127.6155,37.0666],[127.61566,37.06686],[127.61613,37.06664],[127.61645,37.06573],[127.61697,37.06566],[127.61696,37.06502],[127.61791,37.06466],[127.61785,37.0642],[127.61993,37.06388],[127.62176,37.06563],[127.62248,37.06571],[127.62309,37.06633],[127.62354,37.06798],[127.62302,37.06854],[127.62326,37.06945],[127.62589,37.07166],[127.62598,37.07217],[127.62769,37.07295],[127.62821,37.07283],[127.62842,37.07225],[127.62769,37.0715],[127.62818,37.07063],[127.62763,37.06809],[127.62774,37.06617],[127.6283,37.06586],[127.62786,37.06321],[127.62842,37.06224],[127.63089,37.06171],[127.63133,37.05901],[127.63213,37.05845],[127.63199,37.05733],[127.63299,37.05664],[127.63337,37.05669],[127.63395,37.05581],[127.63559,37.05574],[127.63589,37.05617],[127.63821,37.05727],[127.63985,37.05661],[127.64054,37.05576],[127.64132,37.05554],[127.64209,37.05481],[127.64329,37.05433],[127.64393,37.05453],[127.6448,37.05419],[127.64529,37.05358],[127.64667,37.05364],[127.64844,37.05312],[127.65034,37.05195],[127.65038,37.05163],[127.65178,37.05134],[127.65299,37.0503],[127.65425,37.05001],[127.65694,37.04623],[127.6576,37.04605],[127.65985,37.04349],[127.66157,37.04319],[127.66254,37.04234],[127.66419,37.04208],[127.66639,37.04266],[127.66736,37.04239],[127.66846,37.04259],[127.66918,37.04149],[127.67134,37.04032],[127.67253,37.04032],[127.67379,37.04096],[127.67584,37.04339],[127.67694,37.04413],[127.67961,37.04456],[127.68155,37.04612],[127.68363,37.04639],[127.68565,37.04738],[127.68651,37.04805],[127.68643,37.04929],[127.68701,37.04967],[127.68698,37.04996],[127.68791,37.05027],[127.68832,37.05092],[127.68987,37.05152],[127.69022,37.05256],[127.69116,37.05308],[127.69125,37.05344],[127.69069,37.05445],[127.69106,37.05472],[127.69101,37.05524],[127.69026,37.05626],[127.69055,37.05725],[127.68977,37.05842],[127.69027,37.05936],[127.69017,37.06027],[127.68923,37.06172],[127.68953,37.06297],[127.68882,37.06566],[127.68908,37.06644],[127.68752,37.06829],[127.68726,37.07114],[127.68648,37.07325],[127.68542,37.07376],[127.68484,37.07463],[127.68325,37.07531],[127.68292,37.07591],[127.68352,37.07814],[127.68517,37.07913],[127.68562,37.08013],[127.6866,37.08095],[127.69218,37.08133],[127.69234,37.08312],[127.69344,37.08555],[127.69521,37.08707],[127.69591,37.0873],[127.69676,37.08947],[127.69766,37.08993],[127.69815,37.09095],[127.69934,37.09163],[127.70013,37.09554],[127.69801,37.09822],[127.69816,37.0994],[127.6987,37.09979],[127.69993,37.09968],[127.70048,37.10059],[127.70092,37.10299],[127.70193,37.10304],[127.70249,37.10348],[127.70459,37.10411],[127.70589,37.1052],[127.70791,37.1056],[127.70801,37.10532],[127.71014,37.10559],[127.7114,37.10586],[127.71154,37.1063],[127.71266,37.10636],[127.71258,37.10748],[127.71331,37.10905],[127.71487,37.10998],[127.71588,37.10966],[127.71644,37.11001],[127.71727,37.1096],[127.71763,37.10972],[127.71775,37.11042],[127.72051,37.11071],[127.72111,37.11108],[127.72082,37.11131],[127.72109,37.11232],[127.72229,37.11364],[127.72282,37.11477],[127.72287,37.11592],[127.72208,37.11655],[127.72187,37.11919],[127.72214,37.12081],[127.72081,37.12229],[127.72054,37.12306],[127.71763,37.12532],[127.71463,37.12557],[127.71202,37.12778],[127.71189,37.12882],[127.71067,37.12994],[127.71009,37.13112],[127.71012,37.13166],[127.71097,37.13248],[127.71064,37.13379],[127.70982,37.13483],[127.70961,37.13569],[127.70872,37.13582],[127.70637,37.13709],[127.70527,37.1369],[127.70314,37.13767],[127.70027,37.13779],[127.69689,37.13927],[127.69546,37.14043],[127.69251,37.13814],[127.69045,37.13736],[127.68859,37.13554],[127.6868,37.13506],[127.68278,37.13646],[127.68064,37.13565],[127.6774,37.13676],[127.67474,37.13627],[127.67337,37.13661],[127.67163,37.13617],[127.67127,37.13646],[127.67021,37.13611],[127.666,37.13946],[127.66434,37.13925],[127.66372,37.13951],[127.66245,37.13919],[127.6613,37.13938],[127.65994,37.13992],[127.65988,37.14069],[127.65848,37.14114],[127.65733,37.14234],[127.65562,37.14239],[127.65575,37.14404],[127.65637,37.14426],[127.65637,37.14488],[127.65237,37.14805],[127.65118,37.14739],[127.65011,37.1476],[127.64956,37.14881],[127.64837,37.14983],[127.64809,37.1506],[127.64718,37.15065],[127.64641,37.1512],[127.6451,37.1509],[127.64292,37.15187],[127.64122,37.15114],[127.63867,37.15311],[127.63718,37.15283],[127.63517,37.15318],[127.63454,37.15294],[127.63368,37.15323],[127.6333,37.15298],[127.63223,37.15389],[127.62988,37.15424]]]}},{"type":"Feature","properties":{"zoneId":"Z000200570","zoneName":"덕산중학구","zoneType":"middle","level":"중학교","kind":"dedicated","oneWay":false,"sggCode":"750","eduCode":"8081000","eduName":"충청북도진천교육지원청","updatedAt":"2019-07-23"},"geometry":{"type":"Polygon","coordinates":[[[127.4635,36.94832],[127.46349,36.94839],[127.46229,36.94765],[127.46162,36.94777],[127.46136,36.94667],[127.45955,36.94464],[127.45878,36.94275],[127.4588,36.94129],[127.45806,36.93999],[127.45795,36.93904],[127.45855,36.93701],[127.45936,36.93621],[127.45927,36.93488],[127.45962,36.93413],[127.45865,36.93368],[127.45627,36.93337],[127.45557,36.9319],[127.45369,36.93083],[127.4517,36.93092],[127.45113,36.93022],[127.45167,36.9293],[127.45146,36.92842],[127.45167,36.92692],[127.45195,36.92662],[127.45478,36.92665],[127.4556,36.92694],[127.45561,36.92731],[127.45717,36.92682],[127.45861,36.92687],[127.45878,36.92614],[127.45982,36.92601],[127.46151,36.92674],[127.4628,36.92646],[127.46293,36.92598],[127.46364,36.92605],[127.46626,36.92739],[127.46679,36.92725],[127.46734,36.92642],[127.46862,36.92613],[127.46955,36.92685],[127.47107,36.92702],[127.47206,36.92692],[127.47294,36.92631],[127.47401,36.92649],[127.47599,36.92591],[127.4779,36.92643],[127.4779,36.92549],[127.48011,36.92243],[127.48048,36.92121],[127.48213,36.92012],[127.48281,36.91928],[127.48338,36.9178],[127.48339,36.91657],[127.4867,36.91376],[127.4886,36.91038],[127.48869,36.90999],[127.48766,36.90919],[127.48751,36.90821],[127.4878,36.90708],[127.48718,36.90601],[127.48785,36.90283],[127.48771,36.90081],[127.4906,36.89789],[127.49281,36.898],[127.49558,36.89697],[127.49786,36.89695],[127.50012,36.89638],[127.50058,36.89568],[127.50138,36.89607],[127.50255,36.89612],[127.50353,36.8972],[127.50364,36.89847],[127.50498,36.89974],[127.50572,36.89956],[127.50664,36.90117],[127.51185,36.90067],[127.51259,36.90108],[127.51456,36.90102],[127.51548,36.90138],[127.51621,36.90065],[127.51694,36.90062],[127.51832,36.90158],[127.51889,36.90339],[127.52016,36.90512],[127.52265,36.90583],[127.5247,36.90731],[127.52655,36.90952],[127.52924,36.91122],[127.52724,36.91087],[127.52635,36.91144],[127.52645,36.91223],[127.52495,36.913],[127.52342,36.91479],[127.52251,36.91796],[127.52285,36.91838],[127.52169,36.91964],[127.52126,36.91951],[127.52061,36.91981],[127.52043,36.92051],[127.51978,36.92112],[127.5194,36.92288],[127.51762,36.92266],[127.51727,36.92355],[127.51621,36.92457],[127.51324,36.92581],[127.51372,36.92639],[127.51382,36.92757],[127.51185,36.92879],[127.51133,36.93094],[127.51036,36.93054],[127.50884,36.92923],[127.50875,36.92986],[127.50745,36.9314],[127.50499,36.93301],[127.50347,36.93282],[127.50259,36.93231],[127.49963,36.93213],[127.49992,36.9332],[127.4989,36.93398],[127.49851,36.93492],[127.4966,36.93578],[127.49584,36.93668],[127.49437,36.93729],[127.49405,36.93789],[127.49281,36.93876],[127.49222,36.93856],[127.49059,36.93898],[127.48965,36.93894],[127.48949,36.93852],[127.48614,36.93868],[127.4849,36.9376],[127.48322,36.93707],[127.48267,36.93648],[127.48266,36.93478],[127.48123,36.93371],[127.47823,36.93593],[127.47655,36.93636],[127.47292,36.93582],[127.47064,36.93603],[127.46813,36.93833],[127.46742,36.93844],[127.46651,36.93924],[127.4664,36.9403],[127.46513,36.94208],[127.46437,36.94483],[127.46375,36.94539],[127.46404,36.94681],[127.4635,36.94832]]]}},{"type":"Feature","properties":{"zoneId":"Z000210252","zoneName":"제3학교군제4학교군공동학구","zoneType":"middle","level":"중학교","kind":"shared","oneWay":false,"sggCode":"113","eduCode":"8011000","eduName":"충청북도청주교육지원청","updatedAt":"2025-09-03"},"geometry":{"type":"MultiPolygon","coordinates":[[[[127.44815,36.65061],[127.44815,36.65061],[127.44661,36.65229],[127.4443,36.65323],[127.44263,36.65351],[127.44162,36.65206],[127.44118,36.65063],[127.43731,36.65068],[127.43551,36.64877],[127.43366,36.64809],[127.43266,36.6471],[127.43281,36.64642],[127.43159,36.64611],[127.4306,36.64441],[127.43498,36.64405],[127.43506,36.64239],[127.43668,36.64223],[127.43868,36.64036],[127.44525,36.63559],[127.44528,36.63611],[127.44732,36.63601],[127.44727,36.63483],[127.44652,36.63468],[127.44736,36.63413],[127.46017,36.63492],[127.45945,36.63759],[127.46017,36.63982],[127.45351,36.63817],[127.45388,36.64354],[127.45275,36.64365],[127.4512,36.64647],[127.45107,36.64755],[127.44944,36.64816],[127.44992,36.6491],[127.44815,36.65061]]],[[[127.41874,36.66529],[127.4186,36.6657],[127.41689,36.67074],[127.40426,36.66793],[127.40207,36.66705],[127.40323,36.66371],[127.40552,36.66421],[127.40715,36.65941],[127.40773,36.65947],[127.40659,36.65931],[127.40674,36.65826],[127.40638,36.65827],[127.40659,36.65773],[127.40805,36.65591],[127.40992,36.65509],[127.41022,36.65432],[127.41006,36.65364],[127.41044,36.65315],[127.41149,36.65326],[127.41275,36.65165],[127.41636,36.65196],[127.41711,36.65178],[127.41817,36.65035],[127.4188,36.65001],[127.42016,36.65001],[127.41997,36.65032],[127.42029,36.65068],[127.42262,36.65117],[127.42181,36.65226],[127.4219,36.65285],[127.42317,36.65448],[127.42263,36.65515],[127.42294,36.65607],[127.42275,36.65815],[127.42333,36.65889],[127.42391,36.65908],[127.42357,36.6599],[127.42398,36.66014],[127.42368,36.66036],[127.42394,36.66069],[127.42388,36.66147],[127.42169,36.66291],[127.42178,36.66385],[127.42092,36.66403],[127.41943,36.66323],[127.41874,36.66529]]]]}},{"type":"Feature","properties":{"zoneId":"Z000200531","zoneName":"제4학교군","zoneType":"middle","level":"중학교","kind":"dedicated","oneWay":false,"sggCode":"113","eduCode":"8011000","eduName":"충청북도청주교육지원청","updatedAt":"2025-09-03"},"geometry":{"type":"Polygon","coordinates":[[[127.42819,36.65187],[127.4221,36.65306],[127.42181,36.65226],[127.42262,36.65117],[127.42029,36.65068],[127.41997,36.65032],[127.4211,36.64945],[127.42184,36.64785],[127.42112,36.64827],[127.42095,36.64652],[127.42122,36.6465],[127.4209,36.64613],[127.42078,36.64411],[127.42004,36.6432],[127.41979,36.642],[127.41669,36.63926],[127.41561,36.63882],[127.41078,36.63528],[127.41022,36.63441],[127.40704,36.63263],[127.40734,36.63036],[127.40643,36.62902],[127.40548,36.62854],[127.40352,36.62838],[127.40271,36.62709],[127.40151,36.62632],[127.40006,36.62652],[127.39769,36.62609],[127.39618,36.6267],[127.39429,36.62594],[127.39325,36.62645],[127.3898,36.62471],[127.38794,36.62448],[127.38805,36.62378],[127.38706,36.62224],[127.38655,36.62195],[127.38647,36.62107],[127.38784,36.6208],[127.38807,36.61999],[127.3863,36.61895],[127.38471,36.61861],[127.38451,36.61805],[127.38393,36.61773],[127.38356,36.61525],[127.38145,36.61407],[127.38053,36.61392],[127.37934,36.61425],[127.37796,36.61378],[127.37683,36.61409],[127.37654,36.61197],[127.3761,36.61177],[127.37652,36.61105],[127.37604,36.61035],[127.37729,36.60951],[127.37733,36.60856],[127.37843,36.60684],[127.37718,36.60568],[127.37785,36.60489],[127.37765,36.60465],[127.37891,36.60408],[127.37906,36.60321],[127.38134,36.60382],[127.3821,36.60453],[127.38339,36.60427],[127.38372,36.60365],[127.38821,36.60147],[127.38921,36.60131],[127.3885,36.59964],[127.38901,36.59915],[127.38903,36.59824],[127.38753,36.59726],[127.38678,36.5973],[127.38659,36.59685],[127.38745,36.59539],[127.38741,36.5949],[127.3872,36.59455],[127.38505,36.594],[127.38374,36.59082],[127.38398,36.59053],[127.38373,36.58988],[127.38385,36.5881],[127.38454,36.58744],[127.38463,36.5869],[127.38514,36.5865],[127.38743,36.58619],[127.38753,36.58541],[127.39023,36.58534],[127.39202,36.58584],[127.39494,36.58851],[127.39804,36.59054],[127.40053,36.59404],[127.40102,36.59604],[127.40245,36.59696],[127.40627,36.59833],[127.40724,36.59991],[127.40725,36.60102],[127.41122,36.60385],[127.41161,36.60491],[127.41464,36.6067],[127.41601,36.60669],[127.41542,36.60607],[127.41542,36.60486],[127.41675,36.60455],[127.41633,36.60361],[127.41654,36.60329],[127.4187,36.60237],[127.4184,36.60118],[127.41887,36.60079],[127.41893,36.59998],[127.41958,36.59922],[127.41909,36.59723],[127.41948,36.5966],[127.42077,36.59677],[127.42161,36.59649],[127.42231,36.59747],[127.42377,36.59754],[127.4243,36.59771],[127.42466,36.59838],[127.42631,36.59873],[127.42651,36.60023],[127.42676,36.60039],[127.42765,36.59955],[127.43186,36.5992],[127.43384,36.59865],[127.43441,36.60028],[127.43423,36.60153],[127.43332,36.60282],[127.43416,36.60397],[127.43443,36.60492],[127.43414,36.6053],[127.43422,36.60592],[127.43586,36.60643],[127.43662,36.60731],[127.43694,36.60824],[127.43664,36.6104],[127.43748,36.61085],[127.43762,36.61144],[127.44044,36.61274],[127.44262,36.61009],[127.4433,36.6101],[127.44627,36.61154],[127.44583,36.6127],[127.45208,36.60982],[127.45352,36.61183],[127.45635,36.61478],[127.46132,36.61501],[127.46303,36.61662],[127.46357,36.61793],[127.46436,36.61817],[127.46451,36.61898],[127.46404,36.61923],[127.46367,36.62013],[127.46413,36.6206],[127.46645,36.62145],[127.46648,36.62194],[127.46699,36.62226],[127.46716,36.62266],[127.46485,36.62373],[127.46367,36.62487],[127.46017,36.63492],[127.44736,36.63413],[127.44652,36.63468],[127.44727,36.63483],[127.44732,36.63601],[127.44528,36.63611],[127.44525,36.63559],[127.43868,36.64036],[127.43668,36.64223],[127.43506,36.64239],[127.43498,36.64405],[127.4306,36.64441],[127.43119,36.64566],[127.43187,36.64618],[127.42819,36.65187]]]}},{"type":"Feature","properties":{"zoneId":"Z000210161","zoneName":"신명중부론중공동학구","zoneType":"middle","level":"중학교","kind":"shared","oneWay":false,"sggCode":"130","eduCode":"8021000","eduName":"충청북도충주교육지원청","updatedAt":"2017-02-15"},"geometry":{"type":"Polygon","coordinates":[[[127.82995,37.15264],[127.82986,37.15265],[127.82671,37.15204],[127.8252,37.15224],[127.81739,37.14722],[127.81527,37.14667],[127.8116,37.14651],[127.80965,37.14707],[127.80694,37.14706],[127.80165,37.14426],[127.79767,37.1455],[127.79549,37.14526],[127.79336,37.14574],[127.79212,37.14469],[127.78952,37.14341],[127.78783,37.14424],[127.78866,37.14217],[127.78996,37.14083],[127.79152,37.13833],[127.79516,37.1307],[127.79604,37.12793],[127.80041,37.1213],[127.80139,37.12021],[127.80528,37.1174],[127.80696,37.11704],[127.81012,37.11436],[127.81194,37.11632],[127.81162,37.11712],[127.81176,37.11938],[127.81255,37.12242],[127.81579,37.12596],[127.8159,37.12672],[127.81452,37.12985],[127.81458,37.13149],[127.81501,37.13359],[127.81617,37.13549],[127.81876,37.1372],[127.82148,37.13751],[127.82134,37.1389],[127.8224,37.13936],[127.82437,37.14116],[127.82555,37.14128],[127.82905,37.14083],[127.8326,37.13982],[127.83396,37.13989],[127.836,37.13785],[127.83853,37.13721],[127.83928,37.13637],[127.84449,37.13999],[127.84683,37.14115],[127.84407,37.14285],[127.84359,37.14447],[127.84274,37.14546],[127.8373,37.14925],[127.83681,37.14991],[127.83697,37.1516],[127.83447,37.15174],[127.82995,37.15264]]]}},{"type":"Feature","properties":{"zoneId":"Z000210042","zoneName":"제2학교군내수중학구공동학구","zoneType":"middle","level":"중학교","kind":"shared","oneWay":false,"sggCode":"114","eduCode":"8011000","eduName":"충청북도청주교육지원청","updatedAt":"2016-08-12"},"geometry":{"type":"Polygon","coordinates":[[[127.5167,36.72252],[127.51688,36.72319],[127.51584,36.72294],[127.51526,36.72228],[127.51403,36.72225],[127.51351,36.72121],[127.51385,36.71993],[127.51382,36.71817],[127.51228,36.71461],[127.51152,36.71455],[127.51059,36.714],[127.50939,36.71413],[127.50774,36.71578],[127.50739,36.71571],[127.50652,36.71437],[127.50491,36.71435],[127.50238,36.71545],[127.50179,36.71679],[127.50121,36.71682],[127.50068,36.71532],[127.49996,36.71451],[127.49865,36.71398],[127.49926,36.7137],[127.49931,36.71325],[127.49896,36.71306],[127.49958,36.71244],[127.50016,36.71242],[127.50049,36.7119],[127.50205,36.71145],[127.5011,36.71013],[127.50136,36.70917],[127.50093,36.70897],[127.50047,36.70807],[127.5003,36.7075],[127.50058,36.70705],[127.49995,36.70651],[127.49937,36.70669],[127.49637,36.70559],[127.4964,36.70523],[127.49745,36.7041],[127.49855,36.70348],[127.49885,36.70288],[127.49775,36.70058],[127.49797,36.69858],[127.49679,36.6962],[127.49641,36.69168],[127.49679,36.69106],[127.49918,36.69138],[127.50074,36.69095],[127.50168,36.69115],[127.50199,36.69086],[127.50327,36.69159],[127.50393,36.69295],[127.50416,36.69511],[127.50664,36.69628],[127.5083,36.69769],[127.50864,36.69948],[127.50804,36.7001],[127.50787,36.70103],[127.50972,36.70284],[127.51092,36.70464],[127.51275,36.70845],[127.5145,36.70904],[127.51707,36.70938],[127.51902,36.71101],[127.51922,36.7138],[127.52075,36.71513],[127.51867,36.71699],[127.51826,36.71935],[127.51764,36.72068],[127.51668,36.72179],[127.5167,36.72252]]]}},{"type":"Feature","properties":{"zoneId":"Z000210039","zoneName":"미원중학구청천중학구공동학구","zoneType":"middle","level":"중학교","kind":"shared","oneWay":false,"sggCode":"111","eduCode":"8011000","eduName":"충청북도청주교육지원청","updatedAt":"2016-08-12"},"geometry":{"type":"Polygon","coordinates":[[[127.6676,36.72692],[127.66739,36.72706],[127.66581,36.72973],[127.6645,36.72999],[127.66447,36.72867],[127.66383,36.72762],[127.66273,36.72603],[127.66185,36.72575],[127.66222,36.72503],[127.66141,36.72229],[127.66212,36.7206],[127.66156,36.71936],[127.66209,36.71825],[127.66213,36.7172],[127.66303,36.71614],[127.66261,36.71498],[127.66361,36.71424],[127.66358,36.71318],[127.66528,36.71094],[127.66495,36.71063],[127.66501,36.70949],[127.66469,36.70904],[127.66485,36.70785],[127.6638,36.70689],[127.66328,36.70583],[127.66247,36.70528],[127.6632,36.70392],[127.66279,36.7037],[127.66382,36.70182],[127.66491,36.70082],[127.66497,36.70036],[127.66599,36.69997],[127.66721,36.69869],[127.66886,36.69895],[127.67261,36.69787],[127.67377,36.69802],[127.67464,36.69717],[127.67632,36.69637],[127.67746,36.69474],[127.67904,36.69411],[127.6808,36.69191],[127.67989,36.69154],[127.68114,36.69009],[127.67968,36.68952],[127.67927,36.68764],[127.68112,36.68704],[127.681,36.68653],[127.67971,36.68469],[127.67823,36.68408],[127.67682,36.68239],[127.67788,36.68109],[127.67836,36.67927],[127.67947,36.67842],[127.67975,36.6777],[127.67894,36.67626],[127.67934,36.67609],[127.68005,36.67467],[127.68122,36.6737],[127.68308,36.67424],[127.68723,36.67026],[127.68679,36.66929],[127.68849,36.66773],[127.6878,36.6668],[127.68847,36.66557],[127.68771,36.66553],[127.68642,36.66261],[127.68649,36.66157],[127.68715,36.66059],[127.68642,36.65959],[127.68649,36.65775],[127.68899,36.65656],[127.691,36.65605],[127.6915,36.65628],[127.69305,36.65546],[127.694,36.65588],[127.69615,36.65574],[127.69665,36.65684],[127.6977,36.65703],[127.70424,36.65545],[127.706,36.65425],[127.70936,36.65404],[127.71091,36.65658],[127.71229,36.6572],[127.71191,36.65974],[127.71224,36.66042],[127.71028,36.66277],[127.71039,36.66303],[127.7117,36.66423],[127.71265,36.6663],[127.71465,36.66537],[127.71264,36.66655],[127.71241,36.66694],[127.71256,36.66771],[127.71555,36.66951],[127.71559,36.66916],[127.7168,36.67001],[127.71924,36.67083],[127.72024,36.67203],[127.72165,36.67269],[127.72456,36.6752],[127.72498,36.67525],[127.72602,36.67751],[127.72557,36.67836],[127.72623,36.67938],[127.72631,36.68128],[127.72688,36.68173],[127.72715,36.68251],[127.72664,36.68261],[127.72318,36.68145],[127.72279,36.6817],[127.72354,36.68304],[127.72244,36.68448],[127.72137,36.68488],[127.72055,36.68618],[127.71904,36.6868],[127.71861,36.68827],[127.71625,36.68883],[127.71289,36.69028],[127.71373,36.69522],[127.71137,36.696],[127.71125,36.69747],[127.70841,36.70006],[127.70848,36.70033],[127.70693,36.7011],[127.70545,36.70047],[127.70451,36.70142],[127.7034,36.70187],[127.70327,36.70257],[127.7022,36.70378],[127.70291,36.70523],[127.70235,36.7069],[127.70279,36.70884],[127.70145,36.71024],[127.70087,36.71019],[127.69984,36.7107],[127.6973,36.71026],[127.69567,36.71086],[127.69435,36.71198],[127.69269,36.71207],[127.69007,36.7141],[127.68884,36.71556],[127.68866,36.7164],[127.68779,36.71755],[127.68805,36.71788],[127.68794,36.7195],[127.68689,36.72049],[127.68605,36.72066],[127.68453,36.71967],[127.68376,36.71734],[127.67955,36.71708],[127.67954,36.71761],[127.6774,36.71979],[127.67548,36.72],[127.67451,36.72127],[127.67199,36.72218],[127.67075,36.72344],[127.66988,36.72506],[127.66836,36.72658],[127.6676,36.72692]]]}},{"type":"Feature","properties":{"zoneId":"Z000210425","zoneName":"제4학교군제5학교군세종특별자치시부강중학구공동학구","zoneType":"middle","level":"중학교","kind":"shared","oneWay":false,"sggCode":"112","eduCode":"8011000","eduName":"충청북도청주교육지원청","updatedAt":"2025-02-24"},"geometry":{"type":"Polygon","coordinates":[[[127.39981,36.57782],[127.39982,36.57804],[127.39954,36.57843],[127.39817,36.57766],[127.39603,36.57785],[127.39534,36.57722],[127.39436,36.57722],[127.39394,36.57606],[127.39121,36.57528],[127.39065,36.57454],[127.38985,36.57468],[127.38963,36.57538],[127.38773,36.57715],[127.3869,36.57737],[127.38532,36.57676],[127.38413,36.57528],[127.38306,36.57474],[127.38123,36.5731],[127.37975,36.57131],[127.37925,36.57013],[127.37736,36.56911],[127.37713,36.5679],[127.37755,36.56783],[127.37688,36.5665],[127.37396,36.56524],[127.37204,36.56362],[127.37239,36.56344],[127.37606,36.56441],[127.3771,36.56393],[127.37798,36.56294],[127.3762,36.56156],[127.37649,36.56094],[127.375,36.56021],[127.37317,36.56015],[127.37255,36.55972],[127.3731,36.55913],[127.37359,36.55772],[127.37556,36.55788],[127.3781,36.55517],[127.37923,36.55259],[127.37871,36.55219],[127.37897,36.55155],[127.37843,36.5511],[127.37852,36.54981],[127.37918,36.54939],[127.38169,36.54888],[127.38319,36.54786],[127.38267,36.54638],[127.38387,36.54548],[127.38393,36.54381],[127.38351,36.54286],[127.38388,36.54153],[127.38509,36.54105],[127.38782,36.54114],[127.38898,36.54039],[127.39128,36.54054],[127.39233,36.54001],[127.39782,36.54021],[127.40019,36.54178],[127.40182,36.54124],[127.40224,36.54219],[127.40399,36.54349],[127.40521,36.54514],[127.40532,36.5462],[127.40593,36.54691],[127.40693,36.54717],[127.40771,36.5478],[127.40649,36.54978],[127.40773,36.55286],[127.40778,36.55357],[127.40742,36.55419],[127.4076,36.55485],[127.40704,36.5557],[127.40717,36.55783],[127.40688,36.55825],[127.40592,36.5584],[127.40578,36.55895],[127.40487,36.55956],[127.40428,36.56259],[127.40311,36.56288],[127.40292,36.5637],[127.40232,36.56425],[127.40342,36.56505],[127.4033,36.56531],[127.40378,36.5661],[127.40608,36.56672],[127.40684,36.56603],[127.40785,36.56638],[127.409,36.56762],[127.40922,36.56885],[127.40741,36.5694],[127.40627,36.5693],[127.40474,36.56993],[127.40409,36.57105],[127.4035,36.57053],[127.40269,36.57067],[127.40074,36.57011],[127.39956,36.57051],[127.39986,36.57239],[127.4018,36.57348],[127.4022,36.57409],[127.40201,36.57461],[127.39971,36.5752],[127.39958,36.5758],[127.39998,36.5768],[127.39981,36.57782]]]}},{"type":"Feature","properties":{"zoneId":"Z000210426","zoneName":"제4학교군한국교원대부설미호중학구공동학교군","zoneType":"middle","level":"중학교","kind":"shared","oneWay":false,"sggCode":"113","eduCode":"8011000","eduName":"충청북도청주교육지원청","updatedAt":"2025-02-24"},"geometry":{"type":"MultiPolygon","coordinates":[[[[127.40218,36.66679],[127.4021,36.66704],[127.39759,36.66499],[127.39687,36.66508],[127.39681,36.66401],[127.39615,36.66286],[127.39499,36.6616],[127.39343,36.6608],[127.39388,36.65942],[127.39371,36.65842],[127.39467,36.65789],[127.3943,36.65747],[127.39528,36.65623],[127.39525,36.65428],[127.39578,36.65434],[127.39632,36.65313],[127.395,36.65077],[127.39564,36.64968],[127.39528,36.64941],[127.39364,36.65043],[127.3891,36.65395],[127.38716,36.65319],[127.3862,36.65228],[127.38374,36.65406],[127.38305,36.65344],[127.3818,36.65434],[127.38053,36.65413],[127.38103,36.65414],[127.37837,36.65197],[127.37841,36.65252],[127.37837,36.65029],[127.37754,36.65001],[127.37833,36.64812],[127.37814,36.6466],[127.37918,36.64643],[127.37942,36.64609],[127.37848,36.6453],[127.38175,36.64285],[127.38364,36.6426],[127.38473,36.64316],[127.3871,36.6414],[127.38763,36.64153],[127.38713,36.64033],[127.38781,36.63955],[127.38943,36.63877],[127.39034,36.63674],[127.38998,36.6345],[127.39039,36.63312],[127.38929,36.63105],[127.39128,36.6303],[127.392,36.63079],[127.39374,36.63023],[127.39585,36.63018],[127.39675,36.6296],[127.39764,36.6299],[127.39968,36.6296],[127.40126,36.63031],[127.40114,36.63071],[127.40156,36.63116],[127.40135,36.63139],[127.40354,36.63228],[127.40663,36.63239],[127.41022,36.63441],[127.41078,36.63528],[127.41561,36.63882],[127.41669,36.63926],[127.41922,36.64145],[127.41979,36.642],[127.42004,36.6432],[127.42076,36.64404],[127.4209,36.64613],[127.42122,36.6465],[127.42095,36.64652],[127.42112,36.64827],[127.42184,36.64785],[127.4211,36.64945],[127.4202,36.65012],[127.4188,36.65001],[127.41828,36.65026],[127.41711,36.65178],[127.41636,36.65196],[127.41275,36.65165],[127.41149,36.65326],[127.41044,36.65315],[127.41006,36.65364],[127.41022,36.65432],[127.40992,36.65509],[127.40805,36.65591],[127.40659,36.65773],[127.40638,36.65827],[127.40674,36.65826],[127.40659,36.65931],[127.40773,36.65947],[127.40715,36.65941],[127.40552,36.66421],[127.40323,36.66371],[127.40218,36.66679]]],[[[127.38463,36.5869],[127.38463,36.58714],[127.38385,36.5881],[127.38387,36.58892],[127.3831,36.58864],[127.37858,36.5837],[127.37829,36.58299],[127.3794,36.58235],[127.37898,36.58193],[127.37937,36.58099],[127.37911,36.57986],[127.37839,36.57944],[127.37786,36.57863],[127.37656,36.57813],[127.37607,36.57733],[127.37545,36.57714],[127.37451,36.57351],[127.3751,36.57325],[127.3761,36.56954],[127.37685,36.56801],[127.37621,36.56765],[127.37686,36.5677],[127.37716,36.56788],[127.37736,36.56911],[127.37925,36.57013],[127.37975,36.57131],[127.38123,36.5731],[127.38306,36.57474],[127.38413,36.57528],[127.38495,36.5765],[127.38691,36.57736],[127.38808,36.5826],[127.38878,36.58408],[127.39039,36.58542],[127.38753,36.58541],[127.38743,36.58619],[127.38514,36.5865],[127.38463,36.5869]]]]}},{"type":"Feature","properties":{"zoneId":"Z000210427","zoneName":"제4학교군옥산중학구한국교원대부설미호중학구공동학구","zoneType":"middle","level":"중학교","kind":"shared","oneWay":false,"sggCode":"113","eduCode":"8011000","eduName":"충청북도청주교육지원청","updatedAt":"2025-02-24"},"geometry":{"type":"Polygon","coordinates":[[[127.3883,36.66009],[127.38829,36.66009],[127.3833,36.66111],[127.38051,36.66126],[127.37754,36.65948],[127.37694,36.65865],[127.37672,36.65624],[127.3769,36.65207],[127.37754,36.65001],[127.37837,36.65029],[127.37841,36.65252],[127.37837,36.65197],[127.38103,36.65414],[127.38053,36.65413],[127.3818,36.65434],[127.38305,36.65344],[127.38374,36.65406],[127.3862,36.65228],[127.38716,36.65319],[127.3891,36.65395],[127.39364,36.65043],[127.39528,36.64941],[127.39564,36.64968],[127.395,36.65077],[127.39632,36.65313],[127.39578,36.65434],[127.39525,36.65428],[127.39528,36.65623],[127.3943,36.65747],[127.39467,36.65789],[127.39371,36.65842],[127.39388,36.65942],[127.39343,36.6608],[127.39088,36.65997],[127.3883,36.66009]]]}},{"type":"Feature","properties":{"zoneId":"Z000200533","zoneName":"제6학교군","zoneType":"middle","level":"중학교","kind":"dedicated","oneWay":false,"sggCode":"114","eduCode":"8011000","eduName":"충청북도청주교육지원청","updatedAt":"2025-02-24"},"geometry":{"type":"Polygon","coordinates":[[[127.43546,36.73695],[127.43509,36.73707],[127.43453,36.73741],[127.43102,36.73682],[127.43004,36.73706],[127.42829,36.73617],[127.42682,36.73588],[127.42616,36.73434],[127.42479,36.73396],[127.42376,36.73313],[127.42346,36.73202],[127.42514,36.73076],[127.42157,36.72774],[127.42148,36.72704],[127.41989,36.72462],[127.41867,36.7242],[127.41847,36.72361],[127.41754,36.72297],[127.41597,36.72244],[127.41489,36.72284],[127.4145,36.72366],[127.41302,36.72373],[127.41189,36.72305],[127.41044,36.7239],[127.40947,36.72362],[127.40956,36.72306],[127.40787,36.72203],[127.40777,36.72142],[127.40635,36.72058],[127.40599,36.71997],[127.4052,36.71992],[127.40493,36.71917],[127.40354,36.71873],[127.40342,36.71654],[127.40296,36.71641],[127.40255,36.71558],[127.40282,36.71476],[127.40344,36.71446],[127.40387,36.71372],[127.40412,36.71282],[127.40344,36.71229],[127.40316,36.7114],[127.40594,36.71045],[127.4062,36.71012],[127.40538,36.7091],[127.40718,36.70862],[127.40856,36.71001],[127.41072,36.71006],[127.41082,36.70876],[127.40878,36.70675],[127.40883,36.70555],[127.4212,36.69621],[127.42055,36.69565],[127.4232,36.69442],[127.42375,36.69388],[127.42376,36.69325],[127.42431,36.69278],[127.42445,36.69207],[127.42587,36.69081],[127.42575,36.68918],[127.43146,36.68933],[127.43165,36.68463],[127.43314,36.68484],[127.43494,36.68409],[127.43507,36.68375],[127.43702,36.68347],[127.44274,36.68485],[127.44664,36.68527],[127.44611,36.68573],[127.4475,36.68641],[127.44869,36.68894],[127.44955,36.69222],[127.45155,36.69305],[127.45279,36.69449],[127.45378,36.69489],[127.45881,36.69519],[127.46218,36.69586],[127.46202,36.69613],[127.46383,36.69717],[127.46445,36.69869],[127.46382,36.70077],[127.4639,36.70195],[127.46446,36.70415],[127.46523,36.70437],[127.46532,36.70508],[127.46481,36.70697],[127.46168,36.7065],[127.46265,36.70839],[127.45477,36.70743],[127.45792,36.71284],[127.4586,36.71297],[127.45942,36.71429],[127.45771,36.71531],[127.4576,36.71568],[127.45797,36.7162],[127.45771,36.71636],[127.45525,36.71676],[127.4543,36.71748],[127.45397,36.71678],[127.45274,36.71566],[127.45159,36.71538],[127.45131,36.71565],[127.45012,36.71544],[127.44963,36.71569],[127.44923,36.7147],[127.44772,36.7144],[127.44505,36.71544],[127.44363,36.71553],[127.4433,36.71632],[127.44125,36.71385],[127.44028,36.71434],[127.44063,36.71478],[127.43757,36.71635],[127.43924,36.71872],[127.43935,36.71962],[127.43879,36.72039],[127.43604,36.72195],[127.43744,36.723],[127.43997,36.7234],[127.43948,36.72567],[127.43848,36.72615],[127.43733,36.72593],[127.43661,36.72637],[127.43609,36.72633],[127.43589,36.72719],[127.43461,36.72802],[127.43454,36.72862],[127.43386,36.72917],[127.43392,36.73012],[127.43357,36.72998],[127.43373,36.73168],[127.43428,36.73231],[127.43431,36.73289],[127.43493,36.7333],[127.43477,36.73445],[127.43614,36.73529],[127.43578,36.73674],[127.43546,36.73695]]]}},{"type":"Feature","properties":{"zoneId":"Z000210357","zoneName":"제6학교군오창중학구공동학구","zoneType":"middle","level":"중학교","kind":"shared","oneWay":false,"sggCode":"114","eduCode":"8011000","eduName":"충청북도청주교육지원청","updatedAt":"2025-02-24"},"geometry":{"type":"Polygon","coordinates":[[[127.36979,36.76109],[127.3696,36.76155],[127.36644,36.76093],[127.36549,36.76096],[127.36419,36.7615],[127.36379,36.76112],[127.36245,36.76109],[127.36008,36.75972],[127.35781,36.76097],[127.35724,36.76029],[127.35647,36.75808],[127.35662,36.75782],[127.35557,36.75602],[127.35417,36.75565],[127.35356,36.75456],[127.35225,36.75408],[127.35036,36.75398],[127.34784,36.75293],[127.34653,36.75348],[127.34553,36.75362],[127.34466,36.75335],[127.34392,36.75371],[127.34229,36.75318],[127.34099,36.75336],[127.3389,36.75259],[127.33832,36.75283],[127.33713,36.75254],[127.33676,36.75279],[127.33551,36.75264],[127.33532,36.75129],[127.33435,36.74983],[127.33429,36.74887],[127.33365,36.74868],[127.3324,36.74751],[127.33264,36.74752],[127.33268,36.74681],[127.33431,36.74681],[127.33644,36.74499],[127.3366,36.74435],[127.33711,36.74435],[127.3375,36.74293],[127.33741,36.74012],[127.33989,36.7398],[127.34037,36.73891],[127.34151,36.73847],[127.34317,36.7357],[127.34229,36.73361],[127.34247,36.73282],[127.34136,36.73274],[127.34,36.73152],[127.3392,36.72973],[127.33734,36.72932],[127.3376,36.72855],[127.33731,36.7279],[127.33826,36.72675],[127.33775,36.72624],[127.33755,36.72497],[127.33683,36.72353],[127.33746,36.72184],[127.33675,36.72124],[127.3366,36.71979],[127.33831,36.71913],[127.34125,36.71874],[127.35065,36.71892],[127.35185,36.71837],[127.35235,36.71776],[127.35262,36.71793],[127.35308,36.71762],[127.35366,36.71878],[127.35331,36.71939],[127.35378,36.7207],[127.35302,36.72243],[127.35491,36.72375],[127.35722,36.72276],[127.35861,36.72057],[127.35997,36.71987],[127.362,36.7178],[127.36265,36.71776],[127.3637,36.71666],[127.36534,36.71624],[127.36608,36.71554],[127.37227,36.71304],[127.37394,36.71299],[127.37483,36.71249],[127.37769,36.71301],[127.38069,36.71441],[127.38162,36.71531],[127.38706,36.71764],[127.39019,36.71788],[127.3947,36.7173],[127.39863,36.71478],[127.39958,36.71385],[127.40013,36.71239],[127.40316,36.7114],[127.40344,36.71229],[127.40412,36.71282],[127.40387,36.71372],[127.40344,36.71446],[127.40282,36.71476],[127.40255,36.71558],[127.40296,36.71641],[127.40342,36.71654],[127.40345,36.71841],[127.40375,36.71888],[127.40235,36.71999],[127.40239,36.72068],[127.40139,36.72236],[127.40056,36.72237],[127.39992,36.72279],[127.39759,36.72237],[127.39518,36.72391],[127.38996,36.72319],[127.38901,36.72338],[127.38854,36.72381],[127.38732,36.72328],[127.38593,36.72373],[127.38459,36.72283],[127.38419,36.72285],[127.38369,36.72358],[127.38258,36.72383],[127.38235,36.72426],[127.379,36.72541],[127.37972,36.72604],[127.37853,36.72839],[127.37957,36.7293],[127.38034,36.72956],[127.3813,36.72847],[127.38282,36.72809],[127.3841,36.7284],[127.38547,36.72989],[127.38593,36.73086],[127.38657,36.7328],[127.38658,36.73429],[127.38704,36.73489],[127.3882,36.73536],[127.39029,36.73287],[127.39212,36.73287],[127.39232,36.73341],[127.39376,36.73329],[127.39396,36.73413],[127.39363,36.73428],[127.39499,36.73455],[127.39471,36.73538],[127.395,36.73567],[127.39498,36.73677],[127.39563,36.73709],[127.39585,36.73674],[127.39697,36.73643],[127.39931,36.73741],[127.40025,36.73733],[127.40021,36.73798],[127.40074,36.73856],[127.40197,36.73855],[127.40147,36.7398],[127.40093,36.7398],[127.39875,36.74248],[127.39806,36.7426],[127.39834,36.74375],[127.39757,36.74532],[127.39786,36.74596],[127.39666,36.74642],[127.39635,36.74687],[127.3968,36.74783],[127.39602,36.74793],[127.39581,36.74877],[127.39558,36.74899],[127.39514,36.74882],[127.39491,36.74919],[127.39456,36.74982],[127.39463,36.75117],[127.3942,36.7516],[127.39356,36.75166],[127.39346,36.75268],[127.3911,36.75263],[127.38866,36.75349],[127.38831,36.75494],[127.38719,36.7558],[127.38788,36.75681],[127.38726,36.75715],[127.38637,36.75929],[127.38502,36.75964],[127.38411,36.75897],[127.38303,36.75892],[127.38188,36.75817],[127.37939,36.75846],[127.37924,36.75908],[127.37567,36.75853],[127.37486,36.75798],[127.3723,36.75793],[127.37146,36.75856],[127.37098,36.75948],[127.36987,36.76011],[127.36979,36.76109]]]}},{"type":"Feature","properties":{"zoneId":"Z000210444","zoneName":"증평읍학교군괴산오성중학구공동학구","zoneType":"middle","level":"중학교","kind":"shared","oneWay":false,"sggCode":"745","eduCode":"8092000","eduName":"충청북도괴산증평교육지원청","updatedAt":"2025-03-04"},"geometry":{"type":"Polygon","coordinates":[[[127.58809,36.82003],[127.58809,36.82004],[127.58887,36.82111],[127.58861,36.82146],[127.58732,36.822],[127.58614,36.82306],[127.58312,36.82415],[127.58164,36.82557],[127.58125,36.82658],[127.57923,36.82822],[127.57686,36.82646],[127.57663,36.82504],[127.57583,36.82434],[127.57528,36.82321],[127.57371,36.8214],[127.57277,36.82111],[127.5721,36.81999],[127.57074,36.81964],[127.56931,36.82048],[127.56812,36.82007],[127.5673,36.81925],[127.56651,36.81919],[127.56607,36.81875],[127.56314,36.81802],[127.56132,36.81844],[127.56054,36.81966],[127.55965,36.81862],[127.55714,36.81741],[127.55566,36.81743],[127.55375,36.81499],[127.55148,36.81421],[127.55003,36.81286],[127.54787,36.81276],[127.54483,36.81351],[127.54198,36.81201],[127.54147,36.81078],[127.54099,36.81044],[127.53733,36.80859],[127.54021,36.80549],[127.54066,36.80452],[127.54309,36.80237],[127.5431,36.80187],[127.54497,36.8011],[127.54814,36.79835],[127.5498,36.79803],[127.55089,36.79888],[127.55186,36.79873],[127.55228,36.7992],[127.55339,36.79927],[127.55419,36.79971],[127.55402,36.79985],[127.55507,36.79926],[127.55725,36.79565],[127.55738,36.79457],[127.55881,36.79184],[127.55869,36.79127],[127.55982,36.79008],[127.56062,36.7882],[127.56129,36.7877],[127.56121,36.78602],[127.56081,36.78482],[127.56468,36.78267],[127.56486,36.77959],[127.56599,36.77874],[127.56659,36.77742],[127.56762,36.77441],[127.56737,36.77324],[127.56781,36.77272],[127.56909,36.77153],[127.57113,36.77166],[127.57164,36.77064],[127.57381,36.76885],[127.57505,36.76738],[127.57681,36.76689],[127.57706,36.76636],[127.57808,36.7669],[127.57907,36.76699],[127.5796,36.76624],[127.58201,36.76505],[127.58315,36.7627],[127.58364,36.76248],[127.58364,36.76192],[127.58577,36.76189],[127.58737,36.76056],[127.58794,36.76037],[127.58842,36.76078],[127.58892,36.76061],[127.58892,36.75961],[127.58831,36.75851],[127.58839,36.75727],[127.58718,36.75542],[127.58836,36.75442],[127.58855,36.75385],[127.58997,36.75354],[127.59031,36.75312],[127.59003,36.75279],[127.59055,36.75175],[127.59076,36.74985],[127.59018,36.74863],[127.59083,36.74757],[127.59193,36.74713],[127.59256,36.74644],[127.59343,36.74637],[127.59394,36.74572],[127.59536,36.74536],[127.59599,36.74465],[127.59758,36.74459],[127.5983,36.74422],[127.60047,36.74576],[127.60289,36.74561],[127.60315,36.74596],[127.60433,36.74543],[127.60486,36.74405],[127.60607,36.74343],[127.60665,36.74205],[127.60646,36.74022],[127.60815,36.73975],[127.60798,36.73846],[127.60869,36.73791],[127.6083,36.73703],[127.6087,36.73632],[127.60952,36.7361],[127.60974,36.73563],[127.61056,36.73526],[127.61023,36.73422],[127.61045,36.73387],[127.61004,36.73347],[127.61034,36.73226],[127.6097,36.73158],[127.60938,36.73037],[127.6114,36.72922],[127.61087,36.72813],[127.61125,36.7275],[127.61381,36.72648],[127.61463,36.7239],[127.61521,36.7232],[127.61484,36.72216],[127.61532,36.7217],[127.61562,36.72048],[127.61542,36.71868],[127.61599,36.71814],[127.618,36.71735],[127.61885,36.71633],[127.61871,36.71316],[127.618,36.71156],[127.61839,36.70931],[127.61793,36.70745],[127.61905,36.70719],[127.623,36.70462],[127.62497,36.7063],[127.62584,36.70664],[127.62662,36.70641],[127.62737,36.70747],[127.62982,36.70727],[127.63096,36.70778],[127.6329,36.7079],[127.63333,36.70883],[127.63522,36.70875],[127.63824,36.70797],[127.63895,36.70686],[127.64122,36.70566],[127.64131,36.70404],[127.6424,36.70262],[127.64423,36.70287],[127.64513,36.70213],[127.64775,36.70128],[127.64939,36.70163],[127.65011,36.70209],[127.65119,36.70202],[127.65216,36.70305],[127.65483,36.7044],[127.65483,36.70489],[127.65557,36.70561],[127.65539,36.70581],[127.65585,36.70655],[127.65758,36.70797],[127.65903,36.70988],[127.65909,36.71126],[127.65949,36.71136],[127.6597,36.71246],[127.66125,36.71408],[127.66129,36.71467],[127.66266,36.71499],[127.66303,36.71614],[127.66213,36.7172],[127.66209,36.71825],[127.66156,36.71936],[127.66212,36.7206],[127.66141,36.72229],[127.66222,36.72503],[127.66185,36.72575],[127.66273,36.72603],[127.66383,36.72762],[127.66447,36.72867],[127.6645,36.72999],[127.66344,36.73154],[127.66206,36.73245],[127.65969,36.73208],[127.65681,36.73258],[127.65567,36.7334],[127.6554,36.734],[127.65432,36.73437],[127.65427,36.73517],[127.65258,36.73552],[127.65106,36.73499],[127.65105,36.734],[127.65023,36.73367],[127.65045,36.73341],[127.65,36.73266],[127.64686,36.73325],[127.6458,36.73242],[127.64434,36.73246],[127.64372,36.73214],[127.64233,36.73233],[127.64135,36.73176],[127.63967,36.73196],[127.63895,36.73255],[127.63867,36.73296],[127.63848,36.73675],[127.63893,36.73814],[127.63822,36.73924],[127.63746,36.73919],[127.63727,36.74016],[127.63602,36.74131],[127.63659,36.74342],[127.63589,36.74395],[127.63581,36.74453],[127.63658,36.74539],[127.63537,36.74694],[127.63578,36.74829],[127.63496,36.7487],[127.63574,36.75098],[127.63553,36.75209],[127.63464,36.75221],[127.6337,36.75185],[127.63282,36.75231],[127.63153,36.75406],[127.6307,36.75419],[127.63038,36.75478],[127.62983,36.75492],[127.62996,36.75563],[127.62945,36.75587],[127.6294,36.75623],[127.62809,36.75642],[127.62725,36.75736],[127.62735,36.75806],[127.62702,36.75884],[127.62625,36.75895],[127.62613,36.75975],[127.62538,36.75977],[127.62367,36.76075],[127.62411,36.76106],[127.62408,36.76243],[127.62478,36.76315],[127.62555,36.76586],[127.62703,36.76724],[127.62704,36.76814],[127.62824,36.77019],[127.62834,36.77164],[127.62931,36.77346],[127.62805,36.77358],[127.62786,36.775],[127.62737,36.77572],[127.62752,36.77639],[127.62724,36.77662],[127.62603,36.77712],[127.62539,36.77686],[127.62467,36.77701],[127.62361,36.77814],[127.62339,36.77884],[127.62294,36.77904],[127.62211,36.77852],[127.62083,36.77859],[127.62046,36.78019],[127.6207,36.78191],[127.62136,36.78354],[127.62089,36.78524],[127.62094,36.78787],[127.62182,36.78787],[127.62267,36.78835],[127.62377,36.78948],[127.62548,36.78932],[127.62629,36.79044],[127.62449,36.79235],[127.62431,36.7931],[127.6232,36.79388],[127.62309,36.79436],[127.62351,36.79511],[127.62288,36.79524],[127.62253,36.79597],[127.6215,36.79652],[127.62124,36.79598],[127.61974,36.79605],[127.61914,36.79645],[127.6189,36.79749],[127.6175,36.79771],[127.61697,36.79744],[127.61687,36.79852],[127.61639,36.79902],[127.6151,36.79862],[127.61396,36.79905],[127.61377,36.79863],[127.61321,36.79867],[127.61298,36.79833],[127.61134,36.79829],[127.60995,36.79782],[127.60943,36.79815],[127.60838,36.79813],[127.60726,36.79959],[127.60771,36.80052],[127.6074,36.80142],[127.60755,36.80225],[127.60834,36.80334],[127.60738,36.80402],[127.60773,36.80519],[127.60645,36.80551],[127.60632,36.806],[127.60543,36.80615],[127.60451,36.80685],[127.60329,36.80642],[127.60023,36.80667],[127.59962,36.80614],[127.59891,36.80678],[127.59813,36.80687],[127.59844,36.80743],[127.59771,36.8083],[127.59635,36.81119],[127.59534,36.81177],[127.59439,36.81127],[127.59133,36.81172],[127.58858,36.81314],[127.58828,36.81355],[127.58867,36.81433],[127.58856,36.81508],[127.58779,36.81549],[127.58803,36.81686],[127.58751,36.81761],[127.58819,36.81936],[127.58809,36.82003]]]}},{"type":"Feature","properties":{"zoneId":"Z000200577","zoneName":"증평읍학교군","zoneType":"middle","level":"중학교","kind":"dedicated","oneWay":false,"sggCode":"745","eduCode":"8092000","eduName":"충청북도괴산증평교육지원청","updatedAt":"2025-03-04"},"geometry":{"type":"Polygon","coordinates":[[[127.53733,36.80859],[127.53733,36.80859],[127.53637,36.80822],[127.53455,36.80817],[127.53358,36.80708],[127.53258,36.80714],[127.52873,36.80632],[127.52735,36.807],[127.523,36.80729],[127.52185,36.80645],[127.5211,36.80669],[127.51933,36.80459],[127.51762,36.80445],[127.51754,36.80522],[127.5173,36.80499],[127.51408,36.8055],[127.5132,36.80622],[127.51145,36.80518],[127.51014,36.80623],[127.50892,36.80667],[127.50817,36.80658],[127.50797,36.80704],[127.50672,36.80734],[127.50646,36.80653],[127.50543,36.80571],[127.50448,36.80411],[127.50272,36.80377],[127.50208,36.80336],[127.50097,36.8034],[127.50056,36.80231],[127.5002,36.80223],[127.49967,36.80135],[127.49908,36.80139],[127.49844,36.80073],[127.49576,36.79925],[127.49409,36.79937],[127.49352,36.80034],[127.49298,36.80062],[127.49228,36.80015],[127.488,36.80064],[127.48802,36.80041],[127.48747,36.80035],[127.48829,36.7977],[127.48849,36.79399],[127.48769,36.79249],[127.4866,36.79159],[127.48529,36.79118],[127.48391,36.79128],[127.48134,36.7926],[127.47954,36.79293],[127.47707,36.79191],[127.47707,36.79126],[127.4833,36.78613],[127.4909,36.78206],[127.49727,36.77994],[127.505,36.77948],[127.50836,36.77717],[127.50882,36.77654],[127.50918,36.7742],[127.50987,36.77274],[127.51027,36.77301],[127.5103,36.77233],[127.50935,36.76953],[127.5076,36.76785],[127.50774,36.76719],[127.50862,36.76685],[127.51859,36.76934],[127.53048,36.77045],[127.53284,36.77105],[127.53553,36.77256],[127.54967,36.77547],[127.55304,36.77672],[127.55353,36.77599],[127.55229,36.77557],[127.5535,36.77239],[127.5526,36.77238],[127.55296,36.77195],[127.55318,36.77051],[127.55376,36.77045],[127.55435,36.76989],[127.55412,36.76966],[127.55426,36.76889],[127.55491,36.76806],[127.55402,36.76743],[127.55336,36.76581],[127.5532,36.76489],[127.55387,36.76446],[127.5538,36.76347],[127.55524,36.76359],[127.5574,36.76276],[127.55718,36.76174],[127.55816,36.76152],[127.55803,36.76122],[127.55839,36.76082],[127.55976,36.76065],[127.56212,36.75964],[127.56377,36.76011],[127.56437,36.7607],[127.565,36.7607],[127.5657,36.75911],[127.5658,36.75779],[127.56643,36.75631],[127.5663,36.75522],[127.56554,36.75459],[127.56463,36.75307],[127.56302,36.7521],[127.56344,36.74868],[127.56527,36.74925],[127.56608,36.74999],[127.56679,36.75003],[127.56785,36.75078],[127.57003,36.75084],[127.57254,36.75136],[127.57372,36.75132],[127.57509,36.75044],[127.57663,36.75006],[127.5778,36.74927],[127.57801,36.74827],[127.57937,36.74747],[127.58274,36.74909],[127.58348,36.74917],[127.58763,36.74849],[127.5902,36.74858],[127.59076,36.74985],[127.59055,36.75175],[127.59003,36.75279],[127.59031,36.75312],[127.58997,36.75354],[127.58855,36.75385],[127.58836,36.75442],[127.58718,36.75542],[127.58839,36.75727],[127.58831,36.75851],[127.58892,36.75961],[127.58892,36.76061],[127.58842,36.76078],[127.58794,36.76037],[127.58737,36.76056],[127.58577,36.76189],[127.58364,36.76192],[127.58364,36.76248],[127.58315,36.7627],[127.58201,36.76505],[127.5796,36.76624],[127.57907,36.76699],[127.57808,36.7669],[127.57706,36.76636],[127.57681,36.76689],[127.57505,36.76738],[127.57381,36.76885],[127.57164,36.77064],[127.57113,36.77166],[127.56909,36.77153],[127.56781,36.77272],[127.56737,36.77324],[127.56762,36.77441],[127.56659,36.77742],[127.56599,36.77874],[127.56486,36.77959],[127.56468,36.78267],[127.56081,36.78482],[127.56121,36.78602],[127.56129,36.7877],[127.56062,36.7882],[127.55982,36.79008],[127.55869,36.79127],[127.55881,36.79184],[127.55738,36.79457],[127.55725,36.79565],[127.55507,36.79926],[127.55402,36.79985],[127.55419,36.79971],[127.55339,36.79927],[127.55228,36.7992],[127.55186,36.79873],[127.55089,36.79888],[127.5498,36.79803],[127.54814,36.79835],[127.54497,36.8011],[127.5431,36.80187],[127.54309,36.80237],[127.54066,36.80452],[127.54021,36.80549],[127.53733,36.80859]]]}},{"type":"Feature","properties":{"zoneId":"Z000210386","zoneName":"제6학교군옥산중학구공동학구","zoneType":"middle","level":"중학교","kind":"shared","oneWay":false,"sggCode":"114","eduCode":"8011000","eduName":"충청북도청주교육지원청","updatedAt":"2025-02-24"},"geometry":{"type":"MultiPolygon","coordinates":[[[[127.33064,36.73272],[127.33064,36.73272],[127.33021,36.73388],[127.3294,36.73445],[127.3283,36.73456],[127.32546,36.73367],[127.3252,36.73206],[127.32447,36.73147],[127.32244,36.7307],[127.31977,36.7268],[127.31902,36.72647],[127.31846,36.72525],[127.31799,36.72492],[127.31883,36.72418],[127.3202,36.72367],[127.32428,36.72369],[127.32495,36.72421],[127.32618,36.72424],[127.32667,36.72363],[127.33008,36.72174],[127.33169,36.72126],[127.33352,36.72122],[127.3366,36.71979],[127.33675,36.72124],[127.33746,36.72184],[127.33683,36.72353],[127.33755,36.72497],[127.33775,36.72624],[127.33826,36.72675],[127.33731,36.7279],[127.3376,36.72855],[127.33734,36.72932],[127.3369,36.72935],[127.33603,36.73055],[127.33493,36.73132],[127.33335,36.7311],[127.33115,36.73283],[127.33064,36.73272]]],[[[127.36143,36.71845],[127.36012,36.7197],[127.35861,36.72057],[127.35722,36.72276],[127.35491,36.72375],[127.35302,36.72243],[127.35378,36.7207],[127.35333,36.71971],[127.35366,36.71878],[127.35335,36.71773],[127.35598,36.71726],[127.3588,36.71739],[127.3588,36.71783],[127.362,36.7178],[127.36143,36.71845]]]]}},{"type":"Feature","properties":{"zoneId":"Z000210418","zoneName":"증평읍중학군내수중학구공동학구","zoneType":"middle","level":"중학교","kind":"shared","oneWay":false,"sggCode":"745","eduCode":"8092000","eduName":"충청북도괴산증평교육지원청","updatedAt":"2025-03-04"},"geometry":{"type":"Polygon","coordinates":[[[127.55292,36.77393],[127.55289,36.77402],[127.55229,36.77557],[127.55353,36.77599],[127.55304,36.77672],[127.54967,36.77547],[127.53618,36.77272],[127.5345,36.77199],[127.5338,36.7715],[127.53467,36.77005],[127.53744,36.76963],[127.53781,36.76815],[127.53736,36.76622],[127.53672,36.76587],[127.53678,36.76467],[127.53641,36.76416],[127.53669,36.76374],[127.53507,36.76325],[127.53457,36.76273],[127.53681,36.76213],[127.53889,36.75978],[127.5401,36.75993],[127.54048,36.7585],[127.54076,36.75897],[127.54202,36.75898],[127.54272,36.75967],[127.54416,36.7602],[127.54655,36.75961],[127.54756,36.75622],[127.54597,36.75551],[127.54519,36.75471],[127.54343,36.75252],[127.54344,36.75192],[127.54371,36.75127],[127.54462,36.75163],[127.54712,36.75173],[127.54805,36.7524],[127.54909,36.75208],[127.54982,36.75631],[127.55129,36.75621],[127.55153,36.75578],[127.55203,36.75676],[127.5535,36.75719],[127.55404,36.75785],[127.55533,36.75801],[127.55544,36.7585],[127.55719,36.75948],[127.55816,36.76152],[127.55718,36.76174],[127.5574,36.76276],[127.55524,36.76359],[127.5538,36.76347],[127.55387,36.76446],[127.5532,36.76489],[127.55361,36.76682],[127.55491,36.76806],[127.55426,36.76889],[127.55412,36.76966],[127.55435,36.76989],[127.55312,36.77065],[127.55296,36.77195],[127.5526,36.77238],[127.5535,36.77239],[127.55292,36.77393]]]}},{"type":"Feature","properties":{"zoneId":"Z000210173","zoneName":"증평읍학교군청안중학구공동(일방)학구","zoneType":"middle","level":"중학교","kind":"shared","oneWay":true,"sggCode":"745","eduCode":"8092000","eduName":"충청북도괴산증평교육지원청","updatedAt":"2025-03-04"},"geometry":{"type":"Polygon","coordinates":[[[127.58346,36.8599],[127.58358,36.86004],[127.58148,36.85958],[127.57848,36.85773],[127.57775,36.85546],[127.57863,36.85263],[127.57825,36.85183],[127.57715,36.85175],[127.57636,36.85068],[127.57379,36.85088],[127.57231,36.85012],[127.57153,36.85006],[127.57338,36.84722],[127.57216,36.84607],[127.5723,36.84523],[127.57157,36.84389],[127.57281,36.84123],[127.57257,36.84072],[127.56951,36.83938],[127.56868,36.83854],[127.56887,36.83718],[127.56932,36.83658],[127.5702,36.83361],[127.56996,36.83135],[127.56923,36.82998],[127.5714,36.8279],[127.57202,36.8278],[127.57592,36.82898],[127.57721,36.82899],[127.57834,36.82961],[127.57923,36.82822],[127.58125,36.82658],[127.58164,36.82557],[127.58312,36.82415],[127.58614,36.82306],[127.58732,36.822],[127.58861,36.82146],[127.58887,36.82111],[127.58809,36.82005],[127.58819,36.81936],[127.58751,36.81761],[127.58803,36.81686],[127.58779,36.81549],[127.58856,36.81508],[127.58867,36.81433],[127.58828,36.81355],[127.58858,36.81314],[127.59133,36.81172],[127.59439,36.81127],[127.59534,36.81177],[127.59635,36.81119],[127.59771,36.8083],[127.59844,36.80743],[127.59813,36.80687],[127.59891,36.80678],[127.59962,36.80614],[127.60023,36.80667],[127.60329,36.80642],[127.60451,36.80685],[127.60543,36.80615],[127.60632,36.806],[127.60645,36.80551],[127.60773,36.80519],[127.60738,36.80402],[127.60834,36.80334],[127.60755,36.80225],[127.6074,36.80142],[127.60771,36.80052],[127.60726,36.79959],[127.60838,36.79813],[127.60943,36.79815],[127.60995,36.79782],[127.61134,36.79829],[127.61298,36.79833],[127.61321,36.79867],[127.61377,36.79863],[127.61396,36.79905],[127.6151,36.79862],[127.61639,36.79902],[127.61687,36.79852],[127.61697,36.79744],[127.6175,36.79771],[127.6189,36.79749],[127.61914,36.79645],[127.61974,36.79605],[127.62124,36.79598],[127.6215,36.79652],[127.62253,36.79597],[127.62288,36.79524],[127.62351,36.79511],[127.62309,36.79436],[127.6232,36.79388],[127.62431,36.7931],[127.62449,36.79235],[127.62534,36.79141],[127.62715,36.79189],[127.62738,36.79242],[127.62709,36.79427],[127.63472,36.7935],[127.63608,36.79427],[127.63699,36.79528],[127.63812,36.79558],[127.64056,36.79849],[127.6407,36.79936],[127.64162,36.79995],[127.64159,36.80049],[127.64194,36.80074],[127.64168,36.8013],[127.64034,36.80154],[127.64013,36.80344],[127.63559,36.80496],[127.63592,36.80654],[127.63538,36.80715],[127.63458,36.80686],[127.63401,36.8073],[127.63422,36.80826],[127.63498,36.80881],[127.63543,36.81116],[127.63508,36.81256],[127.63239,36.81459],[127.63132,36.81501],[127.6301,36.81624],[127.63057,36.8174],[127.62986,36.81848],[127.63022,36.81923],[127.62971,36.82119],[127.62929,36.82157],[127.62998,36.82263],[127.62952,36.82449],[127.63044,36.82565],[127.63055,36.82781],[127.63013,36.82849],[127.63061,36.82905],[127.6309,36.83041],[127.63168,36.8305],[127.63257,36.8313],[127.63349,36.83409],[127.63399,36.83476],[127.63406,36.83642],[127.63561,36.8367],[127.63616,36.83713],[127.63605,36.83762],[127.63671,36.8384],[127.63659,36.83914],[127.6379,36.84013],[127.63859,36.84111],[127.63843,36.84183],[127.63914,36.84256],[127.63889,36.84289],[127.63918,36.84358],[127.63821,36.84463],[127.63781,36.84565],[127.63733,36.8459],[127.63754,36.84695],[127.63585,36.84736],[127.63522,36.84719],[127.63347,36.84584],[127.631,36.84517],[127.63003,36.84365],[127.62928,36.84341],[127.62802,36.84358],[127.62763,36.84288],[127.62639,36.84253],[127.62559,36.83924],[127.62495,36.8377],[127.6242,36.83722],[127.62376,36.8356],[127.62049,36.83698],[127.61999,36.8369],[127.61826,36.83618],[127.61676,36.83399],[127.61556,36.8339],[127.61519,36.83435],[127.61532,36.83528],[127.61368,36.8357],[127.6134,36.83646],[127.61374,36.8374],[127.61357,36.83861],[127.61384,36.83886],[127.61317,36.83931],[127.61349,36.84038],[127.61342,36.84183],[127.61309,36.84228],[127.61327,36.84377],[127.61276,36.84411],[127.61253,36.84497],[127.61197,36.84514],[127.61224,36.84636],[127.61158,36.8467],[127.61174,36.84742],[127.6115,36.84778],[127.61237,36.84913],[127.61311,36.85139],[127.6138,36.85169],[127.61446,36.85325],[127.61545,36.85293],[127.61594,36.85362],[127.61748,36.85771],[127.6166,36.85866],[127.61452,36.85817],[127.61373,36.85839],[127.61135,36.85663],[127.61099,36.85582],[127.61041,36.85599],[127.60746,36.85415],[127.60672,36.85322],[127.60587,36.85361],[127.60439,36.85355],[127.60441,36.8528],[127.60321,36.85188],[127.6004,36.85269],[127.59653,36.85159],[127.59396,36.85543],[127.59329,36.85558],[127.59263,36.85691],[127.5919,36.85742],[127.59122,36.85782],[127.59053,36.85729],[127.58958,36.8573],[127.58875,36.85772],[127.58704,36.85725],[127.58637,36.85761],[127.5864,36.85877],[127.58597,36.85943],[127.58471,36.8599],[127.58346,36.8599]]]}},{"type":"Feature","properties":{"zoneId":"Z000210429","zoneName":"제5학교군세종특별자치시부강중학구공동학구","zoneType":"middle","level":"중학교","kind":"shared","oneWay":false,"sggCode":"112","eduCode":"8011000","eduName":"충청북도청주교육지원청","updatedAt":"2025-02-24"},"geometry":{"type":"Polygon","coordinates":[[[127.44794,36.54704],[127.44798,36.5472],[127.44741,36.54824],[127.44716,36.54973],[127.44608,36.55027],[127.4452,36.54972],[127.44169,36.54877],[127.43885,36.54857],[127.43699,36.54741],[127.43499,36.54671],[127.4344,36.54705],[127.43276,36.54689],[127.43281,36.5465],[127.43251,36.54659],[127.43218,36.54595],[127.43177,36.5459],[127.43042,36.54445],[127.43026,36.5453],[127.42904,36.54544],[127.4257,36.54476],[127.42415,36.54589],[127.42209,36.54606],[127.42107,36.54657],[127.41781,36.5466],[127.41701,36.54739],[127.41439,36.5481],[127.41359,36.54861],[127.41294,36.54794],[127.41088,36.54787],[127.41051,36.54757],[127.40771,36.5478],[127.40693,36.54717],[127.40593,36.54691],[127.40532,36.5462],[127.40521,36.54514],[127.40399,36.54349],[127.40224,36.54219],[127.40182,36.54124],[127.40246,36.53994],[127.40267,36.53864],[127.40325,36.53782],[127.40413,36.53793],[127.40501,36.53731],[127.40538,36.53422],[127.40585,36.53298],[127.40562,36.5314],[127.40706,36.52977],[127.40852,36.52883],[127.40798,36.52781],[127.40841,36.52718],[127.40901,36.52747],[127.41067,36.52743],[127.41202,36.5269],[127.41329,36.52711],[127.41475,36.52639],[127.41552,36.52654],[127.4164,36.52603],[127.41763,36.52589],[127.41938,36.52606],[127.42135,36.52675],[127.42195,36.52661],[127.42239,36.52759],[127.42536,36.52678],[127.42604,36.52715],[127.42664,36.52652],[127.42734,36.52651],[127.42767,36.52745],[127.42827,36.52789],[127.42913,36.52785],[127.43025,36.52871],[127.43169,36.52894],[127.4339,36.52772],[127.43644,36.52753],[127.43985,36.53089],[127.44102,36.53311],[127.44359,36.53448],[127.44451,36.53564],[127.44535,36.53805],[127.44483,36.53952],[127.44616,36.54117],[127.44743,36.54173],[127.44713,36.54408],[127.44794,36.54704]]]}},{"type":"Feature","properties":{"zoneId":"Z000210041","zoneName":"제1학교군제5학교군공동학구","zoneType":"middle","level":"중학교","kind":"shared","oneWay":false,"sggCode":"111","eduCode":"8011000","eduName":"충청북도청주교육지원청","updatedAt":"2025-02-24"},"geometry":{"type":"MultiPolygon","coordinates":[[[[127.50352,36.58272],[127.5035,36.58278],[127.50297,36.58424],[127.50036,36.58601],[127.49892,36.58837],[127.49131,36.58466],[127.49255,36.58321],[127.49167,36.58256],[127.49112,36.58313],[127.49019,36.58313],[127.4896,36.58235],[127.4882,36.58194],[127.48603,36.58237],[127.48557,36.58265],[127.48634,36.58383],[127.48566,36.58403],[127.4837,36.58264],[127.48263,36.58307],[127.48044,36.58266],[127.48008,36.58175],[127.47938,36.5819],[127.47855,36.58118],[127.47528,36.58081],[127.47408,36.58108],[127.47377,36.58006],[127.47406,36.57874],[127.47292,36.57811],[127.47179,36.57803],[127.47069,36.57726],[127.47087,36.57594],[127.47046,36.57543],[127.47073,36.57491],[127.46912,36.57338],[127.46854,36.57349],[127.46866,36.573],[127.46818,36.57209],[127.46844,36.57165],[127.46781,36.56979],[127.46813,36.56865],[127.4677,36.56795],[127.46838,36.56698],[127.46837,36.56649],[127.46757,36.56427],[127.46703,36.56376],[127.46744,36.56301],[127.46725,36.56207],[127.46891,36.56123],[127.46863,36.5599],[127.46828,36.55967],[127.4685,36.55864],[127.46738,36.55766],[127.46571,36.55741],[127.46386,36.55567],[127.46215,36.55569],[127.4616,36.55535],[127.46177,36.55497],[127.46097,36.55269],[127.45902,36.54941],[127.45898,36.54838],[127.46036,36.5474],[127.46169,36.547],[127.46241,36.54606],[127.46343,36.54594],[127.46499,36.5446],[127.46621,36.54447],[127.4662,36.54255],[127.46954,36.54261],[127.4707,36.54279],[127.47158,36.54333],[127.47178,36.54108],[127.47366,36.54038],[127.47662,36.54063],[127.47723,36.54316],[127.4777,36.54397],[127.47753,36.54509],[127.4758,36.54528],[127.47642,36.54586],[127.47707,36.54584],[127.47744,36.54634],[127.47894,36.54697],[127.47965,36.54767],[127.48079,36.54728],[127.48274,36.54743],[127.48292,36.54675],[127.48367,36.54635],[127.48392,36.54551],[127.4848,36.54482],[127.48537,36.54525],[127.48524,36.54503],[127.4859,36.54528],[127.48777,36.54489],[127.48881,36.54519],[127.49157,36.54449],[127.49219,36.54459],[127.49488,36.54645],[127.49624,36.54793],[127.4978,36.54829],[127.4985,36.5494],[127.49855,36.55014],[127.49913,36.5508],[127.49983,36.5509],[127.50123,36.55001],[127.50214,36.54985],[127.50426,36.55084],[127.50411,36.5535],[127.50624,36.55624],[127.50826,36.56009],[127.50857,36.56238],[127.50793,36.56595],[127.50903,36.56941],[127.50961,36.56989],[127.50892,36.57416],[127.50758,36.5741],[127.5047,36.576],[127.50408,36.57773],[127.50418,36.58063],[127.50352,36.58272]]],[[[127.49009,36.63687],[127.49,36.63693],[127.48379,36.63646],[127.48175,36.63266],[127.48162,36.63174],[127.48217,36.6302],[127.48442,36.62812],[127.49154,36.62436],[127.49359,36.62492],[127.49605,36.62496],[127.49496,36.62777],[127.49136,36.62855],[127.49034,36.63659],[127.49009,36.63687]]],[[[127.5029,36.60264],[127.50153,36.60475],[127.50095,36.60589],[127.49805,36.606],[127.49802,36.5963],[127.50558,36.59739],[127.50363,36.60173],[127.5029,36.60264]]]]}},{"type":"Feature","properties":{"zoneId":"Z000200538","zoneName":"수안보중학구","zoneType":"middle","level":"중학교","kind":"dedicated","oneWay":false,"sggCode":"130","eduCode":"8021000","eduName":"충청북도충주교육지원청","updatedAt":"2016-08-12"},"geometry":{"type":"Polygon","coordinates":[[[127.97357,36.89308],[127.97357,36.89308],[127.97234,36.89382],[127.97016,36.89129],[127.96871,36.89092],[127.96815,36.89025],[127.96816,36.88971],[127.96685,36.88807],[127.96438,36.88642],[127.96442,36.88529],[127.96399,36.88497],[127.96208,36.88451],[127.9595,36.88253],[127.95679,36.88168],[127.95692,36.88089],[127.9554,36.87996],[127.95422,36.87837],[127.95241,36.87804],[127.95346,36.878],[127.95346,36.8762],[127.95258,36.876],[127.94939,36.87317],[127.94842,36.87278],[127.94992,36.87227],[127.954,36.8693],[127.95668,36.86843],[127.95726,36.86736],[127.95801,36.86712],[127.96064,36.86513],[127.96269,36.86164],[127.96937,36.85935],[127.96844,36.8586],[127.9679,36.85768],[127.96892,36.85673],[127.96807,36.85533],[127.96788,36.85311],[127.9669,36.85095],[127.9693,36.8483],[127.97038,36.84754],[127.97028,36.84527],[127.97128,36.84495],[127.97225,36.84319],[127.97367,36.84204],[127.97434,36.84208],[127.97536,36.83975],[127.97567,36.83812],[127.97716,36.83614],[127.97531,36.83454],[127.97446,36.8332],[127.9731,36.82979],[127.97159,36.82806],[127.9717,36.82635],[127.97239,36.82547],[127.976,36.82371],[127.98185,36.82343],[127.98238,36.82198],[127.98175,36.82027],[127.9831,36.81787],[127.98247,36.81683],[127.9824,36.81601],[127.98529,36.8161],[127.98664,36.81572],[127.98836,36.81505],[127.99173,36.81288],[127.99259,36.81267],[127.99779,36.81294],[128.00015,36.81117],[128.00203,36.81041],[128.00367,36.81058],[128.00892,36.80807],[128.00977,36.80739],[128.01158,36.80679],[128.01238,36.808],[128.01367,36.80877],[128.01662,36.80789],[128.01816,36.80827],[128.02113,36.81028],[128.02171,36.81193],[128.02303,36.81312],[128.02362,36.81504],[128.02399,36.81526],[128.0237,36.81529],[128.02346,36.81624],[128.02217,36.81739],[128.02292,36.81967],[128.02321,36.82229],[128.02386,36.82321],[128.02302,36.82477],[128.02404,36.82599],[128.0286,36.82488],[128.03022,36.82533],[128.03134,36.82505],[128.03194,36.82526],[128.03547,36.82495],[128.03638,36.82461],[128.03901,36.82141],[128.04223,36.8206],[128.04725,36.82223],[128.0485,36.8214],[128.04897,36.82148],[128.0505,36.81968],[128.05148,36.819],[128.05252,36.81869],[128.05466,36.81905],[128.05557,36.8186],[128.05683,36.81717],[128.05726,36.81729],[128.05924,36.81639],[128.06108,36.81716],[128.06345,36.81696],[128.0642,36.81744],[128.06736,36.81677],[128.07067,36.81455],[128.0718,36.81455],[128.07443,36.81282],[128.07561,36.81162],[128.07716,36.81098],[128.0785,36.809],[128.08267,36.80683],[128.08434,36.80493],[128.08537,36.8042],[128.08506,36.80312],[128.08429,36.80286],[128.08386,36.80223],[128.08416,36.80118],[128.08383,36.7993],[128.08799,36.79723],[128.09007,36.79664],[128.0935,36.79678],[128.09344,36.8005],[128.09293,36.80163],[128.09296,36.80286],[128.09537,36.80398],[128.09625,36.80373],[128.09768,36.80484],[128.09943,36.80509],[128.10195,36.80629],[128.10585,36.80595],[128.10708,36.80731],[128.10818,36.81044],[128.10827,36.81351],[128.10981,36.81577],[128.10925,36.8162],[128.10988,36.82147],[128.11055,36.82159],[128.11291,36.82101],[128.11845,36.82149],[128.11902,36.82304],[128.12266,36.82327],[128.12634,36.825],[128.12893,36.8248],[128.12988,36.82515],[128.13082,36.82615],[128.13305,36.82738],[128.13398,36.82844],[128.13398,36.83077],[128.13357,36.8328],[128.13068,36.83249],[128.12653,36.83395],[128.12216,36.83386],[128.11773,36.8321],[128.11523,36.83168],[128.11296,36.83047],[128.11071,36.83016],[128.10715,36.83062],[128.10486,36.83172],[128.10234,36.83218],[128.10057,36.83327],[128.09759,36.83351],[128.09693,36.83447],[128.09478,36.8353],[128.09458,36.83632],[128.09392,36.83686],[128.09457,36.83788],[128.09368,36.84178],[128.09375,36.84271],[128.09289,36.8438],[128.09289,36.84503],[128.09194,36.84604],[128.09143,36.84918],[128.08914,36.84997],[128.08713,36.85153],[128.08401,36.84951],[128.07979,36.84898],[128.0755,36.84726],[128.07448,36.84727],[128.07134,36.84588],[128.06881,36.8453],[128.06624,36.84282],[128.06269,36.83812],[128.06195,36.83792],[128.06052,36.83827],[128.05881,36.8395],[128.0581,36.84254],[128.05813,36.84378],[128.05523,36.84438],[128.05267,36.84572],[128.05077,36.84593],[128.04665,36.84749],[128.04635,36.84785],[128.04358,36.84844],[128.04178,36.84962],[128.03966,36.8503],[128.03822,36.85171],[128.03684,36.85174],[128.03558,36.85503],[128.03705,36.85791],[128.0386,36.85981],[128.03467,36.86111],[128.03273,36.86222],[128.02891,36.86534],[128.02773,36.86585],[128.02705,36.86757],[128.0272,36.86834],[128.02645,36.86893],[128.02717,36.86943],[128.02675,36.87038],[128.02376,36.8736],[128.02363,36.87543],[128.02111,36.87901],[128.02118,36.87981],[128.02074,36.88031],[128.02065,36.88173],[128.02168,36.88428],[128.02295,36.88561],[128.0241,36.88751],[128.02354,36.88877],[128.02171,36.88892],[128.02115,36.8907],[128.01987,36.89053],[128.01849,36.89101],[128.01696,36.88984],[128.01497,36.89014],[128.01244,36.8879],[128.01213,36.88729],[128.01021,36.88828],[128.00697,36.88757],[128.00613,36.88851],[128.00306,36.88987],[128.00241,36.89076],[128.00068,36.89101],[127.99949,36.89159],[127.99897,36.89103],[127.99731,36.89189],[127.99686,36.89162],[127.9967,36.891],[127.99625,36.89085],[127.99652,36.89038],[127.99614,36.89003],[127.99495,36.88986],[127.99414,36.89058],[127.99319,36.89082],[127.99181,36.89064],[127.99194,36.88945],[127.98777,36.88873],[127.98667,36.88951],[127.9862,36.88951],[127.9852,36.88866],[127.98432,36.88869],[127.98433,36.88806],[127.98345,36.88832],[127.98053,36.88823],[127.97971,36.88775],[127.97827,36.88886],[127.97715,36.8904],[127.97687,36.89154],[127.97487,36.89288],[127.97357,36.89308]]]}},{"type":"Feature","properties":{"zoneId":"Z000200590","zoneName":"단성중학구","zoneType":"middle","level":"중학교","kind":"dedicated","oneWay":false,"sggCode":"800","eduCode":"8111000","eduName":"충청북도단양교육지원청","updatedAt":"2016-08-12"},"geometry":{"type":"Polygon","coordinates":[[[128.27256,36.94937],[128.27261,36.95029],[128.27406,36.95194],[128.27371,36.95274],[128.27192,36.95497],[128.26899,36.95707],[128.26846,36.95785],[128.26809,36.95966],[128.26659,36.96078],[128.2627,36.95735],[128.26189,36.95628],[128.26041,36.95564],[128.25966,36.95485],[128.26094,36.95419],[128.26158,36.95331],[128.2628,36.95311],[128.2645,36.9523],[128.26469,36.9514],[128.26363,36.94965],[128.26313,36.94932],[128.26107,36.94927],[128.25987,36.94878],[128.25601,36.94429],[128.25291,36.94281],[128.25112,36.94244],[128.24844,36.9444],[128.24737,36.94464],[128.24737,36.94381],[128.24626,36.94244],[128.24483,36.94186],[128.24542,36.94064],[128.24732,36.93924],[128.24702,36.93788],[128.24551,36.93749],[128.24447,36.93677],[128.24282,36.93694],[128.24214,36.93762],[128.24147,36.93756],[128.24026,36.93559],[128.23969,36.93581],[128.23871,36.9356],[128.23877,36.93478],[128.23635,36.93362],[128.23653,36.9325],[128.23613,36.93186],[128.23621,36.9307],[128.23557,36.93069],[128.2361,36.9306],[128.23655,36.92788],[128.23661,36.92711],[128.23605,36.92533],[128.23658,36.92491],[128.23651,36.92325],[128.23726,36.92238],[128.23731,36.9216],[128.23681,36.92051],[128.23709,36.91876],[128.23672,36.91661],[128.23798,36.91376],[128.24002,36.91341],[128.24041,36.91285],[128.2423,36.91162],[128.24229,36.91094],[128.24321,36.90849],[128.24383,36.9076],[128.24575,36.90691],[128.2462,36.90497],[128.24627,36.90432],[128.24568,36.90281],[128.24584,36.90238],[128.24507,36.90037],[128.24515,36.89855],[128.24451,36.89797],[128.24378,36.89628],[128.24426,36.89533],[128.24352,36.8926],[128.2438,36.89097],[128.24653,36.88855],[128.24728,36.88847],[128.24832,36.88748],[128.24872,36.88657],[128.25092,36.88472],[128.25469,36.88491],[128.2564,36.88434],[128.26002,36.88399],[128.26186,36.88481],[128.26343,36.88492],[128.27305,36.88443],[128.27629,36.87924],[128.28252,36.87554],[128.28449,36.8733],[128.28533,36.87169],[128.28495,36.87075],[128.28374,36.86944],[128.28164,36.86863],[128.28054,36.86754],[128.28046,36.86686],[128.27847,36.86587],[128.27779,36.86437],[128.279,36.86273],[128.28167,36.86213],[128.28327,36.86228],[128.28556,36.86311],[128.29018,36.86214],[128.29491,36.85881],[128.29653,36.85904],[128.29975,36.861],[128.30322,36.86022],[128.30884,36.85967],[128.31137,36.8564],[128.31318,36.85462],[128.31607,36.85026],[128.31785,36.84847],[128.31939,36.84907],[128.32032,36.84986],[128.32128,36.8495],[128.32254,36.84963],[128.32421,36.84835],[128.32774,36.84659],[128.32891,36.84504],[128.33054,36.84409],[128.33038,36.843],[128.33089,36.84119],[128.33304,36.83742],[128.33334,36.83317],[128.33231,36.83009],[128.33239,36.82905],[128.3328,36.82842],[128.33362,36.82767],[128.33842,36.82595],[128.34015,36.82449],[128.34065,36.82331],[128.34115,36.82288],[128.34403,36.82211],[128.34466,36.82151],[128.34613,36.82099],[128.34813,36.82087],[128.3488,36.81986],[128.35026,36.81937],[128.35075,36.81818],[128.35175,36.81728],[128.35299,36.81479],[128.35506,36.81357],[128.35538,36.8128],[128.35519,36.81165],[128.35593,36.81072],[128.35676,36.81062],[128.35684,36.80929],[128.35729,36.80864],[128.35687,36.80677],[128.35708,36.80632],[128.35807,36.80564],[128.35872,36.80564],[128.36019,36.80423],[128.36251,36.803],[128.3635,36.80281],[128.36408,36.80222],[128.36477,36.80275],[128.36633,36.80311],[128.3684,36.80208],[128.37275,36.80541],[128.37331,36.80767],[128.37455,36.80827],[128.37539,36.8092],[128.37638,36.8095],[128.37771,36.81097],[128.37865,36.8111],[128.38126,36.81388],[128.3848,36.81381],[128.38763,36.81436],[128.3921,36.8144],[128.39436,36.81487],[128.39963,36.81287],[128.40199,36.81268],[128.40341,36.81214],[128.40607,36.81192],[128.40819,36.81227],[128.41297,36.81127],[128.41553,36.81229],[128.42048,36.81151],[128.42114,36.81181],[128.42525,36.81478],[128.42593,36.8159],[128.42604,36.81837],[128.42748,36.81926],[128.42801,36.82087],[128.42996,36.82246],[128.43116,36.82295],[128.43205,36.82407],[128.4326,36.82582],[128.43361,36.82762],[128.43319,36.82891],[128.43432,36.8329],[128.43411,36.83414],[128.43935,36.83632],[128.4415,36.8376],[128.44246,36.83911],[128.44245,36.84029],[128.44703,36.84365],[128.44716,36.84616],[128.44903,36.84784],[128.44873,36.84971],[128.44802,36.85095],[128.44824,36.85142],[128.44698,36.85265],[128.44666,36.85337],[128.44794,36.85552],[128.44793,36.85633],[128.44729,36.85681],[128.44788,36.85864],[128.4478,36.86147],[128.44913,36.86287],[128.448,36.86439],[128.44334,36.86845],[128.44248,36.86822],[128.43955,36.87113],[128.43843,36.87327],[128.43644,36.87365],[128.43171,36.87554],[128.42924,36.87554],[128.42822,36.87506],[128.42638,36.87553],[128.4249,36.87647],[128.42397,36.87653],[128.42478,36.87939],[128.42705,36.88126],[128.42756,36.88222],[128.42743,36.88266],[128.4278,36.88332],[128.42748,36.88371],[128.42816,36.88477],[128.42784,36.88508],[128.42793,36.88577],[128.42679,36.88924],[128.42814,36.8911],[128.42897,36.89145],[128.42904,36.89206],[128.43188,36.89287],[128.4336,36.89544],[128.43616,36.89708],[128.43651,36.89833],[128.43805,36.89962],[128.43857,36.90063],[128.43919,36.90057],[128.44028,36.90125],[128.44016,36.90287],[128.44102,36.90421],[128.44114,36.90544],[128.44306,36.9102],[128.4431,36.9124],[128.44475,36.91369],[128.44438,36.91511],[128.44517,36.91741],[128.44283,36.91985],[128.44314,36.92285],[128.44226,36.92493],[128.44222,36.92615],[128.44159,36.92735],[128.44174,36.92771],[128.44073,36.92874],[128.43842,36.92903],[128.43759,36.92951],[128.43605,36.92945],[128.43529,36.92984],[128.43287,36.92963],[128.42942,36.93023],[128.42826,36.92966],[128.42747,36.92864],[128.42644,36.92868],[128.42563,36.92804],[128.42547,36.92721],[128.42304,36.92511],[128.42082,36.92438],[128.41876,36.92491],[128.41801,36.92414],[128.41466,36.9243],[128.41191,36.92507],[128.41039,36.92625],[128.40512,36.92646],[128.40251,36.9275],[128.40147,36.92744],[128.40019,36.92801],[128.39921,36.92798],[128.39812,36.92857],[128.39689,36.92856],[128.39658,36.92801],[128.39566,36.92766],[128.39501,36.92792],[128.38858,36.92783],[128.38708,36.92697],[128.38442,36.92797],[128.38432,36.92857],[128.38219,36.92992],[128.38068,36.92962],[128.37897,36.93092],[128.37798,36.93094],[128.37632,36.92989],[128.37581,36.92989],[128.37513,36.93027],[128.37382,36.93206],[128.37117,36.93201],[128.37036,36.93252],[128.36913,36.93211],[128.36863,36.9324],[128.36887,36.93345],[128.36847,36.93442],[128.36741,36.93554],[128.36195,36.93648],[128.35972,36.93459],[128.3587,36.93547],[128.35779,36.93574],[128.35738,36.93529],[128.35696,36.93536],[128.35614,36.93454],[128.35603,36.93404],[128.35335,36.9332],[128.35322,36.93258],[128.35209,36.93148],[128.35236,36.93067],[128.35205,36.93005],[128.3503,36.93045],[128.3502,36.93103],[128.34862,36.93141],[128.34791,36.93193],[128.34728,36.93436],[128.34497,36.93442],[128.34408,36.93569],[128.34157,36.93706],[128.34003,36.93755],[128.33853,36.93703],[128.33703,36.9373],[128.33633,36.93915],[128.33549,36.93983],[128.33274,36.93876],[128.33104,36.9389],[128.32937,36.93768],[128.32819,36.93735],[128.32742,36.94096],[128.32704,36.94096],[128.32689,36.9415],[128.32703,36.94248],[128.32483,36.94339],[128.32499,36.94359],[128.32423,36.94444],[128.32479,36.94488],[128.32498,36.94563],[128.32356,36.94638],[128.32523,36.9491],[128.32432,36.95025],[128.32418,36.95204],[128.32139,36.95087],[128.32031,36.95078],[128.31747,36.94936],[128.31676,36.94819],[128.3139,36.94525],[128.31237,36.94462],[128.31093,36.94342],[128.3119,36.94275],[128.31014,36.94137],[128.31004,36.94182],[128.30827,36.94193],[128.30462,36.94081],[128.30238,36.9381],[128.29676,36.93249],[128.2946,36.92953],[128.29187,36.92664],[128.29059,36.9258],[128.28795,36.92518],[128.2857,36.92661],[128.28577,36.92795],[128.28524,36.92798],[128.28516,36.93021],[128.28361,36.93134],[128.28035,36.93291],[128.27346,36.93333],[128.27326,36.93638],[128.2739,36.93715],[128.27473,36.94005],[128.27457,36.941],[128.27505,36.9443],[128.27487,36.94526],[128.27364,36.9464],[128.27262,36.94671],[128.2728,36.94821],[128.27256,36.94937]]]}},{"type":"Feature","properties":{"zoneId":"Z000210185","zoneName":"단양소백산중영춘중공동학구","zoneType":"middle","level":"중학교","kind":"shared","oneWay":false,"sggCode":"800","eduCode":"8111000","eduName":"충청북도단양교육지원청","updatedAt":"2018-09-05"},"geometry":{"type":"Polygon","coordinates":[[[128.49749,37.1248],[128.49658,37.12576],[128.49561,37.12562],[128.49385,37.1246],[128.49262,37.12461],[128.491,37.12382],[128.48953,37.12172],[128.48945,37.12101],[128.48685,37.12007],[128.48556,37.11777],[128.48452,37.11741],[128.48404,37.11648],[128.48239,37.11496],[128.48176,37.11418],[128.48187,37.1127],[128.48087,37.11169],[128.47928,37.11133],[128.47743,37.1098],[128.47728,37.10919],[128.47377,37.1072],[128.47037,37.10487],[128.46954,37.10378],[128.46832,37.1033],[128.46693,37.10117],[128.46671,37.0998],[128.4658,37.09781],[128.46417,37.09707],[128.46314,37.09557],[128.46259,37.09542],[128.46202,37.0945],[128.46121,37.09421],[128.46042,37.09317],[128.46028,37.09248],[128.45952,37.09199],[128.45876,37.08898],[128.45783,37.08832],[128.45662,37.08808],[128.45529,37.08621],[128.45238,37.08423],[128.4501,37.08454],[128.44849,37.08262],[128.44823,37.07934],[128.44777,37.07825],[128.44706,37.0776],[128.44584,37.07527],[128.44318,37.07348],[128.44305,37.07164],[128.44066,37.06932],[128.43994,37.06797],[128.45105,37.06857],[128.4546,37.06937],[128.45444,37.06994],[128.456,37.07021],[128.45739,37.07105],[128.46168,37.0712],[128.46312,37.06804],[128.46306,37.06753],[128.46105,37.06616],[128.46094,37.06536],[128.45778,37.06231],[128.45764,37.05993],[128.45705,37.05903],[128.45683,37.05576],[128.45588,37.05437],[128.46048,37.05141],[128.46072,37.05002],[128.46302,37.04666],[128.46082,37.04517],[128.46027,37.043],[128.46152,37.04058],[128.46407,37.03781],[128.46654,37.03736],[128.4698,37.03496],[128.47111,37.03528],[128.47221,37.03442],[128.47509,37.03362],[128.47489,37.03164],[128.4758,37.03095],[128.47584,37.02784],[128.47653,37.02683],[128.4775,37.02422],[128.47823,37.02359],[128.47732,37.022],[128.47768,37.02119],[128.47819,37.02064],[128.48008,37.01983],[128.48031,37.01925],[128.4818,37.01781],[128.48206,37.0169],[128.48274,37.01681],[128.48356,37.01611],[128.48474,37.01478],[128.48481,37.01406],[128.48638,37.01267],[128.48773,37.01163],[128.48884,37.01123],[128.49072,37.00938],[128.49351,37.00819],[128.49358,37.00774],[128.49269,37.00557],[128.492,37.00483],[128.49202,37.00375],[128.49566,37.00172],[128.49675,37.00028],[128.49696,36.99937],[128.49972,36.99771],[128.5018,36.99565],[128.50386,36.9953],[128.50429,36.99441],[128.50926,36.99278],[128.50957,36.99096],[128.51128,36.98955],[128.51427,36.98827],[128.51547,36.98682],[128.51693,36.98691],[128.51771,36.9874],[128.52274,36.98864],[128.52323,36.98914],[128.52423,36.98921],[128.52603,36.99007],[128.5272,36.99007],[128.52968,36.99081],[128.53052,36.99041],[128.53553,36.99022],[128.53791,36.99139],[128.5387,36.9909],[128.54195,36.99219],[128.54303,36.99209],[128.54421,36.99257],[128.5457,36.99434],[128.5473,36.99381],[128.54785,36.99454],[128.55473,36.99829],[128.55471,36.9989],[128.55561,37.00008],[128.55575,37.00283],[128.55508,37.00357],[128.5556,37.00414],[128.55594,37.0057],[128.55756,37.00578],[128.5615,37.00772],[128.56292,37.00789],[128.56346,37.01013],[128.56741,37.01151],[128.56817,37.01242],[128.56914,37.01277],[128.57034,37.014],[128.57154,37.01679],[128.57141,37.01813],[128.57194,37.01855],[128.57206,37.01948],[128.57291,37.0208],[128.57261,37.02197],[128.57142,37.02287],[128.56913,37.02373],[128.56882,37.02457],[128.56693,37.026],[128.56662,37.02794],[128.56687,37.02937],[128.56618,37.03034],[128.56541,37.03072],[128.56564,37.03153],[128.56786,37.03387],[128.56929,37.03488],[128.56995,37.03479],[128.57158,37.03565],[128.57297,37.03594],[128.57433,37.03543],[128.57574,37.03571],[128.57773,37.03557],[128.57773,37.03655],[128.57886,37.03837],[128.58056,37.0392],[128.58213,37.04264],[128.58353,37.04373],[128.58603,37.04295],[128.58666,37.04357],[128.58746,37.04313],[128.59074,37.0431],[128.59248,37.04189],[128.59412,37.04205],[128.59683,37.04177],[128.59796,37.04224],[128.59806,37.04311],[128.60164,37.0441],[128.60424,37.04381],[128.60516,37.04333],[128.60679,37.0434],[128.60713,37.04436],[128.6067,37.04495],[128.60666,37.04617],[128.60792,37.04741],[128.6071,37.04975],[128.60817,37.05168],[128.60844,37.05281],[128.60976,37.05203],[128.61774,37.05066],[128.62171,37.04908],[128.62208,37.04791],[128.62174,37.04668],[128.62283,37.04534],[128.62467,37.04547],[128.62608,37.04381],[128.62827,37.04214],[128.63292,37.0405],[128.63281,37.04171],[128.63331,37.04208],[128.63408,37.04567],[128.63453,37.04655],[128.63583,37.04771],[128.63659,37.04922],[128.63648,37.04984],[128.63775,37.05103],[128.63786,37.05155],[128.63717,37.0518],[128.63674,37.05243],[128.63758,37.05304],[128.63904,37.0525],[128.63935,37.054],[128.64174,37.05528],[128.64267,37.05685],[128.64436,37.05872],[128.64469,37.05965],[128.64613,37.06109],[128.64955,37.06277],[128.65043,37.06254],[128.65187,37.06349],[128.65154,37.06435],[128.6521,37.06544],[128.6506,37.06583],[128.64822,37.06768],[128.64696,37.06809],[128.64593,37.0691],[128.64467,37.06905],[128.64267,37.07076],[128.64046,37.07104],[128.6391,37.07066],[128.6374,37.07226],[128.63631,37.07196],[128.63436,37.0707],[128.63352,37.07232],[128.62821,37.07516],[128.62822,37.07652],[128.6273,37.07747],[128.62765,37.07839],[128.62775,37.08049],[128.62828,37.08133],[128.62456,37.08443],[128.62395,37.0858],[128.62264,37.0874],[128.62065,37.08583],[128.61766,37.08514],[128.61754,37.08423],[128.61503,37.08188],[128.61402,37.08124],[128.61202,37.08068],[128.6113,37.07982],[128.6105,37.08008],[128.60992,37.07991],[128.60797,37.07751],[128.6064,37.07667],[128.60594,37.0768],[128.60568,37.07741],[128.60493,37.07797],[128.60513,37.07918],[128.60488,37.07936],[128.60298,37.07838],[128.60164,37.07845],[128.60101,37.07887],[128.60069,37.07955],[128.60086,37.08082],[128.60201,37.0822],[128.60162,37.08306],[128.59913,37.08307],[128.59959,37.08258],[128.59922,37.08209],[128.59827,37.08247],[128.5969,37.08242],[128.59504,37.08154],[128.59398,37.08086],[128.59403,37.0797],[128.59356,37.07884],[128.5931,37.07839],[128.59185,37.07816],[128.59083,37.07837],[128.59016,37.07915],[128.58868,37.07998],[128.58709,37.07997],[128.5832,37.08075],[128.58173,37.08167],[128.57441,37.08132],[128.57419,37.08212],[128.57334,37.08296],[128.57223,37.08383],[128.57037,37.08447],[128.57091,37.08622],[128.56918,37.08671],[128.56741,37.08824],[128.56483,37.08866],[128.56331,37.08965],[128.5617,37.09024],[128.55864,37.08867],[128.55668,37.08723],[128.55385,37.08659],[128.55046,37.08655],[128.54975,37.08619],[128.5471,37.08728],[128.54532,37.0877],[128.54447,37.08759],[128.54156,37.08903],[128.53813,37.08963],[128.53775,37.09],[128.53683,37.09014],[128.53557,37.09187],[128.53517,37.09302],[128.5354,37.09383],[128.53416,37.09708],[128.53414,37.09811],[128.53117,37.10001],[128.52771,37.10153],[128.52494,37.10146],[128.52184,37.10309],[128.52073,37.10224],[128.51933,37.10228],[128.51843,37.10189],[128.51552,37.10325],[128.51447,37.10135],[128.51365,37.10603],[128.5122,37.10943],[128.51119,37.11087],[128.51076,37.11395],[128.51013,37.11396],[128.50667,37.11544],[128.50607,37.11629],[128.50342,37.11849],[128.50298,37.11967],[128.49833,37.12374],[128.49749,37.1248]]]}}]}